# Pathway	Abx-1_S1_Abundance	Abx-2_S2_Abundance	Abx-3_S3_Abundance	Abx-4_S4_Abundance	Abx-5_S5_Abundance	Het-1_S6_Abundance	Het-2_S7_Abundance	Het-3_S8_Abundance	Het-4_S9_Abundance	Het-5_S10_Abundance	Homo-1_S11_Abundance	Homo-2_S12_Abundance	Homo-3_S13_Abundance	Homo-4_S14_Abundance	Homo-5_S15_Abundance
UNMAPPED	166936	183343	142358	149712	134776	331407	370023	337444	346990	342445	430371	290908	331969	381989	439414
UNINTEGRATED	780992	767505	802666	797581	808837	621112	582021	611980	602787	608536	522634	653515	618953	575194	521866
UNINTEGRATED|g__Akkermansia.s__Akkermansia_muciniphila	0	0	0	0	131.217	5690.35	7302.51	7304.29	4400.7	6472.07	16700.9	62728.8	130799	27875	12413
UNINTEGRATED|g__Alistipes.s__Alistipes_timonensis	0	0	0	0	0	777.246	1139.33	877.97	765.365	1051.05	843.655	728.784	0	0	0
UNINTEGRATED|g__Anaerotruncus.s__Anaerotruncus_sp_G3_2012	0	0	0	0	0	0	0	0	0	0	0	3849.3	0	0	7814
UNINTEGRATED|g__Bacteroides.s__Bacteroides_caecimuris	0	0	0	0	0	14756.3	14459	23731.7	14960	45934.7	1440.76	3649.3	0	3772.31	0
UNINTEGRATED|g__Bacteroides.s__Bacteroides_uniformis	852.557	610.19	0	0	0	70191.2	35818.9	65517.9	53141.4	41681.4	6441.49	24569	204492	36425.1	20318.8
UNINTEGRATED|g__Bacteroides.s__Bacteroides_vulgatus	0	0	0	0	0	19971.2	13280.5	19468.2	15043	18614	8521.07	29102.8	0	5681.61	0
UNINTEGRATED|g__Bifidobacterium.s__Bifidobacterium_pseudolongum	225.711	246.77	252.548	406.659	459.038	45523.5	82075.3	76732.7	56646.8	47927.9	132964	177889	67133.5	86521.4	62707.6
UNINTEGRATED|g__Dorea.s__Dorea_sp_5_2	0	0	0	0	0	5978.84	7979.15	8793.06	7115.37	6923.26	13364.4	4005.79	3111.08	6575.46	16239.1
UNINTEGRATED|g__Enterorhabdus.s__Enterorhabdus_caecimuris	0	0	0	0	0	414.704	684.964	802.014	1109.33	225.435	2749.27	2723.76	3814.37	5307.45	1255.39
UNINTEGRATED|g__Erysipelatoclostridium.s__Clostridium_cocleatum	0	0	0	0	0	0	0	0	0	0	0	367.368	0	0	0
UNINTEGRATED|g__Faecalibaculum.s__Faecalibaculum_rodentium	627.844	690.32	847.012	562.984	377.364	191874	248893	171413	216819	261688	189764	116357	2047.56	138816	85828.5
UNINTEGRATED|g__Lachnospiraceae_unclassified.s__Lachnospiraceae_bacterium_28_4	0	0	0	0	0	0	0	0	0	0	0	8667.97	0	0	0
UNINTEGRATED|g__Lachnospiraceae_unclassified.s__Lachnospiraceae_bacterium_A2	0	0	0	0	0	1658.23	3263.02	0	4248.29	2750.67	0	0	0	4662.44	18258.2
UNINTEGRATED|g__Lactobacillus.s__Lactobacillus_intestinalis	0	0	0	0	0	443.754	183.002	97.7487	781.959	0	0	17.387	989.177	0	25.3296
UNINTEGRATED|g__Lactobacillus.s__Lactobacillus_johnsonii	0	0	0	0	0	5373.62	4563.7	3365.39	5353.39	592.931	1262.77	19934.5	5935.18	2018.8	7008
UNINTEGRATED|g__Lactobacillus.s__Lactobacillus_murinus	0	0	0	0	0	3426.08	3407.14	1984.15	2893.45	260.69	1213.05	2601.3	6453.24	3743.46	2359.45
UNINTEGRATED|g__Lactobacillus.s__Lactobacillus_reuteri	0	0	0	0	0	8590.33	7551.01	6504.88	8049.03	3259.63	5740.53	14893.9	12567.7	4261.02	9966.48
UNINTEGRATED|g__Lactococcus.s__Lactococcus_lactis	493081	457517	560194	533962	561675	15336.6	2256.57	17254.4	7581.93	6739.28	1886.3	3006.42	4795.47	8106.83	3198.2
UNINTEGRATED|g__Mucispirillum.s__Mucispirillum_schaedleri	0	0	0	0	0	0	0	0	0	0	0	0	0	282.983	0
UNINTEGRATED|g__Muribaculaceae_unclassified.s__Muribaculaceae_bacterium_DSM_103720	0	0	0	0	0	2226.43	3296.52	3912.42	3728.23	5622.47	0	0	0	3297.04	0
UNINTEGRATED|g__Muribaculum.s__Muribaculum_intestinale	0	0	0	0	0	6553.3	5751.66	6720.69	9264.38	3598.78	1493.44	4761.35	18903.7	9910.72	3774.2
UNINTEGRATED|g__Parabacteroides.s__Parabacteroides_distasonis	3642.16	0	696.759	0	0	61647.6	28334.4	53812.9	43738.9	67997.3	17623.3	27732.8	0	44618.6	31165.2
UNINTEGRATED|g__Parabacteroides.s__Parabacteroides_goldsteinii	0	0	0	0	0	6238.72	3538.96	4446.68	4371.59	3934.79	1543.95	6036.55	0	0	0
UNINTEGRATED|g__Turicimonas.s__Turicimonas_muris	0	0	0	0	0	6124.81	2609.98	1913.24	2961.23	7644.6	1527.85	1203.48	0	0	0
UNINTEGRATED|unclassified	192058	193380	140073	154425	133948	121394	133190	118133	141073	103325	157633	146475	168567	171916	204535
1CMET2-PWY: folate transformations III (E. coli)	0	0	0	0	0.890558	304.927	292.599	352.712	348.463	323.452	227.147	394.331	450.967	295.428	203.492
1CMET2-PWY: folate transformations III (E. coli)|g__Akkermansia.s__Akkermansia_muciniphila	0	0	0	0	0	5.4429	8.02696	8.58974	4.94879	7.10574	20.0696	69.1136	143.828	28.867	12.8757
1CMET2-PWY: folate transformations III (E. coli)|g__Alistipes.s__Alistipes_timonensis	0	0	0	0	0	1.02268	2.14603	1.20544	1.3436	1.27783	1.35468	1.11717	0	0	0
1CMET2-PWY: folate transformations III (E. coli)|g__Bacteroides.s__Bacteroides_caecimuris	0	0	0	0	0	14.397	14.8222	27.7437	16.2057	48.2397	1.02773	1.73373	0	1.4524	0
1CMET2-PWY: folate transformations III (E. coli)|g__Bacteroides.s__Bacteroides_vulgatus	0	0	0	0	0	11.0296	6.77253	8.71159	7.95471	8.35058	5.04946	20.6762	0	0	0
1CMET2-PWY: folate transformations III (E. coli)|g__Muribaculum.s__Muribaculum_intestinale	0	0	0	0	0	5.00974	5.17215	5.43069	8.03087	2.1376	1.2848	3.81734	16.3485	8.51684	2.71602
1CMET2-PWY: folate transformations III (E. coli)|g__Parabacteroides.s__Parabacteroides_distasonis	0	0	0	0	0	45.5081	21.4825	39.3881	32.9276	48.5152	13.3246	20.4164	0	31.7725	24.3118
1CMET2-PWY: folate transformations III (E. coli)|g__Parabacteroides.s__Parabacteroides_goldsteinii	0	0	0	0	0	2.33702	1.02445	1.33484	1.35563	0.979508	0.499767	2.69989	0	0	0
1CMET2-PWY: folate transformations III (E. coli)|unclassified	0	0	0	0	0	53.3911	74.8737	65.0604	95.6532	40.1676	65.1591	74.8401	81.9903	97.5475	80.0694
ANAEROFRUCAT-PWY: homolactic fermentation	5.56938	7.47338	8.73282	6.28137	6.10706	422.425	305.336	402.174	396.347	349.838	203.033	334.398	412.297	334.415	277.416
ANAEROFRUCAT-PWY: homolactic fermentation|unclassified	0	2.32888	0	1.15909	0	32.6616	38.5958	49.4352	34.2307	54.4482	34.6222	23.1086	18.3411	27.8009	54.641
ANAGLYCOLYSIS-PWY: glycolysis III (from glucose)	865.366	797.101	909.599	889.366	990.229	477.936	420.371	446.021	486.343	441.61	527.791	452.424	478.549	418.607	450.366
ANAGLYCOLYSIS-PWY: glycolysis III (from glucose)|g__Lactococcus.s__Lactococcus_lactis	283.449	249.549	306.031	290.715	334.223	14.5979	2.8168	19.1614	9.66828	5.57478	0	0	0	4.32797	0
ANAGLYCOLYSIS-PWY: glycolysis III (from glucose)|g__Parabacteroides.s__Parabacteroides_distasonis	0	0	0	0	0	62.9042	28.3253	57.8099	48.5083	68.1019	19.0523	29.0387	0	44.6511	30.9241
ANAGLYCOLYSIS-PWY: glycolysis III (from glucose)|g__Parabacteroides.s__Parabacteroides_goldsteinii	0	0	0	0	0	3.34668	1.64127	2.12467	2.22414	1.50578	0.884163	3.52361	0	0	0
ANAGLYCOLYSIS-PWY: glycolysis III (from glucose)|unclassified	12.7797	13.5339	11.6228	17.2734	15.0903	151.598	174.764	154.478	186.799	101.625	220.766	99.6064	170.324	190.093	171.852
ARG+POLYAMINE-SYN: superpathway of arginine and polyamine biosynthesis	0	0	0	0	0	0	0	0	0	0	0	0	0	0.934131	0
ARG+POLYAMINE-SYN: superpathway of arginine and polyamine biosynthesis|unclassified	0	0	0	0	0	0	0	0	0	0	0	0	0	0.859968	0
ARGININE-SYN4-PWY: L-ornithine biosynthesis II	143.184	167.561	111.398	125.073	100.411	140.95	74.2405	143.088	110.563	158.225	41.177	85.0853	227.861	73.1463	53.9352
ARGININE-SYN4-PWY: L-ornithine biosynthesis II|g__Bacteroides.s__Bacteroides_caecimuris	0	0	0	0	0	15.6187	14.3011	26.8167	17.0193	56.2049	0.778431	2.23883	0	2.14027	0
ARGININE-SYN4-PWY: L-ornithine biosynthesis II|g__Bacteroides.s__Bacteroides_uniformis	0	0	0	0	0	49.9372	20.5236	47.6877	36.4885	25.6718	2.77002	13.9007	148.79	24.1111	13.837
ARGININE-SYN4-PWY: L-ornithine biosynthesis II|g__Bacteroides.s__Bacteroides_vulgatus	0	0	0	0	0	10.4845	7.64472	11.6026	9.09396	9.15519	6.92369	25.3978	0	0.299976	0
ARGININE-SYN4-PWY: L-ornithine biosynthesis II|g__Parabacteroides.s__Parabacteroides_distasonis	0	0	0	0	0	39.3691	18.579	42.1256	32.9035	43.6233	11.7037	17.4621	0	30.4075	21.8067
ARGININE-SYN4-PWY: L-ornithine biosynthesis II|unclassified	4.04732	4.4475	6.52695	0.352338	4.45611	26.045	13.1324	26.0715	23.4014	25.8168	9.82125	12.8552	4.16787	21.5494	17.4273
ARGSYN-PWY: L-arginine biosynthesis I (via L-ornithine)	622.868	449.236	692.132	524.634	716.683	458.968	582.685	475.11	510.783	535.066	692.92	610.667	408.4	486.148	487.221
ARGSYN-PWY: L-arginine biosynthesis I (via L-ornithine)|g__Bifidobacterium.s__Bifidobacterium_pseudolongum	0	0	0	0.390983	0.430672	48.0901	92.4562	94.9357	71.1436	55.531	159.767	210.163	65.535	79.5896	46.9283
ARGSYN-PWY: L-arginine biosynthesis I (via L-ornithine)|g__Dorea.s__Dorea_sp_5_2	0	0	0	0	0	2.49025	2.90016	4.45585	2.58253	2.90108	3.92128	0	0.736562	1.12089	4.29201
ARGSYN-PWY: L-arginine biosynthesis I (via L-ornithine)|g__Faecalibaculum.s__Faecalibaculum_rodentium	0.74655	0.983051	1.03055	0.674449	0	234.642	303.99	210.177	263.981	317.695	222.855	143.268	2.44332	167.42	106.82
ARGSYN-PWY: L-arginine biosynthesis I (via L-ornithine)|g__Lachnospiraceae_unclassified.s__Lachnospiraceae_bacterium_28_4	0	0	0	0	0	0	0	0	0	0	0	3.69526	0	0	0
ARGSYN-PWY: L-arginine biosynthesis I (via L-ornithine)|g__Lachnospiraceae_unclassified.s__Lachnospiraceae_bacterium_A2	0	0	0	0	0	0	0.700588	0	0	0	0	0	0	0.633596	7.29023
ARGSYN-PWY: L-arginine biosynthesis I (via L-ornithine)|g__Lactococcus.s__Lactococcus_lactis	276.99	399.181	489.135	362.296	516.695	10.0783	1.53605	12.6812	6.31027	4.75937	1.0015	0	0	0	0
ARGSYN-PWY: L-arginine biosynthesis I (via L-ornithine)|g__Turicimonas.s__Turicimonas_muris	0	0	0	0	0	10.4876	4.8172	3.38687	4.83684	13.0764	2.63297	2.2155	0	0	0
ARGSYN-PWY: L-arginine biosynthesis I (via L-ornithine)|unclassified	0	0	0	0	0	67.8013	105.397	67.2109	87.2351	56.9506	225.507	89.9669	85.2917	131.83	254.491
ARGSYNBSUB-PWY: L-arginine biosynthesis II (acetyl cycle)	745.838	702.084	809.562	779.179	825.996	451.188	587.294	473.028	516.911	536.48	700.236	626.608	434.698	485.578	489.079
ARGSYNBSUB-PWY: L-arginine biosynthesis II (acetyl cycle)|g__Akkermansia.s__Akkermansia_muciniphila	0	0	0	0	0	8.43753	11.5605	11.3182	6.63936	10.1094	31.0614	99.8673	199.353	41.8795	18.5704
ARGSYNBSUB-PWY: L-arginine biosynthesis II (acetyl cycle)|g__Anaerotruncus.s__Anaerotruncus_sp_G3_2012	0	0	0	0	0	0	0	0	0	0	0	0	0	0	6.36592
ARGSYNBSUB-PWY: L-arginine biosynthesis II (acetyl cycle)|g__Bifidobacterium.s__Bifidobacterium_pseudolongum	0.317315	0	0	0.429444	0.48473	52.9258	100.995	103.946	76.8319	60.8946	172.632	223.297	72.056	85.5917	51.4695
ARGSYNBSUB-PWY: L-arginine biosynthesis II (acetyl cycle)|g__Dorea.s__Dorea_sp_5_2	0	0	0	0	0	2.64529	3.14058	5.02311	3.08802	3.08388	4.23209	0	0.824751	1.25411	4.6651
ARGSYNBSUB-PWY: L-arginine biosynthesis II (acetyl cycle)|g__Erysipelatoclostridium.s__Clostridium_cocleatum	0	0	0	0	0	0	0	0	0	0	0	1.10763	0	0	0
ARGSYNBSUB-PWY: L-arginine biosynthesis II (acetyl cycle)|g__Faecalibaculum.s__Faecalibaculum_rodentium	0.818069	0.914584	1.16306	0.743152	0.547553	244.218	317.917	216.686	277.275	331.661	232.955	149.527	2.63435	174.877	112.1
ARGSYNBSUB-PWY: L-arginine biosynthesis II (acetyl cycle)|g__Lachnospiraceae_unclassified.s__Lachnospiraceae_bacterium_28_4	0	0	0	0	0	0	0	0	0	0	0	4.59959	0	0	0
ARGSYNBSUB-PWY: L-arginine biosynthesis II (acetyl cycle)|g__Lachnospiraceae_unclassified.s__Lachnospiraceae_bacterium_A2	0	0	0	0	0	0	0.792429	0	0	0	0	0	0	0.646912	7.89483
ARGSYNBSUB-PWY: L-arginine biosynthesis II (acetyl cycle)|g__Lactococcus.s__Lactococcus_lactis	540.135	499.141	594.527	567.659	621.635	9.45529	1.73435	12.9689	5.76648	4.64715	1.50908	2.48484	4.78701	6.0017	2.89886
ARGSYNBSUB-PWY: L-arginine biosynthesis II (acetyl cycle)|g__Mucispirillum.s__Mucispirillum_schaedleri	0	0	0	0	0	0	0	0	0	0	0	0	0	0.531587	0
ARGSYNBSUB-PWY: L-arginine biosynthesis II (acetyl cycle)|g__Turicimonas.s__Turicimonas_muris	0	0	0	0	0	11.8618	5.39304	3.75111	5.70587	14.5885	2.99095	2.54854	0	0	0
ARGSYNBSUB-PWY: L-arginine biosynthesis II (acetyl cycle)|unclassified	0	0	1.26729	0	0	58.0116	96.9676	61.7718	76.2801	51.0119	217.09	82.522	68.6755	120.143	253.117
ARO-PWY: chorismate biosynthesis I	511.084	493.104	511.668	502.053	510.994	462.528	582.851	528.333	561.408	560.249	624.093	610.672	432.926	466.394	382.453
ARO-PWY: chorismate biosynthesis I|g__Akkermansia.s__Akkermansia_muciniphila	0	0	0	0	0	5.58641	8.82032	8.42999	5.17813	7.08199	20.8155	68.7743	145.247	28.7337	13.1869
ARO-PWY: chorismate biosynthesis I|g__Alistipes.s__Alistipes_timonensis	0	0	0	0	0	0.907223	1.50989	0.869637	1.10722	1.29706	1.15302	0.763113	0	0	0
ARO-PWY: chorismate biosynthesis I|g__Anaerotruncus.s__Anaerotruncus_sp_G3_2012	0	0	0	0	0	0	0	0	0	0	0	0	0	0	4.76259
ARO-PWY: chorismate biosynthesis I|g__Bacteroides.s__Bacteroides_vulgatus	0	0	0	0	0	7.73973	4.25697	4.5844	4.92226	5.84953	4.02299	13.0429	0	0	0
ARO-PWY: chorismate biosynthesis I|g__Bifidobacterium.s__Bifidobacterium_pseudolongum	0.453413	0	0	0.431358	0.536643	53.1273	99.0086	100.98	74.1334	58.7204	164.255	226.571	74.4184	88.1079	53.1296
ARO-PWY: chorismate biosynthesis I|g__Dorea.s__Dorea_sp_5_2	0	0	0	0	0	2.40643	3.69196	5.12295	2.91353	2.95305	4.47255	0	0.659614	1.03488	4.36657
ARO-PWY: chorismate biosynthesis I|g__Erysipelatoclostridium.s__Clostridium_cocleatum	0	0	0	0	0	0	0	0	0	0	0	0.620103	0	0	0
ARO-PWY: chorismate biosynthesis I|g__Faecalibaculum.s__Faecalibaculum_rodentium	0.623869	0.759177	0.92995	0.591179	0.416813	211.903	304.897	210.641	278.283	302.654	251.055	144.839	2.59452	153.315	95.1212
ARO-PWY: chorismate biosynthesis I|g__Lachnospiraceae_unclassified.s__Lachnospiraceae_bacterium_28_4	0	0	0	0	0	0	0	0	0	0	0	4.34078	0	0	0
ARO-PWY: chorismate biosynthesis I|g__Lachnospiraceae_unclassified.s__Lachnospiraceae_bacterium_A2	0	0	0	0	0	0	0.370374	0	0	0	0	0	0	0.555522	5.7112
ARO-PWY: chorismate biosynthesis I|g__Lactococcus.s__Lactococcus_lactis	216.643	198.087	235.699	224.294	247.459	8.84022	1.35805	12.0275	5.5279	3.33624	0.735397	1.31501	2.44427	3.1275	1.34532
ARO-PWY: chorismate biosynthesis I|g__Mucispirillum.s__Mucispirillum_schaedleri	0	0	0	0	0	0	0	0	0	0	0	0	0	0.300996	0
ARO-PWY: chorismate biosynthesis I|g__Parabacteroides.s__Parabacteroides_distasonis	0	0	0	0	0	48.7012	22.7799	47.6112	36.6136	52.2774	15.5194	22.2545	0	36.5044	27.1723
ARO-PWY: chorismate biosynthesis I|g__Parabacteroides.s__Parabacteroides_goldsteinii	0	0	0	0	0	2.92491	1.26871	1.94414	1.98921	1.30304	0.794431	2.71779	0	0	0
ARO-PWY: chorismate biosynthesis I|g__Turicimonas.s__Turicimonas_muris	0	0	0	0	0	7.51554	3.21651	2.33316	3.40631	9.33809	2.27402	1.63925	0	0	0
ARO-PWY: chorismate biosynthesis I|unclassified	159.464	181.461	119.456	118.363	110.738	57.8763	85.4273	64.5316	89.8899	51.6265	134.462	75.09	82.1503	108.75	148.063
ASPASN-PWY: superpathway of L-aspartate and L-asparagine biosynthesis	1.98855	1.54347	2.97973	2.50898	1.93438	222.779	204.66	225.279	201.048	228.272	235.443	254.648	202.672	163.871	119.692
ASPASN-PWY: superpathway of L-aspartate and L-asparagine biosynthesis|g__Alistipes.s__Alistipes_timonensis	0	0	0	0	0	1.29108	1.75735	1.4152	1.38051	1.81232	1.32835	1.26378	0	0	0
ASPASN-PWY: superpathway of L-aspartate and L-asparagine biosynthesis|g__Bacteroides.s__Bacteroides_uniformis	0	0	0	0	0	33.2101	17.6952	32.0426	26.5887	17.1723	2.48267	11.733	108.356	16.0699	9.37159
ASPASN-PWY: superpathway of L-aspartate and L-asparagine biosynthesis|g__Bacteroides.s__Bacteroides_vulgatus	0	0	0	0	0	11.6423	7.3067	10.0713	9.16274	9.99198	5.9188	22.6761	0	0.199023	0
ASPASN-PWY: superpathway of L-aspartate and L-asparagine biosynthesis|g__Parabacteroides.s__Parabacteroides_distasonis	0	0	0	0	0	46.2996	20.07	44.0151	35.5425	51.89	13.3066	21.5822	0	32.839	22.2932
ASPASN-PWY: superpathway of L-aspartate and L-asparagine biosynthesis|unclassified	0	0	0	0.523157	0.317732	29.1051	41.5504	31.6549	37.9078	30.6179	48.2505	49.508	17.8741	40.5933	31.1769
BIOTIN-BIOSYNTHESIS-PWY: biotin biosynthesis I	0	0	0	0	0	34.6802	25.3667	39.4814	25.9504	26.4199	12.9491	46.0484	0	17.2962	10.4552
BIOTIN-BIOSYNTHESIS-PWY: biotin biosynthesis I|g__Bacteroides.s__Bacteroides_vulgatus	0	0	0	0	0	6.64714	4.57479	6.3154	4.73981	5.38869	4.18144	13.7799	0	0	0
BIOTIN-BIOSYNTHESIS-PWY: biotin biosynthesis I|unclassified	0	0	0	0	0	3.39915	5.6655	4.28179	0.766411	4.04454	1.04947	6.08654	0	6.68411	6.96357
BRANCHED-CHAIN-AA-SYN-PWY: superpathway of branched chain amino acid biosynthesis	292.06	324.32	264.501	39.7029	354.756	661.756	813.211	711.514	738.46	800.656	882.814	782.4	652.815	634.517	574.666
BRANCHED-CHAIN-AA-SYN-PWY: superpathway of branched chain amino acid biosynthesis|g__Akkermansia.s__Akkermansia_muciniphila	0	0	0	0	0.302427	7.78843	10.334	10.5696	6.41952	9.81086	24.4898	91.5988	192.944	40.3385	18.984
BRANCHED-CHAIN-AA-SYN-PWY: superpathway of branched chain amino acid biosynthesis|g__Bacteroides.s__Bacteroides_caecimuris	0	0	0	0	0	22.8859	22.4703	37.7338	23.3043	72.9979	1.46788	7.26936	0	6.21793	0
BRANCHED-CHAIN-AA-SYN-PWY: superpathway of branched chain amino acid biosynthesis|g__Bacteroides.s__Bacteroides_uniformis	0	0	0	0	0	52.3231	22.8429	49.3655	40.2662	27.5849	3.33704	14.0842	156.946	26.2464	14.0117
BRANCHED-CHAIN-AA-SYN-PWY: superpathway of branched chain amino acid biosynthesis|g__Bifidobacterium.s__Bifidobacterium_pseudolongum	0	0.353506	0.337727	0	0.708928	65.705	119.59	118.256	91.3897	72.7775	204.913	273.853	89.0015	106.334	67.9338
BRANCHED-CHAIN-AA-SYN-PWY: superpathway of branched chain amino acid biosynthesis|g__Faecalibaculum.s__Faecalibaculum_rodentium	0	1.04241	0.944366	0.670877	0.575174	237.511	334.567	229.561	291.076	329.555	268.307	166.431	2.63567	171.348	109.913
BRANCHED-CHAIN-AA-SYN-PWY: superpathway of branched chain amino acid biosynthesis|g__Lactococcus.s__Lactococcus_lactis	5.00845	3.53267	0	10.8951	3.68538	0	0	0	0	0	0	0	0	0	0
BRANCHED-CHAIN-AA-SYN-PWY: superpathway of branched chain amino acid biosynthesis|g__Parabacteroides.s__Parabacteroides_distasonis	0	0	0	0	0	58.8931	32.3041	62.975	48.8716	66.2531	19.6327	33.8523	0	42.2332	36.9833
BRANCHED-CHAIN-AA-SYN-PWY: superpathway of branched chain amino acid biosynthesis|g__Parabacteroides.s__Parabacteroides_goldsteinii	0	0	0	0	0	2.25039	0.839142	1.39197	1.54245	0.687179	0.409119	2.01422	0	0	0
BRANCHED-CHAIN-AA-SYN-PWY: superpathway of branched chain amino acid biosynthesis|unclassified	140.98	154.779	127.188	0	144.206	132.187	175.612	116.305	133.058	128.676	243.055	95.0686	93.9392	145.444	262.316
CALVIN-PWY: Calvin-Benson-Bassham cycle	1007.64	925.849	1058.07	1021.55	1139.69	205.772	151.62	213.134	192.956	188.954	211.623	258.605	323.468	222.098	255.261
CALVIN-PWY: Calvin-Benson-Bassham cycle|g__Lactococcus.s__Lactococcus_lactis	819.542	745.123	883.504	847.291	950.403	11.8336	1.57885	15.6942	7.98027	5.82865	2.22825	4.20491	7.99891	11.0667	5.28089
CALVIN-PWY: Calvin-Benson-Bassham cycle|g__Turicimonas.s__Turicimonas_muris	0	0	0	0	0	7.11773	2.93492	2.22544	3.5931	8.97039	2.07978	1.29523	0	0	0
CALVIN-PWY: Calvin-Benson-Bassham cycle|unclassified	8.84864	9.33434	8.08714	12.1787	10.7049	11.9903	41.968	15.0107	40.6526	20.0084	116.62	68.988	63.5943	66.047	152.75
CENTFERM-PWY: pyruvate fermentation to butanoate	0	0	0	0	0	6.58591	12.81	6.19035	11.0658	3.16643	14.3506	14.9553	18.2338	8.75594	29.4335
CENTFERM-PWY: pyruvate fermentation to butanoate|unclassified	0	0	0	0	0	0	1.27547	0	1.85955	0	10.2091	10.7737	4.4861	3.57079	7.90768
CITRULBIO-PWY: L-citrulline biosynthesis	212.771	248.358	166.467	187.049	150.593	156.52	93.9874	166.151	132.453	165.365	70.1715	121.22	0	103.257	92.095
CITRULBIO-PWY: L-citrulline biosynthesis|unclassified	102.601	117.354	69.7363	81.9272	83.8697	33.9417	25.8146	39.2789	31.6831	33.5294	22.8083	21.2285	0	30.7157	25.5225
COA-PWY-1: superpathway of coenzyme A biosynthesis III (mammals)	312.878	294.19	353.289	330.805	344.74	471.211	564.257	521.003	553.281	532.512	530.365	526.809	445.104	407.156	358.103
COA-PWY-1: superpathway of coenzyme A biosynthesis III (mammals)|g__Alistipes.s__Alistipes_timonensis	0	0	0	0	0	0.758601	1.05456	1.28093	1.16979	1.24216	1.15507	1.07593	0	0	0
COA-PWY-1: superpathway of coenzyme A biosynthesis III (mammals)|g__Anaerotruncus.s__Anaerotruncus_sp_G3_2012	0	0	0	0	0	0	0	0	0	0	0	0	0	0	4.54337
COA-PWY-1: superpathway of coenzyme A biosynthesis III (mammals)|g__Bacteroides.s__Bacteroides_caecimuris	0	0	0	0	0	13.0627	11.9476	21.5788	13.2353	45.0695	0.732509	2.12995	0	2.54031	0
COA-PWY-1: superpathway of coenzyme A biosynthesis III (mammals)|g__Bacteroides.s__Bacteroides_uniformis	0	0	0	0	0	39.5456	19.8463	39.8521	32.3762	22.0175	2.49351	12.8693	125.551	19.5055	10.2366
COA-PWY-1: superpathway of coenzyme A biosynthesis III (mammals)|g__Bacteroides.s__Bacteroides_vulgatus	0	0	0	0	0	7.72091	4.96052	6.67394	5.64213	6.24991	4.16683	16.7305	0	0	0
COA-PWY-1: superpathway of coenzyme A biosynthesis III (mammals)|g__Dorea.s__Dorea_sp_5_2	0	0	0	0	0	1.75786	2.43272	4.30773	1.90267	2.28026	2.71265	0	0.622184	0.847087	2.88446
COA-PWY-1: superpathway of coenzyme A biosynthesis III (mammals)|g__Faecalibaculum.s__Faecalibaculum_rodentium	0.496917	0.84308	0.807127	0.670276	0.386752	197.237	290.375	201.75	261.767	284.238	234.115	133.131	2.5338	144.038	87.2465
COA-PWY-1: superpathway of coenzyme A biosynthesis III (mammals)|g__Lachnospiraceae_unclassified.s__Lachnospiraceae_bacterium_28_4	0	0	0	0	0	0	0	0	0	0	0	2.96577	0	0	0
COA-PWY-1: superpathway of coenzyme A biosynthesis III (mammals)|g__Lachnospiraceae_unclassified.s__Lachnospiraceae_bacterium_A2	0	0	0	0	0	0	0.508926	0	0	0	0	0	0	0.560201	6.22521
COA-PWY-1: superpathway of coenzyme A biosynthesis III (mammals)|g__Lactobacillus.s__Lactobacillus_intestinalis	0	0	0	0	0	1.31193	0.433425	0.426814	2.01422	0	0	0	2.80389	0	0
COA-PWY-1: superpathway of coenzyme A biosynthesis III (mammals)|g__Lactobacillus.s__Lactobacillus_johnsonii	0	0	0	0	0	0	0.513727	0	0	0	0	0	8.47524	2.58315	8.46714
COA-PWY-1: superpathway of coenzyme A biosynthesis III (mammals)|g__Lactobacillus.s__Lactobacillus_murinus	0	0	0	0	0	3.1137	3.14411	1.91782	2.81359	0	1.26976	1.91778	6.0031	2.40663	1.98287
COA-PWY-1: superpathway of coenzyme A biosynthesis III (mammals)|g__Lactobacillus.s__Lactobacillus_reuteri	0	0	0	0	0	6.47346	4.77314	4.84515	5.74698	0.62946	3.26556	12.1048	10.1552	1.70934	7.72794
COA-PWY-1: superpathway of coenzyme A biosynthesis III (mammals)|g__Lactococcus.s__Lactococcus_lactis	117	105.793	130.795	121.511	124.612	4.75625	0	5.96577	2.40374	2.19865	0	0	0	0	0
COA-PWY-1: superpathway of coenzyme A biosynthesis III (mammals)|g__Muribaculaceae_unclassified.s__Muribaculaceae_bacterium_DSM_103720	0	0	0	0	0	0.238964	0.814815	1.43828	1.34636	0	0	0	0	0	0
COA-PWY-1: superpathway of coenzyme A biosynthesis III (mammals)|g__Muribaculum.s__Muribaculum_intestinale	0	0	0	0	0	5.56228	4.92801	5.80906	8.00455	1.97336	1.20419	4.09039	16.2994	8.18083	2.8544
COA-PWY-1: superpathway of coenzyme A biosynthesis III (mammals)|g__Parabacteroides.s__Parabacteroides_distasonis	0	0	0	0	0	44.3098	18.7706	40.8466	30.2883	48.829	11.3072	17.0763	0	30.7144	20.7435
COA-PWY-1: superpathway of coenzyme A biosynthesis III (mammals)|g__Parabacteroides.s__Parabacteroides_goldsteinii	0	0	0	0	0	2.07372	1.18558	1.45082	1.50328	0.883164	0.354197	2.7426	0	0	0
COA-PWY-1: superpathway of coenzyme A biosynthesis III (mammals)|g__Turicimonas.s__Turicimonas_muris	0	0	0	0	0	6.49882	2.51913	2.06995	2.46433	8.53545	1.44341	0.811725	0	0	0
COA-PWY-1: superpathway of coenzyme A biosynthesis III (mammals)|unclassified	0	0	0	0	0.294391	46.1227	54.8636	47.0707	68.3303	37.4612	96.4445	54.7382	89.7083	92.4045	102.666
COA-PWY: coenzyme A biosynthesis I (prokaryotic)	375.11	353	439.68	402.224	434.829	451.274	536.57	498.797	526.845	513.307	497.876	542.307	535.422	392.492	331.435
COA-PWY: coenzyme A biosynthesis I (prokaryotic)|g__Akkermansia.s__Akkermansia_muciniphila	0	0	0	0	0	6.54504	9.0084	8.988	5.37366	7.69802	24.6233	75.7735	163.589	33.5681	15.5258
COA-PWY: coenzyme A biosynthesis I (prokaryotic)|g__Alistipes.s__Alistipes_timonensis	0	0	0	0	0	1.32294	1.58831	1.53532	1.63064	1.35786	1.11951	1.42671	0	0	0
COA-PWY: coenzyme A biosynthesis I (prokaryotic)|g__Anaerotruncus.s__Anaerotruncus_sp_G3_2012	0	0	0	0	0	0	0	0	0	0	0	0	0	0	4.47811
COA-PWY: coenzyme A biosynthesis I (prokaryotic)|g__Bacteroides.s__Bacteroides_caecimuris	0	0	0	0	0	13.5993	15.407	27.8498	15.9467	46.322	0.696481	3.88774	0	2.69796	0
COA-PWY: coenzyme A biosynthesis I (prokaryotic)|g__Bacteroides.s__Bacteroides_uniformis	0	0	0	0	0	46.2681	30.387	53.3209	41.4838	24.2325	4.1474	18.1682	151.276	21.0793	12.9589
COA-PWY: coenzyme A biosynthesis I (prokaryotic)|g__Bacteroides.s__Bacteroides_vulgatus	0	0	0	0	0	7.87834	5.14576	8.00989	5.58039	6.58077	4.1326	17.0708	0	0	0
COA-PWY: coenzyme A biosynthesis I (prokaryotic)|g__Dorea.s__Dorea_sp_5_2	0	0	0	0	0	1.88509	2.60864	3.92911	2.86302	2.60028	2.70133	0	0.558268	1.0728	3.14935
COA-PWY: coenzyme A biosynthesis I (prokaryotic)|g__Faecalibaculum.s__Faecalibaculum_rodentium	0.747959	1.23782	0.76575	0.925108	0.471906	202.59	296.148	208.107	270.086	287.644	248.893	132.881	2.56943	144.776	89.3866
COA-PWY: coenzyme A biosynthesis I (prokaryotic)|g__Lachnospiraceae_unclassified.s__Lachnospiraceae_bacterium_28_4	0	0	0	0	0	0	0	0	0	0	0	4.24081	0	0	0
COA-PWY: coenzyme A biosynthesis I (prokaryotic)|g__Lachnospiraceae_unclassified.s__Lachnospiraceae_bacterium_A2	0	0	0	0	0	0	0.640844	0	0	0	0	0	0	0.569016	6.31612
COA-PWY: coenzyme A biosynthesis I (prokaryotic)|g__Lactobacillus.s__Lactobacillus_intestinalis	0	0	0	0	0	1.66507	0.490187	0.456016	1.88217	0	0	0	2.75468	0	0
COA-PWY: coenzyme A biosynthesis I (prokaryotic)|g__Lactobacillus.s__Lactobacillus_johnsonii	0	0	0	0	0	11.5204	10.8911	7.95977	10.859	1.44163	3.23683	48.3326	11.7633	3.45684	13.9279
COA-PWY: coenzyme A biosynthesis I (prokaryotic)|g__Lactobacillus.s__Lactobacillus_murinus	0	0	0	0	0	2.99884	3.05429	2.12319	2.96387	0.420372	1.29684	2.19728	6.34309	2.95237	2.03146
COA-PWY: coenzyme A biosynthesis I (prokaryotic)|g__Lactobacillus.s__Lactobacillus_reuteri	0	0	0	0	0	7.34702	5.17728	5.40986	6.37809	0.71558	3.28024	15.1147	15.3347	2.2905	10.1264
COA-PWY: coenzyme A biosynthesis I (prokaryotic)|g__Lactococcus.s__Lactococcus_lactis	341.057	327.308	394.767	373.644	385.326	4.82755	0	6.23259	2.78784	2.60647	0.977127	1.91101	2.76262	4.91484	1.99895
COA-PWY: coenzyme A biosynthesis I (prokaryotic)|g__Mucispirillum.s__Mucispirillum_schaedleri	0	0	0	0	0	0	0	0	0	0	0	0	0	0.253716	0
COA-PWY: coenzyme A biosynthesis I (prokaryotic)|g__Muribaculaceae_unclassified.s__Muribaculaceae_bacterium_DSM_103720	0	0	0	0	0	0.304924	1.11991	1.55209	1.23019	0.310055	0	0	0	0.374258	0
COA-PWY: coenzyme A biosynthesis I (prokaryotic)|g__Muribaculum.s__Muribaculum_intestinale	0	0	0	0	0	5.64049	5.91945	6.23464	7.968	2.45554	1.28536	5.23364	18.4344	8.10683	3.51519
COA-PWY: coenzyme A biosynthesis I (prokaryotic)|g__Parabacteroides.s__Parabacteroides_distasonis	0	0	0	0	0	39.4342	16.3256	36.0575	26.5554	43.5858	9.83406	14.8816	0	27.2499	18.1454
COA-PWY: coenzyme A biosynthesis I (prokaryotic)|g__Parabacteroides.s__Parabacteroides_goldsteinii	0	0	0	0	0	2.20199	1.30076	1.53589	1.45059	0.88309	0.320263	2.63817	0	0	0
COA-PWY: coenzyme A biosynthesis I (prokaryotic)|g__Turicimonas.s__Turicimonas_muris	0	0	0	0	0	7.77083	3.56647	3.28308	3.61833	9.5421	2.28718	1.66463	0	0	0
COA-PWY: coenzyme A biosynthesis I (prokaryotic)|unclassified	0	0	0	0	0.235582	59.0678	79.3351	67.3161	89.2555	44.6081	116.616	81.9035	108.891	102.547	126.759
COBALSYN-PWY: superpathway of adenosylcobalamin salvage from cobinamide I	0.225606	0	0	0	0	67.0644	34.5485	66.8788	58.4235	41.4837	16.9167	33.4566	168.472	37.2851	26.1427
COBALSYN-PWY: superpathway of adenosylcobalamin salvage from cobinamide I|g__Bacteroides.s__Bacteroides_uniformis	0	0	0	0	0	44.499	21.3726	44.3026	39.9264	23.5703	3.65568	15.4896	139.837	20.6718	11.8246
COBALSYN-PWY: superpathway of adenosylcobalamin salvage from cobinamide I|unclassified	0	0	0	0	0	0	0	1.02739	0.862596	0.903436	6.35144	1.53379	0	1.07136	3.50608
COLANSYN-PWY: colanic acid building blocks biosynthesis	0	0	0	0	0	102.1	84.8041	91.5208	94.4252	63.0346	77.5684	128.626	21.4396	75.4378	92.8875
COLANSYN-PWY: colanic acid building blocks biosynthesis|unclassified	0	0	0	0	0	13.026	20.1151	18.2098	16.2358	14.1363	35.5598	20.6903	11.1443	13.7848	40.355
COMPLETE-ARO-PWY: superpathway of aromatic amino acid biosynthesis	433.725	434.611	411.534	309.862	388.58	427.753	471.39	468.709	475.425	481.52	513.786	478.115	470.199	424.716	366.241
COMPLETE-ARO-PWY: superpathway of aromatic amino acid biosynthesis|g__Lactococcus.s__Lactococcus_lactis	22.7024	27.6186	21.9767	21.2596	22.6013	9.35056	1.4313	12.4231	5.49899	3.57521	0	0	0	0	0
COMPLETE-ARO-PWY: superpathway of aromatic amino acid biosynthesis|g__Parabacteroides.s__Parabacteroides_distasonis	0	0	0	0	0	51.2771	23.8589	50.2201	38.5784	55.5805	15.8483	22.5302	0	38.0185	27.862
COMPLETE-ARO-PWY: superpathway of aromatic amino acid biosynthesis|unclassified	169.463	189.671	129.527	128.327	121.012	62.4442	92.5476	70.2767	96.1176	52.9707	144.292	79.0358	90.2541	116.028	158.146
CRNFORCAT-PWY: creatinine degradation I	0	0	0	0	0	0	0.80838	0	0	0.578066	0	0	0	1.09487	2.24458
CRNFORCAT-PWY: creatinine degradation I|unclassified	0	0	0	0	0	0	0.80838	0	0	0.578066	0	0	0	1.09487	2.24458
DAPLYSINESYN-PWY: L-lysine biosynthesis I	2.72052	2.45629	3.45567	2.62491	2.31845	130.427	121.717	120.33	118.051	69.4579	86.6926	149.375	91.028	64.9549	113.471
DAPLYSINESYN-PWY: L-lysine biosynthesis I|unclassified	0	0	0	0	0	0	0	10.5143	7.07293	2.66979	11.6285	12.4655	27.8124	36.7959	22.8489
DARABCATK12-PWY: D-arabinose degradation I	0	0	0	0	0	0	0	0	0	0	0.281061	0	0	0	0
DARABCATK12-PWY: D-arabinose degradation I|unclassified	0	0	0	0	0	0	0	0	0	0	0.234879	0	0	0	0
DTDPRHAMSYN-PWY: dTDP-&beta;-L-rhamnose biosynthesis	785.777	726.298	886.959	855.386	904.95	644.194	568.63	598.307	630.734	663.136	604.031	781.118	737.225	634.084	462.776
DTDPRHAMSYN-PWY: dTDP-&beta;-L-rhamnose biosynthesis|g__Akkermansia.s__Akkermansia_muciniphila	0	0	0	0	0.289605	6.84053	9.14384	9.43927	5.4894	7.16444	24.5914	81.7563	168.655	35.2009	15.2658
DTDPRHAMSYN-PWY: dTDP-&beta;-L-rhamnose biosynthesis|g__Alistipes.s__Alistipes_timonensis	0	0	0	0	0	2.4779	3.03192	2.67527	1.7187	3.53242	2.24908	2.21148	0	0	0
DTDPRHAMSYN-PWY: dTDP-&beta;-L-rhamnose biosynthesis|g__Anaerotruncus.s__Anaerotruncus_sp_G3_2012	0	0	0	0	0	0	0	0	0	0	0	0	0	0	6.42245
DTDPRHAMSYN-PWY: dTDP-&beta;-L-rhamnose biosynthesis|g__Bacteroides.s__Bacteroides_caecimuris	0	0	0	0	0	19.3133	17.5414	31.3934	18.3446	62.3483	0.794971	5.02979	0	4.69852	0
DTDPRHAMSYN-PWY: dTDP-&beta;-L-rhamnose biosynthesis|g__Bacteroides.s__Bacteroides_uniformis	0.248067	0.204859	0	0	0	66.456	35.1168	61.0693	53.618	34.21	4.45795	22.9083	205.848	36.6612	16.8134
DTDPRHAMSYN-PWY: dTDP-&beta;-L-rhamnose biosynthesis|g__Bacteroides.s__Bacteroides_vulgatus	0	0	0	0	0	8.17198	5.11472	7.88795	6.27777	6.57116	4.82435	16.8825	0	0	0
DTDPRHAMSYN-PWY: dTDP-&beta;-L-rhamnose biosynthesis|g__Bifidobacterium.s__Bifidobacterium_pseudolongum	0.335702	0.360128	0	0.626724	0.820768	67.9223	124.586	111.999	88.7153	74.425	198.665	289.554	95.7681	117.392	76.9901
DTDPRHAMSYN-PWY: dTDP-&beta;-L-rhamnose biosynthesis|g__Dorea.s__Dorea_sp_5_2	0	0	0	0	0	2.26831	2.67968	4.3129	2.76651	2.77028	3.44014	0	0.81153	0.845778	3.17384
DTDPRHAMSYN-PWY: dTDP-&beta;-L-rhamnose biosynthesis|g__Erysipelatoclostridium.s__Clostridium_cocleatum	0	0	0	0	0	0	0	0	0	0	0	0.661332	0	0	0
DTDPRHAMSYN-PWY: dTDP-&beta;-L-rhamnose biosynthesis|g__Faecalibaculum.s__Faecalibaculum_rodentium	0.614712	0.745568	0.893549	0.44452	0.319459	213.716	149.238	125.702	185.879	263.39	112.569	77.6078	2.24398	156.892	70.0575
DTDPRHAMSYN-PWY: dTDP-&beta;-L-rhamnose biosynthesis|g__Lachnospiraceae_unclassified.s__Lachnospiraceae_bacterium_28_4	0	0	0	0	0	0	0	0	0	0	0	3.78395	0	0	0
DTDPRHAMSYN-PWY: dTDP-&beta;-L-rhamnose biosynthesis|g__Lachnospiraceae_unclassified.s__Lachnospiraceae_bacterium_A2	0	0	0	0	0	0.34684	0.665703	0	0	0	0	0	0	0.754151	8.64684
DTDPRHAMSYN-PWY: dTDP-&beta;-L-rhamnose biosynthesis|g__Lactobacillus.s__Lactobacillus_johnsonii	0	0	0	0	0	16.65	14.3626	13.4618	19.0356	2.10415	4.20703	68.5704	19.9345	6.21046	20.933
DTDPRHAMSYN-PWY: dTDP-&beta;-L-rhamnose biosynthesis|g__Lactobacillus.s__Lactobacillus_murinus	0	0	0	0	0	5.82541	5.2019	2.65531	4.42514	0.539648	1.59856	4.20716	10.4925	6.41973	3.17967
DTDPRHAMSYN-PWY: dTDP-&beta;-L-rhamnose biosynthesis|g__Lactobacillus.s__Lactobacillus_reuteri	0	0	0	0	0	0	0	0	0	0	0	0	10.278	1.64305	5.8555
DTDPRHAMSYN-PWY: dTDP-&beta;-L-rhamnose biosynthesis|g__Lactococcus.s__Lactococcus_lactis	488.9	453.896	551.624	536.107	567.355	14.6693	2.96707	17.8161	7.81916	6.6171	1.4721	3.05952	6.56526	7.04039	3.30737
DTDPRHAMSYN-PWY: dTDP-&beta;-L-rhamnose biosynthesis|g__Mucispirillum.s__Mucispirillum_schaedleri	0	0	0	0	0	0	0	0	0	0	0	0	0	0.626888	0
DTDPRHAMSYN-PWY: dTDP-&beta;-L-rhamnose biosynthesis|g__Muribaculaceae_unclassified.s__Muribaculaceae_bacterium_DSM_103720	0	0	0	0	0	0.460006	1.08273	1.54471	1.36611	0.346769	0	0	0	0	0
DTDPRHAMSYN-PWY: dTDP-&beta;-L-rhamnose biosynthesis|g__Muribaculum.s__Muribaculum_intestinale	0	0	0	0	0	4.56937	5.19058	5.11737	7.04795	2.26171	0.714775	3.40203	15.4948	7.69666	2.98172
DTDPRHAMSYN-PWY: dTDP-&beta;-L-rhamnose biosynthesis|g__Parabacteroides.s__Parabacteroides_distasonis	0	0	0	0	0	43.1868	20.4107	43.5362	36.5917	49.2998	14.0952	21.4376	0	31.0066	24.5506
DTDPRHAMSYN-PWY: dTDP-&beta;-L-rhamnose biosynthesis|g__Parabacteroides.s__Parabacteroides_goldsteinii	0	0	0	0	0	2.8912	1.82222	1.79373	1.96943	1.26999	0.905947	3.19548	0	0	0
DTDPRHAMSYN-PWY: dTDP-&beta;-L-rhamnose biosynthesis|g__Turicimonas.s__Turicimonas_muris	0	0	0	0	0	5.75449	1.89648	1.99167	2.74074	7.85371	1.42573	1.1542	0	0	0
DTDPRHAMSYN-PWY: dTDP-&beta;-L-rhamnose biosynthesis|unclassified	3.35274	1.38643	0	1.76776	2.03386	146.939	150.772	133.711	166.591	112.3	212.611	135.844	171.073	210.852	210.895
FASYN-ELONG-PWY: fatty acid elongation -- saturated	247.633	283.279	187.29	215.557	186.288	23.1163	17.6733	26.8182	16.8839	17.4788	11.7542	43.7688	0	11.1817	6.74592
FASYN-ELONG-PWY: fatty acid elongation -- saturated|g__Bacteroides.s__Bacteroides_vulgatus	0	0	0	0	0	6.57373	4.55649	6.22715	4.76802	5.48381	4.00631	14.7031	0	0	0
FASYN-ELONG-PWY: fatty acid elongation -- saturated|unclassified	161.003	180.103	129.988	144.149	130.413	7.63265	6.47933	8.23266	4.83406	4.65202	0.9473	11.0939	0	9.9772	6.38541
FASYN-INITIAL-PWY: superpathway of fatty acid biosynthesis initiation (E. coli)	201.836	225.047	146.773	168.587	142.88	0	0	0.689764	0	0	0	0	0	0.907545	0.77526
FASYN-INITIAL-PWY: superpathway of fatty acid biosynthesis initiation (E. coli)|unclassified	124.712	120.725	102.458	110.563	103.19	0	0	0.686781	0	0	0	0	0	0.905203	0.774601
FERMENTATION-PWY: mixed acid fermentation	8.24284	6.39043	6.26586	2.03972	1.27989	32.1921	25.1335	29.3132	12.0266	14.3998	62.2804	92.1475	45.2734	70.2429	70.2184
FERMENTATION-PWY: mixed acid fermentation|g__Lactococcus.s__Lactococcus_lactis	0	0	0.790525	0	0	0	0	0	0	0	0	0	0	0	0
FERMENTATION-PWY: mixed acid fermentation|unclassified	0	0	0	0	0	8.23958	14.2822	7.68751	7.72134	7.84906	38.6102	21.46	22.6413	24.6831	23.8756
FOLSYN-PWY: superpathway of tetrahydrofolate biosynthesis and salvage	369.623	337.793	400.051	379.788	408.258	39.2402	14.3792	46.0364	31.0687	16.7404	7.50973	14.1439	29.0732	18.8981	11.6891
FOLSYN-PWY: superpathway of tetrahydrofolate biosynthesis and salvage|g__Lactococcus.s__Lactococcus_lactis	212.188	190.283	231.79	217.511	240.49	0	0	3.85558	2.88118	2.07416	0	0	0	3.05146	0
FUC-RHAMCAT-PWY: superpathway of fucose and rhamnose degradation	0	0	0	0	0	17.689	18.6706	22.0504	14.4999	18.7109	20.6546	51.1619	0	1.58268	0
FUCCAT-PWY: fucose degradation	0	0	0	0	0	8.78741	11.1148	11.7354	7.08477	9.14053	29.2044	79.4089	3.87755	36.7118	18.3707
FUCCAT-PWY: fucose degradation|unclassified	0	0	0	0	0	0	0	0	0	0	0.704786	0	0	0	1.43157
GALACT-GLUCUROCAT-PWY: superpathway of hexuronide and hexuronate degradation	0	0	0	0	0	0	2.73938	0	1.27946	0.67032	9.46487	1.12602	0	0	2.69417
GALACT-GLUCUROCAT-PWY: superpathway of hexuronide and hexuronate degradation|unclassified	0	0	0	0	0	0	1.98427	0	0.959584	0	8.16906	0.949156	0	0	2.60176
GALACTITOLCAT-PWY: galactitol degradation	0	0	0	0	0	0	0	0	0	0	2.21446	0	0	0	3.24893
GALACTITOLCAT-PWY: galactitol degradation|unclassified	0	0	0	0	0	0	0	0	0	0	1.76908	0	0	0	3.08147
GALACTUROCAT-PWY: D-galacturonate degradation I	0	0	0	0	0	5.95457	6.81696	12.3286	9.29306	5.75318	22.4358	11.6626	8.39779	18.2781	28.4173
GALACTUROCAT-PWY: D-galacturonate degradation I|g__Alistipes.s__Alistipes_timonensis	0	0	0	0	0	1.15431	2.07509	1.26805	1.59816	1.80217	1.25977	1.94287	0	0	0
GALACTUROCAT-PWY: D-galacturonate degradation I|unclassified	0	0	0	0	0	2.81234	3.93457	5.57488	5.82513	2.74213	15.0223	6.93719	2.91606	7.20042	16.9168
GLCMANNANAUT-PWY: superpathway of N-acetylglucosamine, N-acetylmannosamine and N-acetylneuraminate degradation	0	0	0	0	0	137.757	98.2118	142.377	128.925	142.266	51.3391	104.783	202.938	64.3721	44.8106
GLCMANNANAUT-PWY: superpathway of N-acetylglucosamine, N-acetylmannosamine and N-acetylneuraminate degradation|unclassified	0	0	0	0	0	6.49857	13.1785	7.28829	11.4456	6.75056	19.4201	19.0397	0.94207	9.05606	14.3528
GLUCONEO-PWY: gluconeogenesis I	5.00266	4.33265	4.00962	0	3.29039	335.165	338.797	329.235	376.543	305.506	340.848	332.024	370.15	304.32	246.452
GLUCONEO-PWY: gluconeogenesis I|unclassified	0	1.88553	0	0	0	89.7629	108.47	91.4827	129.228	60.6369	92.4886	62.4268	138.612	132.303	108.249
GLUCOSE1PMETAB-PWY: glucose and glucose-1-phosphate degradation	0	0	0	0	0	0	0	0	0	0	68.9798	0	0	52.1706	0
GLUCOSE1PMETAB-PWY: glucose and glucose-1-phosphate degradation|unclassified	0	0	0	0	0	0	0	0	0	0	60.9725	0	0	35.2513	0
GLUCUROCAT-PWY: superpathway of &beta;-D-glucuronosides degradation	0.80088	1.00885	0.748155	0	0	7.19195	5.83176	15.0402	11.2953	6.94019	25.5555	14.2477	10.1302	22.4436	36.2475
GLUCUROCAT-PWY: superpathway of &beta;-D-glucuronosides degradation|unclassified	0	0	0	0	0	2.08314	4.11454	3.24081	5.23285	3.02969	15.954	4.95127	1.43992	7.85479	19.6382
GLUDEG-I-PWY: GABA shunt	0	0	0	0	0	17.1706	13.2385	12.519	15.0235	1.84688	7.86169	33.8327	43.9116	5.18277	18.7005
GLUDEG-I-PWY: GABA shunt|g__Lactobacillus.s__Lactobacillus_reuteri	0	0	0	0	0	6.37941	4.47953	3.92247	4.25565	0.589187	2.54885	14.2592	5.50956	0.865667	4.10287
GLUDEG-I-PWY: GABA shunt|unclassified	0	0	0	0	0	0	0	0	0	0	0	0	3.4545	0	3.446
GLUTORN-PWY: L-ornithine biosynthesis I	241.067	146.929	265.201	171.25	273.247	372.508	501.095	412.079	445.694	458.236	569.712	478.408	263.035	367.85	361.627
GLUTORN-PWY: L-ornithine biosynthesis I|g__Bifidobacterium.s__Bifidobacterium_pseudolongum	0.293818	0	0	0.353124	0.430923	48.4217	92.5	96.4186	70.0393	55.264	156.618	203.216	65.241	78.4582	47.0201
GLUTORN-PWY: L-ornithine biosynthesis I|g__Dorea.s__Dorea_sp_5_2	0	0	0	0	0	2.39344	2.6631	3.8955	2.8249	2.95278	3.06167	0	0.721628	0.942135	3.36287
GLUTORN-PWY: L-ornithine biosynthesis I|g__Faecalibaculum.s__Faecalibaculum_rodentium	0.570184	0.722101	0.806008	0.696501	0	197.421	276.187	193.116	249.511	275.172	209.744	126.971	2.3281	142.202	87.0595
GLUTORN-PWY: L-ornithine biosynthesis I|g__Lachnospiraceae_unclassified.s__Lachnospiraceae_bacterium_28_4	0	0	0	0	0	0	0	0	0	0	0	4.38647	0	0	0
GLUTORN-PWY: L-ornithine biosynthesis I|g__Lachnospiraceae_unclassified.s__Lachnospiraceae_bacterium_A2	0	0	0	0	0	0	0.586123	0	0	0	0	0	0	0.394554	5.96702
GLUTORN-PWY: L-ornithine biosynthesis I|g__Lactococcus.s__Lactococcus_lactis	78.1458	141.133	173.908	110.993	184.156	5.98254	1.02051	8.40342	3.14629	2.30603	0.307723	0	0	0	0
GLUTORN-PWY: L-ornithine biosynthesis I|g__Turicimonas.s__Turicimonas_muris	0	0	0	0	0	8.76105	3.92446	2.64326	4.27346	10.802	2.1184	1.64603	0	0	0
GLUTORN-PWY: L-ornithine biosynthesis I|unclassified	0	0	0	0	0	39.2196	67.5776	38.5804	52.9528	34.0105	149.234	52.251	45.5317	76.9316	177.454
GLYCOCAT-PWY: glycogen degradation I	0	0	0	0	0	144.044	111.223	131.014	127.535	81.6414	29.7957	190.492	142.889	93.7148	119.807
GLYCOCAT-PWY: glycogen degradation I|unclassified	0	0	0	0	0	1.15763	3.98969	0	1.95054	0	0	6.7236	0	0	0
GLYCOGENSYNTH-PWY: glycogen biosynthesis I (from ADP-D-Glucose)	431.874	402.615	486.821	455.132	480.047	433.544	501.899	385.133	449.523	479.01	518.85	318.312	156.103	426.231	463.453
GLYCOGENSYNTH-PWY: glycogen biosynthesis I (from ADP-D-Glucose)|g__Anaerotruncus.s__Anaerotruncus_sp_G3_2012	0	0	0	0	0	0	0	0	0	0	0	0	0	0	4.5944
GLYCOGENSYNTH-PWY: glycogen biosynthesis I (from ADP-D-Glucose)|g__Bacteroides.s__Bacteroides_caecimuris	0	0	0	0	0	13.0258	11.6131	19.4902	11.0327	44.6215	0.773488	3.24601	0	3.58786	0
GLYCOGENSYNTH-PWY: glycogen biosynthesis I (from ADP-D-Glucose)|g__Dorea.s__Dorea_sp_5_2	0	0	0	0	0	2.61475	2.94521	4.15653	3.29099	2.66069	3.67637	0	0.689283	1.35637	3.93868
GLYCOGENSYNTH-PWY: glycogen biosynthesis I (from ADP-D-Glucose)|g__Erysipelatoclostridium.s__Clostridium_cocleatum	0	0	0	0	0	0	0	0	0	0	0	0.793396	0	0	0
GLYCOGENSYNTH-PWY: glycogen biosynthesis I (from ADP-D-Glucose)|g__Faecalibaculum.s__Faecalibaculum_rodentium	0.713414	0.971156	0.854628	0.58043	0.518619	222.963	287.967	201.357	256.033	305.557	208.177	141.55	2.19326	156.08	100.699
GLYCOGENSYNTH-PWY: glycogen biosynthesis I (from ADP-D-Glucose)|g__Lachnospiraceae_unclassified.s__Lachnospiraceae_bacterium_28_4	0	0	0	0	0	0	0	0	0	0	0	3.41787	0	0	0
GLYCOGENSYNTH-PWY: glycogen biosynthesis I (from ADP-D-Glucose)|g__Lachnospiraceae_unclassified.s__Lachnospiraceae_bacterium_A2	0	0	0	0	0	0.35689	0.805387	0	0	0	0	0	0	1.24266	9.77161
GLYCOGENSYNTH-PWY: glycogen biosynthesis I (from ADP-D-Glucose)|g__Lactobacillus.s__Lactobacillus_murinus	0	0	0	0	0	3.17211	3.57185	1.87321	3.32051	0.357618	1.31191	2.97266	8.15355	4.26141	2.70774
GLYCOGENSYNTH-PWY: glycogen biosynthesis I (from ADP-D-Glucose)|g__Lactococcus.s__Lactococcus_lactis	157.56	147.837	177.917	167.7	177.951	9.67158	0.868712	9.25862	4.47266	3.2685	0	1.04148	1.30887	2.36991	0
GLYCOGENSYNTH-PWY: glycogen biosynthesis I (from ADP-D-Glucose)|unclassified	11.3058	4.17973	0.557027	0.428462	0.514669	110.132	123.058	82.1128	103.839	76.0601	237.709	107.513	126.998	183.246	290.199
GLYCOLYSIS-E-D: superpathway of glycolysis and the Entner-Doudoroff pathway	3.37007	0	1.61527	0	1.95466	214.122	174.185	227.066	209.683	185.367	41.4462	117.387	116.481	110.311	82.9607
GLYCOLYSIS-E-D: superpathway of glycolysis and the Entner-Doudoroff pathway|unclassified	0	0	0	0	0	11.0478	15.6692	11.825	13.7662	18.5271	4.57764	12.1177	6.64436	15.6557	9.07536
GLYCOLYSIS: glycolysis I (from glucose 6-phosphate)	8.33427	11.173	13.0515	9.39782	9.13959	438.494	400.264	423.274	456.509	351.466	422.491	474.788	439.245	414.301	422.73
GLYCOLYSIS: glycolysis I (from glucose 6-phosphate)|unclassified	0	3.4556	0	1.72562	0	126.447	143.305	123.349	148.17	99.5046	212.505	83.1786	157.299	172.943	149.86
GLYOXYLATE-BYPASS: glyoxylate cycle	0	0	0.539982	0	0.533686	0	0	0	0	0	0	0	0	0.440418	0.417128
GLYOXYLATE-BYPASS: glyoxylate cycle|unclassified	0	0	0	0	0	0	0	0	0	0	0	0	0	0.435923	0.412208
GOLPDLCAT-PWY: superpathway of glycerol degradation to 1,3-propanediol	0	0	0	0	0	1.60272	2.77338	1.14906	1.72893	0.641147	7.77064	5.16607	1.51721	3.61051	16.8427
GOLPDLCAT-PWY: superpathway of glycerol degradation to 1,3-propanediol|unclassified	0	0	0	0	0	0	0	0	0	0	0	0	0	0.57145	0
HEME-BIOSYNTHESIS-II: heme b biosynthesis I (aerobic)	0	12.9591	8.5997	0.30798	0	4.85658	2.59359	3.76763	4.85185	4.12445	3.08604	3.45446	0	0.839937	0
HEME-BIOSYNTHESIS-II: heme b biosynthesis I (aerobic)|unclassified	0	12.1671	8.01651	0.30732	0	0	0	0	0	0	0	0	0	0	0
HEMESYN2-PWY: heme b biosynthesis II (oxygen-independent)	0	0	0	0	0	13.0525	5.78707	4.37932	7.31584	13.5264	7.56543	3.73974	0	0.871813	0
HEMESYN2-PWY: heme b biosynthesis II (oxygen-independent)|g__Turicimonas.s__Turicimonas_muris	0	0	0	0	0	7.56422	2.8614	2.17249	3.20035	8.99451	1.52484	1.78749	0	0	0
HEMESYN2-PWY: heme b biosynthesis II (oxygen-independent)|unclassified	0	0	0	0	0	0	0	0.326537	0	0	1.95241	0.656723	0	0	0
HEXITOLDEGSUPER-PWY: superpathway of hexitol degradation (bacteria)	0	0	0	0	0	0	0	0	0	0	6.60412	0	0	0	10.2617
HEXITOLDEGSUPER-PWY: superpathway of hexitol degradation (bacteria)|unclassified	0	0	0	0	0	0	0	0	0	0	3.39286	0	0	0	6.94974
HISDEG-PWY: L-histidine degradation I	0	0	0.209534	0	0	143.635	100.312	155.474	134.348	117.128	51.1816	106.19	185.258	97.1287	64.1929
HISDEG-PWY: L-histidine degradation I|g__Alistipes.s__Alistipes_timonensis	0	0	0	0	0	1.34972	1.98479	1.36964	1.00924	1.42576	1.39155	1.42567	0	0	0
HISDEG-PWY: L-histidine degradation I|g__Bacteroides.s__Bacteroides_uniformis	0	0	0	0	0	54.7748	31.9593	61.5902	49.5092	27.0017	4.88006	19.729	168.958	27.9492	16.1194
HISDEG-PWY: L-histidine degradation I|g__Muribaculaceae_unclassified.s__Muribaculaceae_bacterium_DSM_103720	0	0	0	0	0	0.351906	1.38328	1.47885	1.04405	0.420713	0	0	0	0	0
HISDEG-PWY: L-histidine degradation I|g__Parabacteroides.s__Parabacteroides_distasonis	0	0	0	0	0	50.737	22.6081	50.2918	40.4148	56.9384	15.7648	22.7992	0	36.9277	28.4859
HISDEG-PWY: L-histidine degradation I|g__Parabacteroides.s__Parabacteroides_goldsteinii	0	0	0	0	0	3.28862	2.12279	2.41221	2.45877	1.62192	1.23067	4.43322	0	0	0
HISDEG-PWY: L-histidine degradation I|unclassified	0	0	0	0	0	28.2533	34.2352	36.7924	36.7078	24.8794	23.8153	49.3822	13.7122	31.4624	18.7677
HISTSYN-PWY: L-histidine biosynthesis	331.782	314.532	364.829	344.925	346.303	418.667	449.879	448.905	449.194	435.762	552.284	572.769	494.142	413.035	356.966
HISTSYN-PWY: L-histidine biosynthesis|g__Alistipes.s__Alistipes_timonensis	0	0	0	0	0	1.19311	1.69548	1.28644	1.17674	1.38011	1.51164	0.839068	0	0	0
HISTSYN-PWY: L-histidine biosynthesis|g__Anaerotruncus.s__Anaerotruncus_sp_G3_2012	0	0	0	0	0	0	0	0	0	0	0	0	0	0	4.34356
HISTSYN-PWY: L-histidine biosynthesis|g__Bacteroides.s__Bacteroides_caecimuris	0	0	0	0	0	13.3948	12.0564	22.1237	13.0326	47.9967	0.828355	1.62386	0	1.62744	0
HISTSYN-PWY: L-histidine biosynthesis|g__Bacteroides.s__Bacteroides_uniformis	0	0	0	0	0	52.977	23.6423	47.4381	38.4228	27.0532	2.91464	14.9269	157.235	26.8331	14.5023
HISTSYN-PWY: L-histidine biosynthesis|g__Bacteroides.s__Bacteroides_vulgatus	0	0	0	0	0	7.04226	3.76739	7.33097	5.24831	6.34959	3.48403	13.7237	0	0	0
HISTSYN-PWY: L-histidine biosynthesis|g__Bifidobacterium.s__Bifidobacterium_pseudolongum	0.286672	0	0	0	0.517143	58.5184	104.104	106.325	80.8798	63.4129	179.351	236.969	79.5475	93.9285	57.8114
HISTSYN-PWY: L-histidine biosynthesis|g__Lactococcus.s__Lactococcus_lactis	300.932	278.943	342.997	318.884	325.044	4.78668	0.791284	6.85955	2.96414	2.56913	0.828531	1.19027	2.61427	4.09419	1.62643
HISTSYN-PWY: L-histidine biosynthesis|g__Muribaculaceae_unclassified.s__Muribaculaceae_bacterium_DSM_103720	0	0	0	0	0	0.351807	1.19981	1.47248	1.41783	0	0	0	0	0	0
HISTSYN-PWY: L-histidine biosynthesis|g__Muribaculum.s__Muribaculum_intestinale	0	0	0	0	0	5.03111	5.04871	5.84402	7.63691	2.3176	0.790366	3.50515	15.6306	8.9139	2.94128
HISTSYN-PWY: L-histidine biosynthesis|g__Parabacteroides.s__Parabacteroides_distasonis	0	0	0	0	0	44.3982	25.0478	46.3135	35.5924	49.7287	14.0778	22.791	0	30.2992	26.4182
HISTSYN-PWY: L-histidine biosynthesis|g__Parabacteroides.s__Parabacteroides_goldsteinii	0	0	0	0	0	2.68204	1.22881	1.80377	1.76269	1.06739	0.59598	3.00118	0	0	0
HISTSYN-PWY: L-histidine biosynthesis|g__Turicimonas.s__Turicimonas_muris	0	0	0	0	0	9.58202	4.49024	3.27333	4.46817	11.689	2.77382	1.8919	0	0	0
HISTSYN-PWY: L-histidine biosynthesis|unclassified	0	0	0	0.59	0	51.0456	78.8888	56.8616	86.4536	41.9377	122.346	76.0119	69.7357	85.8153	133.996
HOMOSER-METSYN-PWY: L-methionine biosynthesis I	422.271	390.326	474.963	452.21	468.99	15.4435	2.73494	18.3546	8.97846	6.04258	2.75116	5.01693	7.5915	9.77593	4.97483
HOMOSER-METSYN-PWY: L-methionine biosynthesis I|g__Lactococcus.s__Lactococcus_lactis	141.548	127.798	160.911	150.726	159.041	0	0.718522	0	0	0	0	0	0	1.40717	0
HOMOSER-METSYN-PWY: L-methionine biosynthesis I|unclassified	1.25509	0.895259	0	0	0.918818	0	0.829871	0	2.61096	0	0.638866	0	0	1.26585	2.81973
HSERMETANA-PWY: L-methionine biosynthesis III	3.8538	6.19246	4.65827	5.41663	5.82017	245.844	240.042	296.719	277.858	255.583	334.824	436.459	430.635	266.332	179.531
HSERMETANA-PWY: L-methionine biosynthesis III|g__Akkermansia.s__Akkermansia_muciniphila	0	0	0	0	0	6.42579	9.00913	9.00409	5.80883	7.523	22.2461	78.3736	153.905	31.8639	13.9013
HSERMETANA-PWY: L-methionine biosynthesis III|g__Bifidobacterium.s__Bifidobacterium_pseudolongum	0.443532	0.337935	0.29764	0.546467	0.637238	65.4063	116.616	115.157	81.4008	66.7315	192.279	266.859	87.3154	105.22	65.2778
HSERMETANA-PWY: L-methionine biosynthesis III|g__Lactococcus.s__Lactococcus_lactis	2.81969	3.72699	3.07944	2.69042	3.47885	5.5134	0.88165	7.35126	3.62387	3.19359	0	0	0	0	0
HSERMETANA-PWY: L-methionine biosynthesis III|g__Muribaculaceae_unclassified.s__Muribaculaceae_bacterium_DSM_103720	0	0	0	0	0	0.409895	1.45751	1.48055	1.5398	0	0	0	0	0	0
HSERMETANA-PWY: L-methionine biosynthesis III|g__Parabacteroides.s__Parabacteroides_distasonis	0	0	0	0	0	44.058	26.5609	47.8837	35.8611	51.7934	15.083	26.3419	0	33.144	29.1838
HSERMETANA-PWY: L-methionine biosynthesis III|g__Parabacteroides.s__Parabacteroides_goldsteinii	0	0	0	0	0	3.22815	1.71466	2.21161	2.29105	1.47923	0.876581	3.78115	0	0	0
HSERMETANA-PWY: L-methionine biosynthesis III|unclassified	0	0	0	0	0	54.5748	80.1403	66.1209	98.0726	42.7321	86.2323	70.8351	78.1375	99.5546	75.0764
ILEUSYN-PWY: L-isoleucine biosynthesis I (from threonine)	941.216	872.865	1009.75	987.214	1065.52	668.142	835.605	715.745	742.46	812.046	895.25	779.452	649.626	634.868	584.4
ILEUSYN-PWY: L-isoleucine biosynthesis I (from threonine)|g__Akkermansia.s__Akkermansia_muciniphila	0	0	0	0	0.303501	7.48437	10.0429	10.1323	6.15432	9.57867	23.2998	89.6992	189.011	39.6853	19.157
ILEUSYN-PWY: L-isoleucine biosynthesis I (from threonine)|g__Bacteroides.s__Bacteroides_caecimuris	0	0	0	0	0	20.6193	21.0797	35.4861	21.6734	69.8733	1.30068	5.92284	0	4.86022	0
ILEUSYN-PWY: L-isoleucine biosynthesis I (from threonine)|g__Bacteroides.s__Bacteroides_uniformis	0	0	0	0	0	49.9273	21.7434	48.1285	39.0635	26.3323	3.24399	13.5955	150.75	25.0959	13.813
ILEUSYN-PWY: L-isoleucine biosynthesis I (from threonine)|g__Bifidobacterium.s__Bifidobacterium_pseudolongum	0	0.359684	0.317145	0	0.663349	63.7831	115.561	113.638	87.605	69.982	197.259	266.636	85.2798	101.953	65.4338
ILEUSYN-PWY: L-isoleucine biosynthesis I (from threonine)|g__Faecalibaculum.s__Faecalibaculum_rodentium	0.8913	1.11329	1.04765	0.773213	0.534906	253.881	365.009	247.143	310.655	352.419	297.896	177.12	3.02428	184.136	118.098
ILEUSYN-PWY: L-isoleucine biosynthesis I (from threonine)|g__Lactococcus.s__Lactococcus_lactis	742.53	673.035	812.1	781.545	862.854	0	0	2.73754	2.14767	2.04653	1.95101	3.50127	7.03121	9.31811	4.01911
ILEUSYN-PWY: L-isoleucine biosynthesis I (from threonine)|g__Mucispirillum.s__Mucispirillum_schaedleri	0	0	0	0	0	0	0	0	0	0	0	0	0	0.679674	0
ILEUSYN-PWY: L-isoleucine biosynthesis I (from threonine)|g__Parabacteroides.s__Parabacteroides_distasonis	0	0	0	0	0	55.7196	30.6893	59.6397	46.8575	63.1206	19.0702	32.2659	0	40.3631	35.0993
ILEUSYN-PWY: L-isoleucine biosynthesis I (from threonine)|g__Parabacteroides.s__Parabacteroides_goldsteinii	0	0	0	0	0	2.23957	0.828756	1.34964	1.49778	0.677968	0.410463	1.91418	0	0	0
ILEUSYN-PWY: L-isoleucine biosynthesis I (from threonine)|unclassified	174.994	182.849	159.7	155.357	158.18	136.232	181.855	120.183	134.269	132.355	246.246	96.6677	95.8159	146.252	266.495
KETOGLUCONMET-PWY: ketogluconate metabolism	0	0	0	0	0	2.30843	4.86106	0	3.37664	3.26181	10.8522	2.21228	0	6.05431	17.0151
KETOGLUCONMET-PWY: ketogluconate metabolism|unclassified	0	0	0	0	0	1.64365	3.50732	0	2.49912	2.44078	8.86912	1.81512	0	5.30044	14.2493
LACTOSECAT-PWY: lactose and galactose degradation I	2956.57	2689.41	3375.39	3316.62	3549.02	122.773	45.9938	114.972	92.6992	58.467	50.558	151.495	63.4081	121.917	74.8835
LACTOSECAT-PWY: lactose and galactose degradation I|g__Lactobacillus.s__Lactobacillus_johnsonii	0	0	0	0	0	18.0379	15.9534	10.3773	18.9048	1.83795	4.13308	69.7329	9.73369	4.13115	6.06071
LACTOSECAT-PWY: lactose and galactose degradation I|g__Lactococcus.s__Lactococcus_lactis	2955.12	2688.41	3373.43	3315.28	3547.5	33.8954	4.36346	38.2516	18.5018	17.0358	9.68597	16.2098	23.7504	41.9329	15.8847
LACTOSECAT-PWY: lactose and galactose degradation I|unclassified	1.56988	0	1.36546	1.20929	1.2641	3.52633	0	3.07494	0.742056	0	4.2141	2.39294	6.01419	0.590285	8.72534
MET-SAM-PWY: superpathway of S-adenosyl-L-methionine biosynthesis	444.354	407.611	493.13	469.282	496.619	29.7071	5.44541	35.3793	17.6019	11.8731	5.47044	9.95846	14.8964	19.1195	9.83917
MET-SAM-PWY: superpathway of S-adenosyl-L-methionine biosynthesis|g__Lactococcus.s__Lactococcus_lactis	66.6161	60.4942	75.0025	69.2135	69.5345	0	0.861066	0	0	0	0	0	0	0	0
MET-SAM-PWY: superpathway of S-adenosyl-L-methionine biosynthesis|unclassified	1.67341	1.19421	0	0	1.22561	0	1.19552	0	3.68015	0	0.890257	0	0	1.73015	4.21134
METH-ACETATE-PWY: methanogenesis from acetate	0	0	0	0	0	2.9578	5.40373	0.932768	4.93054	1.92256	12.2857	12.1587	10.0715	6.06365	39.5344
METH-ACETATE-PWY: methanogenesis from acetate|unclassified	0	0	0	0	0	2.84828	5.16497	0.917113	4.69623	1.8677	11.8398	10.8665	9.32083	5.86457	36.3094
METHGLYUT-PWY: superpathway of methylglyoxal degradation	0	0	0	0	0	10.0847	1.7482	9.32363	6.02963	4.59647	0	0	0	0.442247	0
METSYN-PWY: superpathway of L-homoserine and L-methionine biosynthesis	432.656	397.907	480.182	455.84	480.937	26.4433	4.77084	31.349	15.5429	10.4922	4.80094	8.73581	13.1419	16.8654	8.63076
METSYN-PWY: superpathway of L-homoserine and L-methionine biosynthesis|g__Lactococcus.s__Lactococcus_lactis	73.4939	66.9118	83.0348	76.6603	77.462	0	0.864227	0	0	0	0	0	0	0	0
METSYN-PWY: superpathway of L-homoserine and L-methionine biosynthesis|unclassified	2.19052	1.56342	0	0	1.60511	0	1.44226	0	4.47722	0	1.11512	0	0	2.19262	4.87822
NAD-BIOSYNTHESIS-II: NAD salvage pathway III (to nicotinamide riboside)	0	0	0.37556	0	0	0	0	0	0	0	0	0	0	0.37729	0.65409
NAD-BIOSYNTHESIS-II: NAD salvage pathway III (to nicotinamide riboside)|unclassified	0	0	0.338254	0	0	0	0	0	0	0	0	0	0	0.364608	0.600912
NADSYN-PWY: NAD de novo biosynthesis II (from tryptophan)	114.24	124.214	77.6016	91.1977	75.8637	0	0	0	0	0	0	0	0	0.444135	0.382638
NADSYN-PWY: NAD de novo biosynthesis II (from tryptophan)|unclassified	52.6704	48.4329	43.7798	45.5544	44.6139	0	0	0	0	0	0	0	0	0	0.329227
NAGLIPASYN-PWY: lipid IVA biosynthesis (E. coli)	0	0	0	0	0	117.537	82.0785	120.028	116.841	86.8241	17.5095	69.379	285.406	56.6742	37.1608
NAGLIPASYN-PWY: lipid IVA biosynthesis (E. coli)|g__Bacteroides.s__Bacteroides_uniformis	0	0	0	0	0	46.2157	22.9985	49.72	39.6381	24.9631	3.04508	13.3363	140.592	23.0643	11.7472
NONMEVIPP-PWY: methylerythritol phosphate pathway I	1.41067	1.78364	1.81737	1.11017	1.86537	482.714	591.677	561.034	591.722	577.378	602.378	623.12	490.773	464.895	381.688
NONMEVIPP-PWY: methylerythritol phosphate pathway I|g__Alistipes.s__Alistipes_timonensis	0	0	0	0	0	1.04288	1.9385	1.18869	1.31475	1.30863	1.2972	1.04869	0	0	0
NONMEVIPP-PWY: methylerythritol phosphate pathway I|g__Anaerotruncus.s__Anaerotruncus_sp_G3_2012	0	0	0	0	0	0	0	0	0	0	0	0	0	0	4.29204
NONMEVIPP-PWY: methylerythritol phosphate pathway I|g__Bacteroides.s__Bacteroides_caecimuris	0	0	0	0	0	17.4176	17.4721	32.3459	20.6099	61.4302	0.891846	1.69142	0	1.39683	0
NONMEVIPP-PWY: methylerythritol phosphate pathway I|g__Bacteroides.s__Bacteroides_uniformis	0	0	0	0	0	47.3196	25.0433	46.8996	39.4359	24.48	3.04217	14.5687	145.74	22.9277	12.9385
NONMEVIPP-PWY: methylerythritol phosphate pathway I|g__Bacteroides.s__Bacteroides_vulgatus	0	0	0	0	0	8.63994	4.94472	8.56482	7.43168	7.3441	5.38369	18.0191	0	0	0
NONMEVIPP-PWY: methylerythritol phosphate pathway I|g__Bifidobacterium.s__Bifidobacterium_pseudolongum	0	0	0	0	0.648188	55.2157	103.82	104.943	81.0163	62.2236	178.726	223.397	72.9783	93.0097	54.5434
NONMEVIPP-PWY: methylerythritol phosphate pathway I|g__Dorea.s__Dorea_sp_5_2	0	0	0	0	0	2.18839	2.92696	5.33734	2.77998	3.09169	3.4858	0	0.680549	1.26244	3.61736
NONMEVIPP-PWY: methylerythritol phosphate pathway I|g__Enterorhabdus.s__Enterorhabdus_caecimuris	0	0	0	0	0	0.650622	1.0127	1.29375	1.78729	0.441225	4.9525	4.04428	4.72754	7.0102	1.7309
NONMEVIPP-PWY: methylerythritol phosphate pathway I|g__Erysipelatoclostridium.s__Clostridium_cocleatum	0	0	0	0	0	0	0	0	0	0	0	0.475398	0	0	0
NONMEVIPP-PWY: methylerythritol phosphate pathway I|g__Faecalibaculum.s__Faecalibaculum_rodentium	0.603089	0.922691	0.938379	0.569951	0.412029	194.651	277.971	194.181	256.236	281.824	213.27	133.564	2.39741	143.303	89.7838
NONMEVIPP-PWY: methylerythritol phosphate pathway I|g__Lachnospiraceae_unclassified.s__Lachnospiraceae_bacterium_28_4	0	0	0	0	0	0	0	0	0	0	0	3.50251	0	0	0
NONMEVIPP-PWY: methylerythritol phosphate pathway I|g__Lachnospiraceae_unclassified.s__Lachnospiraceae_bacterium_A2	0	0	0	0	0	0	0.394521	0	0	0	0	0	0	0.692084	6.65825
NONMEVIPP-PWY: methylerythritol phosphate pathway I|g__Muribaculaceae_unclassified.s__Muribaculaceae_bacterium_DSM_103720	0	0	0	0	0	0.456915	1.06584	1.67961	1.12233	0	0	0	0	0	0
NONMEVIPP-PWY: methylerythritol phosphate pathway I|g__Muribaculum.s__Muribaculum_intestinale	0	0	0	0	0	5.15583	4.77297	5.85702	8.26928	2.21658	1.01188	3.71722	16.2324	7.91225	3.24916
NONMEVIPP-PWY: methylerythritol phosphate pathway I|g__Parabacteroides.s__Parabacteroides_distasonis	0	0	0	0	0	47.5348	26.0802	49.6215	40.5838	52.1937	16.5629	24.8406	0	33.1097	27.3531
NONMEVIPP-PWY: methylerythritol phosphate pathway I|g__Parabacteroides.s__Parabacteroides_goldsteinii	0	0	0	0	0	3.12829	1.46997	2.3689	2.08384	1.51164	0.949821	4.22784	0	0	0
NONMEVIPP-PWY: methylerythritol phosphate pathway I|g__Turicimonas.s__Turicimonas_muris	0	0	0	0	0	7.29597	3.65568	2.69835	3.75678	8.97572	2.17372	1.59176	0	0	0
NONMEVIPP-PWY: methylerythritol phosphate pathway I|unclassified	0	0	0	0	0	61.1997	83.1692	66.186	90.018	49.0624	114.813	87.6922	91.8695	103.795	145.827
NONOXIPENT-PWY: pentose phosphate pathway (non-oxidative branch) I	706.811	658.065	760.422	723.122	781.377	122.947	87.0206	137.288	111.774	132.621	153.916	220.618	230.029	142.759	155.587
NONOXIPENT-PWY: pentose phosphate pathway (non-oxidative branch) I|g__Lactococcus.s__Lactococcus_lactis	465.749	416.185	517.312	490.269	532.468	11.7893	1.68062	14.2333	6.66449	4.56176	1.38422	2.72263	4.60196	6.3697	2.67997
NONOXIPENT-PWY: pentose phosphate pathway (non-oxidative branch) I|g__Parabacteroides.s__Parabacteroides_distasonis	0	0	0	0	0	48.5867	23.0815	50.7964	38.2152	54.2678	15.0805	24.1267	0	32.4573	26.7869
NONOXIPENT-PWY: pentose phosphate pathway (non-oxidative branch) I|g__Turicimonas.s__Turicimonas_muris	0	0	0	0	0	7.77183	3.58772	2.55909	3.44169	9.54608	2.18967	1.28061	0	0	0
NONOXIPENT-PWY: pentose phosphate pathway (non-oxidative branch) I|unclassified	140.049	143.852	109.388	119.499	106.148	4.32287	18.6365	5.5081	17.3236	8.18594	70.5089	33.4683	27.091	28.8265	78.1016
OANTIGEN-PWY: O-antigen building blocks biosynthesis (E. coli)	13.5127	7.82485	4.08808	7.48892	7.97163	320.186	358.586	344.992	334.651	271.597	422.223	522.48	279.524	324.935	277.366
OANTIGEN-PWY: O-antigen building blocks biosynthesis (E. coli)|g__Erysipelatoclostridium.s__Clostridium_cocleatum	0	0	0	0	0	0	0	0	0	0	0	0.745275	0	0	0
OANTIGEN-PWY: O-antigen building blocks biosynthesis (E. coli)|g__Lactobacillus.s__Lactobacillus_johnsonii	0	0	0	0	0	15.6484	13.1874	9.99618	15.355	1.76582	3.28643	60.9129	15.4215	5.89551	18.6439
OANTIGEN-PWY: O-antigen building blocks biosynthesis (E. coli)|g__Lactobacillus.s__Lactobacillus_murinus	0	0	0	0	0	4.81065	4.83236	2.76616	4.21261	0.469647	1.53302	3.95545	9.91668	5.37998	3.45078
OANTIGEN-PWY: O-antigen building blocks biosynthesis (E. coli)|g__Lactococcus.s__Lactococcus_lactis	1.39324	2.74764	1.82368	0	2.92378	12.8668	1.89559	15.6189	6.56454	4.60421	0	0	0	0	0
OANTIGEN-PWY: O-antigen building blocks biosynthesis (E. coli)|g__Mucispirillum.s__Mucispirillum_schaedleri	0	0	0	0	0	0	0	0	0	0	0	0	0	0.341777	0
OANTIGEN-PWY: O-antigen building blocks biosynthesis (E. coli)|unclassified	1.45223	1.43501	0	1.38452	1.93504	0.875542	6.17086	9.50129	11.7266	9.42709	39.9102	20.5463	12.1362	27.9758	42.7014
P105-PWY: TCA cycle IV (2-oxoglutarate decarboxylase)	0	0	0	0	0	0	0	0	0	0	0	8.6683	0.310549	0	1.67263
P105-PWY: TCA cycle IV (2-oxoglutarate decarboxylase)|unclassified	0	0	0	0	0	0	0	0	0	0	0	7.09944	0.308907	0	1.57787
P108-PWY: pyruvate fermentation to propanoate I	0	0	0	0	0	6.74678	4.82868	8.07683	6.27928	3.89709	5.25979	6.08264	0	0	0
P108-PWY: pyruvate fermentation to propanoate I|unclassified	0	0	0	0	0	1.53139	3.05907	0	0	0	5.18747	6.02942	0	0	0
P122-PWY: heterolactic fermentation	0	0	0.627902	0	0	61.0689	40.8761	69.0678	55.1765	41.6394	63.3447	55.4342	36.8639	73.2953	71.0221
P124-PWY: Bifidobacterium shunt	0.979523	1.30584	1.15098	1.75052	2.35626	180.184	166.523	216.423	171.463	157.02	200.606	287.249	228.626	177.885	144.223
P125-PWY: superpathway of (R,R)-butanediol biosynthesis	846.344	772.857	955.134	920.503	996.167	16.3399	2.70784	23.6531	12.0028	8.21717	4.52151	7.43125	14.6863	15.7299	6.81781
P125-PWY: superpathway of (R,R)-butanediol biosynthesis|g__Lactococcus.s__Lactococcus_lactis	181.414	173.36	204.248	192.606	202.837	10.3338	1.78923	13.4999	6.53421	3.99993	0	0	0	1.55068	0
P125-PWY: superpathway of (R,R)-butanediol biosynthesis|unclassified	37.5114	0	46.9627	0	46.7929	0	0	1.39029	0	0.56517	0	0.375366	0	0	0
P161-PWY: acetylene degradation (anaerobic)	2.76053	2.37401	3.75282	1.16136	4.38114	105.1	176.078	169.254	131.571	103.977	267.747	277.413	89.0593	147.956	102.572
P161-PWY: acetylene degradation (anaerobic)|g__Lactococcus.s__Lactococcus_lactis	2.13034	1.79955	3.45032	0	3.59022	6.42834	1.55547	10.8261	4.54356	1.23928	0	0	0	0	0
P161-PWY: acetylene degradation (anaerobic)|unclassified	0	0	0	0	0	0	2.08496	0.447842	0	1.83412	6.63849	7.16307	1.69798	2.10671	5.21198
P163-PWY: L-lysine fermentation to acetate and butanoate	0	0	0	0	0	0	0	0	0	0	0	0	0	0.872759	3.38929
P163-PWY: L-lysine fermentation to acetate and butanoate|unclassified	0	0	0	0	0	0	0	0	0	0	0	0	0	0	2.76899
P164-PWY: purine nucleobases degradation I (anaerobic)	0	0	0	0	0	20.9835	19.6232	31.1429	22.2164	30.8447	5.96533	7.51918	0	13.852	8.39007
P164-PWY: purine nucleobases degradation I (anaerobic)|unclassified	0	0	0	0	0	1.86872	1.3879	0.957622	0.862012	0.67897	4.27361	0	0	3.08909	7.88042
P185-PWY: formaldehyde assimilation III (dihydroxyacetone cycle)	0	0	0	0	0	0.99548	0.683322	1.23633	0.926906	0.828478	0.626313	0.920133	0	0	0
P185-PWY: formaldehyde assimilation III (dihydroxyacetone cycle)|unclassified	0	0	0	0	0	0.991313	0.681709	1.22958	0.923864	0.825029	0.62561	0.916068	0	0	0
P23-PWY: reductive TCA cycle I	0	0	0	0	0	3.03744	3.08693	5.06317	2.73996	4.50756	3.51669	3.13543	0	0	0
P23-PWY: reductive TCA cycle I|unclassified	0	0	0	0	0	0	0	0	0	0	0.844001	0	0	0	0
P4-PWY: superpathway of L-lysine, L-threonine and L-methionine biosynthesis I	0	0	0	0	2.51707	23.2594	4.79963	30.703	15.7959	15.2896	6.10947	8.0893	15.7956	20.2175	13.2556
P4-PWY: superpathway of L-lysine, L-threonine and L-methionine biosynthesis I|unclassified	0	0	0	0	0	0	0	0	0	0	0	0	0	0	5.83891
P41-PWY: pyruvate fermentation to acetate and (S)-lactate I	632.823	548.826	685.973	656.771	695.292	392.691	464.699	401.44	469.597	457.216	461.718	365.262	106.408	314.39	347.004
P41-PWY: pyruvate fermentation to acetate and (S)-lactate I|g__Dorea.s__Dorea_sp_5_2	0	0	0	0	0	1.90612	2.16312	4.03792	1.92992	2.44783	3.60005	0.376879	0.588223	0.966704	3.4751
P41-PWY: pyruvate fermentation to acetate and (S)-lactate I|g__Faecalibaculum.s__Faecalibaculum_rodentium	0.809388	0.815129	1.17293	0.732631	0.420119	205.439	295.925	199.427	264.15	297.64	240.621	136.981	2.09595	143.747	92.3655
P41-PWY: pyruvate fermentation to acetate and (S)-lactate I|g__Lactobacillus.s__Lactobacillus_johnsonii	0	0	0	0	0	16.7345	14.3808	11.7786	17.9645	1.99506	3.94202	62.6824	18.6548	5.68575	23.4615
P41-PWY: pyruvate fermentation to acetate and (S)-lactate I|g__Lactobacillus.s__Lactobacillus_reuteri	0	0	0	0	0	10.4513	7.67132	5.72378	8.35074	0.937622	4.00488	20.6655	21.3747	3.73945	14.2294
P41-PWY: pyruvate fermentation to acetate and (S)-lactate I|g__Lactococcus.s__Lactococcus_lactis	512.465	451.908	555.531	528.585	582.42	16.1723	2.89917	21.5864	9.6293	6.24791	1.40236	2.59781	4.30795	7.31861	2.9424
P41-PWY: pyruvate fermentation to acetate and (S)-lactate I|unclassified	99.1198	75.8882	106.539	107.17	83.9677	33.2264	48.1916	24.6687	41.3654	28.5304	113.789	40.77	37.5687	63.5609	134.098
P42-PWY: incomplete reductive TCA cycle	0	0	0	0.591914	0	7.78189	4.34094	8.36037	5.7914	5.20703	5.54619	5.39606	0	0.99306	0
P42-PWY: incomplete reductive TCA cycle|unclassified	0	0	0	0	0	0.907701	1.96523	0	0	0	5.09568	3.9575	0	0.949338	0
P441-PWY: superpathway of N-acetylneuraminate degradation	0	0	0	0	0	187.045	179.951	215.732	195.515	175.478	68.6963	163.583	184.599	124.451	93.4447
P441-PWY: superpathway of N-acetylneuraminate degradation|unclassified	0	0	0	0	0	0	7.86494	1.78361	0	6.73143	8.08857	18.0109	0	2.95255	11.9616
P461-PWY: hexitol fermentation to lactate, formate, ethanol and acetate	1.24097	0	0	0	0	39.6131	34.8583	45.2015	41.76	19.6938	23.7153	28.2536	40.2125	44.3436	46.4514
P461-PWY: hexitol fermentation to lactate, formate, ethanol and acetate|unclassified	0	0	0	0	0	4.24492	9.52825	10.7842	10.3205	6.05023	11.7514	12.4505	0	3.43524	31.8253
P621-PWY: nylon-6 oligomer degradation	0.348946	0	0.288221	0	0	18.166	6.03563	24.8307	11.3937	6.31499	0	0	0	0	0
PANTO-PWY: phosphopantothenate biosynthesis I	86.0061	103.329	59.5661	71.9794	58.8529	338.548	312.385	367.114	375.341	333.24	224.782	446.721	543.631	328.151	200.468
PANTO-PWY: phosphopantothenate biosynthesis I|g__Akkermansia.s__Akkermansia_muciniphila	0	0	0	0	0.257724	7.2281	9.75558	9.08972	6.30997	8.7726	21.9041	88.7657	179.815	38.2803	17.8993
PANTO-PWY: phosphopantothenate biosynthesis I|g__Alistipes.s__Alistipes_timonensis	0	0	0	0	0	0.688758	1.69445	1.46777	1.25855	1.42181	1.47445	1.23338	0	0	0
PANTO-PWY: phosphopantothenate biosynthesis I|g__Bacteroides.s__Bacteroides_caecimuris	0	0	0	0	0	18.0823	17.993	29.7949	18.4264	56.7873	1.22107	4.63733	0	5.31148	0
PANTO-PWY: phosphopantothenate biosynthesis I|g__Bacteroides.s__Bacteroides_uniformis	0	0	0	0	0	41.5291	19.204	40.4207	33.6228	21.6245	2.65858	13.5608	126.565	19.5853	11.1381
PANTO-PWY: phosphopantothenate biosynthesis I|g__Bacteroides.s__Bacteroides_vulgatus	0	0	0	0	0	9.22252	5.95467	8.95178	7.54075	7.18211	5.51551	19.6457	0	0	0
PANTO-PWY: phosphopantothenate biosynthesis I|g__Enterorhabdus.s__Enterorhabdus_caecimuris	0	0	0	0	0	0.828978	1.30525	1.76985	2.04479	0.357123	5.8771	4.58175	5.7073	7.62564	1.97496
PANTO-PWY: phosphopantothenate biosynthesis I|g__Lachnospiraceae_unclassified.s__Lachnospiraceae_bacterium_A2	0	0	0	0	0	0	0.60257	0	0	0	0	0	0	0.684701	8.44247
PANTO-PWY: phosphopantothenate biosynthesis I|g__Muribaculaceae_unclassified.s__Muribaculaceae_bacterium_DSM_103720	0	0	0	0	0	0.46164	1.46911	1.15544	1.41094	0	0	0	0	0	0
PANTO-PWY: phosphopantothenate biosynthesis I|g__Muribaculum.s__Muribaculum_intestinale	0	0	0	0	0	5.44149	5.27081	6.05616	8.66531	2.39365	1.422	4.93959	16.7433	8.97084	2.84007
PANTO-PWY: phosphopantothenate biosynthesis I|g__Parabacteroides.s__Parabacteroides_distasonis	0	0	0	0	0	54.035	22.0446	47.6455	36.8441	58.6159	15.7624	23.2369	0	37.3163	27.3314
PANTO-PWY: phosphopantothenate biosynthesis I|g__Parabacteroides.s__Parabacteroides_goldsteinii	0	0	0	0	0	2.75409	1.75459	1.98106	2.02721	0.900827	0.916639	3.62298	0	0	0
PANTO-PWY: phosphopantothenate biosynthesis I|g__Turicimonas.s__Turicimonas_muris	0	0	0	0	0	7.9177	3.01674	2.14873	3.53623	10.0336	1.84912	1.26885	0	0	0
PANTO-PWY: phosphopantothenate biosynthesis I|unclassified	80.6676	95.5882	56.6535	68.1083	55.8604	70.623	91.2915	78.9898	109.513	53.4613	80.757	97.7691	127.992	107.812	77.1903
PANTOSYN-PWY: superpathway of coenzyme A biosynthesis I (bacteria)	3.76916	1.47121	0.762966	0	2.32058	330.148	317.588	356.765	368.271	351.646	250.198	402.873	497.774	316.098	226.61
PANTOSYN-PWY: superpathway of coenzyme A biosynthesis I (bacteria)|g__Akkermansia.s__Akkermansia_muciniphila	0	0	0	0	0	6.95077	9.35693	8.97506	5.98857	8.25623	21.8007	82.5727	171.351	36.203	16.4317
PANTOSYN-PWY: superpathway of coenzyme A biosynthesis I (bacteria)|g__Alistipes.s__Alistipes_timonensis	0	0	0	0	0	0.923195	1.37171	1.56439	1.46564	1.42731	1.26675	1.43472	0	0	0
PANTOSYN-PWY: superpathway of coenzyme A biosynthesis I (bacteria)|g__Bacteroides.s__Bacteroides_caecimuris	0	0	0	0	0	15.0103	15.4827	28.2627	17.3221	49.5277	0.919449	3.71133	0	3.50353	0
PANTOSYN-PWY: superpathway of coenzyme A biosynthesis I (bacteria)|g__Bacteroides.s__Bacteroides_uniformis	0	0	0	0	0	41.1959	21.443	43.3959	35.1868	21.4034	3.00068	13.6612	127.837	19.9733	10.9674
PANTOSYN-PWY: superpathway of coenzyme A biosynthesis I (bacteria)|g__Bacteroides.s__Bacteroides_vulgatus	0	0	0	0	0	8.08884	5.3838	8.40743	6.27694	6.64842	4.60815	17.6326	0	0	0
PANTOSYN-PWY: superpathway of coenzyme A biosynthesis I (bacteria)|g__Lachnospiraceae_unclassified.s__Lachnospiraceae_bacterium_A2	0	0	0	0	0	0	0.599269	0	0	0	0	0	0	0.560249	6.87802
PANTOSYN-PWY: superpathway of coenzyme A biosynthesis I (bacteria)|g__Muribaculaceae_unclassified.s__Muribaculaceae_bacterium_DSM_103720	0	0	0	0	0	0.294353	1.00428	0.998324	1.18461	0	0	0	0	0	0
PANTOSYN-PWY: superpathway of coenzyme A biosynthesis I (bacteria)|g__Muribaculum.s__Muribaculum_intestinale	0	0	0	0	0	5.4732	5.33385	5.70594	8.07032	2.26414	1.34889	4.456	17.324	8.55017	3.17098
PANTOSYN-PWY: superpathway of coenzyme A biosynthesis I (bacteria)|g__Parabacteroides.s__Parabacteroides_distasonis	0	0	0	0	0	40.1132	17.4436	37.8955	28.94	45.8856	10.6729	16.7698	0	29.0073	19.6238
PANTOSYN-PWY: superpathway of coenzyme A biosynthesis I (bacteria)|g__Parabacteroides.s__Parabacteroides_goldsteinii	0	0	0	0	0	2.38265	1.36955	1.68254	1.70214	0.908241	0.501956	3.12125	0	0	0
PANTOSYN-PWY: superpathway of coenzyme A biosynthesis I (bacteria)|g__Turicimonas.s__Turicimonas_muris	0	0	0	0	0	6.86665	2.77668	2.19368	2.86145	8.76668	1.57472	0.963859	0	0	0
PANTOSYN-PWY: superpathway of coenzyme A biosynthesis I (bacteria)|unclassified	0	0	0	0	0	52.9666	63.8239	55.2773	78.0736	40.4083	75.4244	64.5139	103.126	93.7199	86.2984
PENTOSE-P-PWY: pentose phosphate pathway	179.701	183.828	132.084	151.462	126.638	142.881	106.689	163.871	130.887	141.351	148.193	231.919	231.945	138.443	141.353
PENTOSE-P-PWY: pentose phosphate pathway|g__Parabacteroides.s__Parabacteroides_distasonis	0	0	0	0	0	46.0012	23.7925	48.9169	37.161	51.6129	14.055	23.8156	0	31.8675	27.3915
PENTOSE-P-PWY: pentose phosphate pathway|unclassified	4.02603	0	0	0	0	4.46423	8.45374	5.25276	8.29138	6.82269	8.11483	15.7364	4.5158	20.2428	20.6626
PEPTIDOGLYCANSYN-PWY: peptidoglycan biosynthesis I (meso-diaminopimelate containing)	404.381	373.766	452.473	434.607	460.192	480.586	533.054	539.214	538.116	503.698	608.362	745.688	610.346	461.955	424.113
PEPTIDOGLYCANSYN-PWY: peptidoglycan biosynthesis I (meso-diaminopimelate containing)|g__Akkermansia.s__Akkermansia_muciniphila	0	0	0	0	0	8.75249	11.4902	10.6629	7.12397	8.93343	30.8304	96.9273	192.232	40.4494	18.283
PEPTIDOGLYCANSYN-PWY: peptidoglycan biosynthesis I (meso-diaminopimelate containing)|g__Alistipes.s__Alistipes_timonensis	0	0	0	0	0	1.21878	1.84999	1.18958	1.33109	1.55399	1.36543	1.11151	0	0	0
PEPTIDOGLYCANSYN-PWY: peptidoglycan biosynthesis I (meso-diaminopimelate containing)|g__Anaerotruncus.s__Anaerotruncus_sp_G3_2012	0	0	0	0	0	0	0	0	0	0	0	0	0	0	5.10706
PEPTIDOGLYCANSYN-PWY: peptidoglycan biosynthesis I (meso-diaminopimelate containing)|g__Bacteroides.s__Bacteroides_caecimuris	0	0	0	0	0	14.6956	17.1252	31.5656	18.2233	57.2658	1.15149	1.98154	0	1.8467	0
PEPTIDOGLYCANSYN-PWY: peptidoglycan biosynthesis I (meso-diaminopimelate containing)|g__Bacteroides.s__Bacteroides_uniformis	0	0	0	0	0	49.8028	29.222	52.6791	44.4223	25.8546	3.78557	18.2686	155.075	24.5312	14.6357
PEPTIDOGLYCANSYN-PWY: peptidoglycan biosynthesis I (meso-diaminopimelate containing)|g__Bacteroides.s__Bacteroides_vulgatus	0	0	0	0	0	10.0147	6.69053	9.84208	7.98473	7.99734	6.27693	21.5581	0	0	0
PEPTIDOGLYCANSYN-PWY: peptidoglycan biosynthesis I (meso-diaminopimelate containing)|g__Bifidobacterium.s__Bifidobacterium_pseudolongum	0	0.3565	0	0.443114	0.671053	60.8361	110.55	111.766	87.003	65.3986	191.417	245.571	84.2549	99.9239	62.5074
PEPTIDOGLYCANSYN-PWY: peptidoglycan biosynthesis I (meso-diaminopimelate containing)|g__Dorea.s__Dorea_sp_5_2	0	0	0	0	0	2.59484	3.6983	4.99411	3.30287	3.08557	4.73495	0	0.659629	1.11684	4.64498
PEPTIDOGLYCANSYN-PWY: peptidoglycan biosynthesis I (meso-diaminopimelate containing)|g__Enterorhabdus.s__Enterorhabdus_caecimuris	0	0	0	0	0	0.533358	0.866676	1.0329	1.2825	0	2.66254	3.35363	4.97869	6.84965	1.48488
PEPTIDOGLYCANSYN-PWY: peptidoglycan biosynthesis I (meso-diaminopimelate containing)|g__Erysipelatoclostridium.s__Clostridium_cocleatum	0	0	0	0	0	0	0	0	0	0	0	0.524095	0	0	0
PEPTIDOGLYCANSYN-PWY: peptidoglycan biosynthesis I (meso-diaminopimelate containing)|g__Lachnospiraceae_unclassified.s__Lachnospiraceae_bacterium_28_4	0	0	0	0	0	0	0	0	0	0	0	4.22795	0	0	0
PEPTIDOGLYCANSYN-PWY: peptidoglycan biosynthesis I (meso-diaminopimelate containing)|g__Lachnospiraceae_unclassified.s__Lachnospiraceae_bacterium_A2	0	0	0	0	0	0	0.69675	0	0	0	0	0	0	0.746102	7.34347
PEPTIDOGLYCANSYN-PWY: peptidoglycan biosynthesis I (meso-diaminopimelate containing)|g__Lactobacillus.s__Lactobacillus_intestinalis	0	0	0	0	0	1.43742	0.75224	0.370681	2.38806	0	0	0	3.04939	0	0
PEPTIDOGLYCANSYN-PWY: peptidoglycan biosynthesis I (meso-diaminopimelate containing)|g__Lactobacillus.s__Lactobacillus_johnsonii	0	0	0	0	0	11.4012	10.1498	7.10865	11.4655	1.26401	2.65055	44.427	11.431	3.90846	14.3552
PEPTIDOGLYCANSYN-PWY: peptidoglycan biosynthesis I (meso-diaminopimelate containing)|g__Lactobacillus.s__Lactobacillus_murinus	0	0	0	0	0	3.69096	3.10366	2.03464	3.11913	0	1.1605	2.93715	6.69334	3.95436	2.64961
PEPTIDOGLYCANSYN-PWY: peptidoglycan biosynthesis I (meso-diaminopimelate containing)|g__Lactobacillus.s__Lactobacillus_reuteri	0	0	0	0	0	7.30139	6.08816	4.54509	6.84827	0.683908	2.91777	17.6527	15.6575	2.98537	10.8782
PEPTIDOGLYCANSYN-PWY: peptidoglycan biosynthesis I (meso-diaminopimelate containing)|g__Lactococcus.s__Lactococcus_lactis	118.772	110.108	130.739	123.776	132.964	7.31428	1.15059	9.82893	3.88793	2.67795	0	0	0	1.39438	0
PEPTIDOGLYCANSYN-PWY: peptidoglycan biosynthesis I (meso-diaminopimelate containing)|g__Muribaculum.s__Muribaculum_intestinale	0	0	0	0	0	5.15974	6.32272	6.15458	8.87671	2.19662	1.31235	4.49404	16.0062	8.68482	3.31041
PEPTIDOGLYCANSYN-PWY: peptidoglycan biosynthesis I (meso-diaminopimelate containing)|g__Parabacteroides.s__Parabacteroides_distasonis	0	0	0	0	0	48.0644	23.9276	47.3973	38.1386	52.6982	15.4944	22.9653	0	36.1331	28.3868
PEPTIDOGLYCANSYN-PWY: peptidoglycan biosynthesis I (meso-diaminopimelate containing)|g__Parabacteroides.s__Parabacteroides_goldsteinii	0	0	0	0	0	3.03484	1.64064	2.35271	2.28057	1.29616	0.961684	3.90723	0	0	0
PEPTIDOGLYCANSYN-PWY: peptidoglycan biosynthesis I (meso-diaminopimelate containing)|g__Turicimonas.s__Turicimonas_muris	0	0	0	0	0	8.62598	4.24352	2.74648	4.197	10.596	2.4856	1.82436	0	0	0
PEPTIDOGLYCANSYN-PWY: peptidoglycan biosynthesis I (meso-diaminopimelate containing)|unclassified	226.769	209.156	256.562	241.481	265.781	72.098	94.1477	75.2954	99.0509	54.7509	165.466	104.803	106.735	114.335	156.969
PHOSLIPSYN-PWY: superpathway of phospholipid biosynthesis I (bacteria)	0	0	1.18819	0	0	164.829	124.039	161.89	152.87	126.72	14.5354	89.0478	106.433	91.2473	56.2186
PHOSLIPSYN-PWY: superpathway of phospholipid biosynthesis I (bacteria)|unclassified	0	0	1.18795	0	0	0	0	0	1.20001	0.692072	0.980462	0	0	1.10323	8.9675
POLYAMSYN-PWY: superpathway of polyamine biosynthesis I	0	0	0	0	0	0	0	0	0	0	0	0	0	0.467619	0
POLYAMSYN-PWY: superpathway of polyamine biosynthesis I|unclassified	0	0	0	0	0	0	0	0	0	0	0	0	0	0.466563	0
POLYISOPRENSYN-PWY: polyisoprenoid biosynthesis (E. coli)	0	0	0	0	0	40.9249	26.0967	37.3872	27.8639	20.5953	19.5191	64.7815	28.849	7.21991	26.5808
PPGPPMET-PWY: ppGpp metabolism	46.4138	46.1643	34.4147	38.9479	29.3285	21.607	5.6836	28.3735	15.7601	11.2118	5.54212	9.02537	17.0824	18.4531	9.36185
PPGPPMET-PWY: ppGpp metabolism|unclassified	41.9718	42.9056	31.2127	37.0426	28.3188	1.56687	2.23921	4.22814	2.89309	3.16126	3.24023	5.08111	8.66816	8.75074	5.76809
PROPFERM-PWY: superpathway of L-alanine fermentation (Stickland reaction)	0	0	0	0	0	0	0	0	0	0	0	0.64224	0	0	0
PROPFERM-PWY: superpathway of L-alanine fermentation (Stickland reaction)|unclassified	0	0	0	0	0	0	0	0	0	0	0	0.593744	0	0	0
PWY-1042: glycolysis IV	932.44	877.024	968.021	959.588	1062.85	375.368	343.894	348.507	410.917	267.416	458.248	357.503	386.066	359.831	417.496
PWY-1042: glycolysis IV|g__Alistipes.s__Alistipes_timonensis	0	0	0	0	0	1.41284	2.68197	2.20037	1.78183	2.14869	1.79161	1.74677	0	0	0
PWY-1042: glycolysis IV|g__Bacteroides.s__Bacteroides_vulgatus	0	0	0	0	0	13.3768	7.80532	11.0288	9.81273	10.8677	7.64562	26.1894	0	0	0
PWY-1042: glycolysis IV|g__Dorea.s__Dorea_sp_5_2	0	0	0	0	0	3.24182	4.27882	6.01497	4.33066	3.74594	6.19815	0	1.512	1.86754	7.92093
PWY-1042: glycolysis IV|g__Erysipelatoclostridium.s__Clostridium_cocleatum	0	0	0	0	0	0	0	0	0	0	0	1.99704	0	0	0
PWY-1042: glycolysis IV|g__Lachnospiraceae_unclassified.s__Lachnospiraceae_bacterium_A2	0	0	0	0	0	0	0.642522	0	0	0	0	0	0	0.895498	8.39414
PWY-1042: glycolysis IV|g__Lactobacillus.s__Lactobacillus_intestinalis	0	0	0	0	0	3.36696	1.59629	1.14563	6.77584	0	0	0.376236	8.01628	0	0.45728
PWY-1042: glycolysis IV|g__Lactococcus.s__Lactococcus_lactis	800.068	730.185	866.049	843.38	951.004	14.6639	2.68011	19.8247	9.83782	6.47564	2.57653	3.93941	8.1067	10.9252	4.78605
PWY-1042: glycolysis IV|unclassified	4.63447	4.88736	4.31256	6.63804	5.82143	179.4	199.871	175.842	223.772	120.14	315.035	164.828	227.1	233.607	296.356
PWY-1269: CMP-3-deoxy-D-manno-octulosonate biosynthesis	0	0	0	0	0	103.755	68.6596	116.374	90.5315	136.876	20.4605	42.6055	191.643	57.9076	24.6188
PWY-1269: CMP-3-deoxy-D-manno-octulosonate biosynthesis|g__Alistipes.s__Alistipes_timonensis	0	0	0	0	0	1.06875	1.66821	1.30154	1.17858	1.56517	1.50687	1.1326	0	0	0
PWY-1269: CMP-3-deoxy-D-manno-octulosonate biosynthesis|g__Bacteroides.s__Bacteroides_caecimuris	0	0	0	0	0	15.723	15.9369	30.6017	17.1196	59.1974	0.647168	1.34437	0	2.24966	0
PWY-1269: CMP-3-deoxy-D-manno-octulosonate biosynthesis|g__Bacteroides.s__Bacteroides_uniformis	0	0	0	0	0	42.6533	20.0428	40.7044	32.8669	21.9016	3.06856	11.5917	132.231	21.5745	10.8864
PWY-1269: CMP-3-deoxy-D-manno-octulosonate biosynthesis|unclassified	0	0	0	0	0	11.5258	6.96407	11.9233	9.42345	9.54165	14.3643	13.3221	3.54809	14.5087	6.57282
PWY-1861: formaldehyde assimilation II (assimilatory RuMP Cycle)	0	0	0	0	0	0.722273	0	0	0	9.57708	8.24539	0	8.62429	1.19264	24.8197
PWY-1861: formaldehyde assimilation II (assimilatory RuMP Cycle)|unclassified	0	0	0	0	0	0.668159	0	0	0	6.15144	7.98354	0	7.5496	1.17297	22.9276
PWY-241: C4 photosynthetic carbon assimilation cycle, NADP-ME type	0.455038	0	0	0	0	99.3321	73.7916	98.9895	90.4538	70.8588	24.1867	66.4523	186.966	55.8865	34.5264
PWY-241: C4 photosynthetic carbon assimilation cycle, NADP-ME type|unclassified	0	0	0	0	0	0	0	0	0	0	6.63733	0	11.0389	5.04447	0.753694
PWY-2941: L-lysine biosynthesis II	76.0554	197.557	234.173	220.132	241.305	450.312	515.996	442.62	499.515	497.891	475.902	461.192	182.157	373.473	292.095
PWY-2941: L-lysine biosynthesis II|g__Erysipelatoclostridium.s__Clostridium_cocleatum	0	0	0	0	0	0	0	0	0	0	0	0.70618	0	0	0
PWY-2941: L-lysine biosynthesis II|g__Faecalibaculum.s__Faecalibaculum_rodentium	0.514657	0.649658	0.934993	0.512607	0.496236	205.348	268.707	185.957	245.601	286.028	198.225	130.286	2.07375	148.757	94.5536
PWY-2941: L-lysine biosynthesis II|g__Lactobacillus.s__Lactobacillus_intestinalis	0	0	0	0	0	0.415739	0.253635	0.204846	0.726822	0	0	0.178478	0.577498	0	0.0991027
PWY-2941: L-lysine biosynthesis II|g__Lactobacillus.s__Lactobacillus_johnsonii	0	0	0	0	0	9.71085	8.0318	7.50182	11.2873	1.2866	2.7642	36.5971	3.78545	1.50134	2.3532
PWY-2941: L-lysine biosynthesis II|g__Lactobacillus.s__Lactobacillus_murinus	0	0	0	0	0	3.11737	3.53774	2.24935	3.40497	0.47376	1.39131	2.72001	6.70444	3.74664	2.44884
PWY-2941: L-lysine biosynthesis II|g__Lactobacillus.s__Lactobacillus_reuteri	0	0	0	0	0	6.91804	5.73579	5.02649	5.84331	0.684416	3.43127	15.1145	17.2112	2.53054	12.0308
PWY-2941: L-lysine biosynthesis II|g__Lactococcus.s__Lactococcus_lactis	22.6299	18.9258	20.4207	22.797	24.0024	9.80545	1.61902	11.6262	5.46852	3.71281	0	0	0	0	0
PWY-2941: L-lysine biosynthesis II|unclassified	0	0	0	0.521368	0	29.1854	33.8483	30.3369	38.1164	19.3249	79.753	22.3792	48.3233	51.4774	49.7202
PWY-2942: L-lysine biosynthesis III	5.4845	4.07196	9.01706	3.73097	4.91389	528.94	560.366	552.104	591.869	559.866	546.261	655.701	616.686	499.488	394.34
PWY-2942: L-lysine biosynthesis III|g__Akkermansia.s__Akkermansia_muciniphila	0	0	0	0	0	7.59729	9.35536	9.47085	5.32334	8.24328	19.6494	80.7274	172.111	37.906	16.3107
PWY-2942: L-lysine biosynthesis III|g__Bacteroides.s__Bacteroides_uniformis	0	0	0	0	0	55.1354	23.4196	52.4695	42.9813	28.2615	3.39537	15.9622	167.022	26.6738	14.8433
PWY-2942: L-lysine biosynthesis III|g__Enterorhabdus.s__Enterorhabdus_caecimuris	0	0	0	0	0	0.657447	1.04497	1.25962	1.93058	0	3.88401	4.0898	5.322	6.60253	1.74044
PWY-2942: L-lysine biosynthesis III|g__Erysipelatoclostridium.s__Clostridium_cocleatum	0	0	0	0	0	0	0	0	0	0	0	0.849704	0	0	0
PWY-2942: L-lysine biosynthesis III|g__Faecalibaculum.s__Faecalibaculum_rodentium	0.503776	0.698726	0.966461	0.555009	0.548082	196.293	253.241	180.187	237.24	271.821	188.447	125.762	2.10799	141.787	91.2712
PWY-2942: L-lysine biosynthesis III|g__Parabacteroides.s__Parabacteroides_distasonis	0	0	0	0	0	64.54	29.8535	60.6391	50.5475	70.1707	18.9441	30.3632	0	46.18	35.1489
PWY-2942: L-lysine biosynthesis III|unclassified	0	0	0	0	0	57.4341	75.7443	54.1242	85.6327	40.5546	115.882	95.8061	123.549	103.696	130.117
PWY-3001: superpathway of L-isoleucine biosynthesis I	382.518	359.725	422.994	406.975	430.988	345.209	301.314	376.771	350.132	387.114	196.101	314.421	289.878	263.578	218.56
PWY-3001: superpathway of L-isoleucine biosynthesis I|g__Lactococcus.s__Lactococcus_lactis	111.683	102.892	125.629	116.754	117.763	0	0	4.68265	3.02628	2.48064	0	0	0	0	0
PWY-3001: superpathway of L-isoleucine biosynthesis I|unclassified	0	0	0	0	0	29.4256	46.1076	34.5251	42.3978	24.9663	57.7835	48.7413	35.3837	40.9974	78.4883
PWY-3781: aerobic respiration I (cytochrome c)	0.299884	32.316	24.0425	20.6794	13.8551	0	0	0	0	0	0	0	0	0	0
PWY-3781: aerobic respiration I (cytochrome c)|unclassified	0.299884	32.316	24.0425	20.6794	13.8536	0	0	0	0	0	0	0	0	0	0
PWY-3841: folate transformations II (plants)	539.971	513.409	596.284	568.846	611.548	594.029	683.961	650.862	705.022	616.726	711.589	742.791	717.591	560.602	481.084
PWY-3841: folate transformations II (plants)|g__Akkermansia.s__Akkermansia_muciniphila	0	0	0	0	0.249826	5.67658	8.02136	8.69603	5.34392	6.97494	19.8701	67.8974	141.915	28.5336	12.9065
PWY-3841: folate transformations II (plants)|g__Alistipes.s__Alistipes_timonensis	0	0	0	0	0	1.17411	2.82437	1.72209	1.67325	1.59789	1.83108	2.0869	0	0	0
PWY-3841: folate transformations II (plants)|g__Bacteroides.s__Bacteroides_caecimuris	0	0	0	0	0	15.6269	15.9179	30.3003	17.45	53.2817	1.25295	4.44458	0	3.59461	0
PWY-3841: folate transformations II (plants)|g__Bacteroides.s__Bacteroides_uniformis	0	0	0	0	0	57.0965	30.3321	59.1941	47.0852	29.8684	3.97655	19.4223	174.947	27.8605	16.23
PWY-3841: folate transformations II (plants)|g__Bacteroides.s__Bacteroides_vulgatus	0	0	0	0	0	10.5274	6.53655	8.46842	7.63166	8.07763	4.93439	20.2469	0	0	0
PWY-3841: folate transformations II (plants)|g__Dorea.s__Dorea_sp_5_2	0	0	0	0	0	2.51694	3.54894	4.6195	2.98907	3.08602	6.09397	0	0.752189	1.09696	4.60879
PWY-3841: folate transformations II (plants)|g__Erysipelatoclostridium.s__Clostridium_cocleatum	0	0	0	0	0	0	0	0	0	0	0	0.70658	0	0	0
PWY-3841: folate transformations II (plants)|g__Faecalibaculum.s__Faecalibaculum_rodentium	0.849167	0.933502	0.814626	0.804527	0.546135	186.975	276.262	190.199	266.174	278.437	241.366	132.541	1.69289	134.896	84.7686
PWY-3841: folate transformations II (plants)|g__Lachnospiraceae_unclassified.s__Lachnospiraceae_bacterium_28_4	0	0	0	0	0	0	0	0	0	0	0	4.30233	0	0	0
PWY-3841: folate transformations II (plants)|g__Lachnospiraceae_unclassified.s__Lachnospiraceae_bacterium_A2	0	0	0	0	0	0	0.795969	0	0	0	0	0	0	0.678296	7.69409
PWY-3841: folate transformations II (plants)|g__Lactobacillus.s__Lactobacillus_intestinalis	0	0	0	0	0	1.64927	1.0553	0.618202	3.16884	0	0	0	4.0831	0	0
PWY-3841: folate transformations II (plants)|g__Lactobacillus.s__Lactobacillus_johnsonii	0	0	0	0	0	8.52413	8.1192	6.23378	8.90177	1.03778	2.08017	33.7174	8.92912	3.71812	10.6324
PWY-3841: folate transformations II (plants)|g__Lactobacillus.s__Lactobacillus_murinus	0	0	0	0	0	3.84145	3.27032	2.55485	3.12276	0.37396	1.32845	2.79637	7.86483	4.51538	2.50254
PWY-3841: folate transformations II (plants)|g__Lactobacillus.s__Lactobacillus_reuteri	0	0	0	0	0	6.6006	5.01735	3.83666	5.23233	0.733394	2.65538	11.6401	13.3571	2.06951	8.23651
PWY-3841: folate transformations II (plants)|g__Lactococcus.s__Lactococcus_lactis	211.171	195.303	241.145	224.706	240.768	10.8168	1.35104	10.8167	5.42391	3.43476	0	1.33525	1.5428	3.09851	0.845026
PWY-3841: folate transformations II (plants)|g__Muribaculaceae_unclassified.s__Muribaculaceae_bacterium_DSM_103720	0	0	0	0	0	0.691563	1.37974	1.07687	0.974716	0	0	0	0	0	0
PWY-3841: folate transformations II (plants)|g__Muribaculum.s__Muribaculum_intestinale	0	0	0	0	0	6.11112	5.49729	5.81802	8.82312	2.44763	1.43871	3.99079	18.2762	9.31671	2.99634
PWY-3841: folate transformations II (plants)|g__Parabacteroides.s__Parabacteroides_distasonis	0	0	0	0	0	52.1221	28.2255	51.2722	41.4087	55.9059	17.4874	25.5327	0	36.3058	30.1255
PWY-3841: folate transformations II (plants)|g__Parabacteroides.s__Parabacteroides_goldsteinii	0	0	0	0	0	3.07207	1.39517	1.96371	1.62445	1.35387	0.554974	3.11896	0	0	0
PWY-3841: folate transformations II (plants)|g__Turicimonas.s__Turicimonas_muris	0	0	0	0	0	7.60254	2.52315	2.48409	3.21052	9.36447	1.38655	1.35705	0	0	0
PWY-3841: folate transformations II (plants)|unclassified	243.854	251.364	217.527	228.933	220.221	141.754	171.239	151.86	189.15	94.4241	224.971	162.545	243.813	197.393	220.789
PWY-4041: &gamma;-glutamyl cycle	0	0	0.440182	0	0	119.056	88.5065	143.656	111.008	182.49	45.5658	86.3479	2.52312	61.7549	48.8647
PWY-4041: &gamma;-glutamyl cycle|unclassified	0	0	0	0	0	5.16314	6.9417	4.79653	4.12265	3.45226	7.81293	4.6295	2.31839	3.71269	6.11656
PWY-4984: urea cycle	182.13	220.582	136.569	153.669	133.278	136.986	80.1862	143.98	113.846	143.734	59.1316	103.427	0	88.0024	79.2182
PWY-4984: urea cycle|unclassified	1.95148	0	1.65239	0	1.8276	28.1398	22.5944	36.3102	23.8687	30.3282	19.2252	17.944	0	23.2617	21.7507
PWY-5005: biotin biosynthesis II	0	0	0	0	0	7.69732	15.896	11.8171	15.6326	14.0287	49.2082	10.1304	4.57751	31.4805	38.7212
PWY-5005: biotin biosynthesis II|unclassified	0	0	0	0	0	6.2972	11.2348	8.45832	11.5957	9.63405	39.0391	7.72795	3.64085	22.7507	31.3068
PWY-5022: 4-aminobutanoate degradation V	0	0	0	0	0	16.4761	12.5864	12.2569	14.4583	1.84407	6.93289	27.1585	41.2192	4.98388	14.3229
PWY-5022: 4-aminobutanoate degradation V|unclassified	0	0	0	0	0	0	0	0	0	0	0.980538	0	0	1.0517	3.39
PWY-5030: L-histidine degradation III	0	0	0	0	0	113.494	72.6028	128.935	104.739	72.6091	13.0207	72.5028	207.486	71.7499	39.5983
PWY-5030: L-histidine degradation III|g__Alistipes.s__Alistipes_timonensis	0	0	0	0	0	1.0718	1.98132	1.43098	1.0643	1.41175	1.2839	1.3433	0	0	0
PWY-5030: L-histidine degradation III|g__Bacteroides.s__Bacteroides_uniformis	0	0	0	0	0	59.5625	34.141	66.9948	53.2337	29.3869	4.45097	21.8879	182.143	30.102	16.7634
PWY-5030: L-histidine degradation III|unclassified	0	0	0	0	0	18.1739	13.3804	22.0119	18.0752	14.6018	5.30832	27.6971	6.38201	22.1465	11.3077
PWY-5080: very long chain fatty acid biosynthesis I	93.8832	113.468	65.2642	79.2371	64.2551	0	0	0	0	0	0	0	0	0.234214	0.421783
PWY-5080: very long chain fatty acid biosynthesis I|unclassified	93.8832	113.468	65.2642	79.2371	64.2551	0	0	0	0	0	0	0	0	0.234214	0.421783
PWY-5097: L-lysine biosynthesis VI	5.67894	3.62252	7.24176	3.806	5.88487	524.109	589.01	555.254	598.943	560.484	614.48	705.595	582.901	503.961	425.374
PWY-5097: L-lysine biosynthesis VI|g__Akkermansia.s__Akkermansia_muciniphila	0	0	0	0	0	7.12951	8.79022	8.77037	5.05947	7.70261	17.7304	73.9432	160.126	35.1445	15.6676
PWY-5097: L-lysine biosynthesis VI|g__Alistipes.s__Alistipes_timonensis	0	0	0	0	0	1.10195	2.05965	1.37094	1.1812	2.11803	1.74062	1.13824	0	0	0
PWY-5097: L-lysine biosynthesis VI|g__Anaerotruncus.s__Anaerotruncus_sp_G3_2012	0	0	0	0	0	0	0	0	0	0	0	0	0	0	4.63259
PWY-5097: L-lysine biosynthesis VI|g__Bacteroides.s__Bacteroides_caecimuris	0	0	0	0	0	14.9533	12.3628	20.163	12.3712	44.23	0.992331	4.22023	0	4.88776	0
PWY-5097: L-lysine biosynthesis VI|g__Bacteroides.s__Bacteroides_uniformis	0	0	0	0	0	51.0182	26.1746	52.8456	43.1386	26.3014	3.49755	17.3942	156.458	24.8777	14.4342
PWY-5097: L-lysine biosynthesis VI|g__Bacteroides.s__Bacteroides_vulgatus	0	0	0	0	0	9.38654	6.2247	8.95897	6.91597	7.24617	5.18722	19.8758	0	0	0
PWY-5097: L-lysine biosynthesis VI|g__Bifidobacterium.s__Bifidobacterium_pseudolongum	0.388614	0.295973	0	0.470407	0.604276	61.5393	115.502	111.042	94.2261	66.7185	200.485	252.746	84.1673	101.689	61.2066
PWY-5097: L-lysine biosynthesis VI|g__Enterorhabdus.s__Enterorhabdus_caecimuris	0	0	0	0	0	0.657219	0.960477	1.20017	1.86166	0	3.64203	3.86219	5.26708	6.27945	1.92617
PWY-5097: L-lysine biosynthesis VI|g__Erysipelatoclostridium.s__Clostridium_cocleatum	0	0	0	0	0	0	0	0	0	0	0	0.685106	0	0	0
PWY-5097: L-lysine biosynthesis VI|g__Faecalibaculum.s__Faecalibaculum_rodentium	0.495405	0.613725	0.907134	0.51504	0.523217	201.609	263.986	183.467	243.129	280.719	195.067	129.53	1.97897	146.346	93.2654
PWY-5097: L-lysine biosynthesis VI|g__Lactobacillus.s__Lactobacillus_intestinalis	0	0	0	0	0	0.0863448	0	0.0504485	0.307735	0	0	0.156412	0.245574	0	0
PWY-5097: L-lysine biosynthesis VI|g__Lactobacillus.s__Lactobacillus_johnsonii	0	0	0	0	0	9.5586	7.84907	6.33173	11.279	1.22193	2.34876	36.665	3.66571	1.39086	2.0936
PWY-5097: L-lysine biosynthesis VI|g__Lactobacillus.s__Lactobacillus_murinus	0	0	0	0	0	3.08946	3.43198	2.19652	3.10383	0.450708	1.28462	2.46373	6.27373	3.57718	2.47335
PWY-5097: L-lysine biosynthesis VI|g__Lactobacillus.s__Lactobacillus_reuteri	0	0	0	0	0	6.04795	5.15194	4.59109	5.09902	0.569186	2.98149	13.0894	15.9238	2.10294	10.3618
PWY-5097: L-lysine biosynthesis VI|g__Muribaculum.s__Muribaculum_intestinale	0	0	0	0	0	4.60628	3.87586	4.18694	6.4975	2.27043	0.522871	2.59571	13.1064	7.88723	2.46339
PWY-5097: L-lysine biosynthesis VI|g__Parabacteroides.s__Parabacteroides_distasonis	0	0	0.23338	0	0	59.1029	32.3883	60.059	47.6554	65.1729	19.9068	31.8758	0	41.8527	35.4677
PWY-5097: L-lysine biosynthesis VI|g__Parabacteroides.s__Parabacteroides_goldsteinii	0	0	0	0	0	3.29316	1.65216	1.87941	2.29613	1.38275	0.988406	3.19358	0	0	0
PWY-5097: L-lysine biosynthesis VI|unclassified	0	0	0	0	0	58.2843	76.4833	58.9358	85.2609	42.8992	142.698	91.2349	107.352	99.6679	181.581
PWY-5100: pyruvate fermentation to acetate and lactate II	632.823	548.826	685.973	656.771	695.292	392.691	464.699	401.44	469.597	457.216	461.718	365.262	106.408	314.39	347.004
PWY-5100: pyruvate fermentation to acetate and lactate II|g__Anaerotruncus.s__Anaerotruncus_sp_G3_2012	0	0	0	0	0	0	0	0	0	0	0	0	0	0	5.97882
PWY-5100: pyruvate fermentation to acetate and lactate II|g__Dorea.s__Dorea_sp_5_2	0	0	0	0	0	1.90612	2.16312	4.03792	1.92992	2.44783	3.60005	0.376879	0.588223	0.966704	3.4751
PWY-5100: pyruvate fermentation to acetate and lactate II|g__Faecalibaculum.s__Faecalibaculum_rodentium	0.809388	0.815129	1.17293	0.732631	0.420119	205.439	295.925	199.427	264.15	297.64	240.621	136.981	2.09595	143.747	92.3655
PWY-5100: pyruvate fermentation to acetate and lactate II|g__Lactobacillus.s__Lactobacillus_johnsonii	0	0	0	0	0	16.7345	14.3808	11.7786	17.9645	1.99506	3.94202	62.6824	18.6548	5.68575	23.4615
PWY-5100: pyruvate fermentation to acetate and lactate II|g__Lactobacillus.s__Lactobacillus_reuteri	0	0	0	0	0	10.4513	7.67132	5.72378	8.35074	0.937622	4.00488	20.6655	21.3747	3.73945	14.2294
PWY-5100: pyruvate fermentation to acetate and lactate II|g__Lactococcus.s__Lactococcus_lactis	512.465	451.908	555.531	528.585	582.42	16.1723	2.89917	21.5864	9.6293	6.24791	1.40236	2.59781	4.30795	7.31861	2.9424
PWY-5100: pyruvate fermentation to acetate and lactate II|unclassified	99.1198	75.8882	106.539	107.17	83.9677	33.2264	48.1916	24.6687	41.3654	28.5304	113.789	40.77	37.5687	63.5609	134.098
PWY-5103: L-isoleucine biosynthesis III	887.187	820.792	947.152	923.971	1000.3	624.901	774.491	668.002	686.456	756.183	806.478	718.945	608.195	584.989	525.724
PWY-5103: L-isoleucine biosynthesis III|g__Akkermansia.s__Akkermansia_muciniphila	0	0	0	0	0.293034	7.29237	9.87898	9.64225	6.09289	9.19904	22.2556	87.0031	183.408	38.0968	18.9203
PWY-5103: L-isoleucine biosynthesis III|g__Bacteroides.s__Bacteroides_caecimuris	0	0	0	0	0	19.5701	19.6569	32.8864	20.5727	66.6342	1.22478	5.52373	0	4.40038	0
PWY-5103: L-isoleucine biosynthesis III|g__Bacteroides.s__Bacteroides_uniformis	0	0	0	0	0	49.4432	21.6612	47.1195	38.7293	26.1191	3.20507	13.3065	148.523	24.7894	13.7773
PWY-5103: L-isoleucine biosynthesis III|g__Bifidobacterium.s__Bifidobacterium_pseudolongum	0	0.304656	0.281772	0	0.606236	60.1946	109.797	109.425	83.3461	66.8518	185.302	252.32	81.2059	95.1976	61.5659
PWY-5103: L-isoleucine biosynthesis III|g__Faecalibaculum.s__Faecalibaculum_rodentium	0.822547	1.03274	0.953024	0.717352	0.497696	242.663	351.473	237.608	299.406	341.028	288.633	169.559	2.90656	175.177	113.053
PWY-5103: L-isoleucine biosynthesis III|g__Lactococcus.s__Lactococcus_lactis	715.617	645.421	781.681	754.845	832.352	0	0	2.21366	1.8425	1.70531	1.80115	3.26912	6.83944	8.60341	3.8427
PWY-5103: L-isoleucine biosynthesis III|g__Mucispirillum.s__Mucispirillum_schaedleri	0	0	0	0	0	0	0	0	0	0	0	0	0	0.618092	0
PWY-5103: L-isoleucine biosynthesis III|g__Parabacteroides.s__Parabacteroides_distasonis	0	0	0	0	0	53.2121	27.7428	55.9252	44.6077	60.7519	17.4192	29.9309	0	37.9592	33.5845
PWY-5103: L-isoleucine biosynthesis III|g__Parabacteroides.s__Parabacteroides_goldsteinii	0	0	0	0	0	1.84684	0.616751	1.08648	1.24761	0.50802	0.297774	1.52073	0	0	0
PWY-5103: L-isoleucine biosynthesis III|unclassified	149.728	159.591	131.582	124.781	127.786	109.911	145.838	95.0635	103.244	103.2	192.207	73.9097	70.1485	114.861	222.684
PWY-5121: superpathway of geranylgeranyl diphosphate biosynthesis II (via MEP)	0	0	0	0	0	66.5071	43.8381	59.9063	45.4651	34.8127	36.397	108.347	50.0893	12.5246	42.948
PWY-5121: superpathway of geranylgeranyl diphosphate biosynthesis II (via MEP)|g__Bacteroides.s__Bacteroides_vulgatus	0	0	0	0	0	8.54755	4.56355	8.03268	6.90449	7.09101	5.51807	17.2757	0	0	0
PWY-5121: superpathway of geranylgeranyl diphosphate biosynthesis II (via MEP)|unclassified	0	0	0	0	0	1.90353	0	0	0	0	0	0	0	0.816958	0
PWY-5130: 2-oxobutanoate degradation I	0	0	0.164341	0	0	56.814	33.8228	48.5042	44.7094	56.2826	19.5148	26.7637	2.1837	39.5405	24.7091
PWY-5130: 2-oxobutanoate degradation I|unclassified	0	0	0	0	0	0.841146	1.52864	0	1.88671	1.43842	1.13075	1.43385	2.1837	0	0
PWY-5136: fatty acid &beta;-oxidation II (plant peroxisome)	0	0	0	0	0	11.6707	9.82925	7.697	12.921	2.23698	8.26164	24.198	26.7783	5.99912	18.7041
PWY-5136: fatty acid &beta;-oxidation II (plant peroxisome)|unclassified	0	0	0	0	0	0	0.738424	0	0.99046	0	3.60212	7.08033	1.92406	1.69848	4.81277
PWY-5154: L-arginine biosynthesis III (via N-acetyl-L-citrulline)	2.92294	1.65225	1.69531	3.01318	0.812678	227.522	137.065	220.03	185.931	204.373	59.1714	135.207	280.642	142.829	119.736
PWY-5154: L-arginine biosynthesis III (via N-acetyl-L-citrulline)|g__Lactococcus.s__Lactococcus_lactis	1.89796	1.65116	1.69401	3.00832	0	0	0	0	0	0	0	0	0	0	0
PWY-5154: L-arginine biosynthesis III (via N-acetyl-L-citrulline)|unclassified	0	0	0	0	0	19.9037	17.0155	19.5694	17.4223	14.8675	7.75388	22.3496	11.8369	22.9697	12.9397
PWY-5188: tetrapyrrole biosynthesis I (from glutamate)	0	0	0	0	0.323055	34.6819	37.7736	29.0913	32.2819	36.2618	89.2836	110.022	206	64.6739	73.4836
PWY-5188: tetrapyrrole biosynthesis I (from glutamate)|g__Akkermansia.s__Akkermansia_muciniphila	0	0	0	0	0	6.17579	8.99339	8.38584	5.19771	6.44192	21.8546	70.4486	146.972	28.228	13.2216
PWY-5188: tetrapyrrole biosynthesis I (from glutamate)|g__Lachnospiraceae_unclassified.s__Lachnospiraceae_bacterium_A2	0	0	0	0	0	0	0.49685	0	0	0	0	0	0	0.684692	7.40853
PWY-5188: tetrapyrrole biosynthesis I (from glutamate)|g__Turicimonas.s__Turicimonas_muris	0	0	0	0	0	7.91866	3.13945	2.36817	4.35478	9.56359	2.01569	1.53509	0	0	0
PWY-5188: tetrapyrrole biosynthesis I (from glutamate)|unclassified	0	0	0	0	0	4.37907	6.50595	6.11867	7.23479	3.94821	27.0633	16.0137	25.9033	11.8164	27.9793
PWY-5189: tetrapyrrole biosynthesis II (from glycine)	0	0	0.410105	0	0.280533	29.0304	31.1867	23.4747	26.4459	30.6344	70.0255	24.3982	32.7306	48.3272	62.858
PWY-5189: tetrapyrrole biosynthesis II (from glycine)|unclassified	0	0	0	0	0	3.12499	4.39898	4.43567	5.20696	2.1608	1.51106	1.59084	20.5275	7.33535	5.73504
PWY-5345: superpathway of L-methionine biosynthesis (by sulfhydrylation)	0	0	0	0	0	4.72666	9.40439	0	0	5.72486	2.22719	0	0	6.18421	6.4854
PWY-5347: superpathway of L-methionine biosynthesis (transsulfuration)	459.481	423.56	508.829	484.131	511.534	29.5181	5.41188	34.8875	17.4669	11.8775	5.39585	9.88207	14.8529	18.8018	9.64646
PWY-5347: superpathway of L-methionine biosynthesis (transsulfuration)|g__Lactococcus.s__Lactococcus_lactis	81.2945	74.1054	91.8581	84.9059	85.9413	0	0.958344	0	0	0	0	0	0	0	0
PWY-5347: superpathway of L-methionine biosynthesis (transsulfuration)|unclassified	2.50188	1.78592	0	0	1.83365	0	1.63336	0	5.01681	0	1.25661	0	0	2.48377	5.40588
PWY-5367: petroselinate biosynthesis	253.897	198.933	243.129	148.409	230.342	9.2299	1.583	9.13681	5.07722	2.98776	0	0	0	0.606607	0.517312
PWY-5367: petroselinate biosynthesis|g__Lactococcus.s__Lactococcus_lactis	0	34.0958	35.9141	30.1025	0	6.1574	1.00477	6.31613	2.87907	2.14323	0	0	0	0	0
PWY-5367: petroselinate biosynthesis|unclassified	138.135	116.618	137.112	93.8282	151.417	0	0	0.459559	1.06193	0	0	0	0	0.60485	0.51684
PWY-5384: sucrose degradation IV (sucrose phosphorylase)	0	0	0.694758	0.555773	0.830234	70.8558	99.2588	80.9236	77.6692	75.5646	139.211	207.309	83.2277	92.057	100.224
PWY-5384: sucrose degradation IV (sucrose phosphorylase)|g__Lactobacillus.s__Lactobacillus_reuteri	0	0	0	0	0	8.05497	6.70219	4.34984	6.27075	1.05637	3.57885	16.4432	19.3432	2.92445	11.0661
PWY-5384: sucrose degradation IV (sucrose phosphorylase)|unclassified	0	0	0	0	0	3.27991	9.6115	4.60203	6.95539	6.86112	30.2943	7.74545	6.37574	25.9302	34.3127
PWY-5392: reductive TCA cycle II	0	0	0	0	0	0	0.772626	0	0	0	1.93861	0	0	0	0
PWY-5392: reductive TCA cycle II|unclassified	0	0	0	0	0	0	0.399617	0	0	0	0.710022	0	0	0	0
PWY-5484: glycolysis II (from fructose 6-phosphate)	4.18459	5.61996	6.56674	4.72038	4.58823	424.639	387.54	410.865	443.385	340.951	404.361	452.246	437.371	400.765	401.337
PWY-5484: glycolysis II (from fructose 6-phosphate)|unclassified	0	1.75233	0	0.871143	0	112.697	125.813	111.272	129.752	81.9456	165.49	62.2303	130.487	148.346	110.721
PWY-5494: pyruvate fermentation to propanoate II (acrylate pathway)	0	0	0	0	0	0	0	0	0	0	0	0.287334	0	0	0
PWY-5494: pyruvate fermentation to propanoate II (acrylate pathway)|unclassified	0	0	0	0	0	0	0	0	0	0	0	0.287334	0	0	0
PWY-5497: purine nucleobases degradation II (anaerobic)	0	0	0	0	0	7.05098	31.7094	29.2385	26.8916	32.179	7.80129	12.8296	0	17.5375	16.0949
PWY-5497: purine nucleobases degradation II (anaerobic)|unclassified	0	0	0	0	0	4.0496	3.72828	3.86188	2.67924	2.16332	1.71441	0	0	6.88494	9.25101
PWY-5505: L-glutamate and L-glutamine biosynthesis	0	0	0	0	0	15.1768	14.2237	27.786	13.9954	9.59182	10.0288	14.5383	14.7617	16.9847	21.5502
PWY-5505: L-glutamate and L-glutamine biosynthesis|unclassified	0	0	0	0	0	0.284776	0	2.8227	1.85975	1.47149	5.49362	4.95587	3.79799	2.7611	9.00758
PWY-5651: L-tryptophan degradation to 2-amino-3-carboxymuconate semialdehyde	88.3905	96.3533	59.7917	70.5847	58.2856	0	0	0	0	0	0	0	0	0.277915	0.239532
PWY-5651: L-tryptophan degradation to 2-amino-3-carboxymuconate semialdehyde|unclassified	73.4479	78.9674	49.5551	57.2747	48.7259	0	0	0	0	0	0	0	0	0	0.206728
PWY-5659: GDP-mannose biosynthesis	65.5566	80.3139	44.1626	52.5957	46.0983	115.705	71.7195	109.081	88.4077	155.371	57.7546	89.6084	10.6194	70.686	60.1918
PWY-5659: GDP-mannose biosynthesis|g__Bacteroides.s__Bacteroides_vulgatus	0	0	0	0	0	4.82068	3.02199	4.56229	4.19553	3.33476	1.7597	8.71107	0	0.265588	0
PWY-5659: GDP-mannose biosynthesis|unclassified	54.1202	65.7838	35.7708	42.777	36.5311	10.506	13.5314	17.4595	12.2291	32.963	20.9816	14.2269	9.67346	7.32667	23.402
PWY-5667: CDP-diacylglycerol biosynthesis I	122.906	140.654	90.4381	88.5392	83.3597	234.063	200.125	250.182	236.688	248.211	149.253	204.303	265.593	185.946	223.685
PWY-5667: CDP-diacylglycerol biosynthesis I|g__Bacteroides.s__Bacteroides_caecimuris	0	0	0	0	0	12.3102	12.0852	20.7112	11.862	36.3327	0.708124	1.92575	0	2.83186	0
PWY-5667: CDP-diacylglycerol biosynthesis I|g__Bacteroides.s__Bacteroides_uniformis	0.190135	0	0	0	0	43.695	18.6283	38.5569	33.2309	23.5251	2.74012	11.2096	132.456	21.384	10.5187
PWY-5667: CDP-diacylglycerol biosynthesis I|g__Bacteroides.s__Bacteroides_vulgatus	0	0	0	0	0	6.8933	4.55405	5.51732	5.25807	5.2092	4.45648	14.0715	0	0	0
PWY-5667: CDP-diacylglycerol biosynthesis I|g__Dorea.s__Dorea_sp_5_2	0	0	0	0	0	2.8275	3.81877	5.92396	4.37508	3.97902	4.29075	0	0.650384	1.55146	5.07457
PWY-5667: CDP-diacylglycerol biosynthesis I|g__Erysipelatoclostridium.s__Clostridium_cocleatum	0	0	0	0	0	0	0	0	0	0	0	0.652399	0	0	0
PWY-5667: CDP-diacylglycerol biosynthesis I|g__Lachnospiraceae_unclassified.s__Lachnospiraceae_bacterium_28_4	0	0	0	0	0	0	0	0	0	0	0	3.23671	0	0	0
PWY-5667: CDP-diacylglycerol biosynthesis I|g__Lactobacillus.s__Lactobacillus_reuteri	0	0	0	0	0	4.4484	3.71774	2.92786	3.7468	0.472021	2.27267	11.5985	8.99615	1.34406	5.09582
PWY-5667: CDP-diacylglycerol biosynthesis I|g__Mucispirillum.s__Mucispirillum_schaedleri	0	0	0	0	0	0	0	0	0	0	0	0	0	0.333683	0
PWY-5667: CDP-diacylglycerol biosynthesis I|g__Muribaculaceae_unclassified.s__Muribaculaceae_bacterium_DSM_103720	0	0	0	0	0	0.294216	0.650227	0	0.699027	0	0	0	0	0	0
PWY-5667: CDP-diacylglycerol biosynthesis I|g__Parabacteroides.s__Parabacteroides_distasonis	0	0	0	0	0	41.688	16.5152	36.8732	28.912	44.7601	11.51	16.4872	0	26.6652	19.2173
PWY-5667: CDP-diacylglycerol biosynthesis I|g__Parabacteroides.s__Parabacteroides_goldsteinii	0	0	0	0	0	2.09172	1.47288	1.60453	1.65505	1.43623	0.607383	2.07926	0	0	0
PWY-5667: CDP-diacylglycerol biosynthesis I|unclassified	119.162	135.847	88.7449	86.8322	81.855	50.5619	71.2224	53.9102	75.6111	46.6091	85.8798	73.4975	67.7405	86.911	126.733
PWY-5676: acetyl-CoA fermentation to butanoate II	0	0	0	0	0	0.497849	1.39433	1.36311	1.48502	1.50302	4.35958	3.72567	0.994678	5.10678	10.9559
PWY-5676: acetyl-CoA fermentation to butanoate II|unclassified	0	0	0	0	0	0	1.15019	0.779608	0.977297	0	4.31211	2.69924	0.567191	1.28833	10.5389
PWY-5686: UMP biosynthesis I	615.977	549.734	671.129	635.47	704.698	672.287	826.639	754.349	798.274	755.064	894.806	906.18	748.939	639.115	594.667
PWY-5686: UMP biosynthesis I|g__Akkermansia.s__Akkermansia_muciniphila	0	0	0	0	0	8.57199	10.3549	11.4094	6.50223	8.95668	22.3289	88.6659	193.853	39.4391	18.8791
PWY-5686: UMP biosynthesis I|g__Alistipes.s__Alistipes_timonensis	0	0	0	0	0	1.33628	2.02104	2.16396	1.75587	2.23957	1.73494	1.57529	0	0	0
PWY-5686: UMP biosynthesis I|g__Anaerotruncus.s__Anaerotruncus_sp_G3_2012	0	0	0	0	0	0	0	0	0	0	0	0	0	0	4.49374
PWY-5686: UMP biosynthesis I|g__Bacteroides.s__Bacteroides_caecimuris	0	0	0	0	0	17.9121	17.6192	31.1175	18.523	55.9051	1.00393	6.66699	0	6.00497	0
PWY-5686: UMP biosynthesis I|g__Bacteroides.s__Bacteroides_uniformis	0	0	0	0	0	41.4766	24.0597	44.6555	37.6781	22.1348	3.11952	14.1281	136.92	20.9207	12.1246
PWY-5686: UMP biosynthesis I|g__Bacteroides.s__Bacteroides_vulgatus	0	0	0	0	0	8.74569	5.64477	8.889	6.99838	7.48687	4.89398	18.8293	0	0	0
PWY-5686: UMP biosynthesis I|g__Bifidobacterium.s__Bifidobacterium_pseudolongum	0.404255	0.411706	0	0.597114	0.9767	67.4432	125.586	130.197	88.7868	74.5369	205.549	286.944	94.2551	112.428	71.0413
PWY-5686: UMP biosynthesis I|g__Dorea.s__Dorea_sp_5_2	0	0	0	0	0	3.14554	3.7016	5.86567	2.87971	3.61946	4.69204	0	0.510787	1.05806	4.31385
PWY-5686: UMP biosynthesis I|g__Erysipelatoclostridium.s__Clostridium_cocleatum	0	0	0	0	0	0	0	0	0	0	0	0.868798	0	0	0
PWY-5686: UMP biosynthesis I|g__Faecalibaculum.s__Faecalibaculum_rodentium	0.762208	0.770882	1.09472	0.863524	0.495002	226.189	332.25	230.236	288.948	320.553	260.876	160.652	2.70226	165.445	99.2662
PWY-5686: UMP biosynthesis I|g__Lachnospiraceae_unclassified.s__Lachnospiraceae_bacterium_28_4	0	0	0	0	0	0	0	0	0	0	0	3.65309	0	0	0
PWY-5686: UMP biosynthesis I|g__Lachnospiraceae_unclassified.s__Lachnospiraceae_bacterium_A2	0	0	0	0	0	0	0.629504	0	0	0	0	0	0	0.729708	7.714
PWY-5686: UMP biosynthesis I|g__Lactobacillus.s__Lactobacillus_intestinalis	0	0	0	0	0	1.82899	0.870881	0.475572	2.87352	0	0	0	3.4009	0	0
PWY-5686: UMP biosynthesis I|g__Lactobacillus.s__Lactobacillus_johnsonii	0	0	0	0	0	11.6002	9.54051	8.72551	12.3371	1.0825	2.24254	46.9478	11.7	4.14905	17.8399
PWY-5686: UMP biosynthesis I|g__Lactobacillus.s__Lactobacillus_murinus	0	0	0	0	0	3.51389	3.90154	2.56438	3.34308	0	1.25619	2.5255	6.41254	3.71604	2.61493
PWY-5686: UMP biosynthesis I|g__Lactobacillus.s__Lactobacillus_reuteri	0	0	0	0	0	11.9223	8.84395	8.24643	10.4592	1.1548	5.62125	26.3755	25.4977	3.8592	17.7646
PWY-5686: UMP biosynthesis I|g__Lactococcus.s__Lactococcus_lactis	118.943	106.715	131.944	124.881	141.937	10.3035	1.96612	13.728	5.85544	4.11548	0	0	0	0	0
PWY-5686: UMP biosynthesis I|g__Muribaculaceae_unclassified.s__Muribaculaceae_bacterium_DSM_103720	0	0	0	0	0	0.498202	1.5157	1.76563	1.54389	0	0	0	0	0	0
PWY-5686: UMP biosynthesis I|g__Muribaculum.s__Muribaculum_intestinale	0	0	0	0	0	4.97444	5.39544	4.80998	7.66711	2.54751	0.696288	4.01498	16.9174	8.25565	3.1343
PWY-5686: UMP biosynthesis I|g__Parabacteroides.s__Parabacteroides_distasonis	0	0	0	0	0	48.8713	26.3254	49.6092	38.5774	56.2444	15.9975	24.1085	0	34.6867	28.2859
PWY-5686: UMP biosynthesis I|g__Parabacteroides.s__Parabacteroides_goldsteinii	0	0	0	0	0	3.24241	1.63468	1.77158	1.99456	1.56471	0.812446	3.87029	0	0	0
PWY-5686: UMP biosynthesis I|unclassified	356.477	320.809	380.199	359.796	403.77	147.491	193.729	155.005	205.048	126.499	329.031	184.013	195.296	199.237	275.722
PWY-5690: TCA cycle II (plants and fungi)	0	0	0	0	0	1.17311	0	0	0	0	0	0	0	5.71882	10.2374
PWY-5690: TCA cycle II (plants and fungi)|unclassified	0	0	0	0	0	1.0663	0	0	0	0	0	0	0	4.62209	7.03599
PWY-5695: inosine 5'-phosphate degradation	0.372232	0	0.349327	0	0	371.48	301.321	373.778	367.909	332.274	181.547	380.353	412.627	262.599	237.47
PWY-5695: inosine 5'-phosphate degradation|g__Alistipes.s__Alistipes_timonensis	0	0	0	0	0	1.13168	2.54207	1.29118	1.18419	1.531	1.32586	1.50519	0	0	0
PWY-5695: inosine 5'-phosphate degradation|g__Bacteroides.s__Bacteroides_caecimuris	0	0	0	0	0	16.9061	16.9322	31.4665	19.0104	58.5317	0.822276	2.60219	0	1.88332	0
PWY-5695: inosine 5'-phosphate degradation|g__Bacteroides.s__Bacteroides_uniformis	0	0	0	0	0	39.8921	15.121	37.0322	29.2357	19.758	2.65427	8.8712	116.515	19.4969	10.2155
PWY-5695: inosine 5'-phosphate degradation|g__Bacteroides.s__Bacteroides_vulgatus	0	0	0	0	0	11.3565	7.32854	11.2633	9.04237	10.1867	6.46423	24.3792	0	0.358216	0
PWY-5695: inosine 5'-phosphate degradation|g__Lactobacillus.s__Lactobacillus_reuteri	0	0	0	0	0	9.61956	7.59597	5.58775	8.07488	1.13386	4.46129	25.3022	21.1824	3.85967	16.4836
PWY-5695: inosine 5'-phosphate degradation|g__Mucispirillum.s__Mucispirillum_schaedleri	0	0	0	0	0	0	0	0	0	0	0	0	0	0.255225	0
PWY-5695: inosine 5'-phosphate degradation|g__Muribaculaceae_unclassified.s__Muribaculaceae_bacterium_DSM_103720	0	0	0	0	0	0	1.33553	1.2341	1.34712	0.204881	0	0	0	0.316264	0
PWY-5695: inosine 5'-phosphate degradation|g__Muribaculum.s__Muribaculum_intestinale	0	0	0	0	0	5.12533	4.29225	4.18678	7.30846	2.40237	1.05188	2.83506	16.5487	8.77225	2.84285
PWY-5695: inosine 5'-phosphate degradation|g__Parabacteroides.s__Parabacteroides_distasonis	0	0	0	0	0	48.8756	23.982	48.1951	36.3488	53.9239	15.2523	20.9333	0	35.6851	27.9099
PWY-5695: inosine 5'-phosphate degradation|g__Parabacteroides.s__Parabacteroides_goldsteinii	0	0	0	0	0	2.79875	0.798417	1.41161	1.64149	1.29501	0	2.40986	0	0	0
PWY-5695: inosine 5'-phosphate degradation|unclassified	0	0	0.348424	0	0	67.5164	76.9565	68.5096	89.887	43.0483	85.7835	81.7469	80.9037	98.6168	82.5349
PWY-5723: Rubisco shunt	0	0	0	0	0	0	0	0	0	0	0	0	0	0.18776	0
PWY-5723: Rubisco shunt|unclassified	0	0	0	0	0	0	0	0	0	0	0	0	0	0.187192	0
PWY-5837: 2-carboxy-1,4-naphthoquinol biosynthesis	408.436	377.481	446.315	423.952	460.141	15.7486	5.91436	22.5418	13.4835	6.76219	2.69741	6.06281	8.04939	13.9236	7.55515
PWY-5837: 2-carboxy-1,4-naphthoquinol biosynthesis|g__Lactococcus.s__Lactococcus_lactis	372.381	345.47	411.47	388.048	415.835	7.42881	1.63896	11.2724	5.25969	3.17968	1.20502	1.26918	3.80676	5.13562	2.55543
PWY-5838: superpathway of menaquinol-8 biosynthesis I	2.42231	0	0	0	0	46.3723	18.8952	64.0853	40.7801	21.559	8.78038	19.7687	26.5398	40.9579	22.6594
PWY-5840: superpathway of menaquinol-7 biosynthesis	221.351	205.724	271.639	239.99	257.252	44.0336	18.4636	58.2362	38.6705	18.4594	8.64846	19.8035	25.7344	36.2495	22.647
PWY-5840: superpathway of menaquinol-7 biosynthesis|g__Lactococcus.s__Lactococcus_lactis	217.597	201.812	238.671	209.526	229.638	0	0	2.71665	2.56791	2.48849	0	0	0	0	0
PWY-5861: superpathway of demethylmenaquinol-8 biosynthesis I	1.61911	0	0	0	0	33.4363	13.0824	47.2784	28.9969	14.9221	6.0203	13.5003	18.0741	29.5579	16.1139
PWY-5873: ubiquinol-7 biosynthesis (late decarboxylation)	70.123	75.6669	48.0858	54.9711	46.7655	0	0	0	0	0	0.373326	0	0	0.322465	0.424408
PWY-5873: ubiquinol-7 biosynthesis (late decarboxylation)|unclassified	70.123	75.6669	48.0858	54.9711	46.7655	0	0	0	0	0	0.252535	0	0	0.253668	0.424408
PWY-5897: superpathway of menaquinol-11 biosynthesis	402.841	363.034	441.96	407.43	432.745	41.7888	16.8472	58.2804	36.7045	19.1768	7.82666	17.602	23.425	37.2066	20.5163
PWY-5897: superpathway of menaquinol-11 biosynthesis|g__Lactococcus.s__Lactococcus_lactis	387.926	349.384	427.419	394.23	418.673	0	0	2.6991	2.56422	2.55093	1.28502	1.76048	3.34632	5.2977	2.36474
PWY-5898: superpathway of menaquinol-12 biosynthesis	402.841	363.034	441.96	407.43	432.745	41.7888	16.8472	58.2804	36.7045	19.1768	7.82666	17.602	23.425	37.2066	20.5163
PWY-5898: superpathway of menaquinol-12 biosynthesis|g__Lactococcus.s__Lactococcus_lactis	387.926	349.384	427.419	394.23	418.673	0	0	2.6991	2.56422	2.55093	1.28502	1.76048	3.34632	5.2977	2.36474
PWY-5899: superpathway of menaquinol-13 biosynthesis	402.841	363.034	441.96	407.43	432.745	41.7888	16.8472	58.2804	36.7045	19.1768	7.82666	17.602	23.425	37.2066	20.5163
PWY-5899: superpathway of menaquinol-13 biosynthesis|g__Lactococcus.s__Lactococcus_lactis	387.926	349.384	427.419	394.23	418.673	0	0	2.6991	2.56422	2.55093	1.28502	1.76048	3.34632	5.2977	2.36474
PWY-5910: superpathway of geranylgeranyldiphosphate biosynthesis I (via mevalonate)	0	0	0	0	0	16.793	11.4299	12.419	13.592	3.36231	6.76215	29.8128	18.5781	3.864	16.1752
PWY-5910: superpathway of geranylgeranyldiphosphate biosynthesis I (via mevalonate)|g__Lactobacillus.s__Lactobacillus_reuteri	0	0	0	0	0	6.19694	5.46416	4.9929	5.40112	0.735024	3.44244	14.9438	14.3666	2.24029	11.258
PWY-5913: partial TCA cycle (obligate autotrophs)	0	0	0.542827	0	0.790649	12.1259	24.1029	11.3246	11.0347	13.6296	59.7903	90.6793	42.5567	62.5355	60.4582
PWY-5913: partial TCA cycle (obligate autotrophs)|unclassified	0	0	0	0	0	0	0	0	0	0	16.5416	0	8.65454	7.55178	0.616959
PWY-5918: superpathway of heme b biosynthesis from glutamate	0	0	0	0	0	9.7962	5.8113	7.82021	9.74418	8.75763	7.32586	7.86298	0	2.05805	0
PWY-5920: superpathway of heme b biosynthesis from glycine	0	0	0	0	0	0	0	1.06505	0.869982	0	0.625295	0.591635	0	0.784148	0
PWY-5941: glycogen degradation II	0	0	0	0	0	220.682	259.513	206.255	220.168	297.138	320.323	414.662	168.379	233.441	367.804
PWY-5941: glycogen degradation II|unclassified	0	0	0	0	0	27.975	60.657	31.3185	43.4236	41.8166	157.425	53.4984	23.9818	94.5043	194.995
PWY-5971: palmitate biosynthesis (type II fatty acid synthase)	279.039	313.471	215.612	244.066	214.529	26.8925	18.6389	30.9392	19.5152	19.6336	0	0	0	11.037	7.04726
PWY-5971: palmitate biosynthesis (type II fatty acid synthase)|unclassified	0	0	33.165	0	0	0	0	7.85151	5.4506	0	0	0	0	9.79102	6.62402
PWY-5972: stearate biosynthesis I (animals)	0	0	0	0	0	0	0	0	0.828639	0	0	0	0	0.91973	0
PWY-5972: stearate biosynthesis I (animals)|unclassified	0	0	0	0	0	0	0	0	0.81462	0	0	0	0	0.907781	0
PWY-5973: cis-vaccenate biosynthesis	701.835	664.761	748.045	725.239	774.807	264.987	181.833	258.054	242.005	247.956	126.859	269.269	384.523	216.91	161.641
PWY-5973: cis-vaccenate biosynthesis|g__Alistipes.s__Alistipes_timonensis	0	0	0	0	0	1.54096	2.63324	2.27314	1.80963	2.33383	1.58778	2.62651	0	0	0
PWY-5973: cis-vaccenate biosynthesis|g__Bacteroides.s__Bacteroides_caecimuris	0	0	0	0	0	20.7285	18.9757	30.8376	18.7426	62.5294	1.35116	5.70118	0	6.98348	0
PWY-5973: cis-vaccenate biosynthesis|g__Bacteroides.s__Bacteroides_uniformis	0	0	0	0	0	46.0724	20.3418	42.715	37.0418	22.9058	2.23411	12.7402	138.918	22.4623	11.9867
PWY-5973: cis-vaccenate biosynthesis|g__Bacteroides.s__Bacteroides_vulgatus	0	0	0	0	0	8.63993	5.86488	7.2187	6.04046	7.44545	4.79563	19.7364	0	0	0
PWY-5973: cis-vaccenate biosynthesis|g__Lactobacillus.s__Lactobacillus_reuteri	0	0	0	0	0	5.94094	4.18615	4.36295	4.89159	0	3.33419	11.6724	4.83168	0.713815	3.37268
PWY-5973: cis-vaccenate biosynthesis|g__Lactococcus.s__Lactococcus_lactis	434.467	393.787	479.139	460.907	503.589	9.85296	1.48434	12.0251	5.47187	4.30155	0.983654	2.48365	3.97398	5.4347	2.44451
PWY-5973: cis-vaccenate biosynthesis|g__Parabacteroides.s__Parabacteroides_distasonis	0	0	0	0	0	57.0715	27.2602	56.865	45.8295	63.6794	18.6397	27.0767	0	42.977	31.9757
PWY-5973: cis-vaccenate biosynthesis|g__Parabacteroides.s__Parabacteroides_goldsteinii	0	0	0	0	0	3.03193	1.56164	2.07368	2.08241	1.32396	0.732583	3.56236	0	0	0
PWY-5973: cis-vaccenate biosynthesis|unclassified	198.547	156.982	175.254	157.519	182.599	44.6129	34.5408	27.6591	40.3745	20.0135	39.3586	55.6942	59.3483	53.471	54.7395
PWY-5981: CDP-diacylglycerol biosynthesis III	522.836	475.165	575.887	540.226	572.836	68.2403	58.2655	78.6918	68.2609	38.0581	59.8338	178.175	238.291	94.756	94.328
PWY-5981: CDP-diacylglycerol biosynthesis III|g__Lactobacillus.s__Lactobacillus_johnsonii	0	0	0	0	0	12.4525	11.6215	8.18198	13.4569	1.27277	3.38667	51.1065	14.2473	4.73949	16.9091
PWY-5981: CDP-diacylglycerol biosynthesis III|g__Lactobacillus.s__Lactobacillus_reuteri	0	0	0	0	0	4.98514	4.13073	3.08822	4.69074	0.495425	2.66399	11.5477	11.0146	1.69901	8.57862
PWY-5981: CDP-diacylglycerol biosynthesis III|g__Lactococcus.s__Lactococcus_lactis	133.466	124.213	142.232	139.479	153.39	7.78081	1.30054	9.80833	5.29507	3.81088	0.554473	0	0	1.43489	0.982398
PWY-5981: CDP-diacylglycerol biosynthesis III|unclassified	118.753	135.76	88.5165	86.667	81.8272	0	0	2.79801	2.67643	2.31787	5.26848	7.68035	14.6113	13.4803	8.56865
PWY-5989: stearate biosynthesis II (bacteria and plants)	297.764	241.85	293.156	192.34	275.687	17.7042	13.5687	20.6297	12.8789	13.3299	9.01436	34.0541	0	8.48265	5.11693
PWY-5989: stearate biosynthesis II (bacteria and plants)|g__Bacteroides.s__Bacteroides_vulgatus	0	0	0	0	0	6.61012	4.64732	6.54517	4.90581	5.46068	4.2319	14.954	0	0	0
PWY-5989: stearate biosynthesis II (bacteria and plants)|g__Lactococcus.s__Lactococcus_lactis	0	48.9464	51.8418	43.6302	0	0	0	2.47793	1.6564	1.90659	0	0	0	0	0
PWY-5989: stearate biosynthesis II (bacteria and plants)|unclassified	138.418	142.742	106.883	104.96	107.561	5.70964	4.73742	6.41584	3.59409	3.65456	0.710241	8.09509	0	7.42798	4.69677
PWY-6121: 5-aminoimidazole ribonucleotide biosynthesis I	627.67	570.437	706.237	668.087	737.709	514.761	620.642	529.165	575.57	586.946	690.882	608.081	534.257	494.14	468.381
PWY-6121: 5-aminoimidazole ribonucleotide biosynthesis I|g__Akkermansia.s__Akkermansia_muciniphila	0	0	0	0	0	6.96962	9.75638	8.94354	5.30678	7.74859	21.8789	80.9923	157.954	31.6905	14.4444
PWY-6121: 5-aminoimidazole ribonucleotide biosynthesis I|g__Alistipes.s__Alistipes_timonensis	0	0	0	0	0	1.4509	2.54039	2.04727	1.72489	1.84736	1.70808	2.19941	0	0	0
PWY-6121: 5-aminoimidazole ribonucleotide biosynthesis I|g__Anaerotruncus.s__Anaerotruncus_sp_G3_2012	0	0	0	0	0	0	0	0	0	0	0	0	0	0	4.44458
PWY-6121: 5-aminoimidazole ribonucleotide biosynthesis I|g__Bacteroides.s__Bacteroides_caecimuris	0	0	0	0	0	13.194	13.1455	25.4361	13.4025	45.3901	1.12148	1.92404	0	2.33059	0
PWY-6121: 5-aminoimidazole ribonucleotide biosynthesis I|g__Bacteroides.s__Bacteroides_uniformis	0	0	0	0	0	51.5362	24.5748	54.0879	42.7901	25.5237	3.24891	15.1104	150.95	26.3289	13.4637
PWY-6121: 5-aminoimidazole ribonucleotide biosynthesis I|g__Bacteroides.s__Bacteroides_vulgatus	0	0	0	0	0	7.66383	5.43671	8.02464	5.88762	6.63983	5.10469	15.7614	0	0	0
PWY-6121: 5-aminoimidazole ribonucleotide biosynthesis I|g__Dorea.s__Dorea_sp_5_2	0	0	0	0	0	3.00137	3.32091	6.13668	3.75363	3.65078	4.37039	0	0.902583	1.28186	4.56243
PWY-6121: 5-aminoimidazole ribonucleotide biosynthesis I|g__Enterorhabdus.s__Enterorhabdus_caecimuris	0	0	0	0	0	0.758261	1.82796	1.4758	2.35564	0.759775	5.46874	6.04717	8.11593	10.3016	2.33995
PWY-6121: 5-aminoimidazole ribonucleotide biosynthesis I|g__Erysipelatoclostridium.s__Clostridium_cocleatum	0	0	0	0	0	0	0	0	0	0	0	1.16243	0	0	0
PWY-6121: 5-aminoimidazole ribonucleotide biosynthesis I|g__Faecalibaculum.s__Faecalibaculum_rodentium	0.939323	1.19744	0.961677	0.647211	0.392464	266.872	371.817	247.565	312.856	362.002	289.246	190.484	2.94804	196.943	119.863
PWY-6121: 5-aminoimidazole ribonucleotide biosynthesis I|g__Lachnospiraceae_unclassified.s__Lachnospiraceae_bacterium_28_4	0	0	0	0	0	0	0	0	0	0	0	4.29138	0	0	0
PWY-6121: 5-aminoimidazole ribonucleotide biosynthesis I|g__Lachnospiraceae_unclassified.s__Lachnospiraceae_bacterium_A2	0	0	0	0	0	0	0.823668	0	0	0	0	0	0	0.854055	8.59545
PWY-6121: 5-aminoimidazole ribonucleotide biosynthesis I|g__Lactobacillus.s__Lactobacillus_murinus	0	0	0	0	0	4.06922	5.35783	3.74098	4.0838	0.314665	1.93858	4.45258	9.78484	4.97819	3.98495
PWY-6121: 5-aminoimidazole ribonucleotide biosynthesis I|g__Lactobacillus.s__Lactobacillus_reuteri	0	0	0	0	0	11.0299	10.3792	7.66705	10.1025	1.28192	5.9819	24.975	29.5604	4.07481	21.8914
PWY-6121: 5-aminoimidazole ribonucleotide biosynthesis I|g__Lactococcus.s__Lactococcus_lactis	580.805	530.18	655.981	620.118	686.004	12.3412	2.51811	17.7727	7.56091	5.28553	1.85777	3.38772	7.03755	8.32696	3.89442
PWY-6121: 5-aminoimidazole ribonucleotide biosynthesis I|g__Mucispirillum.s__Mucispirillum_schaedleri	0	0	0	0	0	0	0	0	0	0	0	0	0	0.546256	0
PWY-6121: 5-aminoimidazole ribonucleotide biosynthesis I|g__Muribaculaceae_unclassified.s__Muribaculaceae_bacterium_DSM_103720	0	0	0	0	0	0.433273	0.781316	1.52167	1.38825	0	0	0	0	0	0
PWY-6121: 5-aminoimidazole ribonucleotide biosynthesis I|g__Parabacteroides.s__Parabacteroides_distasonis	0	0	0	0	0	48.7928	23.0085	47.1754	38.4888	52.4631	14.7279	23.7489	0	35.2414	28.7144
PWY-6121: 5-aminoimidazole ribonucleotide biosynthesis I|g__Parabacteroides.s__Parabacteroides_goldsteinii	0	0	0	0	0	2.23023	1.4512	1.86904	1.7932	1.09329	1.20982	3.31293	0	0	0
PWY-6121: 5-aminoimidazole ribonucleotide biosynthesis I|g__Turicimonas.s__Turicimonas_muris	0	0	0	0	0	7.84728	3.94787	2.74161	4.10948	9.39164	2.33664	1.83869	0	0	0
PWY-6121: 5-aminoimidazole ribonucleotide biosynthesis I|unclassified	14.3694	0	13.8276	15.0383	16.9626	72.166	98.9724	74.2001	96.0772	59.7366	250.136	108.542	119.599	125.514	222.365
PWY-6122: 5-aminoimidazole ribonucleotide biosynthesis II	735.291	686.694	784.484	755.522	833.868	545.192	725.681	575.892	616.633	620.996	866.208	753.889	579.373	554.629	532.086
PWY-6122: 5-aminoimidazole ribonucleotide biosynthesis II|g__Akkermansia.s__Akkermansia_muciniphila	0	0	0	0	0	6.88664	9.4636	8.81717	4.9335	7.37625	21.0736	76.8718	150.798	30.1704	13.8295
PWY-6122: 5-aminoimidazole ribonucleotide biosynthesis II|g__Alistipes.s__Alistipes_timonensis	0	0	0	0	0	1.53591	2.77841	2.04143	1.78505	2.09684	1.72315	2.44944	0	0	0
PWY-6122: 5-aminoimidazole ribonucleotide biosynthesis II|g__Anaerotruncus.s__Anaerotruncus_sp_G3_2012	0	0	0	0	0	0	0	0	0	0	0	0	0	0	4.20611
PWY-6122: 5-aminoimidazole ribonucleotide biosynthesis II|g__Bacteroides.s__Bacteroides_caecimuris	0	0	0	0	0	17.8255	18.5243	34.0686	19.7526	57.069	1.24478	3.942	0	4.05299	0
PWY-6122: 5-aminoimidazole ribonucleotide biosynthesis II|g__Bacteroides.s__Bacteroides_uniformis	0	0	0	0	0	54.5619	29.2185	58.7071	48.2097	27.8439	4.08622	18.4199	167.875	26.8552	15.9529
PWY-6122: 5-aminoimidazole ribonucleotide biosynthesis II|g__Bacteroides.s__Bacteroides_vulgatus	0	0	0	0	0	7.81358	5.61549	8.5094	6.14084	6.74659	5.05988	16.13	0	0	0
PWY-6122: 5-aminoimidazole ribonucleotide biosynthesis II|g__Bifidobacterium.s__Bifidobacterium_pseudolongum	0	0.328673	0	0.579834	0.757503	60.2614	112.803	108.473	82.9898	65.1908	185.27	257.148	81.3027	97.3831	61.887
PWY-6122: 5-aminoimidazole ribonucleotide biosynthesis II|g__Dorea.s__Dorea_sp_5_2	0	0	0	0	0	3.07982	3.78946	6.36028	3.82915	3.93701	4.71636	0	0.839639	1.28018	4.67375
PWY-6122: 5-aminoimidazole ribonucleotide biosynthesis II|g__Enterorhabdus.s__Enterorhabdus_caecimuris	0	0	0	0	0	0.727047	1.84953	1.60648	2.29819	0.780058	5.74989	6.14977	8.49402	10.3525	2.34347
PWY-6122: 5-aminoimidazole ribonucleotide biosynthesis II|g__Erysipelatoclostridium.s__Clostridium_cocleatum	0	0	0	0	0	0	0	0	0	0	0	1.19661	0	0	0
PWY-6122: 5-aminoimidazole ribonucleotide biosynthesis II|g__Faecalibaculum.s__Faecalibaculum_rodentium	0.954421	1.29247	0.955763	0.829182	0.468631	289.438	406.258	259.803	329.183	385.239	315.83	202.258	2.88795	211.752	127.396
PWY-6122: 5-aminoimidazole ribonucleotide biosynthesis II|g__Lachnospiraceae_unclassified.s__Lachnospiraceae_bacterium_28_4	0	0	0	0	0	0	0	0	0	0	0	4.28923	0	0	0
PWY-6122: 5-aminoimidazole ribonucleotide biosynthesis II|g__Lachnospiraceae_unclassified.s__Lachnospiraceae_bacterium_A2	0	0	0	0	0	0.471089	0.803457	0	0.374605	0	0	0	0	0.943972	8.35698
PWY-6122: 5-aminoimidazole ribonucleotide biosynthesis II|g__Lactobacillus.s__Lactobacillus_murinus	0	0	0	0	0	4.32346	5.40108	3.82825	4.26208	0.38958	2.07295	4.65189	9.9557	5.01466	4.02138
PWY-6122: 5-aminoimidazole ribonucleotide biosynthesis II|g__Lactobacillus.s__Lactobacillus_reuteri	0	0	0	0	0	11.875	12.5332	9.96844	11.1911	1.41905	7.12446	29.2437	32.263	4.69632	23.2673
PWY-6122: 5-aminoimidazole ribonucleotide biosynthesis II|g__Lactococcus.s__Lactococcus_lactis	659.64	611.736	709.301	682.407	754.89	14.1751	3.20404	19.5395	9.36619	6.02996	2.09976	3.52604	8.06188	8.76385	4.81651
PWY-6122: 5-aminoimidazole ribonucleotide biosynthesis II|g__Mucispirillum.s__Mucispirillum_schaedleri	0	0	0	0	0	0	0	0	0	0	0	0	0	0.647868	0
PWY-6122: 5-aminoimidazole ribonucleotide biosynthesis II|g__Muribaculaceae_unclassified.s__Muribaculaceae_bacterium_DSM_103720	0	0	0	0	0	0.389842	0.921706	1.46921	1.32292	0	0	0	0	0	0
PWY-6122: 5-aminoimidazole ribonucleotide biosynthesis II|g__Muribaculum.s__Muribaculum_intestinale	0	0	0	0	0	4.53637	4.69921	5.44001	7.56238	2.16363	0.939811	2.91002	14.9649	7.63304	2.71797
PWY-6122: 5-aminoimidazole ribonucleotide biosynthesis II|g__Parabacteroides.s__Parabacteroides_distasonis	0	0	0	0	0	49.6683	25.5629	52.7382	40.1946	54.8685	16.5931	25.4008	0	35.7842	30.4191
PWY-6122: 5-aminoimidazole ribonucleotide biosynthesis II|g__Parabacteroides.s__Parabacteroides_goldsteinii	0	0	0	0	0	3.19837	1.67683	1.8463	2.21923	1.17897	1.18172	3.7169	0	0	0
PWY-6122: 5-aminoimidazole ribonucleotide biosynthesis II|g__Turicimonas.s__Turicimonas_muris	0	0	0	0	0	8.55545	3.77212	2.67266	4.29087	9.35925	2.22287	1.88552	0	0	0
PWY-6122: 5-aminoimidazole ribonucleotide biosynthesis II|unclassified	30.9071	27.4039	30.776	28.1305	33.6543	78.2812	111.542	82.3699	100.847	67.9393	272.542	111.193	123.444	134.315	248.317
PWY-6123: inosine-5'-phosphate biosynthesis I	204.962	200.432	216.551	211.683	220.053	580.423	677.018	628.739	674.614	657.369	733.57	713.563	657.457	560.112	413.561
PWY-6123: inosine-5'-phosphate biosynthesis I|g__Akkermansia.s__Akkermansia_muciniphila	0	0	0	0	0	7.7944	10.2654	9.46902	5.73438	9.0813	25.7428	92.1141	183.571	37.8698	17.2684
PWY-6123: inosine-5'-phosphate biosynthesis I|g__Alistipes.s__Alistipes_timonensis	0	0	0	0	0	1.70053	2.63263	2.24715	1.97383	2.10605	1.71771	1.73173	0	0	0
PWY-6123: inosine-5'-phosphate biosynthesis I|g__Bacteroides.s__Bacteroides_caecimuris	0	0	0	0	0	21.2535	19.236	34.5459	22.1345	61.4157	1.56242	9.9176	0	8.86101	0
PWY-6123: inosine-5'-phosphate biosynthesis I|g__Bacteroides.s__Bacteroides_uniformis	0	0	0	0	0	42.8609	23.0369	41.0183	37.4228	22.207	2.82392	13.6168	129.061	20.523	11.0891
PWY-6123: inosine-5'-phosphate biosynthesis I|g__Bacteroides.s__Bacteroides_vulgatus	0	0	0	0	0	7.98277	5.75	8.08705	6.15407	7.32895	4.71916	16.575	0	0.0908861	0
PWY-6123: inosine-5'-phosphate biosynthesis I|g__Bifidobacterium.s__Bifidobacterium_pseudolongum	0	0	0	0.485229	0.519883	51.7427	96.2695	100.49	75.6612	58.1685	164.036	228.708	74.7691	85.5486	54.3087
PWY-6123: inosine-5'-phosphate biosynthesis I|g__Faecalibaculum.s__Faecalibaculum_rodentium	0.513964	0.444009	0.758123	0.530312	0.557589	176.355	238.768	168.463	225.504	257.205	188.992	123.825	1.53778	126.334	76.7832
PWY-6123: inosine-5'-phosphate biosynthesis I|g__Lactobacillus.s__Lactobacillus_murinus	0	0	0	0	0	4.00297	4.32671	2.36828	3.48139	0.30225	1.50149	3.06573	8.64759	4.2645	3.09499
PWY-6123: inosine-5'-phosphate biosynthesis I|g__Lactobacillus.s__Lactobacillus_reuteri	0	0	0	0	0	8.28684	7.71774	6.25263	8.24701	0.971285	4.64242	19.9998	21.5404	3.24905	15.5651
PWY-6123: inosine-5'-phosphate biosynthesis I|g__Lactococcus.s__Lactococcus_lactis	30.4722	30.8022	27.7524	34.0517	36.483	8.7432	1.62606	10.761	4.2692	2.8965	0	0	0	0	0
PWY-6123: inosine-5'-phosphate biosynthesis I|g__Muribaculaceae_unclassified.s__Muribaculaceae_bacterium_DSM_103720	0	0	0	0	0	0.541131	1.0722	1.39245	1.13337	0	0	0	0	0	0
PWY-6123: inosine-5'-phosphate biosynthesis I|g__Muribaculum.s__Muribaculum_intestinale	0	0	0	0	0	4.79054	5.41778	5.94722	8.9194	2.14523	1.15663	4.57078	15.1447	7.63112	3.45109
PWY-6123: inosine-5'-phosphate biosynthesis I|g__Parabacteroides.s__Parabacteroides_distasonis	0	0	0	0	0	45.0626	19.0107	41.5838	34.4806	47.7844	12.7518	18.7757	0	32.1468	20.9869
PWY-6123: inosine-5'-phosphate biosynthesis I|g__Parabacteroides.s__Parabacteroides_goldsteinii	0	0	0	0	0	3.45412	1.59325	2.06381	1.83825	1.41402	0.751872	3.69064	0	0	0
PWY-6123: inosine-5'-phosphate biosynthesis I|g__Turicimonas.s__Turicimonas_muris	0	0	0	0	0	8.72933	5.02871	3.29932	4.55616	10.6839	2.83564	2.30401	0	0	0
PWY-6123: inosine-5'-phosphate biosynthesis I|unclassified	152.587	145.913	163.552	155.057	163.687	157.362	201.615	161.943	203.523	137.409	278.846	115.415	199.597	198.539	156.193
PWY-6124: inosine-5'-phosphate biosynthesis II	153.088	150.961	161.412	157.247	162.364	594.353	682.325	629.633	671.468	660.647	716.269	712.55	656.756	556.335	404.305
PWY-6124: inosine-5'-phosphate biosynthesis II|g__Akkermansia.s__Akkermansia_muciniphila	0	0	0	0	0	7.86428	10.3827	10.2187	6.42261	9.58297	26.7437	95.4711	185.963	38.7903	18.0455
PWY-6124: inosine-5'-phosphate biosynthesis II|g__Alistipes.s__Alistipes_timonensis	0	0	0	0	0	1.73542	2.94098	2.35853	2.03786	2.13969	1.87792	2.31513	0	0	0
PWY-6124: inosine-5'-phosphate biosynthesis II|g__Bacteroides.s__Bacteroides_caecimuris	0	0	0	0	0	20.7297	18.7533	33.679	21.3656	61.7729	1.57908	9.34541	0	8.33219	0
PWY-6124: inosine-5'-phosphate biosynthesis II|g__Bacteroides.s__Bacteroides_uniformis	0	0	0	0	0	42.2016	22.4133	40.022	37.2438	21.8158	2.69145	13.4405	126.794	19.9589	10.7923
PWY-6124: inosine-5'-phosphate biosynthesis II|g__Bacteroides.s__Bacteroides_vulgatus	0	0	0	0	0	7.85098	5.65103	7.90557	5.95972	7.09109	4.80814	16.5567	0	0.0833043	0
PWY-6124: inosine-5'-phosphate biosynthesis II|g__Bifidobacterium.s__Bifidobacterium_pseudolongum	0	0	0	0.470446	0.386289	50.3026	94.7656	99.8511	72.6656	56.9542	160.331	227.485	73.2007	83.1306	52.545
PWY-6124: inosine-5'-phosphate biosynthesis II|g__Faecalibaculum.s__Faecalibaculum_rodentium	0.61871	0.403765	0.779128	0.487767	0.557636	196.105	253.226	171.662	225.045	264.493	185.858	125.068	1.98477	134.621	85.0932
PWY-6124: inosine-5'-phosphate biosynthesis II|g__Lactobacillus.s__Lactobacillus_murinus	0	0	0	0	0	3.66226	4.17375	2.03905	3.09808	0	1.27025	2.71582	8.0968	3.90235	2.9646
PWY-6124: inosine-5'-phosphate biosynthesis II|g__Lactobacillus.s__Lactobacillus_reuteri	0	0	0	0	0	8.28656	7.81193	6.27536	8.09232	1.00747	4.52857	20.6955	21.5795	3.11219	16.1134
PWY-6124: inosine-5'-phosphate biosynthesis II|g__Lactococcus.s__Lactococcus_lactis	20.5705	21.2544	24.8439	22.9443	24.8509	6.66707	1.12933	7.40854	3.18505	2.55513	0	0	0	0	0
PWY-6124: inosine-5'-phosphate biosynthesis II|g__Muribaculaceae_unclassified.s__Muribaculaceae_bacterium_DSM_103720	0	0	0	0	0	0.556774	1.19469	1.38674	1.28415	0.377603	0	0	0	0	0
PWY-6124: inosine-5'-phosphate biosynthesis II|g__Muribaculum.s__Muribaculum_intestinale	0	0	0	0	0	4.64494	5.26173	5.88362	8.92026	2.07524	1.22394	4.62982	16.2775	7.54734	3.80522
PWY-6124: inosine-5'-phosphate biosynthesis II|g__Parabacteroides.s__Parabacteroides_distasonis	0	0	0	0	0	44.9798	18.6145	40.71	33.5352	46.6652	12.5036	18.5456	0	31.3057	20.6103
PWY-6124: inosine-5'-phosphate biosynthesis II|g__Parabacteroides.s__Parabacteroides_goldsteinii	0	0	0	0	0	3.46832	1.74412	2.0302	1.82791	1.33478	0.720503	3.51066	0	0	0
PWY-6124: inosine-5'-phosphate biosynthesis II|g__Turicimonas.s__Turicimonas_muris	0	0	0	0	0	8.4655	4.30295	2.61991	4.47033	10.4714	2.48103	1.64336	0	0	0
PWY-6124: inosine-5'-phosphate biosynthesis II|unclassified	105.381	105.056	104.219	106.944	103.197	157.283	197.982	159.789	199.205	132.552	264.478	107.673	195.618	192.543	144.548
PWY-6125: superpathway of guanosine nucleotides de novo biosynthesis II	23.0431	23.1533	16.6831	19.0552	14.1386	232.722	173.432	213.184	225.457	240.443	95.2904	218.792	149.795	173.831	110.774
PWY-6125: superpathway of guanosine nucleotides de novo biosynthesis II|g__Bacteroides.s__Bacteroides_vulgatus	0	0	0	0	0	9.99369	5.89575	10.8384	7.92641	7.4907	5.85153	18.2218	0	0.24615	0
PWY-6125: superpathway of guanosine nucleotides de novo biosynthesis II|g__Muribaculaceae_unclassified.s__Muribaculaceae_bacterium_DSM_103720	0	0	0	0	0	0.690146	1.00936	0	1.46775	0.258197	0	0	0	0	0
PWY-6125: superpathway of guanosine nucleotides de novo biosynthesis II|g__Muribaculum.s__Muribaculum_intestinale	0	0	0	0	0	4.52359	4.82382	5.24168	8.31102	2.33993	0.910874	3.17706	15.9593	8.53913	2.31171
PWY-6125: superpathway of guanosine nucleotides de novo biosynthesis II|g__Parabacteroides.s__Parabacteroides_distasonis	0	0	0	0	0	56.6294	24.6342	44.5866	40.3613	60.8337	14.4933	24.6328	0	39.5178	27.9278
PWY-6125: superpathway of guanosine nucleotides de novo biosynthesis II|g__Parabacteroides.s__Parabacteroides_goldsteinii	0	0	0	0	0	2.85382	1.27184	0.835875	1.73387	0	0.415696	3.059	0	0	0
PWY-6125: superpathway of guanosine nucleotides de novo biosynthesis II|g__Turicimonas.s__Turicimonas_muris	0	0	0	0	0	6.82398	2.99077	2.34816	3.92702	8.52161	1.75365	1.37108	0	0	0
PWY-6125: superpathway of guanosine nucleotides de novo biosynthesis II|unclassified	1.31301	0	1.65985	0.861137	0	70.3174	71.3201	76.2812	87.5203	66.2002	33.501	79.0501	83.6296	67.2872	43.1954
PWY-6126: superpathway of adenosine nucleotides de novo biosynthesis II	33.5598	33.7516	24.5049	27.9224	20.8339	310.12	240.164	284.17	303.819	321.962	137.595	299.682	207.953	239.259	155.399
PWY-6126: superpathway of adenosine nucleotides de novo biosynthesis II|g__Bacteroides.s__Bacteroides_vulgatus	0	0	0	0	0	11.699	5.95867	9.35381	7.93298	7.99918	6.0094	21.1815	0	0	0
PWY-6126: superpathway of adenosine nucleotides de novo biosynthesis II|g__Mucispirillum.s__Mucispirillum_schaedleri	0	0	0	0	0	0	0	0	0	0	0	0	0	0.384844	0
PWY-6126: superpathway of adenosine nucleotides de novo biosynthesis II|g__Muribaculaceae_unclassified.s__Muribaculaceae_bacterium_DSM_103720	0	0	0	0	0	0.468482	1.36727	1.44678	1.40015	0	0	0	0	0	0
PWY-6126: superpathway of adenosine nucleotides de novo biosynthesis II|g__Muribaculum.s__Muribaculum_intestinale	0	0	0	0	0	5.067	5.56134	6.46894	9.57235	2.5469	1.01624	4.07656	18.2222	9.67406	2.86152
PWY-6126: superpathway of adenosine nucleotides de novo biosynthesis II|g__Parabacteroides.s__Parabacteroides_distasonis	0	0	0	0	0	50.3674	21.2348	40.1676	35.8974	54.4275	13.5636	21.1938	0	36.0499	23.6936
PWY-6126: superpathway of adenosine nucleotides de novo biosynthesis II|g__Parabacteroides.s__Parabacteroides_goldsteinii	0	0	0	0	0	3.45301	1.34431	0.995813	1.84747	0	0.490602	3.20725	0	0	0
PWY-6126: superpathway of adenosine nucleotides de novo biosynthesis II|g__Turicimonas.s__Turicimonas_muris	0	0	0	0	0	8.56038	4.17365	2.95662	4.64159	10.9656	1.74001	1.46986	0	0	0
PWY-6126: superpathway of adenosine nucleotides de novo biosynthesis II|unclassified	29.1284	30.623	20.9575	25.0301	18.9631	90.0287	94.2284	94.7753	114.432	83.0678	48.0634	97.3136	107.187	91.3033	59.7782
PWY-6143: CMP-pseudaminate biosynthesis	0	0	0	0	0	6.8321	10.11	6.77927	7.89576	6.94954	5.9169	4.21146	5.47837	8.7346	21.9532
PWY-6143: CMP-pseudaminate biosynthesis|unclassified	0	0	0	0	0	6.05836	9.49285	5.83993	7.23173	6.17902	5.84092	3.74517	4.96588	8.05912	21.4648
PWY-6147: 6-hydroxymethyl-dihydropterin diphosphate biosynthesis I	221.187	195.557	239.87	233.069	235.381	129.38	83.7447	140.941	118.15	175.155	42.6109	91.5989	29.6144	77.875	62.4982
PWY-6147: 6-hydroxymethyl-dihydropterin diphosphate biosynthesis I|g__Bacteroides.s__Bacteroides_caecimuris	0	0	0	0	0	15.8148	17.1385	22.1828	16.6502	62.2528	0.501082	0.802849	0	1.79771	0
PWY-6147: 6-hydroxymethyl-dihydropterin diphosphate biosynthesis I|g__Bacteroides.s__Bacteroides_vulgatus	0	0	0	0	0	7.69824	3.61866	3.01221	5.27325	7.12914	3.62637	12.5867	0	0	0
PWY-6147: 6-hydroxymethyl-dihydropterin diphosphate biosynthesis I|g__Lactobacillus.s__Lactobacillus_reuteri	0	0	0	0	0	5.5496	5.40673	3.33148	4.6132	0.35391	2.1598	12.951	12.0627	1.40066	6.52708
PWY-6147: 6-hydroxymethyl-dihydropterin diphosphate biosynthesis I|g__Lactococcus.s__Lactococcus_lactis	203.787	186.496	222.067	209.846	219.552	0	0	1.02006	1.05584	0.783763	0.577477	0.61278	1.71542	2.98247	1.05716
PWY-6147: 6-hydroxymethyl-dihydropterin diphosphate biosynthesis I|g__Parabacteroides.s__Parabacteroides_distasonis	0	0	0	0	0	52.071	21.986	47.2197	36.0372	56.6822	14.8215	18.2292	0	35.8459	22.0139
PWY-6147: 6-hydroxymethyl-dihydropterin diphosphate biosynthesis I|unclassified	0	0	0.640261	0	0.272908	0.395492	2.10204	0.281547	1.54984	0.964167	2.40211	0	0.546538	0	14.2334
PWY-6151: S-adenosyl-L-methionine salvage I	607.046	577.376	673.339	652.9	653.803	476.018	578.545	517.141	573.875	483.845	601.157	635.936	484.477	443.638	407.942
PWY-6151: S-adenosyl-L-methionine salvage I|g__Anaerotruncus.s__Anaerotruncus_sp_G3_2012	0	0	0	0	0	0	0	0	0	0	0	0	0	0	6.14669
PWY-6151: S-adenosyl-L-methionine salvage I|g__Bacteroides.s__Bacteroides_uniformis	0	0	0	0	0	51.2678	32.8946	57.0083	45.97	25.799	3.43963	18.2125	158.552	23.7228	13.7661
PWY-6151: S-adenosyl-L-methionine salvage I|g__Bacteroides.s__Bacteroides_vulgatus	0	0	0	0	0	9.01601	6.13155	8.49239	7.80064	7.58688	5.7379	19.4513	0	0.331791	0
PWY-6151: S-adenosyl-L-methionine salvage I|g__Bifidobacterium.s__Bifidobacterium_pseudolongum	0.378956	0.445507	0.247389	0.573345	0.620896	66.3069	118.086	116.644	89.3953	68.896	198.843	276.315	90.9346	111.092	69.2601
PWY-6151: S-adenosyl-L-methionine salvage I|g__Dorea.s__Dorea_sp_5_2	0	0	0	0	0	2.68083	2.39303	4.79741	3.29627	3.11277	3.82869	0	0.568193	1.46759	4.55443
PWY-6151: S-adenosyl-L-methionine salvage I|g__Erysipelatoclostridium.s__Clostridium_cocleatum	0	0	0	0	0	0	0	0	0	0	0	0.558278	0	0	0
PWY-6151: S-adenosyl-L-methionine salvage I|g__Faecalibaculum.s__Faecalibaculum_rodentium	0.725488	0.761388	0.878902	0.556192	0.376195	179.503	273.954	177.001	231.371	259.727	211.406	127.285	2.08013	133.64	81.0516
PWY-6151: S-adenosyl-L-methionine salvage I|g__Lachnospiraceae_unclassified.s__Lachnospiraceae_bacterium_A2	0	0	0	0	0	0.263836	0.626633	0	0	0	0	0	0	0.658356	7.66443
PWY-6151: S-adenosyl-L-methionine salvage I|g__Lactobacillus.s__Lactobacillus_johnsonii	0	0	0	0	0	14.1684	12.3474	8.19224	13.2823	1.53064	3.04168	51.0416	12.1427	4.1027	15.2986
PWY-6151: S-adenosyl-L-methionine salvage I|g__Lactobacillus.s__Lactobacillus_murinus	0	0	0	0	0	3.93584	4.09048	2.76944	3.70554	0	2.03145	3.23857	8.18681	5.05779	2.62461
PWY-6151: S-adenosyl-L-methionine salvage I|g__Lactobacillus.s__Lactobacillus_reuteri	0	0	0	0	0	7.55034	6.0707	4.99454	6.89151	0.898772	4.42417	16.6194	22.6004	3.30548	14.3375
PWY-6151: S-adenosyl-L-methionine salvage I|g__Lactococcus.s__Lactococcus_lactis	357.996	340.487	414.739	398.314	422.428	14.0832	2.0836	15.6151	7.3464	5.97607	1.30003	1.67956	2.71077	5.14672	1.79983
PWY-6151: S-adenosyl-L-methionine salvage I|g__Muribaculaceae_unclassified.s__Muribaculaceae_bacterium_DSM_103720	0	0	0	0	0	0.303426	1.35482	1.5114	1.54529	0	0	0	0	0	0
PWY-6151: S-adenosyl-L-methionine salvage I|g__Muribaculum.s__Muribaculum_intestinale	0	0	0	0	0	4.38676	7.16575	5.54034	10.0273	2.82937	1.67218	4.95778	16.4885	8.05128	2.83794
PWY-6151: S-adenosyl-L-methionine salvage I|unclassified	279.267	267.443	305.298	283.846	312.043	53.3198	74.7625	58.9327	87.3656	47.6869	120.979	66.4347	82.3764	106.112	152.12
PWY-6163: chorismate biosynthesis from 3-dehydroquinate	531.451	531.208	535.158	530.209	545.8	440.64	552.61	508.702	543.616	536.333	585.902	590.07	411.605	447.449	368.104
PWY-6163: chorismate biosynthesis from 3-dehydroquinate|g__Akkermansia.s__Akkermansia_muciniphila	0	0	0	0	0	4.70527	7.49948	7.35856	4.45146	5.9496	17.8393	57.8724	122.756	23.9762	11.0226
PWY-6163: chorismate biosynthesis from 3-dehydroquinate|g__Alistipes.s__Alistipes_timonensis	0	0	0	0	0	0.822272	1.42264	0.770315	1.1148	1.19607	1.19766	0.696819	0	0	0
PWY-6163: chorismate biosynthesis from 3-dehydroquinate|g__Anaerotruncus.s__Anaerotruncus_sp_G3_2012	0	0	0	0	0	0	0	0	0	0	0	0	0	0	4.88571
PWY-6163: chorismate biosynthesis from 3-dehydroquinate|g__Bacteroides.s__Bacteroides_caecimuris	0	0	0	0	0	15.3804	17.0448	27.3426	17.3855	57.1892	0.734764	1.59545	0	1.33163	0
PWY-6163: chorismate biosynthesis from 3-dehydroquinate|g__Bacteroides.s__Bacteroides_uniformis	0	0	0	0	0	49.18	22.4281	42.0147	36.3993	23.5027	2.98807	13.2542	135.72	22.1197	11.8186
PWY-6163: chorismate biosynthesis from 3-dehydroquinate|g__Bacteroides.s__Bacteroides_vulgatus	0	0	0	0	0	8.74916	4.95398	7.29749	5.98919	6.61433	4.42093	15.5496	0	0.221196	0
PWY-6163: chorismate biosynthesis from 3-dehydroquinate|g__Bifidobacterium.s__Bifidobacterium_pseudolongum	0.469092	0	0	0.423458	0.488194	52.5749	98.1931	101.286	73.4614	58.7332	162.262	226.697	74.7743	88.5577	52.1873
PWY-6163: chorismate biosynthesis from 3-dehydroquinate|g__Dorea.s__Dorea_sp_5_2	0	0	0	0	0	2.28217	3.68968	4.99807	2.88383	2.95693	4.99213	0	0.594598	1.01159	4.37456
PWY-6163: chorismate biosynthesis from 3-dehydroquinate|g__Enterorhabdus.s__Enterorhabdus_caecimuris	0	0	0	0	0	0.695603	1.1387	1.46212	1.94371	0.246045	5.81477	4.71093	4.8619	6.92617	1.50051
PWY-6163: chorismate biosynthesis from 3-dehydroquinate|g__Erysipelatoclostridium.s__Clostridium_cocleatum	0	0	0	0	0	0	0	0	0	0	0	0.550005	0	0	0
PWY-6163: chorismate biosynthesis from 3-dehydroquinate|g__Faecalibaculum.s__Faecalibaculum_rodentium	0.609102	0.68808	0.822404	0.543102	0.384059	198.297	282.129	195.161	263.807	286.902	232.202	134.988	2.4532	142.622	89.1842
PWY-6163: chorismate biosynthesis from 3-dehydroquinate|g__Lachnospiraceae_unclassified.s__Lachnospiraceae_bacterium_28_4	0	0	0	0	0	0	0	0	0	0	0	5.19472	0	0	0
PWY-6163: chorismate biosynthesis from 3-dehydroquinate|g__Lachnospiraceae_unclassified.s__Lachnospiraceae_bacterium_A2	0	0	0	0	0	0.200494	0.403886	0	0	0	0	0	0	0.499136	5.9561
PWY-6163: chorismate biosynthesis from 3-dehydroquinate|g__Lactobacillus.s__Lactobacillus_reuteri	0	0	0	0	0	0	0	0	0	0	0	0	14.4782	2.35877	10.7023
PWY-6163: chorismate biosynthesis from 3-dehydroquinate|g__Lactococcus.s__Lactococcus_lactis	258.722	236.946	282.807	266.294	288.711	7.78003	1.17289	10.8394	5.10617	3.06835	0.830236	1.52238	2.85696	3.49552	1.42624
PWY-6163: chorismate biosynthesis from 3-dehydroquinate|g__Mucispirillum.s__Mucispirillum_schaedleri	0	0	0	0	0	0	0	0	0	0	0	0	0	0.33921	0
PWY-6163: chorismate biosynthesis from 3-dehydroquinate|g__Muribaculaceae_unclassified.s__Muribaculaceae_bacterium_DSM_103720	0	0	0	0	0	0.412527	1.40142	1.76939	1.2491	0.287898	0	0	0	0	0
PWY-6163: chorismate biosynthesis from 3-dehydroquinate|g__Muribaculum.s__Muribaculum_intestinale	0	0	0	0	0	4.83377	5.63937	5.80515	7.78211	2.27617	0.816879	4.00518	15.8796	8.2612	3.5968
PWY-6163: chorismate biosynthesis from 3-dehydroquinate|g__Parabacteroides.s__Parabacteroides_distasonis	0	0	0	0	0	53.0088	24.0814	48.6145	39.4918	56.4812	17.1267	23.2834	0	39.2555	30.0457
PWY-6163: chorismate biosynthesis from 3-dehydroquinate|g__Parabacteroides.s__Parabacteroides_goldsteinii	0	0	0	0	0	3.05166	1.47556	2.17312	2.1736	1.51522	0.823983	2.86625	0	0	0
PWY-6163: chorismate biosynthesis from 3-dehydroquinate|g__Turicimonas.s__Turicimonas_muris	0	0	0	0	0	6.91883	2.87876	2.1014	3.05214	8.57545	2.10365	1.42695	0	0	0
PWY-6163: chorismate biosynthesis from 3-dehydroquinate|unclassified	143.074	165.628	102.539	117.74	96.5057	56.3889	84.4605	63.4314	86.0736	49.1349	124.516	76.8788	81.9772	109.793	141.494
PWY-6168: flavin biosynthesis III (fungi)	362.51	327.288	406.688	382.609	398.726	106.601	17.7037	107.205	86.0369	70.1333	25.2149	35.5188	37.6342	76.9504	37.365
PWY-6168: flavin biosynthesis III (fungi)|g__Lactococcus.s__Lactococcus_lactis	28.9815	26.0791	29.3061	28.2876	27.2514	6.55239	0.903163	8.16427	2.8907	2.94239	0	0	0	0	0
PWY-6168: flavin biosynthesis III (fungi)|unclassified	0	0	0	0	0.999536	0	0	4.5605	5.77825	4.25224	8.11696	13.8435	17.9684	4.71256	19.5787
PWY-621: sucrose degradation III (sucrose invertase)	452.423	409.113	490.551	461.578	519.475	29.5377	17.6133	31.9667	25.4001	18.9256	32.6031	23.781	15.4405	37.7162	38.4999
PWY-621: sucrose degradation III (sucrose invertase)|g__Lactococcus.s__Lactococcus_lactis	74.9659	65.3453	80.7069	76.4428	88.1486	9.89134	2.01054	12.3259	6.60184	2.69745	0	0	0	1.19293	0
PWY-621: sucrose degradation III (sucrose invertase)|unclassified	118.413	125.949	83.8413	95.143	80.5466	0.707576	6.12313	0	1.32816	1.3337	9.70202	3.77464	4.51591	8.12604	17.1516
PWY-622: starch biosynthesis	0	0	0	0	0	144.265	176.626	144.285	142.242	179.312	217.389	252.872	105.986	163.807	224.319
PWY-6270: isoprene biosynthesis I	1.29982	1.6369	1.64846	0.984574	1.58943	296.384	243.146	343.62	282.822	359.365	115.361	289.963	180.475	216.811	189.311
PWY-6270: isoprene biosynthesis I|g__Bacteroides.s__Bacteroides_caecimuris	0	0	0	0	0	14.3142	16.1213	29.084	16.8928	53.4023	0.796076	1.11952	0	0.759599	0
PWY-6270: isoprene biosynthesis I|g__Parabacteroides.s__Parabacteroides_distasonis	0	0	0	0	0	44.8415	23.5123	45.8468	36.5572	49.0311	14.9503	22.0245	0	30.6233	24.7732
PWY-6270: isoprene biosynthesis I|unclassified	0	0	0	0	0	0	0	0	0	0	0	0	1.57821	1.58165	13.3235
PWY-6277: superpathway of 5-aminoimidazole ribonucleotide biosynthesis	735.291	686.694	784.484	755.522	833.868	545.192	725.681	575.892	616.633	620.996	866.208	753.889	579.373	554.629	532.086
PWY-6277: superpathway of 5-aminoimidazole ribonucleotide biosynthesis|g__Akkermansia.s__Akkermansia_muciniphila	0	0	0	0	0	6.88664	9.4636	8.81717	4.9335	7.37625	21.0736	76.8718	150.798	30.1704	13.8295
PWY-6277: superpathway of 5-aminoimidazole ribonucleotide biosynthesis|g__Alistipes.s__Alistipes_timonensis	0	0	0	0	0	1.53591	2.77841	2.04143	1.78505	2.09684	1.72315	2.44944	0	0	0
PWY-6277: superpathway of 5-aminoimidazole ribonucleotide biosynthesis|g__Anaerotruncus.s__Anaerotruncus_sp_G3_2012	0	0	0	0	0	0	0	0	0	0	0	0	0	0	4.20611
PWY-6277: superpathway of 5-aminoimidazole ribonucleotide biosynthesis|g__Bacteroides.s__Bacteroides_caecimuris	0	0	0	0	0	17.8255	18.5243	34.0686	19.7526	57.069	1.24478	3.942	0	4.05299	0
PWY-6277: superpathway of 5-aminoimidazole ribonucleotide biosynthesis|g__Bacteroides.s__Bacteroides_uniformis	0	0	0	0	0	54.5619	29.2185	58.7071	48.2097	27.8439	4.08622	18.4199	167.875	26.8552	15.9529
PWY-6277: superpathway of 5-aminoimidazole ribonucleotide biosynthesis|g__Bacteroides.s__Bacteroides_vulgatus	0	0	0	0	0	7.81358	5.61549	8.5094	6.14084	6.74659	5.05988	16.13	0	0	0
PWY-6277: superpathway of 5-aminoimidazole ribonucleotide biosynthesis|g__Bifidobacterium.s__Bifidobacterium_pseudolongum	0	0.328673	0	0.579834	0.757503	60.2614	112.803	108.473	82.9898	65.1908	185.27	257.148	81.3027	97.3831	61.887
PWY-6277: superpathway of 5-aminoimidazole ribonucleotide biosynthesis|g__Dorea.s__Dorea_sp_5_2	0	0	0	0	0	3.07982	3.78946	6.36028	3.82915	3.93701	4.71636	0	0.839639	1.28018	4.67375
PWY-6277: superpathway of 5-aminoimidazole ribonucleotide biosynthesis|g__Enterorhabdus.s__Enterorhabdus_caecimuris	0	0	0	0	0	0.727047	1.84953	1.60648	2.29819	0.780058	5.74989	6.14977	8.49402	10.3525	2.34347
PWY-6277: superpathway of 5-aminoimidazole ribonucleotide biosynthesis|g__Erysipelatoclostridium.s__Clostridium_cocleatum	0	0	0	0	0	0	0	0	0	0	0	1.19661	0	0	0
PWY-6277: superpathway of 5-aminoimidazole ribonucleotide biosynthesis|g__Faecalibaculum.s__Faecalibaculum_rodentium	0.954421	1.29247	0.955763	0.829182	0.468631	289.438	406.258	259.803	329.183	385.239	315.83	202.258	2.88795	211.752	127.396
PWY-6277: superpathway of 5-aminoimidazole ribonucleotide biosynthesis|g__Lachnospiraceae_unclassified.s__Lachnospiraceae_bacterium_28_4	0	0	0	0	0	0	0	0	0	0	0	4.28923	0	0	0
PWY-6277: superpathway of 5-aminoimidazole ribonucleotide biosynthesis|g__Lachnospiraceae_unclassified.s__Lachnospiraceae_bacterium_A2	0	0	0	0	0	0.471089	0.803457	0	0.374605	0	0	0	0	0.943972	8.35698
PWY-6277: superpathway of 5-aminoimidazole ribonucleotide biosynthesis|g__Lactobacillus.s__Lactobacillus_murinus	0	0	0	0	0	4.32346	5.40108	3.82825	4.26208	0.38958	2.07295	4.65189	9.9557	5.01466	4.02138
PWY-6277: superpathway of 5-aminoimidazole ribonucleotide biosynthesis|g__Lactobacillus.s__Lactobacillus_reuteri	0	0	0	0	0	11.875	12.5332	9.96844	11.1911	1.41905	7.12446	29.2437	32.263	4.69632	23.2673
PWY-6277: superpathway of 5-aminoimidazole ribonucleotide biosynthesis|g__Lactococcus.s__Lactococcus_lactis	659.64	611.736	709.301	682.407	754.89	14.1751	3.20404	19.5395	9.36619	6.02996	2.09976	3.52604	8.06188	8.76385	4.81651
PWY-6277: superpathway of 5-aminoimidazole ribonucleotide biosynthesis|g__Mucispirillum.s__Mucispirillum_schaedleri	0	0	0	0	0	0	0	0	0	0	0	0	0	0.647868	0
PWY-6277: superpathway of 5-aminoimidazole ribonucleotide biosynthesis|g__Muribaculaceae_unclassified.s__Muribaculaceae_bacterium_DSM_103720	0	0	0	0	0	0.389842	0.921706	1.46921	1.32292	0	0	0	0	0	0
PWY-6277: superpathway of 5-aminoimidazole ribonucleotide biosynthesis|g__Muribaculum.s__Muribaculum_intestinale	0	0	0	0	0	4.53637	4.69921	5.44001	7.56238	2.16363	0.939811	2.91002	14.9649	7.63304	2.71797
PWY-6277: superpathway of 5-aminoimidazole ribonucleotide biosynthesis|g__Parabacteroides.s__Parabacteroides_distasonis	0	0	0	0	0	49.6683	25.5629	52.7382	40.1946	54.8685	16.5931	25.4008	0	35.7842	30.4191
PWY-6277: superpathway of 5-aminoimidazole ribonucleotide biosynthesis|g__Parabacteroides.s__Parabacteroides_goldsteinii	0	0	0	0	0	3.19837	1.67683	1.8463	2.21923	1.17897	1.18172	3.7169	0	0	0
PWY-6277: superpathway of 5-aminoimidazole ribonucleotide biosynthesis|g__Turicimonas.s__Turicimonas_muris	0	0	0	0	0	8.55545	3.77212	2.67266	4.29087	9.35925	2.22287	1.88552	0	0	0
PWY-6277: superpathway of 5-aminoimidazole ribonucleotide biosynthesis|unclassified	30.9071	27.4039	30.776	28.1305	33.6543	78.2812	111.542	82.3699	100.847	67.9393	272.542	111.193	123.444	134.315	248.317
PWY-6282: palmitoleate biosynthesis I (from (5Z)-dodec-5-enoate)	233.243	245.952	182.006	183.494	179.219	17.7144	13.5855	20.6425	12.8884	13.3383	9.02614	34.2783	0	8.49546	5.1113
PWY-6282: palmitoleate biosynthesis I (from (5Z)-dodec-5-enoate)|g__Bacteroides.s__Bacteroides_vulgatus	0	0	0	0	0	6.13084	4.28235	5.97074	4.50583	5.08774	3.84702	13.7994	0	0	0
PWY-6282: palmitoleate biosynthesis I (from (5Z)-dodec-5-enoate)|unclassified	160.804	165.926	129.961	128.264	131.162	5.98086	5.09069	6.64772	3.73552	3.68405	0.714518	8.77507	0	7.85505	4.92406
PWY-6284: superpathway of unsaturated fatty acids biosynthesis (E. coli)	250.982	263.448	197.543	198.918	194.816	16.9732	4.46221	17.9595	10.5137	7.39405	0	0	0	1.82253	1.49349
PWY-6284: superpathway of unsaturated fatty acids biosynthesis (E. coli)|unclassified	159.231	162.109	131.628	129.68	133.942	0	0	1.37112	2.44541	0	0	0	0	1.79333	1.4784
PWY-6292: superpathway of L-cysteine biosynthesis (mammalian)	76.6469	93.4278	53.6705	64.5678	49.9427	17.3017	25.3923	15.1836	18.7317	10.5403	48.3961	38.3177	31.3006	30.4612	56.7972
PWY-6292: superpathway of L-cysteine biosynthesis (mammalian)|g__Lactobacillus.s__Lactobacillus_reuteri	0	0	0	0	0	7.2819	6.09481	4.62766	6.15431	0.744469	4.28791	15.9628	16.0499	2.59096	11.6321
PWY-6292: superpathway of L-cysteine biosynthesis (mammalian)|unclassified	75.4937	91.8273	53.1534	63.8365	49.5116	3.69987	13.6107	5.8863	7.21317	8.37902	38.0705	6.48272	2.35842	22.2361	35.8493
PWY-6293: superpathway of L-cysteine biosynthesis (fungi)	6.27171	9.97943	7.48195	8.68389	9.19479	19.3543	14.2556	19.7252	12.4959	7.56032	10.056	27.4479	22.6459	12.7374	24.1321
PWY-6293: superpathway of L-cysteine biosynthesis (fungi)|unclassified	0	0	0	0	0	7.02261	2.52747	10.2426	8.84488	6.38309	3.68945	6.45459	4.33252	10.8354	6.12153
PWY-6305: superpathway of putrescine biosynthesis	0	0	0	0	0	0	0	0	0	0	0	2.4053	0	0.341548	2.87705
PWY-6305: superpathway of putrescine biosynthesis|unclassified	0	0	0	0	0	0	0	0	0	0	0	2.25695	0	0.339303	2.7079
PWY-6317: D-galactose degradation I (Leloir pathway)	9.50519	11.6254	13.3644	108.395	112.925	171.953	194.563	137.116	188.251	201.312	210.461	235.31	140.017	189.433	309.724
PWY-6317: D-galactose degradation I (Leloir pathway)|g__Lachnospiraceae_unclassified.s__Lachnospiraceae_bacterium_28_4	0	0	0	0	0	0	0	0	0	0	0	3.34686	0	0	0
PWY-6317: D-galactose degradation I (Leloir pathway)|g__Lactobacillus.s__Lactobacillus_reuteri	0	0	0	0	0	8.75763	6.83554	4.42386	7.1511	0.823228	3.46873	19.5642	19.7797	2.55828	13.2775
PWY-6317: D-galactose degradation I (Leloir pathway)|g__Lactococcus.s__Lactococcus_lactis	0	0	0	0	0	5.19037	0.873219	7.63171	3.2325	1.69561	0	0	0	0	0
PWY-6317: D-galactose degradation I (Leloir pathway)|unclassified	0	0.96545	1.39654	67.6502	71.7591	43.0386	62.9605	33.7799	52.7982	47.0367	104.835	43.61	44.8149	79.9058	148.202
PWY-6353: purine nucleotides degradation II (aerobic)	0	0	0	0	0	7.45591	46.5899	59.3677	36.6946	66.1363	14.845	14.0278	12.324	18.9785	29.583
PWY-6353: purine nucleotides degradation II (aerobic)|unclassified	0	0	0	0	0	4.37199	9.4355	4.87797	10.4533	10.464	11.4457	5.25642	0	9.00733	21.759
PWY-6385: peptidoglycan biosynthesis III (mycobacteria)	423.256	391.575	476.816	456.185	482.236	437.332	451.041	474.854	473.388	420.916	435.734	599.262	591.519	412.492	384.896
PWY-6385: peptidoglycan biosynthesis III (mycobacteria)|g__Alistipes.s__Alistipes_timonensis	0	0	0	0	0	1.16905	1.80063	1.14629	1.28261	1.50843	1.35183	1.05678	0	0	0
PWY-6385: peptidoglycan biosynthesis III (mycobacteria)|g__Anaerotruncus.s__Anaerotruncus_sp_G3_2012	0	0	0	0	0	0	0	0	0	0	0	0	0	0	5.10292
PWY-6385: peptidoglycan biosynthesis III (mycobacteria)|g__Bacteroides.s__Bacteroides_caecimuris	0	0	0	0	0	14.3449	15.3711	29.2522	17.7051	56.3227	1.03145	1.53998	0	1.42538	0
PWY-6385: peptidoglycan biosynthesis III (mycobacteria)|g__Bacteroides.s__Bacteroides_uniformis	0	0	0	0	0	53.3629	31.4483	56.9408	48.5013	27.8397	4.16929	19.6765	167.61	26.3127	15.8921
PWY-6385: peptidoglycan biosynthesis III (mycobacteria)|g__Bacteroides.s__Bacteroides_vulgatus	0	0	0	0	0	9.86293	6.69053	9.84208	7.98473	7.87699	6.21969	21.5581	0	0	0
PWY-6385: peptidoglycan biosynthesis III (mycobacteria)|g__Dorea.s__Dorea_sp_5_2	0	0	0	0	0	2.51528	3.61967	4.67143	3.30287	2.96745	4.33515	0	0.54767	1.08041	3.86581
PWY-6385: peptidoglycan biosynthesis III (mycobacteria)|g__Enterorhabdus.s__Enterorhabdus_caecimuris	0	0	0	0	0	0.46873	0.726709	0.884706	1.14655	0	2.28652	3.05733	4.12027	6.19661	1.26824
PWY-6385: peptidoglycan biosynthesis III (mycobacteria)|g__Lachnospiraceae_unclassified.s__Lachnospiraceae_bacterium_28_4	0	0	0	0	0	0	0	0	0	0	0	3.88003	0	0	0
PWY-6385: peptidoglycan biosynthesis III (mycobacteria)|g__Lachnospiraceae_unclassified.s__Lachnospiraceae_bacterium_A2	0	0	0	0	0	0	0.633702	0	0	0	0	0	0	0.644413	7.25905
PWY-6385: peptidoglycan biosynthesis III (mycobacteria)|g__Lactobacillus.s__Lactobacillus_reuteri	0	0	0	0	0	7.95652	6.58352	4.85864	7.53253	0.715607	3.39709	19.0077	16.7681	3.09638	11.8757
PWY-6385: peptidoglycan biosynthesis III (mycobacteria)|g__Lactococcus.s__Lactococcus_lactis	121.472	112.55	134.536	126.727	136.264	7.77578	1.17525	10.2693	4.04497	2.79103	0	0	0	1.39039	0
PWY-6385: peptidoglycan biosynthesis III (mycobacteria)|g__Parabacteroides.s__Parabacteroides_distasonis	0	0	0	0	0	49.6332	24.2196	48.4352	38.9358	54.5433	16.1024	23.4433	0	37.2292	29.0983
PWY-6385: peptidoglycan biosynthesis III (mycobacteria)|g__Parabacteroides.s__Parabacteroides_goldsteinii	0	0	0	0	0	3.02714	1.65515	2.40967	2.46289	1.30367	0.998003	4.00019	0	0	0
PWY-6385: peptidoglycan biosynthesis III (mycobacteria)|g__Turicimonas.s__Turicimonas_muris	0	0	0	0	0	9.12426	4.5219	2.90196	4.50203	11.1294	2.62885	1.92473	0	0	0
PWY-6385: peptidoglycan biosynthesis III (mycobacteria)|unclassified	238.274	220.186	271.05	254.265	279.638	49.6219	66.0536	51.2614	63.6923	42.4755	130.145	82.3677	68.2141	86.1765	135.659
PWY-6386: UDP-N-acetylmuramoyl-pentapeptide biosynthesis II (lysine-containing)	395.844	362.624	444.072	417.266	463.319	480.691	524.126	531.156	519.301	500.033	592.535	742.921	554.728	451.439	420.87
PWY-6386: UDP-N-acetylmuramoyl-pentapeptide biosynthesis II (lysine-containing)|g__Anaerotruncus.s__Anaerotruncus_sp_G3_2012	0	0	0	0	0	0	0	0	0	0	0	0	0	0	5.20367
PWY-6386: UDP-N-acetylmuramoyl-pentapeptide biosynthesis II (lysine-containing)|g__Bacteroides.s__Bacteroides_caecimuris	0	0	0	0	0	14.3029	15.1582	29.4806	18.1559	58.4902	1.03031	1.63212	0	1.38855	0
PWY-6386: UDP-N-acetylmuramoyl-pentapeptide biosynthesis II (lysine-containing)|g__Bacteroides.s__Bacteroides_uniformis	0	0	0	0	0	49.5324	28.1698	52.0621	44.0747	25.6961	3.80052	18.0089	154.79	24.2578	14.4575
PWY-6386: UDP-N-acetylmuramoyl-pentapeptide biosynthesis II (lysine-containing)|g__Bacteroides.s__Bacteroides_vulgatus	0	0	0	0	0	10.2757	6.68602	9.74804	8.17815	8.09775	6.28016	22.1139	0	0	0
PWY-6386: UDP-N-acetylmuramoyl-pentapeptide biosynthesis II (lysine-containing)|g__Bifidobacterium.s__Bifidobacterium_pseudolongum	0	0.416942	0	0.509714	0.701955	64.6742	116.886	116.839	91.9079	69.2499	203.693	260.706	88.6666	105.221	67.2327
PWY-6386: UDP-N-acetylmuramoyl-pentapeptide biosynthesis II (lysine-containing)|g__Dorea.s__Dorea_sp_5_2	0	0	0	0	0	2.5821	4.45142	5.48889	3.70217	3.1155	4.92362	0	0.703175	1.13946	4.94448
PWY-6386: UDP-N-acetylmuramoyl-pentapeptide biosynthesis II (lysine-containing)|g__Enterorhabdus.s__Enterorhabdus_caecimuris	0	0	0	0	0	0.5439	0.886471	0.880769	1.13488	0	2.7982	3.36731	4.75578	6.5165	1.37198
PWY-6386: UDP-N-acetylmuramoyl-pentapeptide biosynthesis II (lysine-containing)|g__Lachnospiraceae_unclassified.s__Lachnospiraceae_bacterium_28_4	0	0	0	0	0	0	0	0	0	0	0	4.20992	0	0	0
PWY-6386: UDP-N-acetylmuramoyl-pentapeptide biosynthesis II (lysine-containing)|g__Lachnospiraceae_unclassified.s__Lachnospiraceae_bacterium_A2	0	0	0	0	0	0	0.664557	0	0	0	0	0	0	0.734035	7.20546
PWY-6386: UDP-N-acetylmuramoyl-pentapeptide biosynthesis II (lysine-containing)|g__Lactobacillus.s__Lactobacillus_intestinalis	0	0	0	0	0	1.66088	0.91515	0.446639	2.79676	0	0	0	3.78371	0	0
PWY-6386: UDP-N-acetylmuramoyl-pentapeptide biosynthesis II (lysine-containing)|g__Lactobacillus.s__Lactobacillus_johnsonii	0	0	0	0	0	14.6466	12.7525	9.34232	13.8336	1.49335	3.45968	55.4621	15.1711	4.89292	17.8622
PWY-6386: UDP-N-acetylmuramoyl-pentapeptide biosynthesis II (lysine-containing)|g__Lactobacillus.s__Lactobacillus_murinus	0	0	0	0	0	4.23228	3.26834	2.05397	3.34745	0	1.16868	3.23544	7.24884	4.41597	2.96878
PWY-6386: UDP-N-acetylmuramoyl-pentapeptide biosynthesis II (lysine-containing)|g__Lactobacillus.s__Lactobacillus_reuteri	0	0	0	0	0	8.97115	7.15437	5.44339	8.41673	0.789191	3.58678	22.2949	18.1574	3.48035	12.9609
PWY-6386: UDP-N-acetylmuramoyl-pentapeptide biosynthesis II (lysine-containing)|g__Lactococcus.s__Lactococcus_lactis	112.923	99.5697	119.181	113.7	130.22	7.74971	1.0746	9.91526	3.90306	2.81442	0	0	0	0	0
PWY-6386: UDP-N-acetylmuramoyl-pentapeptide biosynthesis II (lysine-containing)|g__Parabacteroides.s__Parabacteroides_distasonis	0	0	0	0	0	43.5846	20.3579	39.5006	32.5753	47.7797	13.688	19.0489	0	30.2111	21.9453
PWY-6386: UDP-N-acetylmuramoyl-pentapeptide biosynthesis II (lysine-containing)|g__Parabacteroides.s__Parabacteroides_goldsteinii	0	0	0	0	0	2.20691	1.459	1.56938	1.96845	1.12176	0.89464	3.09405	0	0	0
PWY-6386: UDP-N-acetylmuramoyl-pentapeptide biosynthesis II (lysine-containing)|g__Turicimonas.s__Turicimonas_muris	0	0	0	0	0	8.06115	3.746	2.45593	3.87783	10.1204	2.31839	1.67077	0	0	0
PWY-6386: UDP-N-acetylmuramoyl-pentapeptide biosynthesis II (lysine-containing)|unclassified	232.759	214.039	266.88	248.232	277.878	46.6193	60.8764	47.5482	58.3364	40.4855	127.67	76.3071	61.7018	79.8921	129.565
PWY-6387: UDP-N-acetylmuramoyl-pentapeptide biosynthesis I (meso-diaminopimelate containing)	410.624	377.801	461.343	442.133	468.791	460.476	497.645	514.977	507.838	473.658	571.426	733.825	602.202	438.722	409.796
PWY-6387: UDP-N-acetylmuramoyl-pentapeptide biosynthesis I (meso-diaminopimelate containing)|g__Akkermansia.s__Akkermansia_muciniphila	0	0	0	0	0	8.71742	11.149	10.5386	6.98206	8.67002	29.8972	95.6535	190.776	39.445	18.1082
PWY-6387: UDP-N-acetylmuramoyl-pentapeptide biosynthesis I (meso-diaminopimelate containing)|g__Alistipes.s__Alistipes_timonensis	0	0	0	0	0	1.19002	1.73112	1.06792	1.24667	1.42773	1.27488	1.0183	0	0	0
PWY-6387: UDP-N-acetylmuramoyl-pentapeptide biosynthesis I (meso-diaminopimelate containing)|g__Anaerotruncus.s__Anaerotruncus_sp_G3_2012	0	0	0	0	0	0	0	0	0	0	0	0	0	0	5.34296
PWY-6387: UDP-N-acetylmuramoyl-pentapeptide biosynthesis I (meso-diaminopimelate containing)|g__Bacteroides.s__Bacteroides_caecimuris	0	0	0	0	0	14.9118	16.9611	31.4379	18.3489	57.7877	1.14967	1.90471	0	1.73532	0
PWY-6387: UDP-N-acetylmuramoyl-pentapeptide biosynthesis I (meso-diaminopimelate containing)|g__Bacteroides.s__Bacteroides_uniformis	0	0	0	0	0	50.1585	29.2886	53.4546	45.5524	26.2055	3.88344	18.4708	158.42	24.6499	14.9249
PWY-6387: UDP-N-acetylmuramoyl-pentapeptide biosynthesis I (meso-diaminopimelate containing)|g__Bacteroides.s__Bacteroides_vulgatus	0	0	0	0	0	10.12	6.84648	9.98334	8.31498	8.10682	6.37231	21.7947	0	0	0
PWY-6387: UDP-N-acetylmuramoyl-pentapeptide biosynthesis I (meso-diaminopimelate containing)|g__Bifidobacterium.s__Bifidobacterium_pseudolongum	0	0.389376	0	0.44116	0.683586	62.6912	114.08	115.208	90.7541	68.0589	199.291	253.758	87.5117	102.622	65.1148
PWY-6387: UDP-N-acetylmuramoyl-pentapeptide biosynthesis I (meso-diaminopimelate containing)|g__Dorea.s__Dorea_sp_5_2	0	0	0	0	0	2.614	4.40414	5.6943	3.60692	3.17247	5.11332	0	0.764341	1.22037	5.16372
PWY-6387: UDP-N-acetylmuramoyl-pentapeptide biosynthesis I (meso-diaminopimelate containing)|g__Enterorhabdus.s__Enterorhabdus_caecimuris	0	0	0	0	0	0.554835	0.920346	1.03564	1.22354	0	2.69148	3.38119	5.13254	6.80852	1.42625
PWY-6387: UDP-N-acetylmuramoyl-pentapeptide biosynthesis I (meso-diaminopimelate containing)|g__Erysipelatoclostridium.s__Clostridium_cocleatum	0	0	0	0	0	0	0	0	0	0	0	0.516429	0	0	0
PWY-6387: UDP-N-acetylmuramoyl-pentapeptide biosynthesis I (meso-diaminopimelate containing)|g__Lachnospiraceae_unclassified.s__Lachnospiraceae_bacterium_28_4	0	0	0	0	0	0	0	0	0	0	0	4.33212	0	0	0
PWY-6387: UDP-N-acetylmuramoyl-pentapeptide biosynthesis I (meso-diaminopimelate containing)|g__Lachnospiraceae_unclassified.s__Lachnospiraceae_bacterium_A2	0	0	0	0	0	0	0.745016	0	0	0	0	0	0	0.803587	7.40297
PWY-6387: UDP-N-acetylmuramoyl-pentapeptide biosynthesis I (meso-diaminopimelate containing)|g__Lactobacillus.s__Lactobacillus_intestinalis	0	0	0	0	0	1.46852	0.734843	0.369254	2.29287	0	0	0	3.10589	0	0
PWY-6387: UDP-N-acetylmuramoyl-pentapeptide biosynthesis I (meso-diaminopimelate containing)|g__Lactobacillus.s__Lactobacillus_johnsonii	0	0	0	0	0	13.2193	11.0002	7.74531	11.9582	1.34551	3.20891	50.0101	13.4441	4.42729	15.7419
PWY-6387: UDP-N-acetylmuramoyl-pentapeptide biosynthesis I (meso-diaminopimelate containing)|g__Lactobacillus.s__Lactobacillus_murinus	0	0	0	0	0	3.89558	3.05159	1.92499	3.11283	0	1.08519	2.98206	6.69787	4.06232	2.80035
PWY-6387: UDP-N-acetylmuramoyl-pentapeptide biosynthesis I (meso-diaminopimelate containing)|g__Lactobacillus.s__Lactobacillus_reuteri	0	0	0	0	0	8.04828	6.46732	4.86246	7.60446	0.693575	3.26473	19.3586	16.2055	3.08359	11.4455
PWY-6387: UDP-N-acetylmuramoyl-pentapeptide biosynthesis I (meso-diaminopimelate containing)|g__Lactococcus.s__Lactococcus_lactis	132.986	120.411	147.759	138.223	148.949	7.45138	1.07606	10.0299	4.02149	2.76123	0	0	0	1.60567	0
PWY-6387: UDP-N-acetylmuramoyl-pentapeptide biosynthesis I (meso-diaminopimelate containing)|g__Muribaculum.s__Muribaculum_intestinale	0	0	0	0	0	5.00779	6.30523	6.18824	9.03989	2.18381	1.21907	4.53614	16.0545	8.68432	3.2007
PWY-6387: UDP-N-acetylmuramoyl-pentapeptide biosynthesis I (meso-diaminopimelate containing)|g__Parabacteroides.s__Parabacteroides_distasonis	0	0	0	0	0	48.0198	22.8824	45.6941	37.2046	52.243	15.3024	21.9135	0	35.7717	27.7287
PWY-6387: UDP-N-acetylmuramoyl-pentapeptide biosynthesis I (meso-diaminopimelate containing)|g__Parabacteroides.s__Parabacteroides_goldsteinii	0	0	0	0	0	3.02869	1.53834	2.40154	2.33214	1.24195	0.952148	3.86043	0	0	0
PWY-6387: UDP-N-acetylmuramoyl-pentapeptide biosynthesis I (meso-diaminopimelate containing)|g__Turicimonas.s__Turicimonas_muris	0	0	0	0	0	8.40776	4.0677	2.69169	4.18156	10.2273	2.38704	1.73568	0	0	0
PWY-6387: UDP-N-acetylmuramoyl-pentapeptide biosynthesis I (meso-diaminopimelate containing)|unclassified	218.57	201.185	248.22	232.498	257.92	67.3785	86.7584	70.3319	91.9119	51.0149	152.432	98.2822	98.5934	105.321	147.763
PWY-6470: peptidoglycan biosynthesis V (&beta;-lactam resistance)	0	0	0	0	0	42.6061	8.16514	33.8375	19.851	18.295	5.46399	6.11958	0	2.94742	14.3664
PWY-6470: peptidoglycan biosynthesis V (&beta;-lactam resistance)|unclassified	0	0	0	0	0	0	0	0	0	0	5.19764	5.46428	0	2.82085	12.6533
PWY-6507: 4-deoxy-L-threo-hex-4-enopyranuronate degradation	1.08792	0	0.925704	0	0	4.84239	8.79149	15.6185	20.8504	4.85488	18.7734	9.88376	6.82595	15.572	25.8877
PWY-6507: 4-deoxy-L-threo-hex-4-enopyranuronate degradation|unclassified	0	0	0.747131	0	0	3.54215	7.7631	10.5482	16.5375	4.42552	12.4141	6.21973	5.40957	5.9964	14.9948
PWY-6519: 8-amino-7-oxononanoate biosynthesis I	0	0	0	0	0.798519	28.5138	20.7403	32.4889	21.0893	21.4401	10.4508	37.9538	0	13.8836	8.3474
PWY-6519: 8-amino-7-oxononanoate biosynthesis I|g__Bacteroides.s__Bacteroides_vulgatus	0	0	0	0	0	6.4513	4.40648	6.21707	4.70998	5.18779	3.97903	13.9229	0	0	0
PWY-6519: 8-amino-7-oxononanoate biosynthesis I|unclassified	0	0	0	0	0	2.78816	4.66626	3.55873	0.605899	3.34251	0.828453	5.08533	0	5.4219	5.59033
PWY-6527: stachyose degradation	8.19814	10.0888	12.0513	83.411	87.0707	140.417	164.042	110.831	155.034	102.695	190.53	202.815	130.383	163.493	334.159
PWY-6527: stachyose degradation|g__Dorea.s__Dorea_sp_5_2	0	0	0	0	0	3.81953	4.42948	7.14868	4.63259	4.49062	6.05127	0	1.01152	1.91657	6.96529
PWY-6527: stachyose degradation|g__Lachnospiraceae_unclassified.s__Lachnospiraceae_bacterium_28_4	0	0	0	0	0	0	0	0	0	0	0	4.58095	0	0	0
PWY-6527: stachyose degradation|g__Lactobacillus.s__Lactobacillus_intestinalis	0	0	0	0	0	2.64	1.23895	0.692981	4.71992	0	0	0	6.48722	0	0.301532
PWY-6527: stachyose degradation|g__Lactobacillus.s__Lactobacillus_murinus	0	0	0	0	0	3.89689	4.44435	2.65591	4.28156	0.450353	1.78896	3.35658	8.51338	4.59797	3.7991
PWY-6527: stachyose degradation|g__Lactobacillus.s__Lactobacillus_reuteri	0	0	0	0	0	7.21996	5.65145	4.10588	5.71422	0.695942	2.94823	14.6558	16.2784	2.53078	11.1405
PWY-6527: stachyose degradation|g__Lactococcus.s__Lactococcus_lactis	0	0	0	0	0	0	0	2.12961	1.62916	1.34983	0	0	0	0	0
PWY-6527: stachyose degradation|unclassified	0	0	1.00872	0	0.414843	41.2342	66.8227	31.6931	51.312	44.4876	122.711	47.8321	42.4237	84.8575	211.795
PWY-6531: mannitol cycle	0	0	0	0	0	0	0.671067	0	0	0.781097	0	0	0	0	5.39296
PWY-6531: mannitol cycle|unclassified	0	0	0	0	0	0	0.659482	0	0	0.741589	0	0	0	0	5.32912
PWY-6545: pyrimidine deoxyribonucleotides de novo biosynthesis III	21.5474	21.796	15.5751	17.8478	13.1747	99.9833	36.6907	103.488	96.1907	83.2281	43.5281	77.6579	60.7102	117.582	65.3411
PWY-6545: pyrimidine deoxyribonucleotides de novo biosynthesis III|unclassified	20.5861	21.5503	14.6271	17.6783	13.0826	1.76754	0	11.9996	10.4831	12.7048	14.123	24.5654	21.481	37.852	23.6591
PWY-6549: L-glutamine biosynthesis III	0	0	0	0	0	8.5811	17.4324	7.61921	9.38418	7.39433	40.4101	31.3368	9.36171	32.0288	56.7718
PWY-6549: L-glutamine biosynthesis III|unclassified	0	0	0	0	0	1.67646	0	0	0	0	24.3507	0	7.05017	13.0389	11.8819
PWY-6588: pyruvate fermentation to acetone	0	0	0	0	0	0	1.0595	0	0	0	0	5.90911	0	1.31283	5.68347
PWY-6588: pyruvate fermentation to acetone|unclassified	0	0	0	0	0	0	1.05046	0	0	0	0	5.47835	0	1.30284	5.58115
PWY-6590: superpathway of Clostridium acetobutylicum acidogenic fermentation	0	0	0	0	0	8.73048	16.9146	8.21008	14.6326	4.21166	18.9284	19.6586	23.0125	11.5649	38.139
PWY-6590: superpathway of Clostridium acetobutylicum acidogenic fermentation|unclassified	0	0	0	0	0	0	1.68671	0	2.4453	0	13.2337	13.313	5.76356	4.68057	10.3617
PWY-6595: superpathway of guanosine nucleotides degradation (plants)	0	0	0	0	0	4.19066	23.1748	26.892	21.1198	4.68634	6.94734	9.75232	0	10.3304	11.4069
PWY-6595: superpathway of guanosine nucleotides degradation (plants)|unclassified	0	0	0	0	0	1.00304	0	0	0	0	0	0	0	0.572492	2.29374
PWY-6606: guanosine nucleotides degradation II	0	0	0	0	0	28.6576	27.0096	32.069	26.8047	36.8906	15.8702	10.7627	15.1185	13.1234	40.8596
PWY-6606: guanosine nucleotides degradation II|unclassified	0	0	0	0	0	2.24299	1.7565	1.65203	1.07419	0.841042	4.67523	2.48495	0	3.43269	7.95422
PWY-6607: guanosine nucleotides degradation I	0	0	0	0	0	2.9724	27.0096	27.6056	20.7643	4.6764	15.8702	10.7627	15.1185	10.2906	40.8596
PWY-6607: guanosine nucleotides degradation I|unclassified	0	0	0	0	0	1.0235	0	0	0	0	0	2.48495	0	0.596307	2.47771
PWY-6608: guanosine nucleotides degradation III	0	0	0	0	0	37.8051	37.9393	60.3982	35.1606	84.9507	38.0816	11.0533	15.8317	18.0115	49.21
PWY-6608: guanosine nucleotides degradation III|g__Bacteroides.s__Bacteroides_caecimuris	0	0	0	0	0	15.9684	16.302	30.9541	17.9601	53.7523	0.698211	2.39285	0	1.81823	0
PWY-6608: guanosine nucleotides degradation III|unclassified	0	0	0	0	0	4.23846	31.7527	32.9101	22.9309	29.914	33.8903	10.489	14.6122	12.5616	41.2839
PWY-6609: adenine and adenosine salvage III	546.434	518.831	583.352	575.011	590.855	496.662	554.525	497.23	551.644	549.467	491.546	432.139	376.76	468.677	496.944
PWY-6609: adenine and adenosine salvage III|g__Alistipes.s__Alistipes_timonensis	0	0	0	0	0	1.49305	1.73326	1.06551	0.940482	1.53875	1.03926	1.25759	0	0	0
PWY-6609: adenine and adenosine salvage III|g__Anaerotruncus.s__Anaerotruncus_sp_G3_2012	0	0	0	0	0	0	0	0	0	0	0	0.29659	0	0	3.95174
PWY-6609: adenine and adenosine salvage III|g__Bacteroides.s__Bacteroides_caecimuris	0	0	0	0	0	18.8286	18.9576	30.3723	18.4785	61.2382	1.49176	8.99946	0	9.80528	0
PWY-6609: adenine and adenosine salvage III|g__Bacteroides.s__Bacteroides_uniformis	0.223005	0	0	0	0	52.6289	17.6886	37.3808	34.0069	25.4456	2.74725	11.7538	148.595	24.7244	12.7621
PWY-6609: adenine and adenosine salvage III|g__Bacteroides.s__Bacteroides_vulgatus	0	0	0	0	0	9.46468	5.61036	7.81988	6.8033	7.85244	4.93472	17.6089	0	0.321011	0
PWY-6609: adenine and adenosine salvage III|g__Dorea.s__Dorea_sp_5_2	0	0	0	0	0	2.88538	2.078	5.62792	4.03664	3.52342	4.31775	0.197956	1.37022	1.01424	4.71299
PWY-6609: adenine and adenosine salvage III|g__Enterorhabdus.s__Enterorhabdus_caecimuris	0	0	0	0	0	0.485172	0.529067	0.845419	0.706768	0.24204	2.28177	2.14889	1.86232	2.92816	0.915839
PWY-6609: adenine and adenosine salvage III|g__Erysipelatoclostridium.s__Clostridium_cocleatum	0	0	0	0	0	0	0	0	0	0	0	0.71953	0	0	0
PWY-6609: adenine and adenosine salvage III|g__Faecalibaculum.s__Faecalibaculum_rodentium	0.652703	0.663978	1.2145	0.741378	0	209.5	303.304	198.398	254.745	292.647	241.337	151.831	2.12394	161.622	103.266
PWY-6609: adenine and adenosine salvage III|g__Lachnospiraceae_unclassified.s__Lachnospiraceae_bacterium_28_4	0	0	0	0	0	0	0	0	0	0	0	4.33095	0	0	0
PWY-6609: adenine and adenosine salvage III|g__Lachnospiraceae_unclassified.s__Lachnospiraceae_bacterium_A2	0	0	0	0	0	0.322542	0.66912	0	0	0.328825	0	0	0	0.493884	7.56196
PWY-6609: adenine and adenosine salvage III|g__Lactobacillus.s__Lactobacillus_murinus	0	0	0	0	0	4.14828	4.35683	1.7565	3.97931	0.435376	1.09891	2.99734	7.6326	5.15171	2.70405
PWY-6609: adenine and adenosine salvage III|g__Lactobacillus.s__Lactobacillus_reuteri	0	0	0	0	0	8.32622	6.01083	4.30844	6.55679	1.16737	4.55347	20.2245	21.2823	3.18799	14.5115
PWY-6609: adenine and adenosine salvage III|g__Lactococcus.s__Lactococcus_lactis	403.899	368.322	448.006	431.269	445.416	13.1388	1.6175	15.4631	7.71303	5.23048	1.58125	2.78578	3.58765	5.51431	1.90715
PWY-6609: adenine and adenosine salvage III|g__Muribaculaceae_unclassified.s__Muribaculaceae_bacterium_DSM_103720	0	0	0	0	0	0.682096	1.63513	1.18693	1.23144	0.156235	0	0	0	0.366179	0
PWY-6609: adenine and adenosine salvage III|g__Muribaculum.s__Muribaculum_intestinale	0	0	0	0	0	4.33299	4.38351	4.74597	6.83127	2.59189	0.80319	2.98122	14.2859	7.13369	2.01432
PWY-6609: adenine and adenosine salvage III|g__Parabacteroides.s__Parabacteroides_distasonis	0	0	0	0	0	40.6514	19.9754	39.7675	28.649	44.856	12.2796	16.6886	0	30.442	22.8459
PWY-6609: adenine and adenosine salvage III|g__Parabacteroides.s__Parabacteroides_goldsteinii	0	0	0	0	0	2.48078	0.608821	1.0149	1.42377	1.19428	0	1.89407	0	0	0
PWY-6609: adenine and adenosine salvage III|unclassified	111.771	118.035	91.1951	102.529	88.4837	108.159	135.425	107.814	148.09	83.1724	186.585	133.031	137.849	191.484	283.802
PWY-6612: superpathway of tetrahydrofolate biosynthesis	323.244	297.579	345.856	327.579	350.173	26.8574	9.6686	31.608	21.0967	11.2758	5.02735	9.50625	19.6974	12.7689	7.86472
PWY-6612: superpathway of tetrahydrofolate biosynthesis|g__Lactococcus.s__Lactococcus_lactis	218.234	196.646	234.7	220.833	245.771	0	0	2.89447	2.34067	1.6891	0	0	0	3.32163	0
PWY-6628: superpathway of L-phenylalanine biosynthesis	211.29	230.462	150.566	152.251	151.241	8.13318	11.0931	8.62845	6.58945	8.52193	10.0075	6.37949	0	4.23143	1.99133
PWY-6628: superpathway of L-phenylalanine biosynthesis|unclassified	0	0	0	0	0	0	0.67782	0	0	0	1.04509	1.01828	0	4.10558	1.97943
PWY-6629: superpathway of L-tryptophan biosynthesis	407.258	393.697	407.249	327.935	391.926	374.876	443.469	417.65	435.686	441.104	452.082	407.08	109.329	340.445	260.976
PWY-6629: superpathway of L-tryptophan biosynthesis|g__Lactococcus.s__Lactococcus_lactis	30.6196	35.9491	29.7404	28.6955	30.7001	8.70368	1.37776	11.58	5.224	3.48588	0	0	0	0	0
PWY-6629: superpathway of L-tryptophan biosynthesis|unclassified	0	0	0	1.74376	0	27.2588	30.0636	32.7254	25.8618	18.346	34.9297	31.9591	20.0843	38.6993	49.9631
PWY-6630: superpathway of L-tyrosine biosynthesis	207.491	225.269	148.773	150.226	149.841	8.35239	11.7392	8.87039	6.7532	8.91421	10.7339	6.51225	0	4.32679	1.99994
PWY-6630: superpathway of L-tyrosine biosynthesis|unclassified	0	0	0	0	1.8764	0	0	0	0	0	1.05156	0.853407	0	0	1.78632
PWY-6700: queuosine biosynthesis I (de novo)	430.339	396.627	468.112	433.268	465.086	286.051	255.228	287.734	281.96	257.49	178.245	338.777	594.49	325.085	187.596
PWY-6700: queuosine biosynthesis I (de novo)|g__Akkermansia.s__Akkermansia_muciniphila	0	0	0	0	0	7.23609	8.7763	8.90932	5.11902	7.79716	22.2874	83.4316	172.276	37.2785	15.5736
PWY-6700: queuosine biosynthesis I (de novo)|g__Bacteroides.s__Bacteroides_caecimuris	0	0	0	0	0	15.8734	15.001	22.3564	14.766	52.2406	0.920886	3.28233	0	2.96933	0
PWY-6700: queuosine biosynthesis I (de novo)|g__Bacteroides.s__Bacteroides_uniformis	0	0	0	0	0	51.5829	28.1517	52.1174	43.5756	28.7557	3.69148	17.3244	164.336	26.5238	16.3413
PWY-6700: queuosine biosynthesis I (de novo)|g__Bacteroides.s__Bacteroides_vulgatus	0	0	0	0	0	9.93116	5.73865	8.02995	7.94595	9.49999	5.38947	19.362	0	0	0
PWY-6700: queuosine biosynthesis I (de novo)|g__Dorea.s__Dorea_sp_5_2	0	0	0	0	0	2.70796	3.03976	4.08985	3.04186	4.06474	3.82686	0	0.677002	1.06286	4.1842
PWY-6700: queuosine biosynthesis I (de novo)|g__Enterorhabdus.s__Enterorhabdus_caecimuris	0	0	0	0	0	1.0173	1.28849	1.57437	2.56253	0.629394	6.97481	5.32044	5.17768	7.7698	2.13008
PWY-6700: queuosine biosynthesis I (de novo)|g__Erysipelatoclostridium.s__Clostridium_cocleatum	0	0	0	0	0	0	0	0	0	0	0	0.80042	0	0	0
PWY-6700: queuosine biosynthesis I (de novo)|g__Lachnospiraceae_unclassified.s__Lachnospiraceae_bacterium_28_4	0	0	0	0	0	0	0	0	0	0	0	3.18919	0	0	0
PWY-6700: queuosine biosynthesis I (de novo)|g__Lachnospiraceae_unclassified.s__Lachnospiraceae_bacterium_A2	0	0	0	0	0	0	0	0	0	0	0	0	0	0.318339	5.14616
PWY-6700: queuosine biosynthesis I (de novo)|g__Lactobacillus.s__Lactobacillus_murinus	0	0	0	0	0	3.84776	3.90439	2.24605	3.21963	0.394583	1.84648	3.2615	6.1462	3.90786	3.01093
PWY-6700: queuosine biosynthesis I (de novo)|g__Lactococcus.s__Lactococcus_lactis	13.4247	14.0494	16.2068	14.5181	15.1787	8.09232	1.67796	7.75489	4.00803	2.93481	0	0	0	0	0
PWY-6700: queuosine biosynthesis I (de novo)|g__Muribaculaceae_unclassified.s__Muribaculaceae_bacterium_DSM_103720	0	0	0	0	0	0.962615	3.04595	3.37243	3.08003	0	0	0	0	0	0
PWY-6700: queuosine biosynthesis I (de novo)|g__Muribaculum.s__Muribaculum_intestinale	0	0	0	0	0	7.51845	8.19925	8.28578	10.2908	2.99195	1.82427	6.80684	22.4727	12.256	4.75609
PWY-6700: queuosine biosynthesis I (de novo)|g__Parabacteroides.s__Parabacteroides_distasonis	0	0	0	0	0	43.4369	17.2113	42.4951	27.0987	48.6427	11.6634	18.4096	0	29.1224	22.4381
PWY-6700: queuosine biosynthesis I (de novo)|g__Parabacteroides.s__Parabacteroides_goldsteinii	0	0	0	0	0	3.31646	2.80132	2.96544	2.86659	1.92819	1.63004	6.65669	0	0	0
PWY-6700: queuosine biosynthesis I (de novo)|g__Turicimonas.s__Turicimonas_muris	0	0	0	0	0	5.4112	3.10147	1.68933	3.04688	8.15358	1.46209	1.16326	0	0	0
PWY-6700: queuosine biosynthesis I (de novo)|unclassified	42.522	38.3649	49.5664	45.8934	54.3013	92.1443	115.663	96.5843	128.331	54.6471	92.7797	102.881	186.362	149.772	129.53
PWY-6703: preQ0 biosynthesis	0.237201	0.496383	0.331854	0	0.506364	227.39	163.872	226.168	214.926	249.446	108.345	237.537	431.32	226.026	121.258
PWY-6703: preQ0 biosynthesis|g__Akkermansia.s__Akkermansia_muciniphila	0	0	0	0	0	7.06828	9.74367	9.63366	6.20763	8.01781	22.1287	82.9888	191.299	31.724	15.7646
PWY-6703: preQ0 biosynthesis|g__Bacteroides.s__Bacteroides_caecimuris	0	0	0	0	0	19.0963	17.7949	30.5697	17.3964	56.6594	0.720258	7.66102	0	8.21239	0
PWY-6703: preQ0 biosynthesis|g__Bacteroides.s__Bacteroides_uniformis	0	0	0	0	0	42.6671	19.2786	40.7964	35.7636	23.2537	2.73876	13.3892	143.908	23.2879	11.3174
PWY-6703: preQ0 biosynthesis|g__Bacteroides.s__Bacteroides_vulgatus	0	0	0	0	0	9.11276	5.86128	7.95969	6.74765	8.13132	4.46579	17.6782	0	0.220025	0
PWY-6703: preQ0 biosynthesis|g__Enterorhabdus.s__Enterorhabdus_caecimuris	0	0	0	0	0	1.06932	1.45643	1.22005	2.30756	0.374671	5.55336	4.87787	7.29142	8.07853	2.26741
PWY-6703: preQ0 biosynthesis|g__Erysipelatoclostridium.s__Clostridium_cocleatum	0	0	0	0	0	0	0	0	0	0	0	0.753592	0	0	0
PWY-6703: preQ0 biosynthesis|g__Muribaculaceae_unclassified.s__Muribaculaceae_bacterium_DSM_103720	0	0	0	0	0	0.398495	0.926556	1.15279	0.953576	0	0	0	0	0	0
PWY-6703: preQ0 biosynthesis|g__Muribaculum.s__Muribaculum_intestinale	0	0	0	0	0	5.57638	2.45529	4.43393	7.44091	2.53047	0	2.9952	14.9565	7.82603	2.06635
PWY-6703: preQ0 biosynthesis|g__Parabacteroides.s__Parabacteroides_distasonis	0	0	0	0	0	84.6273	41.1015	76.0428	63.8476	100.124	29.0052	37.5021	0	67.2427	47.2918
PWY-6703: preQ0 biosynthesis|g__Parabacteroides.s__Parabacteroides_goldsteinii	0	0	0	0	0	5.71511	1.78727	2.81894	3.15245	3.12993	0.900153	6.39509	0	0	0
PWY-6703: preQ0 biosynthesis|unclassified	0	0	0	0	0	49.5603	60.8883	51.5491	68.4549	32.0665	25.6906	44.5886	85.0612	82.827	32.8625
PWY-6731: starch degradation III	0	0	0	0	0	82.5257	79.8702	75.682	77.2385	103.299	51.5368	94.1471	74.4252	82.1212	103.318
PWY-6731: starch degradation III|unclassified	0	0	0	0	0	0.631629	1.98965	0	0	0	12.4209	3.47762	0	0	8.37055
PWY-6749: CMP-legionaminate biosynthesis I	0	0	0	0	0	0	3.67387	0	0	0	0	1.18033	0	0	0
PWY-6749: CMP-legionaminate biosynthesis I|unclassified	0	0	0	0	0	0	3.60312	0	0	0	0	1.17261	0	0	0
PWY-6823: molybdopterin biosynthesis	0	0	0	0	0	19.7579	19.5703	15.6773	19.3107	14.0993	29.629	26.5511	22.584	13.9462	35.2932
PWY-6823: molybdopterin biosynthesis|g__Enterorhabdus.s__Enterorhabdus_caecimuris	0	0	0	0	0	0.645621	1.01201	1.18231	1.4772	0.233857	3.81907	3.18435	4.44782	6.01149	1.75607
PWY-6823: molybdopterin biosynthesis|g__Lactobacillus.s__Lactobacillus_reuteri	0	0	0	0	0	6.88688	8.3353	5.72887	7.1229	0.796183	4.60312	16.6295	16.4144	2.00136	14.3498
PWY-6823: molybdopterin biosynthesis|g__Mucispirillum.s__Mucispirillum_schaedleri	0	0	0	0	0	0	0	0	0	0	0	0	0	0.597748	0
PWY-6823: molybdopterin biosynthesis|g__Turicimonas.s__Turicimonas_muris	0	0	0	0	0	6.68819	2.65139	1.88822	2.89854	7.77362	1.708	1.10554	0	0	0
PWY-6823: molybdopterin biosynthesis|unclassified	0	0	0	0	0	0.391833	3.65787	3.16088	5.21824	2.18577	17.8303	3.31244	0.65499	2.62247	16.7197
PWY-6859: all-trans-farnesol biosynthesis	0	0	0	0	0	26.5086	16.7299	23.3723	17.3827	13.1643	13.4783	44.3009	19.4794	4.15312	16.822
PWY-6859: all-trans-farnesol biosynthesis|g__Lactobacillus.s__Lactobacillus_reuteri	0	0	0	0	0	5.21057	4.93835	4.91693	4.22375	0.706358	3.28798	12.5108	14.7677	2.21887	11.2704
PWY-6876: isopropanol biosynthesis (engineered)	0	0	0	0	0	0	0	0	0	0	1.59	0	0	0	0
PWY-6876: isopropanol biosynthesis (engineered)|unclassified	0	0	0	0	0	0	0	0	0	0	1.58454	0	0	0	0
PWY-6892: thiazole component of thiamine diphosphate biosynthesis I	0	0	0	0	0	115.898	95.9382	144.109	110.779	126.291	34.8669	63.9181	273.457	76.4928	62.07
PWY-6892: thiazole component of thiamine diphosphate biosynthesis I|g__Bacteroides.s__Bacteroides_caecimuris	0	0	0	0	0	14.0075	16.8404	32.0032	16.9096	53.8541	1.36661	3.55983	0	2.66514	0
PWY-6892: thiazole component of thiamine diphosphate biosynthesis I|g__Bacteroides.s__Bacteroides_uniformis	0	0	0	0	0	47.0921	30.3404	54.6926	43.1882	25.913	4.4707	17.8335	166.24	23.0667	14.7085
PWY-6892: thiazole component of thiamine diphosphate biosynthesis I|unclassified	0	0	0	0	0	15.759	10.8428	9.72136	11.0722	8.84683	22.7239	18.4391	7.80887	24.5349	38.3172
PWY-6895: superpathway of thiamine diphosphate biosynthesis II	0	0	0	0	0	0	5.05954	2.02954	7.38287	2.34554	5.17297	4.67259	0	0	0
PWY-6895: superpathway of thiamine diphosphate biosynthesis II|unclassified	0	0	0	0	0	0	4.4042	1.60483	6.66998	2.13313	4.68111	4.41147	0	0	0
PWY-6897: thiamine diphosphate salvage II	0.704823	0.685409	0.818961	0	0.639695	143.492	117.815	162.761	147.944	133.536	66.7879	173.683	350.159	125.943	98.638
PWY-6897: thiamine diphosphate salvage II|g__Bacteroides.s__Bacteroides_uniformis	0	0	0	0	0	49.7483	24.0783	47.5434	39.2844	25.4644	2.92569	14.7707	158.998	26.2483	14.9222
PWY-6897: thiamine diphosphate salvage II|g__Lactobacillus.s__Lactobacillus_reuteri	0	0	0	0	0	6.54363	3.9801	2.90824	4.76254	0.688214	2.00415	12.6133	10.7423	1.71547	5.77053
PWY-6897: thiamine diphosphate salvage II|unclassified	0	0	0	0	0	4.70051	10.7215	2.31585	18.6494	7.19839	14.2478	26.6933	27.0293	18.0532	30.5427
PWY-6901: superpathway of glucose and xylose degradation	4.96294	0	3.16821	0	3.46205	194.125	158.753	219.459	183.162	193.299	217.594	269.685	264.817	194.007	208.596
PWY-6901: superpathway of glucose and xylose degradation|unclassified	0	0	0	0	0	8.94002	16.5494	10.3268	16.2095	12.9134	16.2999	27.6081	9.22718	36.4609	37.7104
PWY-6902: chitin degradation II (Vibrio)	85.3827	61.6609	81.1002	77.5337	95.9229	99.8548	41.2191	88.2399	68.6623	56.0583	10.3818	47.7019	205.075	51.2309	23.7392
PWY-6902: chitin degradation II (Vibrio)|g__Bacteroides.s__Bacteroides_uniformis	0	0	0	0	0	64.4551	27.3316	58.9899	48.515	33.4371	3.70553	17.0012	197.099	32.165	15.6641
PWY-6902: chitin degradation II (Vibrio)|g__Bacteroides.s__Bacteroides_vulgatus	0	0	0	0	0	7.37869	4.22945	5.1158	4.80657	6.06792	4.54799	14.0167	0	0	0
PWY-6902: chitin degradation II (Vibrio)|g__Lactococcus.s__Lactococcus_lactis	72.3763	61.3937	80.8996	77.3096	81.1033	7.72349	0.754767	8.36023	3.7432	3.11584	0	0	0	0	0
PWY-6902: chitin degradation II (Vibrio)|unclassified	12.9249	0	0	0	14.3231	12.2572	5.82738	8.95431	6.13906	8.04526	1.27258	12.9975	0	15.0803	6.45541
PWY-6906: chitin derivatives degradation	0	0	0	0	0	0	0	1.44383	2.44976	0	0	0	0	1.05112	7.36855
PWY-6906: chitin derivatives degradation|unclassified	0	0	0	0	0	0	0	0.999069	0	0	0	0	0	0	0
PWY-6922: L-N&delta;-acetylornithine biosynthesis	96.5122	108.36	70.8431	83.3785	66.4529	0	0	0	0	0	0	0	0	0.364676	0.809172
PWY-6922: L-N&delta;-acetylornithine biosynthesis|unclassified	5.91022	6.49609	10.608	0.545236	6.31404	0	0	0	0	0	0	0	0	0.361797	0.791319
PWY-6936: seleno-amino acid biosynthesis (plants)	636.51	575.716	708.095	672.062	738.499	144.871	193.432	208.355	160.355	113.422	262.199	352.242	184.119	166.542	150.723
PWY-6936: seleno-amino acid biosynthesis (plants)|g__Lactobacillus.s__Lactobacillus_reuteri	0	0	0	0	0	7.09343	6.29348	5.03718	7.0108	0.734509	4.40413	15.9894	20.9973	3.20835	14.1565
PWY-6936: seleno-amino acid biosynthesis (plants)|g__Lactococcus.s__Lactococcus_lactis	141.301	129.642	148.493	148.207	163.238	13.4723	2.03716	16.1576	6.92406	4.16144	0	0	0	0	0
PWY-6936: seleno-amino acid biosynthesis (plants)|unclassified	526.416	477.827	587.3	555.73	611.909	15.9638	2.15081	18.8971	9.87933	6.74188	3.04505	5.39399	8.87461	10.1582	5.22387
PWY-6953: dTDP-3-acetamido-&alpha;-D-fucose biosynthesis	0	0	0	0	0	0	2.91927	0	0	0	0	0	0	0	0
PWY-6953: dTDP-3-acetamido-&alpha;-D-fucose biosynthesis|unclassified	0	0	0	0	0	0	2.90715	0	0	0	0	0	0	0	0
PWY-6961: L-ascorbate degradation II (bacterial, aerobic)	0	0	0	0	0	0	0	0	0	0	0	0.694831	0	0	2.16294
PWY-6961: L-ascorbate degradation II (bacterial, aerobic)|unclassified	0	0	0	0	0	0	0	0	0	0	0	0.6927	0	0	2.15675
PWY-6969: TCA cycle V (2-oxoglutarate synthase)	0	0	0.785834	0.679108	0.640472	8.43186	16.588	7.7574	7.55015	9.60604	39.2386	63.5539	32.8304	47.6475	45.9115
PWY-6969: TCA cycle V (2-oxoglutarate synthase)|unclassified	0	0	0	0	0	4.86276	8.66776	4.94333	4.17037	4.45835	13.8792	21.2499	20.0117	14.4258	12.736
PWY-6992: 1,5-anhydrofructose degradation	0	0	0	0	0	0	0	0	0	0	0	0	0	0	3.20946
PWY-6992: 1,5-anhydrofructose degradation|unclassified	0	0	0	0	0	0	0	0	0	0	0	0	0	0	3.14774
PWY-7013: (S)-propane-1,2-diol degradation	0	0	0	0	0	0	0	0	0	0	15.0352	0.460093	0	0	1.23551
PWY-7013: (S)-propane-1,2-diol degradation|unclassified	0	0	0	0	0	0	0	0	0	0	11.6792	0.449694	0	0	1.21972
PWY-702: L-methionine biosynthesis II	60.7082	51.4226	69.689	62.0976	61.0026	50.147	19.7563	53.0743	32.0937	17.2381	15.7431	30.3541	16.3093	19.5291	34.8775
PWY-702: L-methionine biosynthesis II|g__Lactococcus.s__Lactococcus_lactis	52.9951	50.9634	61.9062	61.2369	60.3346	10.2419	1.27465	12.8919	5.58521	4.85329	0	0	0	0	0
PWY-702: L-methionine biosynthesis II|unclassified	0.968937	0	0	0	0	1.07484	3.23974	1.36913	1.95826	0.851843	5.75348	1.57191	1.16897	2.97292	9.14693
PWY-7039: phosphatidate metabolism, as a signaling molecule	73.1082	80.8557	53.3006	62.7975	50.5085	0	0	0	0	0	0	0	0	0.29389	0.247943
PWY-7039: phosphatidate metabolism, as a signaling molecule|unclassified	71.5546	78.8927	52.6016	61.6865	49.8153	0	0	0	0	0	0	0	0	0.293293	0.247837
PWY-7111: pyruvate fermentation to isobutanol (engineered)	4.59468	3.95214	6.2438	1.93458	7.66914	217.28	324.684	297.644	253.981	178.906	473.789	554.674	325.997	269.819	275.779
PWY-7111: pyruvate fermentation to isobutanol (engineered)|g__Bifidobacterium.s__Bifidobacterium_pseudolongum	0.413586	0.452771	0.253632	0.58295	0.586963	67.5305	120.938	117.692	90.8016	71.8958	210.696	280.194	89.727	109.352	68.8378
PWY-7111: pyruvate fermentation to isobutanol (engineered)|g__Lactococcus.s__Lactococcus_lactis	3.54592	2.99577	5.7393	0	5.97275	0	0	2.19249	1.79073	1.25749	0	0	0	0	0
PWY-7111: pyruvate fermentation to isobutanol (engineered)|unclassified	0	0	0	0	0.383071	12.3745	21.128	11.5246	13.7396	10.3855	55.1032	22.5368	31.2487	26.8878	78.823
PWY-7115: C4 photosynthetic carbon assimilation cycle, NAD-ME type	4.01361	6.09464	3.26789	4.90948	4.57393	127.713	139.647	169.027	133.692	128.391	87.936	196.507	158.739	137.315	84.2096
PWY-7115: C4 photosynthetic carbon assimilation cycle, NAD-ME type|unclassified	1.03423	2.25249	0	1.88544	2.15974	0	0	1.04173	0	1.59276	3.6983	2.33496	5.39512	6.92844	3.23351
PWY-7117: C4 photosynthetic carbon assimilation cycle, PEPCK type	1.56336	1.41177	0.989947	0	1.53645	100.713	76.0189	103.489	91.7434	74.7687	27.481	79.1195	168.131	59.9917	36.2629
PWY-7117: C4 photosynthetic carbon assimilation cycle, PEPCK type|unclassified	0	0	0	0	0	0	0	0	0	0	6.63107	0	11.0613	4.95928	0.867223
PWY-7118: chitin deacetylation	106.266	135.797	71.1136	85.5028	70.4254	0	0	0	0	0	0	0	0	0.303361	0.310052
PWY-7118: chitin deacetylation|unclassified	75.2032	80.9077	59.0447	64.5033	56.4525	0	0	0	0	0	0	0	0	0.297375	0.307019
PWY-7184: pyrimidine deoxyribonucleotides de novo biosynthesis I	28.0173	28.3749	20.3512	23.2955	17.2328	148.502	37.8018	154.859	114.62	99.4205	44.4547	82.788	93.2229	131.019	66.2504
PWY-7184: pyrimidine deoxyribonucleotides de novo biosynthesis I|unclassified	26.5364	27.7784	19.0113	22.892	17.0193	1.79202	0	12.9837	11.1063	13.7089	14.2495	25.8411	31.9385	41.2231	23.9646
PWY-7185: UTP and CTP dephosphorylation I	0.558397	0	0.524033	0	0	152.671	28.5771	175.412	105.304	83.0244	40.1117	70.3031	109.169	143.516	70.1091
PWY-7185: UTP and CTP dephosphorylation I|unclassified	0	0	0.523344	0	0	0.518563	0	10.4589	8.48735	10.7742	13.9764	22.3217	39.6525	46.8068	28.705
PWY-7197: pyrimidine deoxyribonucleotide phosphorylation	13.3635	13.4467	9.6284	11.0168	8.14261	145.544	106.739	132.913	141.241	151.236	56.6735	135.768	89.1614	107.522	66.1917
PWY-7197: pyrimidine deoxyribonucleotide phosphorylation|g__Enterorhabdus.s__Enterorhabdus_caecimuris	0	0	0	0	0	0	0.921457	0.879693	1.25777	0	1.72524	2.29966	3.41219	4.42497	1.3053
PWY-7197: pyrimidine deoxyribonucleotide phosphorylation|g__Mucispirillum.s__Mucispirillum_schaedleri	0	0	0	0	0	0	0	0	0	0	0	0	0	0.259171	0
PWY-7197: pyrimidine deoxyribonucleotide phosphorylation|g__Turicimonas.s__Turicimonas_muris	0	0	0	0	0	8.23946	2.6729	2.62121	4.05253	9.38491	1.27907	1.19661	0	0	0
PWY-7197: pyrimidine deoxyribonucleotide phosphorylation|unclassified	12.8789	13.4305	9.08925	11.0072	8.13756	9.62395	16.5704	18.8529	22.8705	19.4522	18.2925	34.251	21.2098	36.8456	22.733
PWY-7198: pyrimidine deoxyribonucleotides de novo biosynthesis IV	23.0471	23.1775	16.6952	19.0637	14.1389	186.422	158.503	182.237	189.357	204.997	92.4573	203.162	128.238	154.364	97.9032
PWY-7198: pyrimidine deoxyribonucleotides de novo biosynthesis IV|unclassified	21.9036	22.808	15.6141	18.8195	14.0114	15.4401	25.8988	27.4202	33.5342	28.8882	28.6595	22.3433	38.0951	49.3625	32.3431
PWY-7199: pyrimidine deoxyribonucleosides salvage	388.064	374.1	430.926	404.38	429.068	364.936	320.805	361.703	397.07	388.972	194.55	280.804	259.019	274.296	228.591
PWY-7199: pyrimidine deoxyribonucleosides salvage|g__Alistipes.s__Alistipes_timonensis	0	0	0	0	0	1.87416	3.03088	1.31133	1.75552	1.94819	1.9807	2.32673	0	0	0
PWY-7199: pyrimidine deoxyribonucleosides salvage|g__Bacteroides.s__Bacteroides_caecimuris	0	0	0	0	0	13.6636	17.0558	28.2435	17.3967	58.9581	1.12939	1.14508	0	0.847971	0
PWY-7199: pyrimidine deoxyribonucleosides salvage|g__Bacteroides.s__Bacteroides_uniformis	0	0	0	0	0	54.1602	23.9838	55.8725	45.5366	26.7711	3.85759	17.7766	166.847	23.8413	14.3288
PWY-7199: pyrimidine deoxyribonucleosides salvage|g__Bacteroides.s__Bacteroides_vulgatus	0	0	0	0	0	8.84034	4.43324	7.2296	5.87652	6.6458	3.84063	16.7814	0	0	0
PWY-7199: pyrimidine deoxyribonucleosides salvage|g__Erysipelatoclostridium.s__Clostridium_cocleatum	0	0	0	0	0	0	0	0	0	0	0	0.942018	0	0	0
PWY-7199: pyrimidine deoxyribonucleosides salvage|g__Lactococcus.s__Lactococcus_lactis	204.32	197.386	232.904	217.489	231.643	11.9233	1.19043	12.4332	4.53597	5.1838	0.582776	1.11859	1.93068	3.1717	0.944753
PWY-7199: pyrimidine deoxyribonucleosides salvage|g__Parabacteroides.s__Parabacteroides_distasonis	0	0	0	0	0	48.0138	19.3939	40.9014	33.6314	48.3405	12.457	17.9956	0	33.6317	21.2428
PWY-7199: pyrimidine deoxyribonucleosides salvage|unclassified	101.671	103.251	71.4607	81.0918	64.5173	98.962	127.906	95.5359	135.782	100.724	108.607	102.526	31.7561	116.122	122.023
PWY-7200: superpathway of pyrimidine deoxyribonucleoside salvage	0	0	0	0	0	0	0	0	0	0	0	0	0	0.562899	0
PWY-7200: superpathway of pyrimidine deoxyribonucleoside salvage|unclassified	0	0	0	0	0	0	0	0	0	0	0	0	0	0.559834	0
PWY-7208: superpathway of pyrimidine nucleobases salvage	163.284	179.852	114.104	127.419	106.661	205.923	153.351	187.167	199.276	211.457	83.3999	194.491	131.641	154.078	98.958
PWY-7208: superpathway of pyrimidine nucleobases salvage|g__Enterorhabdus.s__Enterorhabdus_caecimuris	0	0	0	0	0	1.16271	2.95469	2.70506	2.79929	0.638343	9.76077	6.33842	7.03168	8.47782	2.49022
PWY-7208: superpathway of pyrimidine nucleobases salvage|g__Parabacteroides.s__Parabacteroides_goldsteinii	0	0	0	0	0	2.89934	1.09318	0.700322	1.48823	0	0.384855	2.50895	0	0	0
PWY-7208: superpathway of pyrimidine nucleobases salvage|g__Turicimonas.s__Turicimonas_muris	0	0	0	0	0	7.69321	2.25942	1.85747	3.91048	9.76353	1.66214	1.40891	0	0	0
PWY-7208: superpathway of pyrimidine nucleobases salvage|unclassified	104.035	105.861	80.4158	86.6528	77.8914	70.8744	69.2031	71.7266	83.946	78.8622	30.8697	76.3521	78.0907	64.1676	42.0409
PWY-7209: superpathway of pyrimidine ribonucleosides degradation	0	0	0	0	0	0	0	0	0	0	3.48899	3.16256	0	0	2.21151
PWY-7210: pyrimidine deoxyribonucleotides biosynthesis from CTP	24.8896	25.0339	17.9746	20.5498	15.2108	148.014	39.8568	160.284	113.155	100.163	44.2203	84.3166	88.8952	138.179	66.9882
PWY-7210: pyrimidine deoxyribonucleotides biosynthesis from CTP|unclassified	23.6927	24.6893	16.821	20.3168	15.0844	0.833375	0	12.6076	11.1948	13.2666	13.8474	24.9974	28.5375	37.3678	21.8617
PWY-7211: superpathway of pyrimidine deoxyribonucleotides de novo biosynthesis	39.3521	40.0968	28.626	32.7358	24.4442	63.2252	29.8943	42.361	54.8388	5.15036	41.1341	92.9351	102.891	23.822	59.9747
PWY-7211: superpathway of pyrimidine deoxyribonucleotides de novo biosynthesis|unclassified	36.7211	38.5536	26.4593	31.6474	23.8359	0	0	0	0	0	2.37338	0	0	1.75464	1.89241
PWY-7220: adenosine deoxyribonucleotides de novo biosynthesis II	14.9782	15.0703	10.8055	12.3591	9.14214	173.924	123.237	155.895	165.069	178.174	64.3771	156.444	104.049	125.183	76.6788
PWY-7220: adenosine deoxyribonucleotides de novo biosynthesis II|g__Bacteroides.s__Bacteroides_vulgatus	0	0	0	0	0	12.8283	6.04502	10.482	7.46921	8.49011	5.96938	21.0547	0	0.216682	0
PWY-7220: adenosine deoxyribonucleotides de novo biosynthesis II|g__Mucispirillum.s__Mucispirillum_schaedleri	0	0	0	0	0	0	0	0	0	0	0	0	0	0.253275	0
PWY-7220: adenosine deoxyribonucleotides de novo biosynthesis II|g__Muribaculaceae_unclassified.s__Muribaculaceae_bacterium_DSM_103720	0	0	0	0	0	0.525923	1.08057	1.04212	1.26126	0.202266	0	0	0	0	0
PWY-7220: adenosine deoxyribonucleotides de novo biosynthesis II|g__Muribaculum.s__Muribaculum_intestinale	0	0	0	0	0	4.10794	4.38323	5.07495	8.38118	2.36872	0.807687	3.30072	15.419	7.93819	1.92772
PWY-7220: adenosine deoxyribonucleotides de novo biosynthesis II|g__Parabacteroides.s__Parabacteroides_distasonis	0.289774	0	0	0	0	44.6871	18.7121	34.404	31.3321	47.3902	11.2991	18.3367	0	31.5608	21.2811
PWY-7220: adenosine deoxyribonucleotides de novo biosynthesis II|g__Parabacteroides.s__Parabacteroides_goldsteinii	0	0	0	0	0	2.92493	1.02812	0.602376	1.48796	0	0.31224	2.63233	0	0	0
PWY-7220: adenosine deoxyribonucleotides de novo biosynthesis II|g__Turicimonas.s__Turicimonas_muris	0	0	0	0	0	7.20106	2.95644	2.7998	3.81078	8.80321	1.57999	1.18499	0	0	0
PWY-7220: adenosine deoxyribonucleotides de novo biosynthesis II|unclassified	14.3098	14.9264	10.1349	12.2558	9.08541	56.5753	53.6002	62.2941	69.6511	51.9798	22.3016	60.7887	62.5923	49.2193	28.5582
PWY-7221: guanosine ribonucleotides de novo biosynthesis	748.609	669.238	800.798	769.854	862.537	592.405	659.896	629.026	656.296	647.6	701.66	787.032	672.832	571.567	494.089
PWY-7221: guanosine ribonucleotides de novo biosynthesis|g__Akkermansia.s__Akkermansia_muciniphila	0	0	0	0	0	7.20601	10.8676	10.4543	6.16467	8.10491	26.4863	92.623	183.333	37.6151	17.548
PWY-7221: guanosine ribonucleotides de novo biosynthesis|g__Alistipes.s__Alistipes_timonensis	0	0	0	0	0	1.40282	1.4568	1.81125	1.45282	1.96574	1.83541	0.792026	0	0	0
PWY-7221: guanosine ribonucleotides de novo biosynthesis|g__Anaerotruncus.s__Anaerotruncus_sp_G3_2012	0	0	0	0	0	0	0	0	0	0	0	0	0	0	4.44375
PWY-7221: guanosine ribonucleotides de novo biosynthesis|g__Bacteroides.s__Bacteroides_caecimuris	0	0	0	0	0	16.1229	13.6432	27.9105	15.5269	55.1206	0.65342	5.25822	0	3.43168	0
PWY-7221: guanosine ribonucleotides de novo biosynthesis|g__Bacteroides.s__Bacteroides_uniformis	0	0	0	0	0	38.282	15.4325	36.3359	29.8228	19.5513	1.98854	9.22699	113.12	18.773	9.90781
PWY-7221: guanosine ribonucleotides de novo biosynthesis|g__Bacteroides.s__Bacteroides_vulgatus	0	0	0	0	0	11.6428	6.40117	11.6901	8.93927	8.4135	5.93145	21.4773	0	0.314528	0
PWY-7221: guanosine ribonucleotides de novo biosynthesis|g__Bifidobacterium.s__Bifidobacterium_pseudolongum	0.304787	0.357306	0.261101	0.467917	0.577332	58.524	101.675	108.148	78.2128	63.7008	179.2	238.934	80.2679	95.7008	59.9287
PWY-7221: guanosine ribonucleotides de novo biosynthesis|g__Dorea.s__Dorea_sp_5_2	0	0	0	0	0	2.44004	2.84972	4.11975	2.89488	3.08437	3.93998	0	1.02024	1.49475	4.44313
PWY-7221: guanosine ribonucleotides de novo biosynthesis|g__Enterorhabdus.s__Enterorhabdus_caecimuris	0	0	0	0	0	1.01601	1.68909	0.877554	2.61233	0	4.02495	4.69739	6.62161	8.77049	2.72602
PWY-7221: guanosine ribonucleotides de novo biosynthesis|g__Erysipelatoclostridium.s__Clostridium_cocleatum	0	0	0	0	0	0	0	0	0	0	0	1.10377	0	0	0
PWY-7221: guanosine ribonucleotides de novo biosynthesis|g__Faecalibaculum.s__Faecalibaculum_rodentium	0.751001	0.737512	0.871012	0.567578	0.27333	190.021	264.3	175.655	233.402	265.302	190.976	124.609	1.82743	133.627	84.7386
PWY-7221: guanosine ribonucleotides de novo biosynthesis|g__Lachnospiraceae_unclassified.s__Lachnospiraceae_bacterium_28_4	0	0	0	0	0	0	0	0	0	0	0	3.15344	0	0	0
PWY-7221: guanosine ribonucleotides de novo biosynthesis|g__Lachnospiraceae_unclassified.s__Lachnospiraceae_bacterium_A2	0	0	0	0	0	0	0.607772	0	0	0	0	0	0	0.760014	6.223
PWY-7221: guanosine ribonucleotides de novo biosynthesis|g__Lactobacillus.s__Lactobacillus_intestinalis	0	0	0	0	0	2.4886	1.00704	0.86736	4.45422	0	0	0	5.98906	0	0.402042
PWY-7221: guanosine ribonucleotides de novo biosynthesis|g__Lactobacillus.s__Lactobacillus_murinus	0	0	0	0	0	5.19405	3.87569	2.38715	3.75392	0.497322	1.63654	2.99648	7.49331	4.58984	3.42379
PWY-7221: guanosine ribonucleotides de novo biosynthesis|g__Lactobacillus.s__Lactobacillus_reuteri	0	0	0	0	0	7.08562	6.69962	4.26246	6.3272	0.808881	3.66012	15.6028	16.4724	3.37386	13.3291
PWY-7221: guanosine ribonucleotides de novo biosynthesis|g__Lactococcus.s__Lactococcus_lactis	730.923	649.333	786.606	755.943	848.178	12.8551	2.37524	15.6366	7.37929	4.77875	2.25735	3.59342	6.70506	8.83402	3.70933
PWY-7221: guanosine ribonucleotides de novo biosynthesis|g__Mucispirillum.s__Mucispirillum_schaedleri	0	0	0	0	0	0	0	0	0	0	0	0	0	0.324921	0
PWY-7221: guanosine ribonucleotides de novo biosynthesis|g__Muribaculaceae_unclassified.s__Muribaculaceae_bacterium_DSM_103720	0	0	0	0	0	1.05211	1.60461	1.45391	1.73013	0.383062	0	0	0	0.361914	0
PWY-7221: guanosine ribonucleotides de novo biosynthesis|g__Muribaculum.s__Muribaculum_intestinale	0	0	0	0	0	4.94712	5.22737	5.59255	9.42682	2.3259	1.05599	4.08769	17.5333	9.13114	3.06229
PWY-7221: guanosine ribonucleotides de novo biosynthesis|g__Parabacteroides.s__Parabacteroides_distasonis	0.311514	0	0	0	0	77.5525	32.4585	65.2983	54.7257	86.3646	20.0317	33.3207	0	53.7089	36.5652
PWY-7221: guanosine ribonucleotides de novo biosynthesis|g__Parabacteroides.s__Parabacteroides_goldsteinii	0	0	0	0	0	3.40644	1.6943	2.16234	2.12368	1.36162	0.923093	3.67359	0	0	0
PWY-7221: guanosine ribonucleotides de novo biosynthesis|g__Turicimonas.s__Turicimonas_muris	0	0	0	0	0	8.03821	3.09024	2.52036	4.14866	10.1987	1.9158	1.75866	0	0	0
PWY-7221: guanosine ribonucleotides de novo biosynthesis|unclassified	15.0512	16.5874	11.0514	12.8008	10.2003	101.396	135.612	107.625	135.413	84.5822	208.734	136.361	166.525	158.96	199.934
PWY-7222: guanosine deoxyribonucleotides de novo biosynthesis II	14.9782	15.0703	10.8055	12.3591	9.14214	173.924	123.237	155.895	165.069	178.174	64.3771	156.444	104.049	125.183	76.6788
PWY-7222: guanosine deoxyribonucleotides de novo biosynthesis II|g__Bacteroides.s__Bacteroides_vulgatus	0	0	0	0	0	12.8283	6.04502	10.482	7.46921	8.49011	5.96938	21.0547	0	0.216682	0
PWY-7222: guanosine deoxyribonucleotides de novo biosynthesis II|g__Mucispirillum.s__Mucispirillum_schaedleri	0	0	0	0	0	0	0	0	0	0	0	0	0	0.253275	0
PWY-7222: guanosine deoxyribonucleotides de novo biosynthesis II|g__Muribaculaceae_unclassified.s__Muribaculaceae_bacterium_DSM_103720	0	0	0	0	0	0.525923	1.08057	1.04212	1.26126	0.202266	0	0	0	0	0
PWY-7222: guanosine deoxyribonucleotides de novo biosynthesis II|g__Muribaculum.s__Muribaculum_intestinale	0	0	0	0	0	4.10794	4.38323	5.07495	8.38118	2.36872	0.807687	3.30072	15.419	7.93819	1.92772
PWY-7222: guanosine deoxyribonucleotides de novo biosynthesis II|g__Parabacteroides.s__Parabacteroides_distasonis	0.289774	0	0	0	0	44.6871	18.7121	34.404	31.3321	47.3902	11.2991	18.3367	0	31.5608	21.2811
PWY-7222: guanosine deoxyribonucleotides de novo biosynthesis II|g__Parabacteroides.s__Parabacteroides_goldsteinii	0	0	0	0	0	2.92493	1.02812	0.602376	1.48796	0	0.31224	2.63233	0	0	0
PWY-7222: guanosine deoxyribonucleotides de novo biosynthesis II|g__Turicimonas.s__Turicimonas_muris	0	0	0	0	0	7.20106	2.95644	2.7998	3.81078	8.80321	1.57999	1.18499	0	0	0
PWY-7222: guanosine deoxyribonucleotides de novo biosynthesis II|unclassified	14.3098	14.9264	10.1349	12.2558	9.08541	56.5753	53.6002	62.2941	69.6511	51.9798	22.3016	60.7887	62.5923	49.2193	28.5582
PWY-7228: superpathway of guanosine nucleotides de novo biosynthesis I	29.3927	29.5102	21.3353	24.3455	18.1009	272.495	209.361	252.451	267.02	283.092	118.498	263.036	181.831	207.709	134.486
PWY-7228: superpathway of guanosine nucleotides de novo biosynthesis I|g__Bacteroides.s__Bacteroides_vulgatus	0	0	0	0	0	12.4033	6.53988	11.1739	8.36531	8.83259	6.20013	22.1582	0	0.259755	0
PWY-7228: superpathway of guanosine nucleotides de novo biosynthesis I|g__Mucispirillum.s__Mucispirillum_schaedleri	0	0	0	0	0	0	0	0	0	0	0	0	0	0.307432	0
PWY-7228: superpathway of guanosine nucleotides de novo biosynthesis I|g__Muribaculaceae_unclassified.s__Muribaculaceae_bacterium_DSM_103720	0	0	0	0	0	0.744632	1.34944	1.29371	1.51922	0.281006	0	0	0	0	0
PWY-7228: superpathway of guanosine nucleotides de novo biosynthesis I|g__Muribaculum.s__Muribaculum_intestinale	0	0	0	0	0	4.74583	4.99149	5.41835	8.885	2.38602	0.954673	3.69562	16.5027	9.04006	2.43062
PWY-7228: superpathway of guanosine nucleotides de novo biosynthesis I|g__Parabacteroides.s__Parabacteroides_distasonis	0.308806	0	0	0	0	60.836	29.4134	46.9363	44.2193	65.3512	15.6297	30.0943	0	41.6267	32.6733
PWY-7228: superpathway of guanosine nucleotides de novo biosynthesis I|g__Parabacteroides.s__Parabacteroides_goldsteinii	0	0	0	0	0	3.28415	1.3524	0.96779	1.83733	0	0.473429	3.20736	0	0	0
PWY-7228: superpathway of guanosine nucleotides de novo biosynthesis I|g__Turicimonas.s__Turicimonas_muris	0	0	0	0	0	7.748	3.06792	2.68512	4.09026	9.49592	1.79693	1.4363	0	0	0
PWY-7228: superpathway of guanosine nucleotides de novo biosynthesis I|unclassified	16.1239	17.4866	11.7309	13.7501	10.7388	76.0331	79.6767	82.1987	95.9955	71.0133	40.7856	87.0931	94.3909	77.3154	50.9554
PWY-7229: superpathway of adenosine nucleotides de novo biosynthesis I	55.0777	55.3588	40.7347	46.2272	34.8094	413.456	343.961	385.489	414.876	434.054	213.917	423.286	301.073	335.675	226.69
PWY-7229: superpathway of adenosine nucleotides de novo biosynthesis I|g__Bacteroides.s__Bacteroides_vulgatus	0	0	0	0	0	11.889	6.1789	9.38271	8.37385	8.26886	6.27861	22.016	0	0	0
PWY-7229: superpathway of adenosine nucleotides de novo biosynthesis I|g__Mucispirillum.s__Mucispirillum_schaedleri	0	0	0	0	0	0	0	0	0	0	0	0	0	0.4428	0
PWY-7229: superpathway of adenosine nucleotides de novo biosynthesis I|g__Muribaculaceae_unclassified.s__Muribaculaceae_bacterium_DSM_103720	0	0	0	0	0	0.461732	1.44824	1.55998	1.43553	0	0	0	0	0	0
PWY-7229: superpathway of adenosine nucleotides de novo biosynthesis I|g__Muribaculum.s__Muribaculum_intestinale	0	0	0	0	0	5.32873	5.85187	6.79451	9.90448	2.63526	1.09327	4.30219	18.9618	10.2069	3.18016
PWY-7229: superpathway of adenosine nucleotides de novo biosynthesis I|g__Parabacteroides.s__Parabacteroides_distasonis	0	0	0	0	0	51.7468	22.2615	41.3494	37.1226	56.0898	14.1198	22.3727	0	36.9999	24.6464
PWY-7229: superpathway of adenosine nucleotides de novo biosynthesis I|g__Parabacteroides.s__Parabacteroides_goldsteinii	0	0	0	0	0	3.627	1.44934	1.23592	1.9885	0	0.593916	3.39958	0	0	0
PWY-7229: superpathway of adenosine nucleotides de novo biosynthesis I|g__Turicimonas.s__Turicimonas_muris	0	0	0	0	0	9.01838	4.53248	3.08718	4.93919	11.5918	1.78024	1.56483	0	0	0
PWY-7229: superpathway of adenosine nucleotides de novo biosynthesis I|unclassified	43.7873	46.3059	31.9949	37.7922	29.1951	105.047	116.634	108.919	137.321	93.2485	71.5966	114.783	132.833	119.426	82.4229
PWY-7234: inosine-5'-phosphate biosynthesis III	204.962	200.432	216.551	211.683	220.053	190.314	256.538	261.453	246.568	185.367	364.761	437.899	245.122	217.579	165.594
PWY-7234: inosine-5'-phosphate biosynthesis III|g__Alistipes.s__Alistipes_timonensis	0	0	0	0	0	1.41155	2.29837	1.93925	1.56556	1.71342	1.43284	1.35679	0	0	0
PWY-7234: inosine-5'-phosphate biosynthesis III|g__Bifidobacterium.s__Bifidobacterium_pseudolongum	0	0	0	0.443373	0.424396	50.9088	94.1403	98.7176	75.2482	56.9549	161.673	225.042	72.9068	84.5679	52.0916
PWY-7234: inosine-5'-phosphate biosynthesis III|g__Lactobacillus.s__Lactobacillus_murinus	0	0	0	0	0	3.90117	4.32671	2.2244	3.47678	0	1.45631	2.90683	8.36918	4.2645	2.98214
PWY-7234: inosine-5'-phosphate biosynthesis III|g__Lactobacillus.s__Lactobacillus_reuteri	0	0	0	0	0	7.66095	7.01058	5.87462	7.03184	0.920409	4.43058	19.1744	20.628	3.21125	13.716
PWY-7234: inosine-5'-phosphate biosynthesis III|g__Lactococcus.s__Lactococcus_lactis	30.4722	30.8022	0	34.0517	36.483	7.13326	1.16737	7.72784	3.28006	2.61845	0	0	0	0	0
PWY-7234: inosine-5'-phosphate biosynthesis III|g__Turicimonas.s__Turicimonas_muris	0	0	0	0	0	8.25365	4.95087	2.61421	4.22997	10.1257	2.80345	1.75948	0	0	0
PWY-7234: inosine-5'-phosphate biosynthesis III|unclassified	136.732	135.622	136.445	138.908	134.7	0	0.740397	5.15397	4.64709	4.20435	4.05922	8.47884	13.1151	12.8123	7.62315
PWY-7237: myo-, chiro- and scyllo-inositol degradation	0	0	0	0	0	315.556	203.35	357.986	273.906	453.185	105.836	127.063	276.454	188.082	165.568
PWY-7237: myo-, chiro- and scyllo-inositol degradation|g__Dorea.s__Dorea_sp_5_2	0	0	0	0	0	6.07207	5.27985	10.7029	7.62447	7.86377	8.37402	0.607665	0	2.88988	11.1056
PWY-7237: myo-, chiro- and scyllo-inositol degradation|unclassified	0	0	0	0	0	43.0281	41.3369	51.7822	42.9989	72.1694	45.0384	29.7644	71.8158	34.2231	51.5671
PWY-7238: sucrose biosynthesis II	490.129	464.027	553.977	538.615	563.861	815.387	1088.83	829.713	936.287	985.15	1194.41	970.39	444.096	774.868	724.775
PWY-7238: sucrose biosynthesis II|g__Anaerotruncus.s__Anaerotruncus_sp_G3_2012	0	0	0	0	0	0	0	0	0	0	0	0	0	0	7.06258
PWY-7238: sucrose biosynthesis II|g__Bacteroides.s__Bacteroides_uniformis	0	0	0	0	0	50.4815	29.9773	52.0277	44.0789	27.6661	4.24189	20.0147	164.101	25.3594	16.3091
PWY-7238: sucrose biosynthesis II|g__Bifidobacterium.s__Bifidobacterium_pseudolongum	0.839654	0.667865	0.54193	0.908643	1.18963	111.435	205.385	181.487	145.231	121.658	348.784	460.824	147.069	185.581	118.8
PWY-7238: sucrose biosynthesis II|g__Dorea.s__Dorea_sp_5_2	0	0	0	0	0	4.66077	5.28124	8.63007	5.88436	5.87607	7.27774	0.260265	1.28573	2.42053	7.71906
PWY-7238: sucrose biosynthesis II|g__Erysipelatoclostridium.s__Clostridium_cocleatum	0	0	0	0	0	0	0	0	0	0	0	0.594528	0	0	0
PWY-7238: sucrose biosynthesis II|g__Faecalibaculum.s__Faecalibaculum_rodentium	1.80955	2.13736	2.55892	1.50442	1.22513	520.22	702.741	467.499	602.03	714.694	540.474	349.792	5.99011	379.169	237.99
PWY-7238: sucrose biosynthesis II|g__Lachnospiraceae_unclassified.s__Lachnospiraceae_bacterium_28_4	0	0	0	0	0	0	0	0	0	0	0	4.00776	0	0	0
PWY-7238: sucrose biosynthesis II|g__Lachnospiraceae_unclassified.s__Lachnospiraceae_bacterium_A2	0	0	0	0	0	0.410934	0.706496	0	0	0	0	0	0	1.64941	12.3292
PWY-7238: sucrose biosynthesis II|g__Lactococcus.s__Lactococcus_lactis	398.646	372.776	453.501	437.376	454.124	5.20267	0.830971	6.21264	3.44484	2.77684	1.04705	1.72908	3.39335	4.9122	2.01314
PWY-7238: sucrose biosynthesis II|unclassified	0.366877	0	0	0	0.624779	73.7085	99.2171	59.6118	89.1989	69.151	211.178	84.2275	86.0208	131.3	282.055
PWY-7242: D-fructuronate degradation	441.859	399.584	490.913	465.796	491.944	4.84944	3.94492	10.2594	7.68097	4.6827	18.9998	9.92267	6.83635	15.7367	26.4666
PWY-7242: D-fructuronate degradation|g__Lactococcus.s__Lactococcus_lactis	140.567	118.67	157.115	154.949	148.889	2.10429	0.434643	4.0804	2.0235	1.73716	0	0	0	2.36394	1.16241
PWY-7242: D-fructuronate degradation|unclassified	0	0	0	0	1.76458	2.3245	3.27163	4.78393	4.98092	2.28978	12.5176	6.2413	2.39211	6.03807	15.1858
PWY-724: superpathway of L-lysine, L-threonine and L-methionine biosynthesis II	8.00232	5.12744	10.1855	5.39077	8.30159	357.154	393.407	386.266	398.655	389.257	360.696	424.463	346.17	330.481	310.566
PWY-724: superpathway of L-lysine, L-threonine and L-methionine biosynthesis II|g__Bacteroides.s__Bacteroides_uniformis	0	0	0	0	0	11.8966	6.37996	11.2575	8.53232	7.84288	2.9582	11.7989	0	0.362228	0
PWY-724: superpathway of L-lysine, L-threonine and L-methionine biosynthesis II|unclassified	0	0	0	0	0	33.3413	48.5882	34.6205	51.0882	35.8367	84.7037	53.2816	37.234	55.7178	121.951
PWY-7279: aerobic respiration II (cytochrome c) (yeast)	0	0.45227	0	0	0	0	0	0	0	0	0	0	0	0	0
PWY-7279: aerobic respiration II (cytochrome c) (yeast)|unclassified	0	0.45227	0	0	0	0	0	0	0	0	0	0	0	0	0
PWY-7282: 4-amino-2-methyl-5-diphosphomethylpyrimidine biosynthesis II	0	0	0.702197	0	0	151.093	86.1449	147.92	130.948	89.2576	42.0652	117.14	295.238	105.255	95.7028
PWY-7282: 4-amino-2-methyl-5-diphosphomethylpyrimidine biosynthesis II|g__Bacteroides.s__Bacteroides_uniformis	0	0	0	0	0	51.4564	24.0989	45.5288	39.1237	24.6452	3.37507	15.3178	159.334	25.5746	13.9283
PWY-7282: 4-amino-2-methyl-5-diphosphomethylpyrimidine biosynthesis II|unclassified	0	0	0	0	0	1.74118	1.88764	1.55416	3.14432	0	4.75421	0	17.5059	9.24771	11.0905
PWY-7312: dTDP-&beta;-D-fucofuranose biosynthesis	0	0	0	0	0	0.438386	0	0	0	0	0	0	0	0	1.39662
PWY-7312: dTDP-&beta;-D-fucofuranose biosynthesis|unclassified	0	0	0	0	0	0.437925	0	0	0	0	0	0	0	0	1.39448
PWY-7315: dTDP-N-acetylthomosamine biosynthesis	0	0	0	0	0	24.2418	40.8189	20.7669	36.3327	28.3537	55.2556	18.23	29.4364	49.0301	97.8539
PWY-7315: dTDP-N-acetylthomosamine biosynthesis|unclassified	0	0	0	0	0	22.9094	38.0477	19.7594	33.9723	26.6668	51.7016	17.4007	27.3336	45.203	88.367
PWY-7316: dTDP-N-acetylviosamine biosynthesis	0	0	0	0	0	8.80567	1.43992	1.8801	0	0	0.861287	11.975	23.0312	2.84808	1.85731
PWY-7316: dTDP-N-acetylviosamine biosynthesis|unclassified	0	0	0	0	0	8.62349	1.43623	1.87146	0	0	0.860365	11.6115	21.7236	2.83414	1.85353
PWY-7323: superpathway of GDP-mannose-derived O-antigen building blocks biosynthesis	0	0	0	0	0	18.7481	27.4443	27.4287	23.4679	24.1463	23.6963	36.6079	3.69572	11.3155	29.2984
PWY-7323: superpathway of GDP-mannose-derived O-antigen building blocks biosynthesis|unclassified	0	0	0	0	0	7.64748	11.8592	12.7104	10.8088	11.2781	14.4732	5.82834	3.60426	3.17142	21.9226
PWY-7328: superpathway of UDP-glucose-derived O-antigen building blocks biosynthesis	0	0	0	0	0	64.4012	63.2582	56.5223	61.9961	33.7382	72.1591	109.114	43.4409	49.7552	103.259
PWY-7328: superpathway of UDP-glucose-derived O-antigen building blocks biosynthesis|unclassified	0	0	0	0	0	8.99611	19.0671	12.0485	11.9793	7.53547	57.0841	18.1565	7.03087	26.2563	63.4387
PWY-7345: superpathway of anaerobic sucrose degradation	2.55772	0	0	0	0	114.213	75.9786	122.032	103.763	79.0713	55.636	83.2164	73.6057	103.574	90.6978
PWY-7345: superpathway of anaerobic sucrose degradation|unclassified	0	0	0	0	0	14.7234	30.1988	20.8226	24.6656	27.0415	8.06305	20.2987	0	26.2578	15.4727
PWY-7356: thiamine diphosphate salvage IV (yeast)	0	0	2.8836	0	0	93.002	97.702	132.507	102.611	75.2901	62.3059	148.314	127.638	101.34	100.745
PWY-7356: thiamine diphosphate salvage IV (yeast)|unclassified	0	0	0	0	0	0	5.4076	0	5.49432	1.42159	3.11362	5.08611	0	1.71354	20.0974
PWY-7357: thiamine phosphate formation from pyrithiamine and oxythiamine (yeast)	286.967	250.653	315.118	292.28	320.953	123.214	115.618	152.763	134.336	114.242	72.9158	181.927	319.005	119.808	119.713
PWY-7357: thiamine phosphate formation from pyrithiamine and oxythiamine (yeast)|g__Bacteroides.s__Bacteroides_uniformis	0	0	0	0	0	48.2353	25.4472	45.6162	37.6808	24.1927	3.14315	15.956	154.118	25.2738	15.9132
PWY-7357: thiamine phosphate formation from pyrithiamine and oxythiamine (yeast)|g__Lactobacillus.s__Lactobacillus_reuteri	0	0	0	0	0	7.05189	4.31784	5.0336	6.03742	0.731861	2.75054	13.1787	11.1912	2.12024	5.93687
PWY-7357: thiamine phosphate formation from pyrithiamine and oxythiamine (yeast)|g__Lactococcus.s__Lactococcus_lactis	286.492	250.606	313.871	291.672	319.88	8.64159	1.59598	11.249	5.14093	4.12762	0.670976	1.74953	3.65574	3.23959	1.38727
PWY-7357: thiamine phosphate formation from pyrithiamine and oxythiamine (yeast)|unclassified	0	0	0	0	0	3.76964	8.88855	1.97555	13.0478	5.19729	12.7952	22.1552	22.997	14.6879	34.1642
PWY-7371: 1,4-dihydroxy-6-naphthoate biosynthesis II	0	0	0	0	0	0.792592	2.89143	1.13315	2.85145	3.16545	14.1592	3.01598	0	1.61106	6.61549
PWY-7371: 1,4-dihydroxy-6-naphthoate biosynthesis II|unclassified	0	0	0	0	0	0.792592	2.89143	1.13315	2.85145	3.16545	14.1592	3.01598	0	1.41582	6.61549
PWY-7374: 1,4-dihydroxy-6-naphthoate biosynthesis I	0	0	0	0	0	0	1.82264	0	1.53689	1.37056	9.86414	1.77167	0	1.40243	4.96957
PWY-7374: 1,4-dihydroxy-6-naphthoate biosynthesis I|unclassified	0	0	0	0	0	0	1.82264	0	1.53689	1.37056	9.86414	1.77167	0	1.3082	4.96957
PWY-7383: anaerobic energy metabolism (invertebrates, cytosol)	0	0	0	0	1.95858	41.5109	68.6668	53.2642	45.9879	47.0835	118.438	223.634	274.849	124.528	100.744
PWY-7383: anaerobic energy metabolism (invertebrates, cytosol)|unclassified	0	0	0	0	0.843479	6.90468	19.4435	7.20488	10.1759	5.77781	25.5004	27.1852	27.8954	24.7361	39.8553
PWY-7385: 1,3-propanediol biosynthesis (engineered)	0	0	0	0	0	0	0	0	1.33817	0.459708	0.867875	0	0	0.682837	1.33501
PWY-7385: 1,3-propanediol biosynthesis (engineered)|unclassified	0	0	0	0	0	0	0	0	1.02747	0.424712	0.853972	0	0	0.660961	1.29908
PWY-7391: isoprene biosynthesis II (engineered)	111.91	132.223	77.3122	89.9447	75.2747	0	0	0	0	0	0	0	0	0.738853	0.930585
PWY-7391: isoprene biosynthesis II (engineered)|unclassified	0	0	0	0.766887	0	0	0	0	0	0	0	0	0	0	0
PWY-7392: taxadiene biosynthesis (engineered)	0	0	0	0	0	54.1966	35.3811	47.9783	36.2533	28.0312	30.0475	91.0034	41.6701	8.95732	34.6549
PWY-7400: L-arginine biosynthesis IV (archaebacteria)	25.353	14.4599	14.933	26.0273	7.22378	414.859	415.808	422.64	428.787	442.475	316.342	428.187	380.564	387.8	366.652
PWY-7400: L-arginine biosynthesis IV (archaebacteria)|g__Lactococcus.s__Lactococcus_lactis	16.3608	14.4093	14.8451	25.6688	0	0	0	0	0	0	0	0	0	0	0
PWY-7400: L-arginine biosynthesis IV (archaebacteria)|unclassified	0	0	0	0	0	7.3188	14.3143	10.3467	10.9759	0	14.7027	9.48616	6.93563	5.13192	25.8011
PWY-7456: &beta;-(1,4)-mannan degradation	0	0	0	0	0	15.4265	23.5853	22.9504	19.7728	19.6379	19.0836	29.7166	12.5433	9.29751	24.9945
PWY-7456: &beta;-(1,4)-mannan degradation|unclassified	0	0	0	0	0	5.99694	4.73735	6.02378	0	0	0	4.4372	8.89287	4.9292	0
PWY-7511: protein ubiquitination	0	11.8809	0	0	0	0	0	0	0	0	0	0	0	0	0
PWY-7511: protein ubiquitination|unclassified	0	11.8809	0	0	0	0	0	0	0	0	0	0	0	0	0
PWY-7560: methylerythritol phosphate pathway II	1.32222	1.68904	1.66962	0.950756	1.58989	277.302	223.926	323.648	262.108	337.053	103.227	267.689	164.442	199.668	174.44
PWY-7560: methylerythritol phosphate pathway II|g__Bacteroides.s__Bacteroides_caecimuris	0	0	0	0	0	13.2835	15.364	27.4985	15.9771	50.9666	0.734788	0.987994	0	0.668616	0
PWY-7560: methylerythritol phosphate pathway II|g__Parabacteroides.s__Parabacteroides_distasonis	0	0	0	0	0	43.7211	22.9481	44.8517	35.592	47.6694	14.7969	21.644	0	29.5185	24.1738
PWY-7560: methylerythritol phosphate pathway II|unclassified	0	0	0	0	0	0	0	0	0	0	0	1.94553	1.38373	1.38617	11.7495
PWY-7616: methanol oxidation to carbon dioxide	0	0	0	0	0	0	0	0	0	0	0	0	0	0	1.18845
PWY-7616: methanol oxidation to carbon dioxide|unclassified	0	0	0	0	0	0	0	0	0	0	0	0	0	0	1.18845
PWY-7663: gondoate biosynthesis (anaerobic)	686.64	658.587	730.188	710.041	744.043	257.223	166.665	242.441	225.313	242.979	111.106	251.132	357.135	203.776	143.766
PWY-7663: gondoate biosynthesis (anaerobic)|g__Alistipes.s__Alistipes_timonensis	0	0	0	0	0	2.03264	3.62505	3.04562	2.55596	2.23484	1.97798	4.91253	0	0	0
PWY-7663: gondoate biosynthesis (anaerobic)|g__Bacteroides.s__Bacteroides_caecimuris	0	0	0	0	0	19.7035	18.1901	29.2138	17.6193	60.9785	1.24116	5.00782	0	6.22734	0
PWY-7663: gondoate biosynthesis (anaerobic)|g__Bacteroides.s__Bacteroides_uniformis	0	0	0	0	0	46.1794	19.8941	42.1055	35.758	23.0523	2.07848	12.6903	139.755	22.7564	11.9522
PWY-7663: gondoate biosynthesis (anaerobic)|g__Bacteroides.s__Bacteroides_vulgatus	0	0	0	0	0	7.53184	5.08892	6.29972	5.17887	6.50232	4.0881	17.1017	0	0	0
PWY-7663: gondoate biosynthesis (anaerobic)|g__Lactobacillus.s__Lactobacillus_reuteri	0	0	0	0	0	5.65043	3.97061	4.20673	4.75701	0	3.28843	11.6732	5.03883	0.732559	3.71528
PWY-7663: gondoate biosynthesis (anaerobic)|g__Lactococcus.s__Lactococcus_lactis	399.997	363.19	442.589	425.925	461.221	9.83573	1.35194	11.3646	5.15648	4.30183	0.862173	2.26748	3.62518	4.99743	2.20353
PWY-7663: gondoate biosynthesis (anaerobic)|g__Parabacteroides.s__Parabacteroides_distasonis	0	0	0	0	0	58.7769	27.3606	58.8016	47.2739	66.7221	18.9457	28.1195	0	44.0528	32.6667
PWY-7663: gondoate biosynthesis (anaerobic)|g__Parabacteroides.s__Parabacteroides_goldsteinii	0	0	0	0	0	3.01882	1.50102	2.03032	2.00153	1.43777	0.676135	3.53132	0	0	0
PWY-7663: gondoate biosynthesis (anaerobic)|unclassified	235.265	243.539	225.24	227.727	230.959	38.8044	28.9467	23.1075	33.9143	16.9419	32.7681	48.0099	50.2192	45.9637	45.9094
PWY-7664: oleate biosynthesis IV (anaerobic)	226.183	260.966	168.942	195.523	167.864	20.4399	15.6698	23.7778	14.9093	15.4193	10.4311	39.2086	0	9.85323	5.93777
PWY-7664: oleate biosynthesis IV (anaerobic)|g__Bacteroides.s__Bacteroides_vulgatus	0	0	0	0	0	6.42163	4.47482	6.25785	4.73261	5.33618	3.99215	14.3579	0	0	0
PWY-7664: oleate biosynthesis IV (anaerobic)|unclassified	153.755	173.164	122.147	136.568	122.445	6.86775	5.84863	7.56914	4.31556	4.21779	0.83206	10.0503	0	9.01315	5.69124
PWY-7688: dTDP-&alpha;-D-ravidosamine and dTDP-4-acetyl-&alpha;-D-ravidosamine biosynthesis	0	0	0	0	0	0.572134	3.75668	0	0	1.93374	0	0	0.638137	0	6.00592
PWY-7688: dTDP-&alpha;-D-ravidosamine and dTDP-4-acetyl-&alpha;-D-ravidosamine biosynthesis|unclassified	0	0	0	0	0	0.57135	3.73166	0	0	1.92543	0	0	0.637075	0	5.9666
PWY-7761: NAD salvage pathway II (PNC IV cycle)	0	0	1.35404	0	0	80.0067	66.9027	87.6969	81.9644	43.7205	13.4469	57.0023	143.327	48.9008	49.9843
PWY-7761: NAD salvage pathway II (PNC IV cycle)|unclassified	0	0	0.750145	0	0	10.0517	5.14794	8.86777	6.76582	6.16074	2.92302	6.83579	7.91869	8.64792	15.9273
PWY-7790: UMP biosynthesis II	751.207	684.666	832.655	794.642	886.205	672.287	826.639	754.349	798.274	755.064	894.806	906.18	748.939	639.115	594.667
PWY-7790: UMP biosynthesis II|g__Akkermansia.s__Akkermansia_muciniphila	0	0	0	0	0	8.57199	10.0798	11.4094	6.28297	8.26685	21.912	88.6659	193.853	38.3245	18.1187
PWY-7790: UMP biosynthesis II|g__Alistipes.s__Alistipes_timonensis	0	0	0	0	0	1.14382	1.73009	2.16396	1.75587	2.06172	1.58873	1.41932	0	0	0
PWY-7790: UMP biosynthesis II|g__Anaerotruncus.s__Anaerotruncus_sp_G3_2012	0	0	0	0	0	0	0	0	0	0	0	0	0	0	4.49374
PWY-7790: UMP biosynthesis II|g__Bacteroides.s__Bacteroides_caecimuris	0	0	0	0	0	17.9121	17.7526	31.2355	18.523	58.8552	1.00393	6.66699	0	6.00497	0
PWY-7790: UMP biosynthesis II|g__Bacteroides.s__Bacteroides_uniformis	0	0	0	0	0	41.4766	24.0597	44.6555	37.6781	22.1348	3.11952	14.1281	136.92	20.9207	12.1246
PWY-7790: UMP biosynthesis II|g__Bacteroides.s__Bacteroides_vulgatus	0	0	0	0	0	8.74569	5.64477	8.889	6.99838	7.48687	4.89398	18.8293	0	0	0
PWY-7790: UMP biosynthesis II|g__Bifidobacterium.s__Bifidobacterium_pseudolongum	0	0	0	0.471775	0.877205	57.1931	110.81	112.075	75.043	63.7692	172.248	253.803	82.8081	95.6657	58.7547
PWY-7790: UMP biosynthesis II|g__Dorea.s__Dorea_sp_5_2	0	0	0	0	0	3.14554	3.7016	5.86567	2.87971	3.61946	4.69204	0	0.510787	1.05806	4.31385
PWY-7790: UMP biosynthesis II|g__Erysipelatoclostridium.s__Clostridium_cocleatum	0	0	0	0	0	0	0	0	0	0	0	0.868798	0	0	0
PWY-7790: UMP biosynthesis II|g__Faecalibaculum.s__Faecalibaculum_rodentium	0.762208	0.770882	1.09472	0.863524	0.495002	226.189	332.25	230.236	288.948	320.553	260.876	160.652	2.70226	165.445	99.2662
PWY-7790: UMP biosynthesis II|g__Lachnospiraceae_unclassified.s__Lachnospiraceae_bacterium_28_4	0	0	0	0	0	0	0	0	0	0	0	3.65309	0	0	0
PWY-7790: UMP biosynthesis II|g__Lachnospiraceae_unclassified.s__Lachnospiraceae_bacterium_A2	0	0	0	0	0	0	0.629504	0	0	0	0	0	0	0.729708	7.714
PWY-7790: UMP biosynthesis II|g__Lactobacillus.s__Lactobacillus_intestinalis	0	0	0	0	0	1.82899	0.870881	0.475572	2.87352	0	0	0	3.4009	0	0
PWY-7790: UMP biosynthesis II|g__Lactobacillus.s__Lactobacillus_johnsonii	0	0	0	0	0	11.6002	10.2414	8.96187	12.856	1.28547	3.10096	48.2258	13.5878	4.3723	18.4117
PWY-7790: UMP biosynthesis II|g__Lactobacillus.s__Lactobacillus_murinus	0	0	0	0	0	3.51389	3.90154	2.56438	3.34308	0	1.25619	2.5255	6.41254	3.71604	2.61493
PWY-7790: UMP biosynthesis II|g__Lactobacillus.s__Lactobacillus_reuteri	0	0	0	0	0	11.9223	8.84395	8.24643	10.7277	1.36342	5.83408	26.3755	25.4977	3.8592	17.8399
PWY-7790: UMP biosynthesis II|g__Lactococcus.s__Lactococcus_lactis	279.322	249.26	309.548	291.161	316.708	11.6625	2.33451	15.8248	7.90073	4.88796	0.932894	1.39978	1.97255	3.18187	1.53376
PWY-7790: UMP biosynthesis II|g__Muribaculaceae_unclassified.s__Muribaculaceae_bacterium_DSM_103720	0	0	0	0	0	0.498202	1.5157	1.76563	1.54389	0	0	0	0	0	0
PWY-7790: UMP biosynthesis II|g__Muribaculum.s__Muribaculum_intestinale	0	0	0	0	0	4.97444	5.39544	4.80998	7.66711	2.54751	0.696288	4.01498	16.9174	8.25565	3.1343
PWY-7790: UMP biosynthesis II|g__Parabacteroides.s__Parabacteroides_distasonis	0	0	0	0	0	50.3201	26.3254	49.6092	38.8262	57.6259	16.619	24.6842	0	36.1458	28.2859
PWY-7790: UMP biosynthesis II|g__Parabacteroides.s__Parabacteroides_goldsteinii	0	0	0	0	0	3.24241	1.63468	1.77158	1.99456	1.56471	0.812446	3.87029	0	0	0
PWY-7790: UMP biosynthesis II|unclassified	480.778	439.842	530.761	503.681	559.636	147.491	193.729	155.005	205.048	126.499	329.031	184.013	195.296	199.237	275.722
PWY-7791: UMP biosynthesis III	688.175	622.523	760.776	725.224	808.903	672.287	826.639	754.349	798.274	755.064	894.806	906.18	748.939	639.115	594.667
PWY-7791: UMP biosynthesis III|g__Akkermansia.s__Akkermansia_muciniphila	0	0	0	0	0	8.57199	10.0798	11.4094	6.28297	8.26685	21.912	88.6659	193.853	38.3245	18.1187
PWY-7791: UMP biosynthesis III|g__Alistipes.s__Alistipes_timonensis	0	0	0	0	0	1.14382	1.73009	2.16396	1.75587	2.06172	1.58873	1.41932	0	0	0
PWY-7791: UMP biosynthesis III|g__Anaerotruncus.s__Anaerotruncus_sp_G3_2012	0	0	0	0	0	0	0	0	0	0	0	0	0	0	4.49374
PWY-7791: UMP biosynthesis III|g__Bacteroides.s__Bacteroides_caecimuris	0	0	0	0	0	19.0112	17.6192	31.1175	18.523	57.3684	1.31199	7.21887	0	8.07916	0
PWY-7791: UMP biosynthesis III|g__Bacteroides.s__Bacteroides_uniformis	0	0	0	0	0	41.4766	24.0597	44.6555	37.6781	22.1348	3.11952	14.1281	136.92	20.9207	12.1246
PWY-7791: UMP biosynthesis III|g__Bacteroides.s__Bacteroides_vulgatus	0	0	0	0	0	9.4828	5.64477	8.889	7.40017	7.48687	4.96192	18.8293	0	0	0
PWY-7791: UMP biosynthesis III|g__Bifidobacterium.s__Bifidobacterium_pseudolongum	0	0	0	0.471775	0.877205	57.1931	110.81	112.075	75.043	63.7692	172.248	253.803	82.8081	95.6657	58.7547
PWY-7791: UMP biosynthesis III|g__Dorea.s__Dorea_sp_5_2	0	0	0	0	0	3.14554	3.7016	5.86567	2.87971	3.61946	4.69204	0	0.510787	1.05806	4.31385
PWY-7791: UMP biosynthesis III|g__Erysipelatoclostridium.s__Clostridium_cocleatum	0	0	0	0	0	0	0	0	0	0	0	0.868798	0	0	0
PWY-7791: UMP biosynthesis III|g__Faecalibaculum.s__Faecalibaculum_rodentium	0.762208	0.770882	1.09472	0.863524	0.495002	226.189	332.25	230.236	288.948	320.553	260.876	160.652	2.70226	165.445	99.2662
PWY-7791: UMP biosynthesis III|g__Lachnospiraceae_unclassified.s__Lachnospiraceae_bacterium_28_4	0	0	0	0	0	0	0	0	0	0	0	3.65309	0	0	0
PWY-7791: UMP biosynthesis III|g__Lachnospiraceae_unclassified.s__Lachnospiraceae_bacterium_A2	0	0	0	0	0	0	0.629504	0	0	0	0	0	0	0.729708	7.714
PWY-7791: UMP biosynthesis III|g__Lactobacillus.s__Lactobacillus_intestinalis	0	0	0	0	0	1.82899	0.870881	0.475572	2.87352	0	0	0	3.4009	0	0
PWY-7791: UMP biosynthesis III|g__Lactobacillus.s__Lactobacillus_johnsonii	0	0	0	0	0	11.6002	9.54051	8.72551	12.3371	1.0825	2.24254	46.9478	11.7	4.14905	17.8399
PWY-7791: UMP biosynthesis III|g__Lactobacillus.s__Lactobacillus_murinus	0	0	0	0	0	3.51389	3.90154	2.56438	3.34308	0	1.25619	2.5255	6.41254	3.71604	2.61493
PWY-7791: UMP biosynthesis III|g__Lactobacillus.s__Lactobacillus_reuteri	0	0	0	0	0	11.9223	8.84395	8.24643	10.4592	1.1548	5.62125	26.3755	25.4977	3.8592	17.7646
PWY-7791: UMP biosynthesis III|g__Lactococcus.s__Lactococcus_lactis	118.943	106.715	131.944	124.881	141.937	10.7722	2.24453	14.7623	7.45739	4.4032	0.473893	0	0	0	0
PWY-7791: UMP biosynthesis III|g__Muribaculaceae_unclassified.s__Muribaculaceae_bacterium_DSM_103720	0	0	0	0	0	0.498202	1.5157	1.76563	1.54389	0	0	0	0	0	0
PWY-7791: UMP biosynthesis III|g__Muribaculum.s__Muribaculum_intestinale	0	0	0	0	0	4.97444	5.39544	4.80998	7.66711	2.54751	0.696288	4.01498	16.9174	8.25565	3.1343
PWY-7791: UMP biosynthesis III|g__Parabacteroides.s__Parabacteroides_distasonis	0	0	0	0	0	48.8713	26.3254	49.6092	38.5774	56.2444	15.9975	24.1085	0	34.6867	28.2859
PWY-7791: UMP biosynthesis III|g__Parabacteroides.s__Parabacteroides_goldsteinii	0	0	0	0	0	3.24241	1.63468	1.92121	2.05337	1.56471	0.848384	3.87029	0	0	0
PWY-7791: UMP biosynthesis III|unclassified	469.43	428.551	517.916	491.449	546.691	147.491	193.729	155.005	205.048	126.499	329.031	184.013	195.296	199.237	275.722
PWY-7851: coenzyme A biosynthesis II (eukaryotic)	353.289	341.724	410.656	384.749	396.386	451.274	536.57	498.797	526.845	513.307	483.242	487.271	413.22	377.279	331.435
PWY-7851: coenzyme A biosynthesis II (eukaryotic)|g__Alistipes.s__Alistipes_timonensis	0	0	0	0	0	1.07825	1.00062	1.34818	1.3662	1.24794	1.11951	1.35796	0	0	0
PWY-7851: coenzyme A biosynthesis II (eukaryotic)|g__Anaerotruncus.s__Anaerotruncus_sp_G3_2012	0	0	0	0	0	0	0	0	0	0	0	0	0	0	4.08545
PWY-7851: coenzyme A biosynthesis II (eukaryotic)|g__Bacteroides.s__Bacteroides_caecimuris	0	0	0	0	0	13.3694	11.2998	20.5984	12.6178	45.3098	0.696481	2.19225	0	2.69796	0
PWY-7851: coenzyme A biosynthesis II (eukaryotic)|g__Bacteroides.s__Bacteroides_uniformis	0	0	0	0	0	39.4268	21.4554	45.1623	35.4816	22.1759	2.60352	14.2608	126.529	19.3301	11.0868
PWY-7851: coenzyme A biosynthesis II (eukaryotic)|g__Bacteroides.s__Bacteroides_vulgatus	0	0	0	0	0	7.87834	5.14576	8.00989	5.58039	6.58077	4.1326	17.0708	0	0	0
PWY-7851: coenzyme A biosynthesis II (eukaryotic)|g__Dorea.s__Dorea_sp_5_2	0	0	0	0	0	1.62982	2.28162	3.92911	1.75803	2.18842	2.42067	0	0.558268	0.81834	2.57141
PWY-7851: coenzyme A biosynthesis II (eukaryotic)|g__Faecalibaculum.s__Faecalibaculum_rodentium	0.4715	1.16706	0.762728	0.659141	0.369542	197.111	287.536	201.969	255.659	285.234	229.251	130.623	2.51605	144.776	87.6437
PWY-7851: coenzyme A biosynthesis II (eukaryotic)|g__Lachnospiraceae_unclassified.s__Lachnospiraceae_bacterium_28_4	0	0	0	0	0	0	0	0	0	0	0	2.691	0	0	0
PWY-7851: coenzyme A biosynthesis II (eukaryotic)|g__Lachnospiraceae_unclassified.s__Lachnospiraceae_bacterium_A2	0	0	0	0	0	0	0.529469	0	0	0	0	0	0	0.509454	5.88863
PWY-7851: coenzyme A biosynthesis II (eukaryotic)|g__Lactobacillus.s__Lactobacillus_intestinalis	0	0	0	0	0	1.169	0.370264	0.43398	1.80014	0	0	0	2.62481	0	0
PWY-7851: coenzyme A biosynthesis II (eukaryotic)|g__Lactobacillus.s__Lactobacillus_johnsonii	0	0	0	0	0	8.82178	6.71983	5.77234	7.66306	0.956156	2.14375	29.6533	8.10012	2.77667	7.69084
PWY-7851: coenzyme A biosynthesis II (eukaryotic)|g__Lactobacillus.s__Lactobacillus_murinus	0	0	0	0	0	2.86733	2.86633	1.82508	2.58678	0	1.14715	1.69908	5.68098	2.12098	1.83599
PWY-7851: coenzyme A biosynthesis II (eukaryotic)|g__Lactobacillus.s__Lactobacillus_reuteri	0	0	0	0	0	6.06652	4.36679	4.78994	5.31879	0.548343	3.08133	11.0421	9.15549	1.54187	7.16439
PWY-7851: coenzyme A biosynthesis II (eukaryotic)|g__Lactococcus.s__Lactococcus_lactis	264.583	256.571	311.599	282.761	295.604	4.82755	0	6.23259	2.78784	2.60647	0.682551	1.14396	2.44319	3.14722	1.91599
PWY-7851: coenzyme A biosynthesis II (eukaryotic)|g__Mucispirillum.s__Mucispirillum_schaedleri	0	0	0	0	0	0	0	0	0	0	0	0	0	0.253716	0
PWY-7851: coenzyme A biosynthesis II (eukaryotic)|g__Muribaculaceae_unclassified.s__Muribaculaceae_bacterium_DSM_103720	0	0	0	0	0	0.211659	0.719637	1.39264	1.23019	0.310055	0	0	0	0	0
PWY-7851: coenzyme A biosynthesis II (eukaryotic)|g__Muribaculum.s__Muribaculum_intestinale	0	0	0	0	0	5.46725	4.71907	5.5404	7.50307	1.88585	1.13589	3.88066	16.4614	8.10683	2.92926
PWY-7851: coenzyme A biosynthesis II (eukaryotic)|g__Parabacteroides.s__Parabacteroides_distasonis	0	0	0	0	0	39.4342	16.3256	36.0575	26.5554	43.5858	9.83406	14.8816	0	27.2499	18.1454
PWY-7851: coenzyme A biosynthesis II (eukaryotic)|g__Parabacteroides.s__Parabacteroides_goldsteinii	0	0	0	0	0	2.20199	1.26876	1.53128	1.45059	0.88309	0.320263	2.63817	0	0	0
PWY-7851: coenzyme A biosynthesis II (eukaryotic)|g__Turicimonas.s__Turicimonas_muris	0	0	0	0	0	6.22846	2.49652	2.09183	2.37468	7.98508	1.32543	0.752465	0	0	0
PWY-7851: coenzyme A biosynthesis II (eukaryotic)|unclassified	0	0	0	0	0.235582	40.5973	47.4527	41.2106	60.5364	33.387	82.3251	48.4457	83.6225	82.9958	90.1646
PWY-7883: anhydromuropeptides recycling II	0	0	0	0	0	19.1726	6.62662	5.9472	10.5405	24.4989	3.97626	4.45956	0	0	0
PWY-7942: 5-oxo-L-proline metabolism	0	0	0	0	0	0	0	0	0.465437	0	1.06822	0.462874	0	0.64285	1.11509
PWY-7942: 5-oxo-L-proline metabolism|unclassified	0	0	0	0	0	0	0	0	0.462077	0	1.06421	0.459404	0	0.637226	1.0952
PWY-7953: UDP-N-acetylmuramoyl-pentapeptide biosynthesis III (meso-diaminopimelate containing)	363.126	334.838	406.038	383.649	423.361	387.892	406.506	444.085	433.076	378.244	382.902	567.427	594.418	384.876	369.999
PWY-7953: UDP-N-acetylmuramoyl-pentapeptide biosynthesis III (meso-diaminopimelate containing)|g__Akkermansia.s__Akkermansia_muciniphila	0	0	0	0	0	8.6199	11.1125	10.4044	6.82675	8.69068	29.1246	94.5385	188.72	38.9933	17.9434
PWY-7953: UDP-N-acetylmuramoyl-pentapeptide biosynthesis III (meso-diaminopimelate containing)|g__Alistipes.s__Alistipes_timonensis	0	0	0	0	0	1.17217	2.09568	1.08881	1.28181	1.50615	1.30255	1.11665	0	0	0
PWY-7953: UDP-N-acetylmuramoyl-pentapeptide biosynthesis III (meso-diaminopimelate containing)|g__Anaerotruncus.s__Anaerotruncus_sp_G3_2012	0	0	0	0	0	0	0	0	0	0	0	0	0	0	5.20997
PWY-7953: UDP-N-acetylmuramoyl-pentapeptide biosynthesis III (meso-diaminopimelate containing)|g__Bacteroides.s__Bacteroides_caecimuris	0	0	0	0	0	14.3315	16.6441	30.9336	18.0136	56.8474	0.987944	1.248	0	1.16813	0
PWY-7953: UDP-N-acetylmuramoyl-pentapeptide biosynthesis III (meso-diaminopimelate containing)|g__Bacteroides.s__Bacteroides_uniformis	0	0	0	0	0	48.6236	27.5463	51.844	43.1073	24.7123	3.61986	17.8206	151.233	23.2824	13.8785
PWY-7953: UDP-N-acetylmuramoyl-pentapeptide biosynthesis III (meso-diaminopimelate containing)|g__Bacteroides.s__Bacteroides_vulgatus	0	0	0	0	0	9.89317	6.69292	9.87748	7.79856	7.88267	6.24009	21.0122	0	0	0
PWY-7953: UDP-N-acetylmuramoyl-pentapeptide biosynthesis III (meso-diaminopimelate containing)|g__Dorea.s__Dorea_sp_5_2	0	0	0	0	0	2.60117	4.39858	5.2943	3.37076	3.28974	5.11565	0	0.768991	1.19671	5.23325
PWY-7953: UDP-N-acetylmuramoyl-pentapeptide biosynthesis III (meso-diaminopimelate containing)|g__Enterorhabdus.s__Enterorhabdus_caecimuris	0	0	0	0	0	0.54281	0.891762	0.943813	1.14102	0	2.6752	3.35368	5.16809	6.81039	1.42256
PWY-7953: UDP-N-acetylmuramoyl-pentapeptide biosynthesis III (meso-diaminopimelate containing)|g__Lachnospiraceae_unclassified.s__Lachnospiraceae_bacterium_28_4	0	0	0	0	0	0	0	0	0	0	0	4.02063	0	0	0
PWY-7953: UDP-N-acetylmuramoyl-pentapeptide biosynthesis III (meso-diaminopimelate containing)|g__Lachnospiraceae_unclassified.s__Lachnospiraceae_bacterium_A2	0	0	0	0	0	0	0.784719	0	0	0	0	0	0	0.880179	7.34286
PWY-7953: UDP-N-acetylmuramoyl-pentapeptide biosynthesis III (meso-diaminopimelate containing)|g__Lactococcus.s__Lactococcus_lactis	118.783	104.124	122.614	118.155	137.784	7.3898	0.93964	8.96208	3.65525	2.66284	0	0	0	0	0
PWY-7953: UDP-N-acetylmuramoyl-pentapeptide biosynthesis III (meso-diaminopimelate containing)|g__Parabacteroides.s__Parabacteroides_distasonis	0	0	0	0	0	41.9679	20.0031	38.4593	31.9495	46.1536	13.4856	18.1869	0	28.5698	20.8328
PWY-7953: UDP-N-acetylmuramoyl-pentapeptide biosynthesis III (meso-diaminopimelate containing)|g__Parabacteroides.s__Parabacteroides_goldsteinii	0	0	0	0	0	2.03181	1.31851	1.36034	1.90353	0.963059	0.774351	2.64206	0	0	0
PWY-7953: UDP-N-acetylmuramoyl-pentapeptide biosynthesis III (meso-diaminopimelate containing)|g__Turicimonas.s__Turicimonas_muris	0	0	0	0	0	8.25661	3.49996	2.46652	3.76165	10.0598	2.34779	1.58939	0	0	0
PWY-7953: UDP-N-acetylmuramoyl-pentapeptide biosynthesis III (meso-diaminopimelate containing)|unclassified	148.225	135.191	165.223	171.531	176.034	41.7359	55.0864	43.2724	52.2005	36.6035	114.294	72.5446	57.3347	74.0201	123.292
PWY-7977: L-methionine biosynthesis IV	0	0	0	0	0.445685	248.996	215.58	290.232	279.413	260.709	153.321	318.898	461.891	237.251	145.638
PWY-7977: L-methionine biosynthesis IV|g__Akkermansia.s__Akkermansia_muciniphila	0	0	0	0	0.228381	6.4837	9.50154	8.36989	5.19409	7.3517	21.4141	76.6468	152.424	30.9574	14.0059
PWY-7977: L-methionine biosynthesis IV|g__Alistipes.s__Alistipes_timonensis	0	0	0	0	0	1.48296	2.25821	1.7276	1.64395	1.96026	1.75406	1.44841	0	0	0
PWY-7977: L-methionine biosynthesis IV|g__Bacteroides.s__Bacteroides_caecimuris	0	0	0	0	0	19.4863	17.3314	31.5926	17.6811	54.3536	1.22413	8.03183	0	7.8326	0
PWY-7977: L-methionine biosynthesis IV|g__Bacteroides.s__Bacteroides_uniformis	0	0	0	0	0	49.5041	23.6882	50.9628	42.4708	25.7449	3.26452	15.4883	158.043	24.2197	14.2188
PWY-7977: L-methionine biosynthesis IV|g__Bacteroides.s__Bacteroides_vulgatus	0	0	0	0	0	10.4738	6.07211	9.4001	8.15944	7.75974	5.09857	18.9128	0	0	0
PWY-7977: L-methionine biosynthesis IV|g__Muribaculaceae_unclassified.s__Muribaculaceae_bacterium_DSM_103720	0	0	0	0	0	0.383999	1.26574	1.44962	1.58032	0	0	0	0	0.281913	0
PWY-7977: L-methionine biosynthesis IV|g__Muribaculum.s__Muribaculum_intestinale	0	0	0	0	0	4.27463	3.85367	4.10946	6.95826	1.85078	0.59286	2.62047	13.2296	7.67992	2.80602
PWY-7977: L-methionine biosynthesis IV|g__Parabacteroides.s__Parabacteroides_distasonis	0	0	0	0	0	53.8195	23.826	51.212	40.0481	61.9408	15.9629	24.0326	0	39.6048	29.2984
PWY-7977: L-methionine biosynthesis IV|g__Parabacteroides.s__Parabacteroides_goldsteinii	0	0	0	0	0	3.83389	2.31868	2.82241	2.53165	1.73832	1.31125	5.6771	0	0	0
PWY-7977: L-methionine biosynthesis IV|unclassified	0	0	0	0	0	43.4946	63.8796	53.2996	88.5919	30.3078	62.0764	63.4227	64.93	81.5605	58.6289
PWY-7992: superpathway of menaquinol-8 biosynthesis III	0	0	0	0	0	2.09902	7.43637	2.99336	7.41232	8.18144	27.8385	7.8076	0	4.21674	15.7382
PWY-8004: Entner-Doudoroff pathway I	563.62	519.878	609.084	599.03	646.061	276.607	241.715	307.827	269.416	246.65	138.669	254.695	96.5105	206.955	175.21
PWY-8004: Entner-Doudoroff pathway I|g__Lactococcus.s__Lactococcus_lactis	179.195	159.318	193.296	192.936	203.276	0	0	0	0	0	0	0	0	2.4476	0
PWY-8004: Entner-Doudoroff pathway I|g__Parabacteroides.s__Parabacteroides_distasonis	0	0	0	0	0	51.3535	25.8392	51.3865	40.457	55.92	15.1217	25.2492	0	35.9536	28.3746
PWY-8004: Entner-Doudoroff pathway I|unclassified	119.254	130.886	92.0857	103	91.8154	8.46297	10.3433	8.68346	9.84023	11.5387	3.51723	9.82592	5.10909	20.7316	13.4282
PWY-801: homocysteine and cysteine interconversion	143.368	159.746	114.541	125.375	98.6417	11.8717	8.66649	12.0548	7.59122	4.57464	6.06997	16.7723	13.8339	7.72803	14.8796
PWY-801: homocysteine and cysteine interconversion|unclassified	137.856	152.434	111.336	121.353	96.4343	4.3085	1.5258	6.34031	5.43352	3.91164	2.22406	3.96092	2.62675	6.64887	3.72043
PWY-8073: lipid IVA biosynthesis (P. putida)	0	0	0	0	0	117.537	82.0785	120.028	116.841	86.8241	17.5095	69.379	285.406	56.6742	37.1608
PWY-8073: lipid IVA biosynthesis (P. putida)|g__Bacteroides.s__Bacteroides_uniformis	0	0	0	0	0	46.2157	22.9985	49.72	39.6381	24.9631	3.04508	13.3363	140.592	23.0643	11.7472
PWY-8131: 5'-deoxyadenosine degradation II	0	0	0	0	0	3.56507	1.6667	1.45571	3.60707	1.25472	1.69969	0	2.33781	0	3.09747
PWY-8131: 5'-deoxyadenosine degradation II|unclassified	0	0	0	0	0	1.48109	1.60937	1.37254	0.95797	1.1832	1.68883	0	0	0	3.06949
PWY-8178: pentose phosphate pathway (non-oxidative branch) II	756.818	699.307	810.496	777.474	846.58	132.765	95.2507	142.82	123.596	127.204	163.137	207.689	265.081	150.606	173.453
PWY-8178: pentose phosphate pathway (non-oxidative branch) II|g__Lactococcus.s__Lactococcus_lactis	524.267	467.967	578.549	551.867	602.383	12.6326	1.79624	15.3413	7.32547	4.91388	1.53483	3.00516	5.14536	7.19225	2.99166
PWY-8178: pentose phosphate pathway (non-oxidative branch) II|g__Parabacteroides.s__Parabacteroides_distasonis	0	0	0	0	0	47.4366	22.3774	49.8179	38.4867	53.1975	14.6415	23.8834	0	32.7183	26.9826
PWY-8178: pentose phosphate pathway (non-oxidative branch) II|g__Turicimonas.s__Turicimonas_muris	0	0	0	0	0	6.72944	2.995	2.04385	3.45386	9.37148	1.64664	0.909843	0	0	0
PWY-8178: pentose phosphate pathway (non-oxidative branch) II|unclassified	2.12691	0.892412	0	1.9641	0.776997	5.37968	22.5961	6.8401	21.3413	9.89234	80.971	42.1315	33.9756	35.489	98.4727
PWY-8187: L-arginine degradation XIII (reductive Stickland reaction)	676.082	650.905	739.351	725.116	757.303	138.154	172.103	116.584	134.352	213.04	264.622	139.496	183.083	232.123	179.256
PWY-8187: L-arginine degradation XIII (reductive Stickland reaction)|g__Enterorhabdus.s__Enterorhabdus_caecimuris	0	0	0	0	0	1.39219	1.50133	2.60504	2.9735	1.01115	11.9053	6.53445	10.8088	13.0876	2.61921
PWY-8187: L-arginine degradation XIII (reductive Stickland reaction)|g__Lactobacillus.s__Lactobacillus_reuteri	0	0	0	0	0	11.9434	8.85821	5.54765	9.15601	1.52827	5.36742	24.5181	24.4572	3.95649	16.3962
PWY-8187: L-arginine degradation XIII (reductive Stickland reaction)|g__Lactococcus.s__Lactococcus_lactis	10.1624	8.98294	10.2127	12.1842	3.29875	12.0378	1.91637	13.7085	5.68239	3.98237	0	0	0	0	0
PWY-8187: L-arginine degradation XIII (reductive Stickland reaction)|unclassified	327.006	306.967	363.714	354.556	387.764	47.9416	60.0867	44.1632	60.8062	34.2861	110.222	47.0131	76.3599	69.5514	114.337
PWY-8188: L-alanine degradation VI (reductive Stickland reaction)	0	0	0	0	0	0	0	0	0	0	0	0.64224	0	0	0
PWY-8188: L-alanine degradation VI (reductive Stickland reaction)|unclassified	0	0	0	0	0	0	0	0	0	0	0	0.593744	0	0	0
PWY-8189: L-alanine degradation V (oxidative Stickland reaction)	0	0	0	0	0	0	0	0	0	0	0	0.64224	0	0	0
PWY-8189: L-alanine degradation V (oxidative Stickland reaction)|unclassified	0	0	0	0	0	0	0	0	0	0	0	0.593744	0	0	0
PWY-821: superpathway of sulfur amino acid biosynthesis (Saccharomyces cerevisiae)	0	0	0	0	0	3.01631	5.54249	0	0	2.97447	1.42558	0	0	3.96494	4.1895
PWY-841: superpathway of purine nucleotides de novo biosynthesis I	58.5771	58.8094	43.9714	49.6146	37.9359	340.547	286.347	325.299	343.652	355.586	179.257	348.34	257.075	275.3	190.399
PWY-841: superpathway of purine nucleotides de novo biosynthesis I|g__Turicimonas.s__Turicimonas_muris	0	0	0	0	0	7.73426	3.65948	2.69191	4.21227	9.58167	1.90755	1.54073	0	0	0
PWY-841: superpathway of purine nucleotides de novo biosynthesis I|unclassified	3.67112	0	4.49792	2.45993	0	82.0679	96.6636	85.6804	108.914	73.3489	63.414	93.1522	111.468	98.5044	74.3207
PWY-922: mevalonate pathway I (eukaryotes and bacteria)	124.466	144.52	87.5308	101.629	85.2442	15.3145	10.6565	10.8547	13.4081	2.61152	5.63218	26.7696	19.2844	4.12575	17.3112
PWY-922: mevalonate pathway I (eukaryotes and bacteria)|g__Lactobacillus.s__Lactobacillus_reuteri	0	0	0	0	0	6.98045	5.80176	5.06145	6.35681	0.755743	3.48731	16.3536	14.258	2.27636	11.3303
PWY-922: mevalonate pathway I (eukaryotes and bacteria)|unclassified	2.22617	2.29994	1.19607	1.55037	1.95901	0	0	0	0	0	0	0	0	0.29027	0.288024
PWY-I9: L-cysteine biosynthesis VI (from L-methionine)	550.325	521.24	616.258	579.131	633.117	72.2788	21.0483	75.5029	42.4174	24.3766	17.2432	42.8443	38.2351	31.8293	40.2992
PWY-I9: L-cysteine biosynthesis VI (from L-methionine)|g__Lactobacillus.s__Lactobacillus_reuteri	0	0	0	0	0	5.96731	4.88586	4.74998	5.29711	0.616041	3.57937	15.3616	16.2968	2.62992	9.46483
PWY-I9: L-cysteine biosynthesis VI (from L-methionine)|g__Lactococcus.s__Lactococcus_lactis	169.338	153.696	192.619	182.531	194.441	12.635	2.25083	13.8589	6.50846	4.75429	0	0	0	1.60904	0
PWY-I9: L-cysteine biosynthesis VI (from L-methionine)|unclassified	300.066	285.016	329.04	306.501	337.154	25.7841	12.031	27.0695	21.5418	10.4263	16.2083	26.4979	22.6658	26.74	36.9236
PWY0-1061: superpathway of L-alanine biosynthesis	365.246	346.287	409.713	394.539	427.669	170.75	266.35	251.477	183.767	176.573	341.416	477.447	217.979	245.632	173.86
PWY0-1061: superpathway of L-alanine biosynthesis|g__Bifidobacterium.s__Bifidobacterium_pseudolongum	0	0.236828	0	0	0.461404	48.2911	89.7882	97.6363	72.0213	54.7815	151.502	200.951	68.927	80.2265	48.7026
PWY0-1061: superpathway of L-alanine biosynthesis|unclassified	127.858	123.331	134.752	134.512	139.84	0	0	1.02561	0	1.65834	3.05433	2.44511	5.4611	10.2025	3.45308
PWY0-1241: ADP-L-glycero-&beta;-D-manno-heptose biosynthesis	0	0	0	0	0	34.5162	26.5934	26.6738	25.1301	33.4297	42.8716	102.969	263.433	61.9845	34.1429
PWY0-1241: ADP-L-glycero-&beta;-D-manno-heptose biosynthesis|g__Akkermansia.s__Akkermansia_muciniphila	0	0	0	0	0	7.06431	10.6141	10.4849	6.62149	8.1444	25.3076	86.9772	170.477	37.6115	16.0092
PWY0-1241: ADP-L-glycero-&beta;-D-manno-heptose biosynthesis|unclassified	0	0	0	0	0	0.342975	2.02746	0.63998	1.93209	0.922783	11.2955	2.86002	1.97376	4.50057	5.95792
PWY0-1261: anhydromuropeptides recycling I	0	0	0	0	0	103.467	60.0314	105.037	90.7442	77.8107	18.0666	44.4382	175.629	64.8539	46.519
PWY0-1261: anhydromuropeptides recycling I|unclassified	0	0	0	0	0	0.514311	2.88246	4.12165	5.30305	4.40977	2.72982	4.12271	0	14.1936	12.013
PWY0-1296: purine ribonucleosides degradation	514.388	481.398	549.275	539.472	569.323	329.772	410.61	339.412	418.183	397.168	382.866	292.9	154.689	298.027	371.545
PWY0-1296: purine ribonucleosides degradation|g__Dorea.s__Dorea_sp_5_2	0	0	0	0	0	2.67586	2.17644	5.75499	3.71986	3.62515	4.11718	0.313132	0.758423	1.13567	5.45007
PWY0-1296: purine ribonucleosides degradation|g__Erysipelatoclostridium.s__Clostridium_cocleatum	0	0	0	0	0	0	0	0	0	0	0	0.990791	0	0	0
PWY0-1296: purine ribonucleosides degradation|g__Faecalibaculum.s__Faecalibaculum_rodentium	0.551104	0.674486	1.07684	0.685825	0	182.607	270.778	185.52	243.99	266.31	220.9	136.385	1.84183	136.674	83.7856
PWY0-1296: purine ribonucleosides degradation|g__Lachnospiraceae_unclassified.s__Lachnospiraceae_bacterium_28_4	0	0	0	0	0	0	0	0	0	0	0	6.11118	0	0	0
PWY0-1296: purine ribonucleosides degradation|g__Lachnospiraceae_unclassified.s__Lachnospiraceae_bacterium_A2	0	0	0	0	0	0	0.654482	0	0	0	0	0	0	0.795299	8.22177
PWY0-1296: purine ribonucleosides degradation|g__Lactobacillus.s__Lactobacillus_murinus	0	0	0	0	0	3.61326	4.1406	1.87592	3.80216	0.445771	1.25959	2.9428	7.03132	4.83149	2.43778
PWY0-1296: purine ribonucleosides degradation|g__Lactobacillus.s__Lactobacillus_reuteri	0	0	0	0	0	8.77725	6.50095	4.7087	7.35255	1.14758	5.00622	21.1399	22.0937	3.21277	15.1287
PWY0-1296: purine ribonucleosides degradation|g__Lactococcus.s__Lactococcus_lactis	407.494	374.894	451.694	436.12	472.567	10.8433	1.45253	12.3128	6.39114	4.37065	1.69689	2.67891	4.01137	5.23387	2.21894
PWY0-1296: purine ribonucleosides degradation|unclassified	102.76	104.323	87.4121	96.1925	86.1911	47.7643	71.6213	40.7151	67.6625	37.7144	129.478	72.3744	59.2252	103.487	230.666
PWY0-1297: superpathway of purine deoxyribonucleosides degradation	420.5	399.348	469.567	446.303	471.47	165.022	258.421	236.354	207.186	170.464	331.818	295.257	132.041	208.032	164.963
PWY0-1297: superpathway of purine deoxyribonucleosides degradation|g__Lactococcus.s__Lactococcus_lactis	366.876	344.267	416.167	392.606	421.268	9.83852	1.46173	10.752	5.29391	3.99536	1.14187	2.18054	3.76705	4.77219	2.11269
PWY0-1297: superpathway of purine deoxyribonucleosides degradation|unclassified	0	0	0	0	0	4.29562	5.85291	2.79859	6.85883	6.70967	11.0278	13.5157	0	6.73987	16.0527
PWY0-1298: superpathway of pyrimidine deoxyribonucleosides degradation	106.54	25.2482	30.5663	27.519	31.5267	56.8758	66.8325	59.4024	53.0599	41.0208	30.2411	25.0648	35.6998	36.393	34.6877
PWY0-1298: superpathway of pyrimidine deoxyribonucleosides degradation|g__Lactococcus.s__Lactococcus_lactis	26.9148	24.9504	30.2328	27.228	31.1894	7.1111	1.29112	9.87355	4.08661	1.98126	0	0	0	0	0
PWY0-1298: superpathway of pyrimidine deoxyribonucleosides degradation|unclassified	61.3506	0	0	0	0	0.725009	6.5067	2.65985	9.12448	4.77429	14.1741	9.48999	13.3648	3.28707	7.69603
PWY0-1319: CDP-diacylglycerol biosynthesis II	122.906	140.654	90.4381	88.5392	83.3597	234.063	200.125	250.182	236.688	248.211	149.253	204.303	265.593	185.946	223.685
PWY0-1319: CDP-diacylglycerol biosynthesis II|g__Bacteroides.s__Bacteroides_caecimuris	0	0	0	0	0	12.3102	12.0852	20.7112	11.862	36.3327	0.708124	1.92575	0	2.83186	0
PWY0-1319: CDP-diacylglycerol biosynthesis II|g__Bacteroides.s__Bacteroides_uniformis	0.190135	0	0	0	0	43.695	18.6283	38.5569	33.2309	23.5251	2.74012	11.2096	132.456	21.384	10.5187
PWY0-1319: CDP-diacylglycerol biosynthesis II|g__Bacteroides.s__Bacteroides_vulgatus	0	0	0	0	0	6.8933	4.55405	5.51732	5.25807	5.2092	4.45648	14.0715	0	0	0
PWY0-1319: CDP-diacylglycerol biosynthesis II|g__Dorea.s__Dorea_sp_5_2	0	0	0	0	0	2.8275	3.81877	5.92396	4.37508	3.97902	4.29075	0	0.650384	1.55146	5.07457
PWY0-1319: CDP-diacylglycerol biosynthesis II|g__Erysipelatoclostridium.s__Clostridium_cocleatum	0	0	0	0	0	0	0	0	0	0	0	0.652399	0	0	0
PWY0-1319: CDP-diacylglycerol biosynthesis II|g__Lachnospiraceae_unclassified.s__Lachnospiraceae_bacterium_28_4	0	0	0	0	0	0	0	0	0	0	0	3.23671	0	0	0
PWY0-1319: CDP-diacylglycerol biosynthesis II|g__Lactobacillus.s__Lactobacillus_reuteri	0	0	0	0	0	4.4484	3.71774	2.92786	3.7468	0.472021	2.27267	11.5985	8.99615	1.34406	5.09582
PWY0-1319: CDP-diacylglycerol biosynthesis II|g__Mucispirillum.s__Mucispirillum_schaedleri	0	0	0	0	0	0	0	0	0	0	0	0	0	0.333683	0
PWY0-1319: CDP-diacylglycerol biosynthesis II|g__Muribaculaceae_unclassified.s__Muribaculaceae_bacterium_DSM_103720	0	0	0	0	0	0.294216	0.650227	0	0.699027	0	0	0	0	0	0
PWY0-1319: CDP-diacylglycerol biosynthesis II|g__Parabacteroides.s__Parabacteroides_distasonis	0	0	0	0	0	41.688	16.5152	36.8732	28.912	44.7601	11.51	16.4872	0	26.6652	19.2173
PWY0-1319: CDP-diacylglycerol biosynthesis II|g__Parabacteroides.s__Parabacteroides_goldsteinii	0	0	0	0	0	2.09172	1.47288	1.60453	1.65505	1.43623	0.607383	2.07926	0	0	0
PWY0-1319: CDP-diacylglycerol biosynthesis II|unclassified	119.162	135.847	88.7449	86.8322	81.855	50.5619	71.2224	53.9102	75.6111	46.6091	85.8798	73.4975	67.7405	86.911	126.733
PWY0-1477: ethanolamine utilization	2.76053	2.37401	3.75282	1.16136	4.38114	105.1	176.078	169.254	131.571	103.977	267.747	277.413	89.0593	147.956	102.572
PWY0-1477: ethanolamine utilization|g__Lactococcus.s__Lactococcus_lactis	2.13034	1.79955	3.45032	0	3.59022	6.42834	1.55547	10.8261	4.54356	1.23928	0	0	0	0	0
PWY0-1477: ethanolamine utilization|unclassified	0	0	0	0	0.40972	1.42218	3.46583	1.11043	2.04161	1.83412	7.67105	22.0909	1.7199	5.36959	19.6422
PWY0-1479: tRNA processing	0	0	0	0	0	27.2254	15.2537	8.41393	14.2957	34.405	8.68091	8.10261	0	0.509171	0
PWY0-1479: tRNA processing|g__Turicimonas.s__Turicimonas_muris	0	0	0	0	0	7.16578	2.94187	1.92424	3.54498	9.03366	1.5203	1.298	0	0	0
PWY0-1479: tRNA processing|unclassified	0	0	0	0	0	0	0	0	0	0	0	0	0	0.505653	0
PWY0-1586: peptidoglycan maturation (meso-diaminopimelate containing)	1437.61	1328.6	1642.53	1548.67	1663.38	147.653	101.353	157.517	129.182	161.184	77.8658	125.635	229.61	115.395	105.029
PWY0-1586: peptidoglycan maturation (meso-diaminopimelate containing)|g__Bacteroides.s__Bacteroides_caecimuris	0	0	0	0	0	14.3284	15.6629	28.8804	16.9505	57.844	0.501716	0.741721	0	1.02948	0
PWY0-1586: peptidoglycan maturation (meso-diaminopimelate containing)|g__Bacteroides.s__Bacteroides_uniformis	0	0	0	0	0	56.9247	34.6765	61.9457	49.9676	30.3902	5.11486	21.7808	178.427	28.3618	17.0663
PWY0-1586: peptidoglycan maturation (meso-diaminopimelate containing)|g__Bacteroides.s__Bacteroides_vulgatus	0	0	0	0	0	6.50065	4.01616	7.08211	5.57722	5.58976	4.94955	15.8187	0	0	0
PWY0-1586: peptidoglycan maturation (meso-diaminopimelate containing)|g__Lactobacillus.s__Lactobacillus_reuteri	0	0	0	0	0	8.695	6.19957	4.78534	6.23274	0.82689	3.40021	16.846	16.4035	2.26218	9.5274
PWY0-1586: peptidoglycan maturation (meso-diaminopimelate containing)|g__Lactococcus.s__Lactococcus_lactis	516.097	476.212	588.586	554.141	595.299	13.2731	2.24906	19.0082	9.56842	7.97293	1.85741	1.85798	2.97758	5.57819	2.19208
PWY0-1586: peptidoglycan maturation (meso-diaminopimelate containing)|g__Turicimonas.s__Turicimonas_muris	0	0	0	0	0	20.0946	10.554	7.04126	10.9206	26.0875	6.12152	6.11222	0	0	0
PWY0-1586: peptidoglycan maturation (meso-diaminopimelate containing)|unclassified	565.325	525.522	639.169	608.557	666.919	5.65248	6.04965	6.55984	7.1261	7.97501	28.9691	10.063	6.95186	21.3101	29.819
PWY0-162: superpathway of pyrimidine ribonucleotides de novo biosynthesis	166.731	192.597	123.927	142.926	117.855	241.694	245.019	275.887	271.31	258.774	160.55	329.17	230.876	238.911	159.083
PWY0-162: superpathway of pyrimidine ribonucleotides de novo biosynthesis|unclassified	137.672	155.216	105.772	119.491	100.556	0	0	0	0.867987	1.06535	2.12117	0	0	1.48005	1.60085
PWY0-166: superpathway of pyrimidine deoxyribonucleotides de novo biosynthesis (E. coli)	29.403	29.9635	21.4463	24.5832	18.1635	40.524	20.7885	25.4856	35.312	2.90501	29.2066	71.6221	77.1076	13.907	43.0334
PWY0-166: superpathway of pyrimidine deoxyribonucleotides de novo biosynthesis (E. coli)|unclassified	27.9408	29.3612	20.1197	24.1891	17.9626	1.92202	0	0	0	0	1.90241	0	1.43433	1.39446	1.51055
PWY0-301: L-ascorbate degradation I (bacterial, anaerobic)	0	0	0	0	0	0	0	0	0	0	0	0.687507	0	0	1.76434
PWY0-301: L-ascorbate degradation I (bacterial, anaerobic)|unclassified	0	0	0	0	0	0	0	0	0	0	0	0.684901	0	0	1.7592
PWY0-781: aspartate superpathway	0	0	0	0	1.68986	24.4743	5.07926	32.3439	16.6612	16.093	6.45873	8.55684	16.6568	21.3212	14.0132
PWY0-781: aspartate superpathway|unclassified	0	0	0	0	0	0	0	0	0	0	0	0	0	0	5.1758
PWY0-845: superpathway of pyridoxal 5'-phosphate biosynthesis and salvage	0	0	0	0	0	149.37	102.135	166.697	137.596	136.037	83.0471	188.403	311.878	143.261	92.1932
PWY0-845: superpathway of pyridoxal 5'-phosphate biosynthesis and salvage|g__Bacteroides.s__Bacteroides_uniformis	0	0	0	0	0	45.8743	20.8605	42.3901	37.0998	21.6834	2.99193	14.1762	141.13	22.0945	12.5365
PWY0-845: superpathway of pyridoxal 5'-phosphate biosynthesis and salvage|g__Parabacteroides.s__Parabacteroides_distasonis	0	0	0	0	0	38.9696	14.4531	31.1191	25.0706	40.6147	10.1413	14.8293	0	26.9019	15.9797
PWY0-845: superpathway of pyridoxal 5'-phosphate biosynthesis and salvage|unclassified	0	0	0	0	0	1.09716	0.923029	2.17773	1.42995	0	2.64684	0	16.8182	6.80002	5.78032
PWY0-862: (5Z)-dodecenoate biosynthesis I	202.765	236.163	149.425	173.965	148.307	17.7064	13.6123	20.6555	12.8981	13.3258	9.06984	34.4262	0	8.50585	5.11995
PWY0-862: (5Z)-dodecenoate biosynthesis I|g__Bacteroides.s__Bacteroides_vulgatus	0	0	0	0	0	6.22945	4.37038	6.29926	4.68621	5.15127	3.97343	13.9221	0	0	0
PWY0-862: (5Z)-dodecenoate biosynthesis I|unclassified	145.048	164.702	113.053	127.619	113.223	6.05826	5.17675	6.83467	3.77559	3.75096	0.715935	8.93021	0	7.98448	4.97073
PWY1ZNC-1: assimilatory sulfate reduction IV	0	0	0	0	0	1.73686	3.50417	0	0	2.10733	1.40538	0	0	2.28423	2.41819
PWY1ZNC-1: assimilatory sulfate reduction IV|unclassified	0	0	0	0	0	1.53498	2.8984	0	0	1.80366	1.32804	0	0	1.87514	2.35227
PWY3O-4107: NAD salvage pathway V (PNC V cycle)	517.748	485.803	538.11	513.526	551.552	0.699675	0	2.69304	3.30663	1.84114	1.56649	7.01844	8.85867	10.2583	7.19105
PWY3O-4107: NAD salvage pathway V (PNC V cycle)|g__Lactococcus.s__Lactococcus_lactis	208.219	182.883	224.407	217.047	229.791	0	0	2.32049	2.32819	1.35131	0	1.19306	1.91311	2.2753	0
PWY3O-4107: NAD salvage pathway V (PNC V cycle)|unclassified	25.8282	0	0	0	0	0.696614	0	0	0	0	0	0	0	0	0
PWY4FS-7: phosphatidylglycerol biosynthesis I (plastidic)	0	0	0.714819	0	0	133.097	109.787	127.866	116.062	91.191	49.399	110.339	73.2764	66.6259	69.3766
PWY4FS-7: phosphatidylglycerol biosynthesis I (plastidic)|unclassified	0	0	0.714704	0	0	0	4.50555	0.702688	2.9552	2.64126	14.9625	2.57062	0	2.39104	10.2847
PWY4FS-8: phosphatidylglycerol biosynthesis II (non-plastidic)	0	0	0.714819	0	0	133.097	109.787	127.866	116.062	91.191	49.399	110.339	73.2764	66.6259	69.3766
PWY4FS-8: phosphatidylglycerol biosynthesis II (non-plastidic)|unclassified	0	0	0.714704	0	0	0	4.50555	0.702688	2.9552	2.64126	14.9625	2.57062	0	2.39104	10.2847
PWY4LZ-257: superpathway of fermentation (Chlamydomonas reinhardtii)	0	0	0	0	0	13.1929	44.7067	15.1655	24.7425	20.6443	96.5143	53.8016	38.0311	40.4302	93.6213
PWY4LZ-257: superpathway of fermentation (Chlamydomonas reinhardtii)|unclassified	0	0	0	0	0	0	2.64272	0.551586	0	2.47481	8.27162	7.73645	0	0.935165	6.31051
PWY66-389: phytol degradation	0	0	0	0	0	0	0	0	0	0	0	0	0.576109	0	0
PWY66-389: phytol degradation|unclassified	0	0	0	0	0	0	0	0	0	0	0	0	0.54966	0	0
PWY66-391: fatty acid &beta;-oxidation VI (mammalian peroxisome)	0	0	0	0	0	0	0	0	1.54785	0	0	18.606	0.480107	2.01521	0
PWY66-391: fatty acid &beta;-oxidation VI (mammalian peroxisome)|unclassified	0	0	0	0	0	0	0	0	0.905713	0	0	7.6633	0.428151	1.27251	0
PWY66-399: gluconeogenesis III	0	0	0	0	3.11154	52.9546	56.7146	60.7829	48.917	43.9618	77.9672	126.253	89.5177	49.5052	84.4125
PWY66-399: gluconeogenesis III|unclassified	0	0	0	0	1.33315	8.45587	14.1164	9.26108	9.11412	7.4999	41.1558	12.5051	5.42855	17.3694	46.9064
PWY66-409: superpathway of purine nucleotide salvage	52.2141	52.3171	38.6449	43.8011	32.9924	71.2023	25.4195	66.2291	54.5083	44.6247	17.539	23.4479	25.0207	47.0536	50.9365
PWY66-409: superpathway of purine nucleotide salvage|unclassified	0	0	0	0	0	11.483	15.2895	7.68189	18.0275	17.2386	11.3111	9.50582	18.5087	17.3739	33.4502
PWY66-429: fatty acid biosynthesis initiation (mitochondria)	191.578	216.357	136.169	157.897	132.521	265.877	230.238	301.658	275.467	249.349	192.573	268.354	337.656	217.918	264.985
PWY66-429: fatty acid biosynthesis initiation (mitochondria)|g__Anaerotruncus.s__Anaerotruncus_sp_G3_2012	0	0	0	0	0	0	0	0	0	0	0	0	0	0	4.67951
PWY66-429: fatty acid biosynthesis initiation (mitochondria)|g__Bacteroides.s__Bacteroides_caecimuris	0	0	0	0	0	24.4754	22.3432	40.0265	23.7714	65.8738	1.90776	5.90506	0	5.30761	0
PWY66-429: fatty acid biosynthesis initiation (mitochondria)|g__Bacteroides.s__Bacteroides_uniformis	0	0	0	0	0	45.7318	22.8648	43.4564	38.7723	22.8588	3.1636	13.6696	139.038	21.9059	12.3806
PWY66-429: fatty acid biosynthesis initiation (mitochondria)|g__Bacteroides.s__Bacteroides_vulgatus	0	0	0	0	0	13.1481	10.0128	14.0655	11.3112	10.8053	8.20489	35.0756	0	0.0877843	0
PWY66-429: fatty acid biosynthesis initiation (mitochondria)|g__Dorea.s__Dorea_sp_5_2	0	0	0	0	0	2.5833	6.33376	6.23064	3.02263	3.12161	6.9194	0	1.06603	1.10975	5.0714
PWY66-429: fatty acid biosynthesis initiation (mitochondria)|g__Enterorhabdus.s__Enterorhabdus_caecimuris	0	0	0	0	0	0.532813	1.0412	1.59507	1.61489	0.312342	5.90992	3.64942	3.55112	5.22019	1.16215
PWY66-429: fatty acid biosynthesis initiation (mitochondria)|g__Erysipelatoclostridium.s__Clostridium_cocleatum	0	0	0	0	0	0	0	0	0	0	0	1.79242	0	0	0
PWY66-429: fatty acid biosynthesis initiation (mitochondria)|g__Lachnospiraceae_unclassified.s__Lachnospiraceae_bacterium_A2	0	0	0	0	0	0	0.690992	0	0	0	0	0	0	0.537509	5.85395
PWY66-429: fatty acid biosynthesis initiation (mitochondria)|g__Lactobacillus.s__Lactobacillus_reuteri	0	0	0	0	0	6.74834	3.84556	4.42201	5.29872	0.542207	2.90492	11.7794	4.2056	0.633364	2.6625
PWY66-429: fatty acid biosynthesis initiation (mitochondria)|g__Lactococcus.s__Lactococcus_lactis	5.77273	6.99441	6.01935	6.69614	5.99762	0	0	0	0	0	0	0	0	0	0
PWY66-429: fatty acid biosynthesis initiation (mitochondria)|g__Parabacteroides.s__Parabacteroides_distasonis	0	0	0	0	0	46.6026	24.9554	48.129	39.2942	51.6107	16.4739	22.6334	0	34.3759	26.2397
PWY66-429: fatty acid biosynthesis initiation (mitochondria)|g__Parabacteroides.s__Parabacteroides_goldsteinii	0	0	0	0	0	2.39291	1.69572	2.12165	2.4477	1.16446	0.932573	3.4794	0	0	0
PWY66-429: fatty acid biosynthesis initiation (mitochondria)|g__Turicimonas.s__Turicimonas_muris	0	0	0	0	0	6.64819	4.1063	2.51445	3.64759	8.71491	1.95394	1.89143	0	0	0
PWY66-429: fatty acid biosynthesis initiation (mitochondria)|unclassified	107.385	108.796	89.282	95.7555	92.015	57.8386	74.9191	55.6895	67.8202	40.304	105.094	82.8899	51.148	85.0428	165.422
PYRIDNUCSAL-PWY: NAD salvage pathway I (PNC VI cycle)	0	0	1.89333	0	0	0.974509	0	3.70443	4.51877	2.51953	2.06145	9.20545	12.0009	12.6788	9.2852
PYRIDNUCSAL-PWY: NAD salvage pathway I (PNC VI cycle)|unclassified	0	0	0	0	0	0.935711	0	0	0	0	0	0	0	0	0
PYRIDNUCSYN-PWY: NAD de novo biosynthesis I (from aspartate)	1.68237	0	0.779576	0.394413	1.12272	213.449	147.458	230.137	214.993	248.138	105.801	232.833	243.938	160.305	111.052
PYRIDNUCSYN-PWY: NAD de novo biosynthesis I (from aspartate)|g__Bacteroides.s__Bacteroides_caecimuris	0	0	0	0	0	16.4955	13.5797	25.4919	16.7396	51.8936	1.021	1.66166	0	2.58571	0
PYRIDNUCSYN-PWY: NAD de novo biosynthesis I (from aspartate)|g__Bacteroides.s__Bacteroides_uniformis	0	0	0	0	0	22.7601	8.91995	21.1196	20.345	12.5555	1.67454	6.17527	68.5063	10.7323	6.46421
PYRIDNUCSYN-PWY: NAD de novo biosynthesis I (from aspartate)|g__Bacteroides.s__Bacteroides_vulgatus	0	0	0	0	0	9.16857	5.13721	7.46017	6.45862	8.05441	4.49411	17.7303	0	0.254674	0
PYRIDNUCSYN-PWY: NAD de novo biosynthesis I (from aspartate)|g__Parabacteroides.s__Parabacteroides_distasonis	0	0	0	0	0	45.9508	20.9342	42.7582	35.1223	50.4859	14.0184	19.0163	0	33.567	22.922
PYRIDNUCSYN-PWY: NAD de novo biosynthesis I (from aspartate)|g__Parabacteroides.s__Parabacteroides_goldsteinii	0	0	0	0	0	3.03696	1.6156	2.07741	2.38042	1.66119	0.998339	4.20591	0	0	0
PYRIDNUCSYN-PWY: NAD de novo biosynthesis I (from aspartate)|unclassified	0.92059	0	0	0.393019	0	35.3282	34.7112	39.2665	46.271	30.5647	43.7805	50.1597	56.3005	39.0687	31.4404
PYRIDOXSYN-PWY: pyridoxal 5'-phosphate biosynthesis I	0	0	0	0	0	134.268	86.8407	150.433	125.827	119.076	60.8386	145.756	336.835	124.633	72.0288
PYRIDOXSYN-PWY: pyridoxal 5'-phosphate biosynthesis I|g__Bacteroides.s__Bacteroides_uniformis	0	0	0	0	0	46.3911	21.7159	47.0916	40.4178	22.4911	3.301	15.7214	145.954	22.7663	13.5536
PYRIDOXSYN-PWY: pyridoxal 5'-phosphate biosynthesis I|g__Parabacteroides.s__Parabacteroides_distasonis	0	0	0	0	0	41.1739	17.9187	37.9678	31.4546	46.0457	11.0803	18.3679	0	29.4648	18.8798
PYRIDOXSYN-PWY: pyridoxal 5'-phosphate biosynthesis I|unclassified	0	0	0	0	0	0.895912	0.749352	1.79959	1.16926	0	2.13295	0	13.7182	5.6803	4.62931
REDCITCYC: TCA cycle VI (Helicobacter)	0	0	0	0	0	0	0	0	0	0	1.73099	1.69863	0	0	0
REDCITCYC: TCA cycle VI (Helicobacter)|unclassified	0	0	0	0	0	0	0	0	0	0	0.724248	0.684852	0	0	0
RHAMCAT-PWY: L-rhamnose degradation I	0.201197	0	0.306604	0	0	118.273	93.5817	131.271	106.555	136.163	62.8212	78.3014	158.811	85.4641	101.825
RHAMCAT-PWY: L-rhamnose degradation I|g__Bacteroides.s__Bacteroides_caecimuris	0	0	0	0	0	17.226	25.6102	38.3741	20.9671	57.0858	1.89314	4.1166	0	3.00143	0
RHAMCAT-PWY: L-rhamnose degradation I|g__Bacteroides.s__Bacteroides_uniformis	0	0	0	0	0	45.369	18.3843	39.7264	33.2133	23.8509	2.68134	12.016	141.196	22.9045	10.4358
RHAMCAT-PWY: L-rhamnose degradation I|g__Bacteroides.s__Bacteroides_vulgatus	0	0	0	0	0	8.22498	5.02909	7.63109	5.10894	7.0914	5.00569	11.3289	0	0.242985	0
RHAMCAT-PWY: L-rhamnose degradation I|unclassified	0	0	0.263305	0	0	28.008	33.0269	20.0782	31.3332	29.5423	46.1273	26.8003	7.66157	49.8917	72.5765
RIBOSYN2-PWY: flavin biosynthesis I (bacteria and plants)	362.51	327.288	406.688	382.609	398.726	219.891	176.702	219.065	218.361	259.647	108.188	191.18	83.5896	153.401	139.038
RIBOSYN2-PWY: flavin biosynthesis I (bacteria and plants)|g__Bacteroides.s__Bacteroides_caecimuris	0	0	0	0	0	14.9191	11.8686	22.7208	14.3185	47.7464	0.839541	1.18308	0	1.31588	0
RIBOSYN2-PWY: flavin biosynthesis I (bacteria and plants)|g__Bacteroides.s__Bacteroides_vulgatus	0	0	0	0	0	8.62679	5.10087	5.69872	5.02714	6.38688	3.24651	14.1128	0	0	0
RIBOSYN2-PWY: flavin biosynthesis I (bacteria and plants)|g__Lactobacillus.s__Lactobacillus_reuteri	0	0	0	0	0	4.38717	4.50491	3.20617	4.62955	0	2.38483	10.687	12.5728	1.96247	8.68851
RIBOSYN2-PWY: flavin biosynthesis I (bacteria and plants)|g__Lactococcus.s__Lactococcus_lactis	30.5672	27.5169	30.9385	29.8593	28.7818	6.55239	0.903163	8.16427	2.8907	2.95662	0	0	0	0	0
RIBOSYN2-PWY: flavin biosynthesis I (bacteria and plants)|g__Parabacteroides.s__Parabacteroides_distasonis	0	0	0.250266	0	0	48.3359	22.8312	46.0742	36.6876	53.1807	12.3922	20.4468	0	34.2799	23.0827
RIBOSYN2-PWY: flavin biosynthesis I (bacteria and plants)|g__Parabacteroides.s__Parabacteroides_goldsteinii	0	0	0	0	0	3.08719	1.89514	1.8566	2.00323	1.37495	0.491793	3.43548	0	0	0
RIBOSYN2-PWY: flavin biosynthesis I (bacteria and plants)|unclassified	0	0	0	0	1.12264	6.95069	11.0202	7.30563	10.0733	4.89426	11.4473	22.296	29.3004	15.3038	40.2936
RUMP-PWY: formaldehyde oxidation I	0	0	0	0	0	0	0	0	0	0	0.642202	0	0	0	1.90725
RUMP-PWY: formaldehyde oxidation I|unclassified	0	0	0	0	0	0	0	0	0	0	0.615242	0	0	0	1.81505
SALVADEHYPOX-PWY: adenosine nucleotides degradation II	0	0	0	0	0	3.54033	32.3236	35.1782	21.4677	37.9046	32.9367	9.26219	13.2871	10.9894	42.516
SALVADEHYPOX-PWY: adenosine nucleotides degradation II|unclassified	0	0	0	0	0	2.5124	28.5343	29.9364	19.9864	28.4778	30.3404	8.9398	12.5821	10.6968	37.5351
SER-GLYSYN-PWY: superpathway of L-serine and glycine biosynthesis I	521.776	487.068	558.207	542.203	563.053	221.152	144.845	235.522	198.601	231.343	112.892	146.509	232.308	174.465	142.701
SER-GLYSYN-PWY: superpathway of L-serine and glycine biosynthesis I|g__Alistipes.s__Alistipes_timonensis	0	0	0	0	0	1.48759	2.00534	1.86913	1.71204	2.11539	1.58405	1.87759	0	0	0
SER-GLYSYN-PWY: superpathway of L-serine and glycine biosynthesis I|g__Bacteroides.s__Bacteroides_caecimuris	0	0	0	0	0	12.6065	12.4559	19.0763	13.014	43.9551	0.626356	3.11998	0	3.89585	0
SER-GLYSYN-PWY: superpathway of L-serine and glycine biosynthesis I|g__Bacteroides.s__Bacteroides_uniformis	0	0	0	0	0	44.9787	20.92	41.2534	34.0826	24.1286	2.58263	14.4317	138.369	22.8835	13.2267
SER-GLYSYN-PWY: superpathway of L-serine and glycine biosynthesis I|g__Bacteroides.s__Bacteroides_vulgatus	0	0	0	0	0	7.59875	4.76187	7.15179	5.75929	6.06593	3.94828	14.1761	0	0.221946	0
SER-GLYSYN-PWY: superpathway of L-serine and glycine biosynthesis I|g__Enterorhabdus.s__Enterorhabdus_caecimuris	0	0	0	0	0	0.673769	1.118	1.24342	1.67454	0.215928	3.63803	3.49786	5.51168	6.66324	1.78886
SER-GLYSYN-PWY: superpathway of L-serine and glycine biosynthesis I|g__Lactococcus.s__Lactococcus_lactis	453.169	417.067	501.613	474.559	504.165	9.53089	1.38466	11.035	5.04757	3.40487	1.37468	2.84722	5.31703	6.32087	2.50264
SER-GLYSYN-PWY: superpathway of L-serine and glycine biosynthesis I|g__Parabacteroides.s__Parabacteroides_distasonis	0	0	0	0	0	44.3534	24.0066	46.0038	38.5231	50.2685	14.1605	21.9077	0	32.0153	28.5924
SER-GLYSYN-PWY: superpathway of L-serine and glycine biosynthesis I|g__Parabacteroides.s__Parabacteroides_goldsteinii	0	0	0	0	0	2.78595	0.992327	1.41732	1.54801	0.994135	0.466022	2.41353	0	0	0
SER-GLYSYN-PWY: superpathway of L-serine and glycine biosynthesis I|unclassified	97.6118	105.129	74.1925	80.6113	66.879	17.979	29.3435	19.1545	22.5966	22.3614	57.4389	34.3622	15.679	55.7481	69.6715
SO4ASSIM-PWY: assimilatory sulfate reduction I	0	0	0	0	0	1.73686	3.50417	0	0	2.10733	0.816107	0	0	2.28423	2.41819
SO4ASSIM-PWY: assimilatory sulfate reduction I|unclassified	0	0	0	0	0	1.53498	2.8984	0	0	1.80366	0.78941	0	0	1.87514	2.35227
SULFATE-CYS-PWY: superpathway of sulfate assimilation and cysteine biosynthesis	0	0	0	0	0	3.4559	6.8287	0	0	4.24869	1.73873	0	0	4.76013	4.99539
SULFATE-CYS-PWY: superpathway of sulfate assimilation and cysteine biosynthesis|unclassified	0	0	0	0	0	2.79539	4.93537	0	0	3.0789	1.53885	0	0	3.42476	4.69459
THISYN-PWY: superpathway of thiamine diphosphate biosynthesis I	0	0	0	0	0	166.884	123.599	186.026	164.536	133.519	60.8957	137.4	408.803	133.821	95.6827
THISYN-PWY: superpathway of thiamine diphosphate biosynthesis I|g__Bacteroides.s__Bacteroides_uniformis	0	0	0	0	0	49.0034	25.6231	50.8163	41.2055	26.0957	3.12301	15.8583	161.169	25.4861	15.0268
THISYN-PWY: superpathway of thiamine diphosphate biosynthesis I|unclassified	0	0	0	0	0	9.84785	18.0454	4.88922	27.4819	13.9895	23.3048	36.8244	24.5129	31.5203	39.016
THISYNARA-PWY: superpathway of thiamine diphosphate biosynthesis III (eukaryotes)	0.55717	0.566681	0	0	0.873151	120.696	66.2315	114.383	104.08	66.7527	27.2094	78.7384	266.812	73.9946	74.9114
THISYNARA-PWY: superpathway of thiamine diphosphate biosynthesis III (eukaryotes)|g__Bacteroides.s__Bacteroides_uniformis	0	0	0	0	0	49.8113	28.9194	49.5334	41.7686	26.5635	3.50149	18.1832	163.276	26.0073	16.4291
THISYNARA-PWY: superpathway of thiamine diphosphate biosynthesis III (eukaryotes)|unclassified	0	0	0	0	0	3.19545	7.11196	1.44913	17.8339	6.31153	8.97573	13.7304	15.6012	11.388	23.9465
THRESYN-PWY: superpathway of L-threonine biosynthesis	427.481	393.234	469.626	446.328	480.779	273.657	216.445	291.1	262.558	290.175	159.501	257.48	254.559	194.78	209.641
THRESYN-PWY: superpathway of L-threonine biosynthesis|g__Bacteroides.s__Bacteroides_uniformis	0	0	0	0	0	7.73967	4.22012	7.28151	5.50076	5.22901	2.63549	9.44117	0	0.218364	0
THRESYN-PWY: superpathway of L-threonine biosynthesis|g__Bacteroides.s__Bacteroides_vulgatus	0	0	0	0	0	7.96511	4.25354	7.99529	6.0321	6.34023	4.76163	15.4603	0	0	0
THRESYN-PWY: superpathway of L-threonine biosynthesis|g__Lactococcus.s__Lactococcus_lactis	110.306	104.001	127.215	119.407	124.038	7.90304	1.13718	9.47345	4.36626	3.22696	0	0	0	0	0
THRESYN-PWY: superpathway of L-threonine biosynthesis|unclassified	1.09371	0.931119	0.912354	0	0	27.2179	35.751	29.2334	40.6096	18.8748	63.9953	40.7923	27.1854	40.9793	56.4507
TRNA-CHARGING-PWY: tRNA charging	183.155	167.587	203.02	200.331	209.78	586.987	638.588	610.998	654.069	625.723	704.475	744.507	652.447	576.32	534.535
TRNA-CHARGING-PWY: tRNA charging|g__Alistipes.s__Alistipes_timonensis	0	0	0	0	0	2.59418	4.45806	3.93218	3.59754	3.48925	2.73625	4.25823	0	0	0
TRNA-CHARGING-PWY: tRNA charging|g__Anaerotruncus.s__Anaerotruncus_sp_G3_2012	0	0	0	0	0	0	0	0	0	0	0	0	0	0	5.10722
TRNA-CHARGING-PWY: tRNA charging|g__Bacteroides.s__Bacteroides_caecimuris	0	0	0	0	0	19.6331	18.0608	31.4787	19.3336	57.827	1.40501	7.53628	0	7.54355	0
TRNA-CHARGING-PWY: tRNA charging|g__Bacteroides.s__Bacteroides_uniformis	0	0	0	0	0	48.0946	23.0431	46.7484	40.9281	25.2656	3.31925	15.0705	149.134	23.4914	13.4651
TRNA-CHARGING-PWY: tRNA charging|g__Bacteroides.s__Bacteroides_vulgatus	0	0	0	0	0	9.34565	5.97042	8.78816	7.38917	7.9507	5.24221	18.8527	0	0	0
TRNA-CHARGING-PWY: tRNA charging|g__Faecalibaculum.s__Faecalibaculum_rodentium	0.65798	0.771557	0.859616	0.57764	0.445657	199.964	232.19	169.371	226.111	275.251	170.44	115.842	2.16763	141.904	88.1957
TRNA-CHARGING-PWY: tRNA charging|g__Lactobacillus.s__Lactobacillus_intestinalis	0	0	0	0	0	2.3433	1.21469	0.694877	4.15013	0	0	0	5.34943	0	0
TRNA-CHARGING-PWY: tRNA charging|g__Lactobacillus.s__Lactobacillus_johnsonii	0	0	0	0	0	13.319	11.5256	8.52457	14.1706	1.66304	3.57494	50.3611	13.5264	5.312	17.5381
TRNA-CHARGING-PWY: tRNA charging|g__Lactobacillus.s__Lactobacillus_reuteri	0	0	0	0	0	8.52761	6.4865	5.26909	7.23077	0.903177	3.87662	17.9165	20.2215	3.12907	12.7488
TRNA-CHARGING-PWY: tRNA charging|g__Lactococcus.s__Lactococcus_lactis	154.566	141.033	171.476	170.359	179.91	8.63759	1.36631	10.9906	5.16658	3.71731	0	0	0	0	0
TRNA-CHARGING-PWY: tRNA charging|g__Muribaculaceae_unclassified.s__Muribaculaceae_bacterium_DSM_103720	0	0	0	0	0	1.09806	2.14007	2.39751	2.65034	0	0	0	0	0	0
TRNA-CHARGING-PWY: tRNA charging|g__Parabacteroides.s__Parabacteroides_distasonis	0	0	0	0	0	47.2118	20.9203	45.8043	36.7229	51.962	13.9191	21.0196	0	34.18	24.2479
TRNA-CHARGING-PWY: tRNA charging|g__Parabacteroides.s__Parabacteroides_goldsteinii	0	0	0	0	0	3.07178	1.65355	2.24825	2.195	1.51099	0.900714	3.53063	0	0	0
TRNA-CHARGING-PWY: tRNA charging|unclassified	0	1.50607	1.92547	1.08949	6.38774	137.094	172	145.487	184.15	101.619	269.91	163.013	202.953	209.832	277.528
TRPSYN-PWY: L-tryptophan biosynthesis	424.783	387.883	465.524	435.376	466.316	349.328	458.536	400.187	433.898	435.767	426.422	371.832	53.4865	286.867	197.483
TRPSYN-PWY: L-tryptophan biosynthesis|g__Bacteroides.s__Bacteroides_vulgatus	0	0	0	0	0	7.40616	6.66463	8.60666	6.45662	6.96935	4.88918	18.0728	0	0	0
TRPSYN-PWY: L-tryptophan biosynthesis|g__Faecalibaculum.s__Faecalibaculum_rodentium	0.618813	0.916773	0.933067	0.922335	0.40112	177.299	280.458	191.063	253.306	264.297	257.507	135.048	2.45065	133.26	81.3276
TRPSYN-PWY: L-tryptophan biosynthesis|g__Lactococcus.s__Lactococcus_lactis	123.613	110.667	123.975	116.98	132.463	8.70592	1.51635	11.555	5.37689	3.7715	0	0	0	0	0
TRPSYN-PWY: L-tryptophan biosynthesis|unclassified	0	0	0	0.732864	0	15.7237	15.7709	19.3871	13.0075	9.75205	17.197	17.971	9.76376	20.4271	26.0299
UDPNACETYLGALSYN-PWY: UDP-N-acetyl-D-glucosamine biosynthesis II	143.327	180.436	109.908	122.597	107.121	0	0	0.72477	1.2348	0	0	0	0	0.529127	0
UDPNACETYLGALSYN-PWY: UDP-N-acetyl-D-glucosamine biosynthesis II|unclassified	108.409	132.3	79.7863	90.1206	77.1774	0	0	0	0.922091	0	0	0	0	0.514162	0
UDPNAGSYN-PWY: UDP-N-acetyl-D-glucosamine biosynthesis I	607.031	562.736	668.807	628.339	700.936	458.043	586.112	462.991	512.809	527.496	608.146	593.759	226.441	414.915	341.792
UDPNAGSYN-PWY: UDP-N-acetyl-D-glucosamine biosynthesis I|g__Anaerotruncus.s__Anaerotruncus_sp_G3_2012	0	0	0	0	0	0	0	0	0	0	0	0	0	0	7.02495
UDPNAGSYN-PWY: UDP-N-acetyl-D-glucosamine biosynthesis I|g__Bifidobacterium.s__Bifidobacterium_pseudolongum	0.463729	0.279725	0.339448	0.571242	0.718585	62.5659	113.353	112.005	86.8015	67.9262	189.931	256.153	84.6575	102.996	61.6937
UDPNAGSYN-PWY: UDP-N-acetyl-D-glucosamine biosynthesis I|g__Enterorhabdus.s__Enterorhabdus_caecimuris	0	0	0	0	0	0.60105	1.03695	1.29457	1.74422	0	4.83569	3.97936	4.06098	5.23517	1.48339
UDPNAGSYN-PWY: UDP-N-acetyl-D-glucosamine biosynthesis I|g__Erysipelatoclostridium.s__Clostridium_cocleatum	0	0	0	0	0	0	0	0	0	0	0	0.956911	0	0	0
UDPNAGSYN-PWY: UDP-N-acetyl-D-glucosamine biosynthesis I|g__Faecalibaculum.s__Faecalibaculum_rodentium	0.83598	0.92643	1.20458	0.956991	0.669085	256.831	340.078	230.884	292.533	350.054	248.826	169.275	2.8716	183.603	115.502
UDPNAGSYN-PWY: UDP-N-acetyl-D-glucosamine biosynthesis I|g__Lactobacillus.s__Lactobacillus_intestinalis	0	0	0	0	0	2.79192	1.17832	0.665322	5.07411	0	0	0.294017	5.71024	0	0.385867
UDPNAGSYN-PWY: UDP-N-acetyl-D-glucosamine biosynthesis I|g__Lactobacillus.s__Lactobacillus_johnsonii	0	0	0	0	0	16.8083	14.0229	9.33252	15.5893	2.07446	3.46854	61.6473	15.3351	5.88068	18.9838
UDPNAGSYN-PWY: UDP-N-acetyl-D-glucosamine biosynthesis I|g__Lactobacillus.s__Lactobacillus_murinus	0	0	0	0	0	4.51518	5.15042	2.97398	4.34566	0.457243	1.79323	4.05789	10.5301	5.06692	3.87238
UDPNAGSYN-PWY: UDP-N-acetyl-D-glucosamine biosynthesis I|g__Lactobacillus.s__Lactobacillus_reuteri	0	0	0	0	0	8.47042	6.77502	4.96127	6.67621	0.958694	3.90388	17.5208	17.7587	2.91832	10.5804
UDPNAGSYN-PWY: UDP-N-acetyl-D-glucosamine biosynthesis I|g__Lactococcus.s__Lactococcus_lactis	206.548	191.468	230.281	207.941	233.589	11.6342	1.49814	14.5963	5.97499	3.9262	0.771387	1.3312	1.59312	2.82684	1.11748
UDPNAGSYN-PWY: UDP-N-acetyl-D-glucosamine biosynthesis I|g__Mucispirillum.s__Mucispirillum_schaedleri	0	0	0	0	0	0	0	0	0	0	0	0	0	0.291096	0
UDPNAGSYN-PWY: UDP-N-acetyl-D-glucosamine biosynthesis I|g__Turicimonas.s__Turicimonas_muris	0	0	0	0	0	9.78287	4.08436	3.20226	4.67499	12.3936	2.53976	2.0494	0	0	0
UDPNAGSYN-PWY: UDP-N-acetyl-D-glucosamine biosynthesis I|unclassified	345.405	319.248	383.392	366.287	401.427	0.441116	3.19479	5.07949	6.3602	5.14507	24.3495	12.0637	6.69025	16.2538	25.4147
URSIN-PWY: ureide biosynthesis	0	0	0	0	0	0	0	0	0	0	0.433737	0	0	0.612253	0
URSIN-PWY: ureide biosynthesis|unclassified	0	0	0	0	0	0	0	0	0	0	0.433325	0	0	0.611403	0
VALSYN-PWY: L-valine biosynthesis	1007.66	935.802	1091.42	1064.53	1143.3	712.59	908.954	772.96	822.259	874.753	1053.43	864.599	716.935	701.314	687.665
VALSYN-PWY: L-valine biosynthesis|g__Akkermansia.s__Akkermansia_muciniphila	0	0	0	0	0.31186	7.5228	10.0521	10.835	6.18721	10.094	23.848	92.1092	197.414	41.8108	19.3186
VALSYN-PWY: L-valine biosynthesis|g__Alistipes.s__Alistipes_timonensis	0	0	0	0	0	1.69441	2.45414	1.80126	1.81011	2.2426	1.92022	1.26631	0	0	0
VALSYN-PWY: L-valine biosynthesis|g__Anaerotruncus.s__Anaerotruncus_sp_G3_2012	0	0	0	0	0	0	0	0	0	0	0	0	0	0	5.49636
VALSYN-PWY: L-valine biosynthesis|g__Bacteroides.s__Bacteroides_caecimuris	0	0	0	0	0	21.4677	22.9433	38.337	22.6993	71.0637	1.4176	6.22935	0	4.99854	0
VALSYN-PWY: L-valine biosynthesis|g__Bacteroides.s__Bacteroides_uniformis	0	0	0	0	0	50.1527	21.8133	48.9598	39.106	26.3446	3.27359	13.9483	153.206	25.3442	13.8553
VALSYN-PWY: L-valine biosynthesis|g__Bacteroides.s__Bacteroides_vulgatus	0	0	0	0	0	8.03084	4.96195	7.71964	5.44809	6.99456	3.83519	16.8162	0	0	0
VALSYN-PWY: L-valine biosynthesis|g__Bifidobacterium.s__Bifidobacterium_pseudolongum	0.411821	0.485242	0.381663	0.548977	0.736069	66.4496	118.229	116.426	90.1012	71.5578	208.476	278.104	87.6167	107.576	67.8152
VALSYN-PWY: L-valine biosynthesis|g__Dorea.s__Dorea_sp_5_2	0	0	0	0	0	2.81064	4.97054	5.4389	3.38345	4.1157	6.15013	0.910422	1.64514	2.1331	8.67749
VALSYN-PWY: L-valine biosynthesis|g__Enterorhabdus.s__Enterorhabdus_caecimuris	0	0	0	0	0	2.28123	2.96503	2.49858	3.39304	2.80364	7.66054	4.35153	6.47294	6.75316	1.59116
VALSYN-PWY: L-valine biosynthesis|g__Erysipelatoclostridium.s__Clostridium_cocleatum	0	0	0	0	0	0	0	0	0	0	0	1.60491	0	0	0
VALSYN-PWY: L-valine biosynthesis|g__Faecalibaculum.s__Faecalibaculum_rodentium	0.968811	1.21953	1.17283	0.829979	0.548505	262.338	369.67	252.283	317.123	357.169	298.435	184.094	3.09311	192.211	121.426
VALSYN-PWY: L-valine biosynthesis|g__Lachnospiraceae_unclassified.s__Lachnospiraceae_bacterium_28_4	0	0	0	0	0	0	0	0	0	0	0	4.94952	0	0	0
VALSYN-PWY: L-valine biosynthesis|g__Lachnospiraceae_unclassified.s__Lachnospiraceae_bacterium_A2	0	0	0	0	0	0.385432	0.712064	0	0	0	0	0	0	0.882777	9.43085
VALSYN-PWY: L-valine biosynthesis|g__Lactococcus.s__Lactococcus_lactis	772.857	700.944	852.402	810.572	893.158	0	0	3.43722	2.3951	2.63795	2.1312	3.82494	7.12802	10.4416	4.11551
VALSYN-PWY: L-valine biosynthesis|g__Mucispirillum.s__Mucispirillum_schaedleri	0	0	0	0	0	0	0	0	0	0	0	0	0	0.773854	0
VALSYN-PWY: L-valine biosynthesis|g__Muribaculaceae_unclassified.s__Muribaculaceae_bacterium_DSM_103720	0	0	0	0	0	0.596606	1.84072	2.01701	1.95333	0.422741	0	0	0	0	0
VALSYN-PWY: L-valine biosynthesis|g__Muribaculum.s__Muribaculum_intestinale	0	0	0	0	0	5.82931	7.30023	7.00984	10.7338	2.52635	1.7751	6.02894	20.1319	10.1355	4.12078
VALSYN-PWY: L-valine biosynthesis|g__Parabacteroides.s__Parabacteroides_distasonis	0	0	0	0	0	58.6255	36.2509	64.9645	49.8003	65.5724	21.4457	36.0777	0	43.4203	36.8713
VALSYN-PWY: L-valine biosynthesis|g__Parabacteroides.s__Parabacteroides_goldsteinii	0	0	0	0	0	3.36174	1.87224	2.19322	2.16016	1.4808	1.09061	3.24008	0	0	0
VALSYN-PWY: L-valine biosynthesis|g__Turicimonas.s__Turicimonas_muris	0	0	0	0	0	7.51501	2.797	2.50538	3.6532	8.39515	1.91402	1.77591	0	0	0
VALSYN-PWY: L-valine biosynthesis|unclassified	225.001	227.343	222.633	236.346	237.636	215.37	295.21	206.127	263.724	236.308	452.144	192.334	236.378	258.421	369.195
