"","ur_1","ur_2","ur_3","ur_4","ur_5","ur_6","ur_7","ur_8","ur_9","ur_10","ur_11","ur_12","ur_14"
"((2,6-bis(1-methylethyl)phenoxy)sulfonyl)carbamic acid 2,6-bis(1-methylethyl)phenyl ester",15.9958052672174,15.7386864779173,16.1614460103325,16.3582037290668,16.1087976179396,15.2526965638021,15.8706284685341,15.8132270795904,15.9087690128923,15.3496234162448,15.6358998854333,15.4947852543688,15.7116797464664
"((2r,3s,4s,5r,6s)-6-(2-(3-(benzofuran-5-yl)propanoyl)-3-hydroxy-5-methylphenoxy)-3,4,5-trihydroxytetrahydro-2h-pyran-2-yl)methyl methyl carbonate",13.2016695091422,13.9011685302411,13.233771258755,14.2794143092755,14.6509797615776,14.0067366251764,13.6314688141507,13.9613569851762,12.9713608708378,15.0074505553782,13.8141063096666,13.9806981802645,14.6494910060115
"(+)-(r)-2-(2,4-difluorophenyl)-1-(3-((e)-4-(2,2,3,3-tetrafluoropropoxy)styryl)-1,2,4-triazol-1-yl)-3-(1,2,4-triazol-1-yl)propan-2-ol",13.4788100878488,13.1699054588878,13.1649302332931,13.3615443985263,16.626791851414,15.4351707771941,13.1320567894719,14.2779133620933,13.1165759531316,15.7996754462854,14.2655734540025,13.1053114894284,15.8777410743899
"(+)-1-(9-fluorenyl)ethyl chloroformate",17.4084325883841,17.6278812855606,18.1396946147314,16.7251194032922,17.6466922015444,17.557949320196,17.251125287719,17.7430215107892,17.565147808446,17.4739060414654,17.4447068062756,17.8630967735129,17.3573035355452
"(+)-2-amino-7-phosphonoheptanoic acid",12.9419414133482,12.7008631665883,14.7284722132642,12.9524734896203,13.8406917582426,15.4112359762271,13.1474294026173,13.9901509457322,12.665753214045,13.9765818838745,14.18680668561,14.2234334071347,12.3630277999464
"(+)-diacetyl-l-tartaric anhydride",13.3203834547894,13.285036202262,18.3536432232757,14.7281948153007,18.7782364136997,21.3079531626282,13.2163699908736,19.1370869080538,13.0789912066795,21.1827715885354,18.1244523844215,13.6227944409849,21.5480413930504
"(+)-epibatidine",15.0140736502765,15.2712216642046,14.5573941644974,14.8755347011876,14.6931039891222,14.6663848851086,15.0508270548037,15.7679312725298,14.9083457168197,14.7293340337586,15.4027193825076,14.9985212885131,14.2041309376387
"(+)-praeruptorin a",12.9415220943497,14.3842266904682,13.6963603667866,13.4127631251398,13.5596770117818,13.5259005545331,13.2390897747434,13.4268925108534,13.3395799717002,14.1018733731997,13.2627802027296,12.9757401465929,16.1765181644279
"(+/-)-(e)-methyl-2-[(e)-hydroxyimino]-5-nitro-6-methoxy-3-hexeneamide",16.8206827386332,17.1752146909581,16.9396383620055,15.7758155770471,16.1610300970953,13.6014510506684,16.6123581562971,16.8684496365278,17.0935345420953,13.8393563753336,16.2367516421425,16.6881731275676,13.6632653973261
"(+/-)-dicentrine",14.8580276101481,13.3481799520755,15.429793859064,14.7305161481819,15.5992798681056,14.8694671962941,14.7198884174018,14.9617719582659,13.7592450458024,14.763828817349,15.0501780014962,15.4864159475412,14.8116634225463
"(-)-3-(4-(2-(phenoxazin-10-yl)ethoxy)phenyl)-2-ethoxypropanoic acid",15.6985937040787,15.8248086146759,15.4017608475078,16.2868440265431,15.8143467737827,15.7125817053616,15.6858813346511,15.5567843520965,15.8852442632969,15.8535632019002,15.4021990258762,15.7538011141804,14.6967267895071
"(-)-Deoxypodophyllotoxin",14.3366076382095,13.5006154877837,14.7277413114315,12.5840710427263,14.7506443050292,13.9689691798717,14.188075910628,14.7971330626159,13.9431923896233,14.2830397791606,15.0718788872644,12.8766612070892,13.75787687671
"(-)-Epicatechin 3-o-gallate",13.9809194343865,14.1544817181783,13.7561825207742,13.9433549146221,13.9578549857473,14.1114889137167,13.8020204911914,14.2840348833034,14.0913959172461,14.0821433388126,13.7951800194468,12.8155417145544,14.1121965014685
"(-)-Epicatechin sulfate",13.1531217027472,12.5167206683581,12.4838088321156,12.5616653188499,13.53637186972,12.9167392016788,13.2940857140167,13.3855618005594,12.3329639095699,13.0729741321676,13.2872242102224,13.6622269404857,13.1919930040894
"(-)-Epicatechin-3'-o-glucuronide",13.9937282763579,13.8612556217615,13.7905053390423,13.0820341913951,13.7273564757681,14.1672126829877,12.7347360773378,13.8994396605553,13.4760810145196,13.5194761253535,13.6782959049513,13.7168255998875,15.9324532655264
"(-)-Epigallocatechin",14.3099289635996,14.8514614478036,16.4385028182269,14.8604717899487,15.9764583810581,17.874395524953,14.3979549267307,15.8601217897243,15.2990325448633,17.9554675243489,15.367702578744,16.0114090870228,18.1020145211641
"(-)-Menthyl chloroformate",17.2083426106601,17.5336818612671,17.33522644342,17.4717919504757,17.0792647849825,16.116080912653,17.1602429095502,16.9278686950363,17.2201789043887,16.8618040894086,17.1098256598725,17.3298163488334,15.5986156607537
"(-)-Parthenolide",16.3745706430459,16.0706255709584,15.3464502400956,15.7303191166687,16.3816736839675,14.6388734455494,16.4953007098868,15.8218023217151,15.9103184966509,14.9780189017435,15.9398858210514,15.6612544988594,13.4072077209203
"(1-(5-fluoropentyl)-1h-indol-3-yl)(4-methylnaphthalen-1-yl)methanone",15.4000437403596,15.8587912852674,16.2965319593559,16.1820944052746,16.7020295349208,15.7018386708634,15.7161062486685,15.8408489639215,16.0278954513071,16.2630273223839,16.0788903553854,15.8831227593859,14.7325023051687
"(17-hydroxy-13-methyl-6,7,8,9,11,12,14,15,16,17-decahydrocyclopenta[a]phenanthren-3-yl) n,n-bis(2-chloroethyl)carbamate",13.3023367092608,15.3977698232904,13.3891654834894,15.4426076174262,15.6741669606389,16.6975701725677,15.5099784627879,15.7546483680343,15.6137496491042,16.5306267839372,15.6168603239039,15.4677308618731,16.1030854556644
"(1e)-1-{[(diaminomethylidene)amino]imino}-2,3-dihydro-1h-indene-4-carboximidamide",19.3677006243824,19.0816572635091,19.7851111273496,19.2244840033626,18.4382562999806,19.7052904913732,19.1527157976939,18.7943476708,18.9983086301227,19.490353313225,18.9689155312484,19.5396107278841,19.3705013399897
"(1e,4e)-1,5-bis(4-hydroxy-3-methoxyphenyl)penta-1,4-dien-3-one",16.9295672523601,17.0857851924093,16.5200775538173,17.0942639839322,16.9107759811846,15.6468668663258,16.7477176207421,16.9174178479222,17.0555898524711,15.9089946129201,16.8171750661941,16.998858835752,15.6315512615186
"(1r)-1-amino-2-sulfanylethanesulfinic acid",16.3601523312712,16.5520041352148,17.3230462600902,16.2903892323748,16.2841159861585,15.3663064611484,16.4961923172242,15.9641148545361,16.4579500448796,15.4713585766344,16.1433022570804,17.1841704840208,16.221204346089
"(1r,2s,5r,6s)-6-(3,4-dihydroxyphenyl)-2-(3,4-methylenedioxyphenyl)-3,7-dioxabicyclo-[3,3,0]octane",14.0805262252149,14.1979575924351,14.3095589814257,14.724483307663,14.1838127754709,14.5944191475995,14.1478394844371,13.8837366701227,13.4815957949715,15.134309031003,14.470846880047,13.3942359593297,15.5562493966398
"(1r,3r)-1-aminocyclopentane-1,3-dicarboxylic acid",18.1542085325722,18.2944152907998,18.0386591324997,18.1919977667315,18.1793154015907,18.6692557574045,18.1411012831222,18.2367585578977,18.1376143693158,18.5536776226939,18.1486172227022,18.1102719834426,18.3712293089322
"(1r,4ar,5s,7r)-7-methyl-1-[(2r,3s,4r,5r,6s)-3,4,5-trihydroxy-6-(hydroxymethyl)oxan-2-yl]oxy-1,5,6,7a-tetrahydrocyclopenta[c]pyran-4a,5,7-triol",16.5763375607388,16.2378491639968,15.4493191103857,16.4639026370001,16.2391200369905,13.8455497751252,16.541705914739,16.1477270089532,16.5215003090344,14.596793133946,15.8524492595499,15.9608355761854,14.1244683798146
"(1r,4e,6s,7s,17r)-4-ethylidene-7-hydroxy-7-(hydroxymethyl)-6-methyl-2,9-dioxa-14-azatricyclo[9.5.1.014,17]heptadec-11-ene-3,8-dione",17.9084512064182,17.8879364252635,18.274573395861,17.8570357020912,18.5607489557228,14.5961227478751,17.8183748509339,17.7857532726704,17.63567876539,15.8333185101871,17.6678947815594,17.519137292673,14.442870325098
"(1r,4r,5s)-1-[(1s)-1-hydroxy-2-methylpropyl]-4-propyl-6-oxa-2-azabicyclo[3.2.0]heptane-3,7-dione",17.7020771908337,17.7477738143791,17.691424187456,17.3750637668231,17.3407833000603,18.3678886361523,17.4640958646526,17.927941667931,17.0572578813217,18.083304535071,17.8194055848521,17.6514760348108,16.8988581744036
"(1r,4r,5s,6r)-4-amino-2-oxabicyclo[3.1.0]hexane-4,6-dicarboxylic acid",15.9468086861974,15.6048661782883,18.5231613758823,15.2830961734967,17.3959310023082,17.102857460121,16.1324408034197,17.1113579262963,15.4335046448365,15.8877215081373,17.7251761459124,17.3969145535663,15.7594584676802
"(1r,7s,13s,15s)-2,15-dihydroxy-7-methyl-6-oxabicyclo[11.3.0]hexadeca-3,11-dien-5-one",16.2956798462056,15.7639156730674,15.6878241940594,15.4401013822258,15.1749318218275,16.4921946013461,16.0144025254148,15.7216325204309,15.2977332251772,16.1376644175162,16.034899784025,16.6805512640703,16.3908676481397
"(1s,2r)-n-methyl-1-oxo-2-pyridin-3-ylthiane-2-carbothioamide",15.7699930780084,15.3912799775518,13.7015658750225,15.1885545495127,15.0831395083799,15.2751131495138,15.5411565858964,15.6381760595402,15.0514969711837,15.3559550285206,15.3779158988059,15.0995323228773,15.0851927285105
"(1s,3r)-3-(2,2-dichlorovinyl)-2,2-dimethylcyclopropanecarboxylic acid",15.7834395790542,14.9555556641883,14.4912978199294,16.0834537378233,15.0484758309121,15.922980015434,15.1661358615118,15.0655960109731,15.2115578229661,16.4351260531296,14.8958686712585,15.0270961619374,16.3534997946
"(1s,4ar,5r,8s,8as)-2,5-dimethyl-8-propan-2-yl-4,4a,6,7,8,8a-hexahydro-1h-naphthalene-1,5-diol",14.7259705741162,14.975286714325,15.2984451217834,15.3318189876601,15.7690398119081,14.0971039019809,15.0636877955403,15.3362029195497,15.4566192268229,14.598481618169,14.9914660537721,16.0359904546817,14.94556855466
"(1z)-1-(3-ethyl-5-methoxy-1,3-benzothiazol-2-ylidene)propan-2-one",14.3435709234037,14.4159620587711,13.2296949648992,14.3255455525039,14.337082609607,13.1779377686899,14.4448094233936,14.6350253995272,14.4280912302517,13.7978907139944,14.4549870056602,14.3192162676546,13.8379192706209
"(2,5-dihydroxypyrrol-1-yl) 5-[(3as,4s,6ar)-2-oxo-1,3,3a,4,6,6a-hexahydrothieno[3,4-d]imidazol-4-yl]pentanoate",12.725782728914,12.6476248650604,13.1241354555869,12.944395929818,12.8962888604668,12.5662122997433,13.3113095433001,13.7886128859155,12.7653922963731,13.6069009235562,12.957462433617,12.7511801306388,12.8229990257241
"(2,5-dioxopyrrolidin-1-yl) 5-(2-hydroxyethoxy)-4-oxopentanoate",17.0772738148852,17.2304065342854,17.5093275769695,17.2007929414366,17.3137120910331,17.1593627832669,17.1314604461138,17.1147511634737,17.3000321976102,17.3687855153142,17.3671703003442,17.1180171632524,17.0681396336928
"(2,6-dioxo-3h-purin-9-yl) pyridine-3-carboxylate",16.8767542724826,15.9700056088545,18.5386402459006,16.2365152836935,17.8535741394125,17.9959583843184,17.0632314388331,16.9286571031322,16.5941203965519,17.1448481034525,17.4554139138713,17.8417074628484,18.5429693572807
"(2-((5-chloro-2-((4-(4-(dimethylamino)piperidin-1-yl)-2-methoxyphenyl)amino)pyrimidin-4-yl)amino)phenyl)dimethylphosphine oxide",15.0269085418129,15.1973957136383,15.2557449008232,14.9238276418757,15.1358613768005,14.6787163473605,14.8358023336754,15.1793076742845,15.1876299188972,14.8525946986226,15.1354945290972,15.3516028998792,14.4374517857754
"(2-carbamoyl-7-oxo-1,6-diazabicyclo[3.2.1]octan-6-yl) hydrogen sulfate",16.2750956475434,16.6439782005739,16.1980794327126,15.6546444626599,16.0302365617058,17.7532032028224,16.1021090863147,16.4915733402625,16.5197181816778,18.2378872379476,15.9582544227396,16.6664594365494,18.4018979052966
"(2-ethylcrotonoyl)urea",18.446731102904,18.2515447510065,17.8384420650182,18.4108580176725,18.0442857131485,17.4303648443397,18.5182799297962,18.116868442112,18.5290714595343,17.3998663307965,17.8706807254661,18.2932570961579,16.6809363390723
"(2-phenylacetyl) (2r)-2,5-diaminopentanoate",16.2456471182721,16.2405767384206,15.6578102836032,14.8829702544061,15.1460564260608,13.5622312527934,15.9718402203928,15.8572744840914,15.9771099431867,13.7098894564862,15.4134449404021,15.9662466140641,13.8677748972142
"(2-pyridin-3-ylpyrrolidin-1-yl)methanol",13.2362201739737,13.3638239192489,16.7701010063439,13.1178639620431,16.9622670182748,15.8216397491603,15.0296078356319,15.6532767482651,12.6653151258336,16.5899262890198,16.7044683682392,12.8594289852337,16.0830102207533
"(2-quinoxalinylmethylene)hydrazinecarboxylic acid methyl ester",13.9308836331168,14.3227246537094,14.3178653221992,14.0120820154011,13.9577550346551,13.9935805494035,13.8936038764009,14.1728311627697,14.1638104962604,13.9934866915591,14.3341143811675,13.8841924395109,14.2589238482543
"(2e)-2-heptenal",18.7674471404019,18.6882440816975,18.6421112316713,19.1960079524168,19.3067484796188,18.1425401773057,18.8266010501556,18.805588200244,19.2453732872719,18.1812192908678,18.5356711170143,19.014125071599,16.8083746276125
"(2e)-3-[3-(sulfooxy)phenyl]prop-2-enoic acid",18.0958732775026,18.4368324941549,19.4668192821313,17.8205701714622,19.219729188695,19.4177453618342,17.8764768460746,18.7865864908736,17.8563485519845,16.7011361161646,19.3408611887224,19.7816479614695,16.9560432181241
"(2r)-2-(3,4-dihydroxyphenyl)-3,5,7-trihydroxy-2,3-dihydrochromen-4-one",14.0278363579925,15.220165569655,15.4973832843146,14.0041760642018,15.1170377861155,14.981048813417,13.3233905161786,14.3137866602708,14.3390125071088,14.9310102037757,14.630662148835,15.1232793685584,15.9138684384101
"(2r)-2-amino-3-methyl-3-(2-nitrosoacetyl)sulfanylbutanoic acid",17.2934471769749,17.4271302710977,17.7432775993273,17.4893146258855,17.8869227750092,17.269075962843,17.3189931687866,17.3563282481646,17.0704806761385,17.0599731482276,17.3799032602958,16.8136455274197,16.4568533443797
"(2r)-2-{(1r)-2-oxo-1-[(2-thienylacetyl)amino]ethyl}-5,6-dihydro-2h-1,3-thiazine-4-carboxylic acid",12.7167931689007,12.8842521825731,14.1573538580256,12.7135348659259,14.3252026304534,18.7793174025963,12.6378105707177,15.2024640874381,12.8512006439034,18.0071717480393,13.6823641749435,13.1955018029585,20.3036995679591
"(2r)-3-sulfanylpropane-1,2-diol",18.2053578666374,18.3175345491015,19.6216840332234,18.1126551802569,17.393442632347,16.4059316305034,18.2111010725556,17.5661441154227,17.743124018442,16.092535236876,17.9782070029869,18.7757841842581,15.8801109063161
"(2r*,3r*)-1,2,3-butanetriol",15.6034813895873,15.8298105576229,15.0886207884196,15.4494395134269,15.2954494551252,15.8361523308099,15.5688312468649,15.1480210898595,15.5135669943854,15.4870206567831,14.9433622865504,15.4729463925072,15.9813182337198
"(2r,3r)-3-[[(2s)-1-[4-(diaminomethylideneamino)butylamino]-4-methyl-1-oxopentan-2-yl]carbamoyl]oxirane-2-carboxylic acid",16.2101189787157,14.6091823352997,14.155378621742,15.5189214846188,13.7467807028431,15.2837359516036,16.5586935770959,16.547252794705,15.1975331901726,15.6250853563902,16.8369524943454,13.4625462586398,13.4372518847424
"(2r,3r,4r)-hexane-1,2,3,4,6-pentol",18.0262516260234,17.99747659371,17.8198165727996,17.8867484371003,17.4188119801066,17.4020810462315,17.853285313146,17.53356551917,17.6190452925662,17.5556961771246,17.7342397137774,18.0400954038029,17.7421023449686
"(2r,3r,4r,5s)-2-(hydroxymethyl)-1-nonylpiperidine-3,4,5-triol",13.0769497058883,14.4390626017826,14.5672729678523,13.6187028786877,13.9972735921807,14.0888162803707,13.4323018355569,14.0204959696621,13.6204847595357,14.614642782477,14.0300529053334,14.3790633783521,15.1021975127288
"(2r,3r,4s,5s,6r)-2-(3-(4-cyclopropylbenzyl)-4-fluoro-1h-indol-1-yl)-6-(hydroxymethyl)tetrahydro-2h-pyran-3,4,5-triol",20.455296279158,20.4839231333533,20.1034523358562,20.0827423010498,20.4292382953237,18.8474381274048,20.2835163354977,20.4083261611877,20.547867490941,19.1213670863663,20.0466259644489,20.2674832497379,17.3847727407186
"(2r,3r,5s,6r)-2,6-bis(hydroxymethyl)piperidine-3,4,5-triol",16.2129392607481,16.403820898898,16.463132705982,16.4072063814604,16.5839255956694,15.780892375064,16.4174794015551,16.0352945404432,16.5810133669658,15.9456213394276,16.1251627487638,16.398795618741,15.783482190646
"(2r,3r,6s)-4-methoxy-16,18-dioxa-10-azapentacyclo[11.7.0.02,6.06,10.015,19]icosa-1(20),4,13,15(19)-tetraen-3-ol",14.4041131651723,14.3132156660028,15.3953156796292,13.9584423428615,15.3595497146403,14.5630845324689,14.3883994246577,15.412255274794,14.4190532368756,15.2689140588486,15.3131639423683,14.7165204657713,12.9269480663654
"(2r,3s,4r,5r)-2,3,4,5,6-pentahydroxyhexanoyl fluoride",15.2947753345284,15.7614254009242,16.0448398494193,15.5230975015702,15.5631213835249,15.6213550842241,15.5275035229078,15.6008394953455,15.7480005855416,15.4626103242686,15.0466547225488,15.8697614057101,15.0568858138174
"(2r,3s,4r,5r)-2-fluoro-3,4,5,6-tetrahydroxyhexanal",18.975401298566,19.0040653538767,19.5202795535676,19.0794372587084,18.9856766307199,19.0087883156228,18.9391369419654,18.8642157075804,18.8062391582259,18.9249663321544,18.9603310817347,18.7765597945417,18.4300083110238
"(2r,3s,4r,5r,6s)-2-[[(1r,2r,4r,5r,6s,10r)-5-hydroxy-2-(hydroxymethyl)-3,9-dioxatricyclo[4.4.0.02,4]dec-7-en-10-yl]oxy]-6-(hydroxymethyl)oxane-3,4,5-triol",15.4320353085455,15.4775771443057,14.8066991423509,15.4836610071117,15.3174989685499,15.8417333083839,15.3354547932031,15.1802121245109,15.7075916042867,15.9089579110985,15.1004022624611,15.072366770497,13.2951657409123
"(2r,3s,4r,5r,8r,9s,10r,11r)-5-amino-1,2,3,4,8,9,10,11-octahydroxydodecane-6,7-dione",14.837075249244,14.3929259573794,14.5531051094271,14.2449023067875,14.0818904846227,16.1692363803636,14.894898083139,14.8333953006355,14.2589868496626,16.1345895813452,14.6294582754233,13.3271032569345,16.4577845518634
"(2r,3s,5r)-2-[6-[[(1s,2s)-2-hydroxycyclopentyl]amino]-9-purinyl]-5-(hydroxymethyl)oxolane-3,4-diol",16.9287432388825,16.6671422255744,17.1500337857817,16.6899195327311,17.0158384212577,17.0611534386139,16.9227272916812,17.1468915952337,16.784686421772,17.0457849083023,17.3059762685272,16.9318710908551,16.4996363522406
"(2r,3z)-phycocyanobilin",14.263261677966,14.9409844869207,15.2536351925019,14.8511558002646,15.6125578049996,14.6990831988572,14.7745130072821,15.0425883063909,15.2628507149893,15.0351517752882,14.9844366914287,15.276193159841,14.97267933848
"(2r,4r,5r)-2,4,5,6-tetrahydroxy-1-sulfanylhexan-3-one",18.169669879071,18.484418435386,18.569023668473,18.2280778306125,18.522380410144,17.9906828041911,18.3889518372019,18.204097942195,18.3631333203641,17.9896344218048,17.8765588713097,18.2105285846705,17.8528087340522
"(2r,4r,5s,6s)-2,4-dihydroxy-5-[(2-hydroxyacetyl)amino]-6-[(1s,2s)-1,2,3-trihydroxypropyl]oxane-2-carboxylic acid",17.5538237334652,17.6089221166871,17.2577004745573,17.5923946010012,17.6938540393381,17.5150978607756,17.5492897435088,17.639387133917,17.7686411190562,17.6577766875381,17.6738833844422,17.4189007240478,17.320094990164
"(2r,4s)-1-(tert-butoxycarbonyl)-4-phenylpyrrolidine-2-carboxylic acid",16.653944507767,16.6627671016216,16.8414399476498,15.6848095589141,16.3271450361523,16.9498696215886,16.4565408567764,16.6447976572064,16.3144980020309,15.9280198301095,16.7871128793248,16.3452992485329,15.8544396661426
"(2r,4s)-1-tert-butyl 2-methyl 4-aminopyrrolidine-1,2-dicarboxylate",17.0207615778565,14.2546267690116,17.359547527808,17.0800809540022,16.8676592404785,16.079769994356,17.3521491982696,13.2421163093425,17.1033363927084,16.0998575375571,14.2452961006483,17.208072545896,15.0062481873868
"(2r,4s)-pyrrolidine-2,4-dicarboxylic acid",16.0142503372326,16.3986994531088,16.3538493609718,16.2591995004529,16.4245124490701,15.0107417695036,16.1575721001497,16.1896412561324,16.3718120767705,16.3787097497565,16.1642831937094,16.0373704840848,14.7088434866974
"(2r,5r)-hept-6-yne-2,5-diamine",17.7812714660269,17.6553180918894,19.8911736812478,17.5492685590165,18.0664009385604,17.2259392232318,17.6376034396138,18.1670407889563,17.3879147607494,17.6989828584297,18.1716195369996,19.4142717160408,14.3785569933613
"(2s)-1-[(2s)-3-(4h-imidazol-4-yl)-2-[[(2s)-5-oxopyrrolidine-2-carbonyl]amino]propanoyl]pyrrolidine-2-carboxylic acid",15.6533016270663,15.4093116444607,15.7854314500269,15.8869875735049,15.550078781967,16.6605712095812,15.7162705522353,15.0790853665596,15.2086376918424,16.1973691986157,15.5604546215209,14.6683992515707,16.4850685186073
"(2s)-2-((3-((4-(4-fluorophenoxy)phenyl)methylcarbamoyl)-4-methoxy-phenyl)methyl)butanoic acid",13.9092553871637,14.181698834308,13.736289555489,14.9845864039106,14.8763959140726,13.2477508341818,14.1570549245444,13.9394351158319,14.4035380743771,12.813811811064,13.9614138819363,14.5493080758351,13.5679598568371
"(2s)-2-[(2-carboxy-2-oxoethyl)amino]pentanedioic acid",14.2539221565409,13.6212609509332,12.807601221275,13.7378025488343,13.2577325965838,13.9365177987941,13.9622387637193,14.0692382325788,13.4525747674613,13.8541029729466,13.7409025596825,13.6003819694722,13.8185422510344
"(2s)-2-[[(2s)-2-acetamido-5-[[n-(methylcarbamoyl)carbamimidoyl]amino]pentanoyl]-methyl-amino]-3-phenyl-propanoic acid",16.7302174066303,16.7585222985764,16.5306676614763,17.1499690946407,16.544333100956,15.9486119321164,16.6732748200142,15.9923105002527,16.7189235120444,16.1586313524917,15.3156281351092,16.1494990548583,16.2285150752196
"(2s)-2-amino-3-[(2s)-2-amino-5-(diaminomethylideneamino)pentanoyl]oxypropanoic acid",16.1116985973624,16.6510372036715,16.2759272738762,16.3634487932102,15.7603852674002,16.4226825050157,15.5807284335589,16.0270586916741,16.0123563509767,15.4925005884726,15.835834606469,16.3892329902625,15.2730834609088
"(2s)-2-amino-3-[(2s,3r)-2-amino-3-hydroxybutanoyl]oxypropanoic acid",12.5354676374318,14.3031697294623,15.3371396381949,13.078646376602,15.1709784144321,15.0725745194221,12.6820662954666,15.241880387197,14.1625981057738,15.2187602074041,15.2131118197727,12.5550500881622,15.445822400216
"(2s)-3-[3-[(4-carbamimidoylbenzoyl)amino]propanoylamino]-2-[(4-ethylphenyl)sulfonylamino]propanoic acid",15.4460881226328,15.4722237091601,15.347036559688,15.4917913450671,15.4053165483906,14.6800235266939,15.4121587747089,15.1577439696557,15.5211345768503,15.3544691599073,13.8091916005467,15.4337984449342,15.0278750401069
"(2s)-5-(diaminomethylideneamino)-2-(hydroxyamino)pentanoic acid",12.2235500035024,12.21366447061,13.5263297281894,12.3695749790037,13.6875968946813,13.7531740261121,12.5801902127985,13.4571675672638,12.5183865013784,13.7330918298685,13.483910434142,12.3493408282468,14.3420092895711
"(2s,3as,6as)-1-[(2r)-2-carboxy-2-[[(2s)-1-ethoxy-1-oxo-4-phenylbutan-2-yl]amino]acetyl]-3,3a,4,5,6,6a-hexahydro-2h-cyclopenta[b]pyrrole-2-carboxylic acid",14.750019309524,13.2930041743376,12.9592918002177,15.1746283980013,15.210691712901,13.7753735317891,15.0392385860491,14.9812210805225,14.9972001974187,15.050692253912,15.5027213846585,12.9173189781431,13.2688620757426
"(2s,3r,4r)-2-amino-3,4-dihydroxy-2-(hydroxymethyl)-14-oxoicos-6-enoic acid",15.5786376088504,15.4072430622041,14.2299076812043,15.463015766714,14.2837641818384,14.7216930556732,15.4814099185374,15.1893318290219,14.6355146323308,14.770953908062,15.4201997976833,14.703209034593,14.8414959296419
"(2s,3r,4s,5r)-3,4,5-trihydroxy-6-oxopiperidine-2-carboxylic acid",16.033705025226,15.8342381273746,17.037687210832,15.6242947067318,16.8265819838902,16.1727268350124,16.2652904276298,16.6660762723576,15.9388712063909,16.7018746249312,16.9184033545241,16.8131844081861,16.3358429589602
"(2s,3r,4s,5r,6r)-6-ethyloxane-2,3,4,5-tetrol",19.0812006091598,19.030198196787,18.4831346921175,18.7670906809035,18.5020148299462,19.8641724622655,19.0261727377892,18.9058676305508,18.8927814891104,18.9911843226456,18.9612389813603,18.7148121823806,18.1606705950608
"(2s,3s,3ar)-2-(2h-1,3-benzodioxol-5-yl)-5-methoxy-3-methyl-3a-(prop-2-en-1-yl)-3,3a-dihydro-1-benzofuran-6(2h)-one",15.7160123917244,16.3301232111343,15.1800603445929,15.4584457355886,15.177801723338,15.213885304223,15.7051434997099,15.5665290064575,15.6508405660409,14.3265480801526,15.6688997482383,15.7054909414581,14.698333918477
"(2s,3s,4s,5r)-3,4,5-trihydroxy-6-[2-methoxy-5-(3,5,7-trihydroxy-3,4-dihydro-2h-chromen-2-yl)phenoxy]oxane-2-carboxylic acid",13.2645403230006,13.7045796719028,13.1289856712438,13.4639674549071,13.5863938748876,13.3209664809787,13.3500411420872,13.6792591230855,13.4172955230963,13.2878698560293,13.3299640359878,13.3396769195149,13.2437563642828
"(3r)-3-hydroxy-n-[(3s)-2-oxooxolan-3-yl]butanamide",19.4417478649204,20.0464726882105,19.906067429582,19.5305170194906,19.5041480699873,19.6942033366691,19.3016864804736,19.7852699431905,19.6672968726305,19.439827773079,19.4724584946848,19.7416011429288,18.0026856324738
"(3r,4r,5r)-3-fluoro-5-(hydroxymethyl)oxolane-2,3,4-triol",16.6125105065251,16.4472398664646,17.0063983470037,17.003715816747,16.5317141101897,15.7774113170821,16.7206950700663,16.3497335403399,16.6345308564714,15.718678473661,16.4307377366474,16.4162975203231,15.9661385515883
"(3r,4s)-2-[6-(cyclohexylamino)purin-9-yl]-5-(hydroxymethyl)oxolane-3,4-diol",17.6988864385921,17.87092479881,17.4851225121762,17.5768375952163,17.4885918912801,17.4973905569903,17.6861345912052,17.8125547047599,17.700012357813,17.5249976193328,17.5118602241521,18.0308632558392,16.0812875611777
"(3r,5r)-3-butyl-3-ethyl-5-phenyl-4,5-dihydro-2h-1$l^{6},4-benzothiazepine 1,1-dioxide",14.6078683251042,15.7416670829802,14.407039249058,14.5540148500912,15.3168445479117,13.867211237705,14.8109990166005,13.4855146526811,13.3807422179002,13.6627509152663,14.6354464671276,13.7497123248849,13.3771498351652
"(3r-(3alpha,4alpha(2r*,3r*),5beta,6beta))-5-methoxy-4-(2-methyl-3-(3-methyl-2-butenyl)oxiranyl)-1-oxaspiro(2.5)octan-6-ol carbamate",16.7949810764996,16.8575858388807,15.5517890468529,16.4740458780142,15.9949101080865,16.5130443631984,16.7661080920404,16.6277673972459,16.3311333833106,15.9520528481502,16.7002250566152,15.92469014838,16.3495052431994
"(3s)-3-[[(2s)-2-[[(2s)-2-amino-3-methylbutanoyl]amino]propanoyl]-phenylmethoxycarbonylamino]-6-fluoro-4,5-dioxohexanoic acid",14.1355454264669,13.5187997474421,14.0307199247279,13.227428043658,14.3741209198829,13.5134801239271,13.7145592817701,14.8064822150992,13.7817007890225,14.1471699006326,14.4206862776283,14.0759762409744,13.0874875556664
"(3s,4r,5r)-1,3,4,5,6-pentahydroxy-1-morpholin-4-ylhexan-2-one",16.9912342005131,17.3090033467599,17.1151212735894,17.1444711906941,17.3556470760438,17.2309802672,17.0525991156439,17.2522487374627,17.2331660800956,17.300443683835,17.1277698162441,17.051214374128,16.5952583911372
"(3s,5r)-7-[3-(4-fluorophenyl)-1-propan-2-yl-2-indolyl]-3,5-dihydroxy-6-heptenoic acid",15.7551126015652,16.0355884668426,15.5727417923421,16.3175237644473,15.6918111411277,14.1730570695629,16.1547230782046,14.6998199684485,15.5892495190768,14.9236522875264,15.8688589493285,16.0173970019887,15.1211030015962
"(4-aminophenyl)phosphonic acid",15.731606294379,15.988719995046,15.3042291889082,15.6062100299113,15.3362822649692,15.244456376356,15.700910192484,15.1850434388331,15.9246779424961,15.3449422803319,15.3735048196233,15.503214277861,15.5284682903869
"(4-chlorophenyl) (1r)-6-chloro-1-(4-methoxyphenyl)-1,3,4,9-tetrahydropyrido[3,4-b]indole-2-carboxylate",14.9687108814081,13.5515506230197,13.4921541158221,14.6677287641048,14.8198322439844,12.8860354543444,15.2680111731424,13.0811144506947,13.2352882241573,14.2595426099372,13.7308524051747,12.8968453288684,13.4517317947017
"(4e)-2-(4-chlorophenyl)-4-methoxyimino-3,3-dimethyl-1-(1,2,4-triazol-1-yl)butan-2-ol",15.8040961755354,15.8391717916423,15.068645516574,15.6471804274981,15.7542697041064,15.7037890415037,16.046346240767,15.3982193571278,16.2208817575261,15.5765109608763,15.4713842760054,15.4541590524547,15.4608478174667
"(4s)-4-amino-1,3-dioxohexane-1,2,6-tricarboxylic acid",15.9872987398297,16.3147902168574,12.9745727503438,15.9061933087672,15.9631595560706,15.7331882187439,16.0013318318426,16.0771059456246,12.9362154404307,15.5546645903158,12.9040367690472,12.9551635771604,15.6156961245105
"(4s,7s,12br)-6-oxo-7-[[(2s)-3-phenyl-2-sulfanylpropanoyl]amino]-2,3,4,7,8,12b-hexahydro-1h-pyrido[2,1-a][2]benzazepine-4-carboxylic acid",15.7914735438315,15.7870245530527,16.3579073019819,16.0790271640135,15.8039956349771,15.6620973178119,15.6289792532439,15.900047280334,15.4943981580802,15.5137845262061,15.901112092135,15.5861780053521,14.1737140958031
"(4z)-7-[(1s,2s,5r)-5-[([1,1'-biphenyl]-4-yl)methoxy]-2-(morpholin-4-yl)-3-oxocyclopentyl]hept-4-enoic acid",14.9624198544499,14.8976579401444,15.7652052843268,14.5224365887397,14.7220688054488,13.5586629811464,14.4966401742703,14.082498461846,13.5588059623804,14.2647358238056,15.0929175895854,14.845801635501,14.5043035674193
"(5s,6r)-methyl 5,6,7-trihydroxyheptanoate",17.3379796168505,17.3346248695552,17.0627397007528,17.2405871783015,16.9257138507088,16.9885679920877,17.174695311708,16.9135935969773,17.1849815093605,16.9444209758803,16.8672521567214,17.0021551912468,18.2201868346336
"(6r,7r)-6-methoxy-3,7-dimethyl-8-oxo-5-thia-1-azabicyclo[4.2.0]oct-2-ene-2-carboxylic acid",17.3446420013687,17.2954203215591,17.3410832777209,17.3758486755398,17.8482659565507,18.1171219884695,17.2634628480168,17.7732543489527,17.2276869741626,18.196705120773,17.6885643655812,16.9408742519821,18.2145026054455
"(8r)-3-[(4s,5r)-4-hydroxy-5-(hydroxymethyl)oxolan-2-yl]-7,8-dihydro-4h-imidazo[4,5-d][1,3]diazepin-8-ol",18.2644967312152,18.0670774195106,18.6910562550411,18.2721519341924,18.3276675050855,17.4414692418429,18.247913183639,18.2677340918481,17.9550762158924,17.3404373734222,18.2135986137822,18.095963818685,17.3038047196008
"(9s)-9-acetyl-7-[(2r,4s,6s)-4-amino-5-hydroxy-6-methyloxan-2-yl]oxy-6,9,11-trihydroxy-8,10-dihydro-7h-tetracene-5,12-dione",13.3271069972854,14.299924802171,14.7242327226423,13.4506080861377,13.8050750498429,16.3809114558606,13.0746442738606,14.0663750968528,13.4576002951179,16.5999068315772,14.9836529446517,14.3295872475374,15.8540296139397
"(E)-2-octenal",17.4760161285108,17.4571387009293,17.678222379258,17.69690768316,17.8579640167299,16.4228739531093,17.4919420111091,17.6271895327862,17.3387502473313,17.2187892438005,17.8042028722311,17.7685727681429,16.7710121135023
"(E)-3-(2-(1h-tetrazol-5-yl)vinyl)-6-fluoro-1h-indole",14.9330281659066,15.0917146239206,14.1371580859951,12.9885938765694,13.4763942052455,16.7685961416684,14.50010909718,15.3472345943669,15.0871343463843,16.4116717534512,13.5799857594967,13.262507888888,16.3476820782635
"(E)-3-tosylacrylonitrile",13.8021000397162,13.1653438842103,16.0286108501098,13.2888824930975,14.6918780897941,16.9629377005393,14.0266796859893,14.3799753050685,13.5496102971413,15.3572149293397,14.4285227538937,14.672527854783,15.3695160050275
"(E)-5-(quinoxalin-6-ylmethylene)thiazolidine-2,4-dione",15.7831302241168,16.1999461546507,16.0758726720081,14.8544327534385,15.6602171044209,14.6677631803406,15.4495477398083,15.9915134478432,16.0430064562754,14.9417561662532,15.6440283932235,15.9915929394115,14.3822016153242
"(E)-n-(2-amino-4-fluorophenyl)-3-(1-cinnamyl-1h-pyrazol-4-yl)acrylamide",16.2617785563201,14.8418444264039,14.5274369921811,15.5216580354197,13.5055558185266,15.7710731969144,16.3900969769125,16.7906277936732,15.4739976243671,15.9054469701635,16.75031700421,13.9632171461247,13.9512192820119
"(Imidazolylbiphenylyl)sulfonylurea",15.9064512227794,15.056315586935,13.9459393488355,15.8602740042747,14.3620218860199,14.3474131361033,15.3613781472307,14.9066904221324,15.967970304509,14.8370069826243,15.4961612951515,13.6016071719851,14.1079515618034
"(N-acetylneuraminosyl(a2-6)lactosamine)",14.7663754268768,15.0881139632444,15.4453648487961,14.981507681627,15.1985774836631,14.9751284674377,14.7840741010966,14.9247639106958,14.9717662274558,15.079051337231,14.9609755213887,15.0099326666558,13.8856877190164
"(R)-1-(5-tert-butyl-2,3-dihydro-1h-inden-1-yl)-3-(1h-indazol-4-yl)urea",15.9388523474136,16.5679960718362,16.2579901855663,15.1790948671792,15.3981306946956,16.4004840227451,15.365402798533,16.2527705606511,14.8638507213632,15.9100515806506,16.1809285941424,15.9206721288709,15.9341224772143
"(R)-3-amino-4-phenylbutyric acid",15.9200004052931,15.9277066449934,15.8324894782845,15.5598091009974,15.9306275835593,15.2608255372101,15.1859489274672,15.5447627878389,15.4979099611635,15.2874877295039,15.3042595761884,15.6394935794359,14.7239604264955
"(R)-5-hydroxy-2-(4-hydroxyphenyl)-7-(((2s,3r,4s,5s,6r)-3,4,5-trihydroxy-6-(hydroxymethyl)tetrahydro-2h-pyran-2-yl)oxy)chroman-4-one",16.1525163537314,16.3210124727814,16.5009523362464,13.3551752757802,16.4923215296904,15.6542331787423,16.1357206292482,16.3520415557285,16.3752406790179,14.7440617971985,16.255487260943,13.5704639795617,16.3022522137726
"(R)-6-hydroxywarfarin",15.314205468745,15.7317446729832,15.2100619302676,15.3696538815173,15.4657359630159,16.5618527384968,15.1379607590918,15.7471960421755,15.392909737958,16.3182778600382,15.3605944560475,15.1954194608923,15.6442816142297
"(R)-n-(1-methyl-2-phenylethyl)adenosine",16.951721055372,16.8398110884445,17.4294281758591,16.9958533095447,16.0426614626397,16.218222782433,16.9683172689414,16.4816761836846,16.6168658110497,16.8979375416068,17.3084009693207,17.1057444399975,15.9095163968335
"(R)n-(5-chloro-3,4-dihydro-8-hydroxy-3-methyl-1-oxo-1h-2-benzopyran-7-yl)phenylalanine",14.7748954006424,15.2723570775871,13.5433268410683,15.0470864902715,15.1723937529613,13.4404776015651,14.9339566096808,15.1467599538646,14.7644312402848,14.0187649603936,14.7345615903862,15.3771841631867,15.742982546168
"(S)-2-((6,7-dichloro-2-cyclopentyl-2-methyl-1-oxo-2,3-dihydro-1h-inden-5-yl)oxy)acetic acid",13.8306131304911,13.2539124017164,15.6782474556226,13.9377001634801,15.7032872775424,20.0222504576216,13.1515171838895,17.413254194447,17.7235911075048,19.7497284938343,16.2819487393353,13.236283248857,21.471612170739
"(S)-3,4-dihydroxybutyric acid",20.8191252372523,20.6011518436329,20.4559605594451,20.5821939009508,20.0982030062604,20.2714500201749,20.8279647756563,20.2719732670165,20.7228804881727,20.3209833957247,20.2248123759222,20.7470378363725,20.8424510077089
"(S)-3-(2-methylphenoxy)propane-1,2-diol",16.8299578190522,16.8350630436331,16.5237189462424,16.6216426703838,16.4780814966173,16.6469157809864,16.8392813677291,17.058910989119,16.9323706751508,16.6699277315323,16.8601271101771,16.7807705568376,15.7148566540342
"(S)-ethyl 4-((3-chloro-4-methoxybenzyl)amino)-2-(2-(hydroxymethyl)pyrrolidin-1-yl)pyrimidine-5-carboxylate",13.6814470587949,14.8681392550988,13.1941580949327,13.2948377053349,15.1978769033926,16.1521886775653,14.5869862502751,13.3251919831112,14.1334172402707,16.589968552728,15.1296623711041,15.1968201708319,16.572652777317
"(S)-n-benzyl-2-((s)-2-(2-hydroxyacetyl)pyrrolidine-1-carbonyl)pyrrolidine-1-carboxamide",15.0344075397523,15.5641699576167,15.5731605351033,15.6074999124597,14.794857888566,14.7723170049539,15.2368480944574,14.8757121755532,14.859944090792,14.0962279365383,15.1408986722145,15.381903669905,14.6224241096539
"(S)-norfenfluramine",15.8202326265211,15.3808664393095,13.5011861540715,15.3454785316993,15.1546876285868,13.7589287501591,15.7351405917474,15.8145865477869,15.2377510024563,15.1949552420253,15.2993083041831,15.2845900072426,13.1542206569393
"(S,s)-2-{1-carboxy-2-[3-(3,5-dichloro-benzyl)-3h-imidazol-4-yl]-ethylamino}-4-methyl-pentanoic acid",15.2109709632606,15.8501405189667,16.0715099474924,14.9205612380241,17.3007944622045,13.5084762348449,14.5217558075653,13.6326740885812,15.6776138018256,15.6713368257165,14.0643845646566,15.8672321331513,14.4202195233135
"(Z)-1,3-octadiene",17.3480523999974,17.333569377275,18.1127399611339,17.8700278357828,17.5225507979222,16.4876791101426,17.4434579466436,17.4053775430528,17.4964483902006,16.7736757282429,17.3642754033997,17.4616774609518,15.367624810038
"(Z)-2-((r)-1-((s)-1-(2-chlorophenyl)-2-methoxy-2-oxoethyl)-4-((2-(3-methoxyphenyl)-2-oxoethyl)thio)piperidin-3-ylidene)acetic acid",13.7543300676956,14.6774644610228,12.6928406460493,14.6908033242166,14.4931788450791,13.4486482703503,13.7733112014836,14.297252514354,14.3885884342796,13.2386985620194,13.5272064419501,13.6495971379337,13.2110197870993
"(Z)-n-coumaroyl-5-hydroxyanthranilic acid",15.5434082466206,15.4822605672355,15.5554617618947,15.3099040973435,15.877086280346,15.8221468902738,15.5487856018118,15.736798019551,15.6428808177528,16.2405940886828,15.7057931944921,15.6426350841624,16.3431792058554
"1'-hydroxybufuralol",14.0890343870747,13.5121399312939,16.3439059717267,14.3682112629327,13.8018409403957,15.6345360790657,14.339062811879,14.5366252071911,13.3285811536437,15.7587097584006,14.9493551649485,15.8247750547993,15.7261187607243
"1(3h)-isobenzofuranone, 3-butylidene-",15.9668695115291,16.0722810587432,16.3458934551113,15.9588508877708,16.3571594245361,16.2820182040436,15.8425940312358,16.2606369458478,15.8307411323864,16.1077226164286,16.0675780664346,15.9673229137903,15.7531218220663
"1,1'-(1,8-dioxo-1,8-octanediyl)bis-2,5-pyrrolidinedione",14.2542386239468,13.2397148438048,14.9285263210896,14.4694081535007,13.8146437303552,14.2963630632875,13.9587860026123,14.3936674895887,13.1813122595274,13.5113114274514,13.8689921223172,14.1367148252843,14.8869165591538
"1,1'-azobis(n,n-dimethylformamide)",16.7540334117928,16.666669482471,18.0290101805789,16.8420228687074,17.3388088440886,15.9921048284483,16.7009637073084,17.1409214337312,16.9221837642546,16.0498588637994,16.9917459412223,16.9187911709361,15.8275738024474
"1,1'-thiocarbonyldiimidazole",15.6249478573333,16.0554295252771,16.0878642221526,15.6643718315943,16.079127879823,15.9675477878078,15.2557716261687,16.2319889682275,15.3672454278864,15.794568045783,15.9079969984191,15.9449597411508,15.9254237596086
"1,1,1,3,3,3-hexafluoropropane",15.6467062314819,14.9924561029937,15.3623015442636,15.8248219891878,15.6798039218636,14.9850833797557,15.2979787482706,15.5590551786753,14.3593741532225,15.0809370315374,15.2898715284509,15.3098883520096,14.3142337740347
"1,1,1-tri(butyryloxy)propane",14.305689341983,14.8590594269093,14.3537008437382,14.7871554911491,15.0031129054202,13.0466581390386,14.3825650339019,14.1819987595688,14.9586355758862,12.7954082976784,14.1823650637358,14.3161447719169,12.9267455687166
"1,1,1-trifluoro-3-hydroxypropan-2-one",12.9015541915233,12.6572699857495,12.749178744622,13.831974345148,12.608790524962,13.8068444486599,13.9638841623517,12.6856012756368,14.2561349844335,13.5279815257586,13.154650154428,13.3292077924319,12.6519194806181
"1,1,1-trifluoro-n-((trifluoromethyl)sulfonyl)methanesulfonamide",15.1270597867849,15.159170702062,15.2883943723689,15.0922841134389,15.1115382544376,15.7342590885699,15.0088315586934,13.1060958322194,15.1666563115204,15.5489427338445,15.1680738675664,15.2021694770303,16.0841348589229
"1,1,2,2-tetrahydroperfluoro-1-decanol",15.6101979481606,15.5054820272616,13.9737081698602,15.339209434684,15.8143839493674,15.1338261491972,15.5708703755382,15.6034438293536,15.6167426077067,15.394647342806,14.8302946380898,15.3308947433509,15.8535720623917
"1,1-dichloroheptane",15.0181473730985,15.4079543464432,15.3707086520561,14.5273385631306,15.1731475473532,14.6761042850629,15.0956086087137,15.8044470644496,14.9262102975913,14.4296712882897,15.6914414742239,14.9269523728668,14.6656407722786
"1,1-diethyl-2-hydroxy-3-oxotriazane",23.3931917938219,22.6784445361898,23.3746691399248,23.1760658890931,21.8506288590163,22.6782514799273,23.3679862252348,22.3591101502342,23.3020431168429,22.6739757937531,22.5509266086741,22.6857280700489,22.7183739348896
"1,11-undecanedicarboxylic acid",16.4816496515699,17.0448883857749,17.0290906955103,17.1941043515521,17.1363845368468,17.283767613281,16.5524806020553,17.010593995991,17.3051011129368,17.5387071001667,16.9830591738879,17.5154132604651,14.5577217231266
"1,2,3,9-tetrahydropyrrolo[2,1-b]quinazolin-3-ol",18.1905575783838,18.5157350350337,18.2085400081418,18.2080939155544,17.9846078857454,17.6306286515188,17.8044385653008,18.3065158129229,18.2575542853159,17.7538509000122,18.1125811768393,18.229639511164,16.3806520484496
"1,2,3-trihydroxybenzene",17.9496097689067,17.3504881956096,17.3153126876413,17.2649022819959,16.3017676019248,16.4812679244887,17.6579515563996,16.9253400518173,17.0744561028151,17.0684830237428,17.1177143342769,17.2176259997559,16.9561334495565
"1,2,4-trimethylbenzene",17.9315535520578,18.1157918308601,17.9311400323922,18.3737032179057,17.9554066855874,17.4080568060484,17.9776975456037,17.7095319481331,18.1993706165679,17.6558461609139,17.5069780873254,18.1492072889813,16.4364840920034
"1,2-benzenedithiol",17.006420999007,16.6036738800531,15.8453473525304,17.3658445276741,16.1016617014373,13.5815805940028,17.1865272886002,15.6009987636325,17.3479233948335,15.889248497928,15.9289876759314,16.4929526444188,16.1275283549164
"1,2-benzisothiazole-2(3h)-acetamide, n-(4-hydroxyphenyl)-3-oxo-, 1,1-dioxide",14.9980197909277,14.9027671159646,14.3398802215859,13.1948993909519,15.3650731725327,14.6086893184533,14.8409094260483,15.4561412621077,15.3217813841303,14.6666555706958,15.361558252903,15.1022491842424,14.8461603189879
"1,2-benzisoxazole",18.871635747871,18.8622010968788,19.1347969383872,19.1555799734177,18.7203964786594,17.4219039515915,18.9754192998683,18.6175388311988,19.1145198717775,17.4972610010752,18.7107390735618,18.6157107156824,17.5966484318677
"1,2-dichloropropane",17.8243968184263,17.7361123674155,17.7695095586554,17.7571161004929,17.4984083839017,17.6133903947935,17.7777716677254,17.8500541143342,17.6628472778279,17.523104644284,17.6248033686268,17.6129298438385,17.5103687056396
"1,2-didecanoyl-sn-glycero-3-phosphocholine",15.4123156850879,14.2517610427183,14.1537198267509,15.1115304285278,15.1319656318969,14.4065615186744,15.5969116751366,14.9745933065112,15.6568482093192,14.7088854799936,15.5860787377514,14.8569748222913,12.7708990495725
"1,2-dilauroyl-sn-glycero-3-phosphate",12.2113499242832,12.6724307623345,13.0637379839612,12.2101497967543,13.2818428658669,12.8742625255311,12.2232264662995,13.2071301960612,12.4444639617988,12.9906711781516,13.1547073727095,12.7640525532012,12.5787458184804
"1,2-naphthalenedicarboxaldehyde",14.3800313813918,13.6895232154248,15.67306582742,15.2707009475806,15.197320977451,14.7046758914035,13.8430233639633,13.9717768159292,14.9400849771701,15.5594430860888,15.0671515025071,14.273001166283,14.6133421683523
"1,2-naphthoquinone",14.193796403153,14.565928415375,16.8464922934063,14.2595983129759,15.091382762587,14.8745365679523,14.6531801661937,15.6826996171156,14.1922115366214,14.8771067418462,15.9171517314005,14.7983652406552,13.1227882320508
"1,2-o-isopropylidene-d-glucofuranose",13.2590098862194,13.655585060838,13.5635951281117,13.710015189767,13.9658907443805,14.4985157566615,13.3061031459964,13.7616247052606,13.5317512921107,14.3917109690775,13.7878893666817,12.7954092453603,14.949572574119
"1,3,2-dioxathiolane 2,2-dioxide",15.3629720088423,14.9818725314898,15.1287201612788,14.4125671648691,15.0474885996977,15.0070999211245,15.4302475478664,14.964447889344,15.0369232183499,14.5490771296922,15.5517146800654,15.4014897540909,15.2512508616072
"1,3,4-pentanetriol",17.5422967424154,17.5583960688492,16.4985423323977,17.3807707891507,16.9598690141198,16.2027842728704,17.3201884452493,17.0194995971335,17.4633196814682,16.0833115373039,16.7982112144382,17.6195463883021,15.7192310548628
"1,3,7-trimethyl-8-(3-chlorostyryl)xanthine",13.3118415042233,13.3945639095893,13.5175527923964,13.0455565357043,12.9802117672827,16.8710366937727,13.2060178537661,13.4798449755258,14.2298362806755,16.6858478304338,15.3166371453108,13.4213026593875,16.4648891910302
"1,3,7-trimethyluric acid",15.8256082837969,15.9884680096617,16.1657223279697,15.9113584265774,15.8818401701944,15.7162505827338,15.7469415691607,15.7463039336193,15.9827846777349,15.8838833008065,15.6763512280585,15.9171020013499,15.8816438827848
"1,3-diacetylpropane",16.1160591423012,16.3667300802328,16.3052962309166,16.2048745613873,16.4711591964382,17.4309268699028,16.0998541487457,16.5643063886265,16.2756118316573,17.6370930845994,16.2884025830668,16.2458064852639,15.8621927733941
"1,3-dipropyl-8-p-sulfophenylxanthine",15.4668220922691,14.8668124105024,15.5904390270716,15.5896687584499,16.3872910976627,16.9799881182296,15.9103522188815,15.8068962456988,16.2331100681078,17.5144168769226,16.8121024777231,15.4123251241913,18.0549738339879
"1,3-dithiane",14.1789558116068,14.2898132797364,13.5513195513867,13.9259329567242,14.6640944205541,13.6220150164076,14.8852670995242,15.0867172245655,14.1387283617852,13.7109632216728,15.4032053330518,14.1026235974174,13.3354329817945
"1,4-bisdesoxycyadox",15.4902132561778,16.5447820269529,16.1307526992749,16.460135915419,15.9605381928547,16.5853693093179,16.4342143279038,15.1426660629916,16.3762604202927,16.6866623394942,16.7422982674317,15.0694938868431,17.1136815618722
"1,4-diacetoxy-2,3-dicyanobenzene",12.6464116343517,12.8078913803989,14.1617210720805,12.8325157295876,12.905553455748,12.9712621744514,12.8161258062278,12.4737528399762,12.6392182237499,12.8318254193911,12.8541984320789,12.7874129847176,13.6147563251885
"1,4-diamino-2,3-dicyano-1,4-bis(o-aminophenylmercapto)butadiene",18.1719116438663,17.4223079211,15.0166392911346,17.2887606844109,16.1988688508657,19.4676102734044,17.8672444313023,18.0499697698069,17.5608230579732,19.4714024504813,17.5144831191205,17.6740930279108,20.2310277609818
"1,4-dihydroxy-2-naphthoic acid",13.3432735005994,14.5119692882611,16.3873189038442,13.6260184470177,14.6935190166707,13.9132093258743,14.0777919974168,15.0397389598109,13.8538011935543,14.0426373761457,15.3682918449506,13.9586280350381,12.8757792070624
"1,4-dithiothreitol",16.6361677100809,16.3879464380633,16.8063414150204,15.9756005259753,16.0973466212051,16.8939151682774,16.5471118627356,16.5634933227093,12.898738411781,15.2084070759781,16.7144392807444,12.877194905905,18.3214485155744
"1,5-benzothiazepin-4(5h)-one, 2,3-dihydro-3-hydroxy-2-(4-methoxyphenyl)-5-(2-(methylamino)ethyl)-, (2s,3s)-",16.8723706599393,16.8706299890263,15.1473596272242,17.2929937828937,17.1159450537872,16.1371375122226,16.8672942697124,16.3074007256615,16.9980107276068,16.6748709412199,16.6753955443661,15.89785166693,16.2304862740344
"1,7-bis(4-hydroxyphenyl)hepta-1,6-diene-3,5-dione",15.9158013815435,16.776569422679,16.1400984443585,16.1461976173632,16.1195323057494,15.8448705659973,16.1566662054416,15.5509288309186,16.567000570067,15.62440568248,15.2810361062846,16.3151878800915,15.9003801445879
"1,n6-ethenoadenosine",17.0613157348061,17.2775978927083,17.4940014818927,17.2978729429553,17.2666843292192,17.1886569597309,17.1578096770479,17.1324168265503,17.3309876952222,17.4028499691378,17.3848402517914,17.0935763428205,17.1943931293768
"1-((1-(4-chlorophenyl)-1h-1,2,3-triazol-4-yl)methyl)-4-phenylpiperazine",15.662115312636,16.1776469032446,16.6995662774063,15.9790679362204,16.0949207445604,16.6344269905137,16.0009313251383,16.3177262701989,16.1816969680094,16.5737081477149,15.7983973592252,16.4992514036199,14.9820207251994
"1-((4-methylsulfonyl)phenyl)-3-trifluoromethyl-5-(4-fluorophenyl)pyrazole",14.1667483806604,13.9317680355492,14.1741265895715,14.230104251755,14.7513031898548,14.4653673230754,14.3322949993276,14.4218235944737,14.1490888967468,14.3679199308857,14.4458449621747,14.6136058557039,14.3664926978315
"1-(1,3-benzodioxol-5-yl)-4,4-dimethyl-1-penten-3-ol",16.1201803468165,16.2066833134702,16.564034558322,16.0576760128203,16.2964232676599,14.8999771015444,16.083972491203,16.048521834279,16.0693378267009,15.7159226133544,16.5793031243305,16.1098785725028,15.5152602703461
"1-(1-hydroxy-2,2,6,6-tetramethylpiperidin-4-yl)-1h-pyrrole-2,5-dione",15.8337542633038,15.5501884445759,17.5756493824563,15.7346887203482,15.6756032441526,16.6589903675614,15.8901820107335,16.1964663382419,15.9084742041936,17.3808661683279,15.9791565792592,17.2726019165878,13.7792650257327
"1-(1-naphthyl)-2-thiourea",15.0936679027416,14.9955202940161,14.2611128515441,14.6145596140349,15.1755014542723,14.6075198543147,14.8288812538139,15.373207258287,14.7585557945245,14.953463811473,15.3002395572346,14.2138423653416,14.8791634568494
"1-(1-phenylcyclohexyl)-3-methylpiperidine",15.6520172111229,15.9459215263713,15.1087773000923,15.842208240581,15.8421188100525,16.010474120939,15.6969061022172,15.8189134420517,15.5116139910655,15.6804277411272,15.7613238332144,15.2558354285525,15.57188635802
"1-(10h-phenothiazin-2-yl)ethanone",15.4859333259939,15.4907235495115,14.3871016866147,15.5632709199971,15.1919252863797,14.1364795128466,15.4977355293067,15.5314818665842,15.7923150012572,14.046512822384,15.2928574637772,15.2544727625769,12.8842137084937
"1-(2,4-dichlorophenyl)-1-(4-fluorophenyl)-2-(1,2,4-triazol-1-yl)ethanol",16.3667386415172,16.4630301874104,15.9873839892747,15.9265852399822,16.1399636735275,16.1382159113585,16.303708289743,16.319784779983,16.2364561059296,15.9778596200461,16.2057423256792,16.2717603379064,15.2727723877573
"1-(2-aminoacetyl)-n-(4-nitrophenyl)pyrrolidine-2-carboxamide",14.9787939638269,14.6703236660113,17.5945821909718,15.2321628440866,15.1496982355888,15.0173487250879,15.080375550587,13.0907414893464,15.0727377592571,13.4338505831824,13.5123854185059,17.5466299189061,13.2472747575286
"1-(2-hydroxy-5-(trifluoromethyl)phenyl)-5-(trifluoromethyl)-1h-benzo[d]imidazol-2(3h)-one",14.3207824491849,12.9668331228316,14.1380663713235,13.7186558820427,14.5622329780015,13.1335830404013,14.0579805465806,14.5835285997461,13.3368281015009,13.2537268745801,14.8294742331566,13.9161791564234,14.6162969890661
"1-(2-hydroxyethyl-2-hydroxymethyl)-5-nitro-imidazole",15.1023196216927,15.6223145346694,15.0003815095458,15.4993333191513,14.0606250678374,15.1585433623611,14.824880903814,14.2312071984563,15.5029613430744,15.6093450120091,14.1496782015843,16.1029109666657,15.2731853833991
"1-(2-methoxyphenyl)piperazine",14.9041602065344,15.1909229126128,14.4864891153619,14.9864211530583,14.6718102002635,14.4110551257556,14.6936682398041,15.0626102224265,15.3353813193767,14.746880955548,15.1578565690766,15.2907764316519,13.6080005841836
"1-(3,4-dichlorophenyl)-3-azabicyclo[3.1.0]hexane",15.6070774460903,15.3422066623456,14.8832531724337,15.356570599431,15.8260721923007,16.1610745428865,15.4137156695818,16.0651597746198,15.2960980257878,16.2145125457563,16.2103625317492,15.2352474449542,15.2226919635303
"1-(3-carboxypropyl)-3,7-dimethylxanthine",15.0533709010804,15.156133791127,15.6672446141948,15.1392138705261,15.2522140966245,15.8578258985629,15.0699441114355,15.1517957370485,15.1522269170237,16.0167664455709,15.0315952257099,14.968210602251,14.869242101768
"1-(3-methylphenyl)-3-[(3r)-1-[2-(2-methylphenyl)-2-oxoethyl]-2-oxo-5-phenyl-3h-1,4-benzodiazepin-3-yl]urea",12.9238308350342,13.1009508281845,14.1932758682242,13.0264901955084,13.9864999505134,13.6185555788673,13.4227190669097,12.8917170549773,13.6718195502264,14.6112895153495,13.9405274441472,13.550178323475,14.1385299475078
"1-(4,5-dimethylthiazol-2-yl)-3,5-diphenylformazan",15.3502266669136,13.3132676245289,13.1239953523978,15.4302254764227,12.9385998225822,17.3099307907323,15.4437888122119,15.2316150735646,13.0163113645739,17.0025562106025,15.5901912725029,13.1961788596188,16.8014933272842
"1-(5'-phosphoribosyl)-5-amino-4-imidazolecarboxamide",15.4130839869364,15.3115650355596,15.2108062739782,15.1241583672664,15.4679766192011,15.3940907384292,15.1425754321477,15.2572707516224,15.3834711837509,15.7402930330188,16.1667655892612,15.2653916751194,13.0921571234568
"1-(5-fluoropentyl)-1h-indole-3-carboxylic acid 8-quinolinyl ester",16.7456600507599,16.1930427307063,18.3467165021904,17.1499600578126,17.6247650201224,18.6510945653284,16.7649414154233,16.7043753392796,16.4171408879901,17.9788623310892,17.3153842726472,17.0890516952814,18.539426759565
"1-(5-fluoropentyl)-3-(2-iodobenzoyl)indole",16.9185882505322,16.9891744395364,17.1551296683618,17.1727832876987,17.1647743416692,17.3105083297108,17.1017497983657,13.6234949253147,17.0642515471202,17.4630079624851,17.0381309047667,17.158202975185,17.1864140543827
"1-(d-3-mercapto-2-methyl-1-oxopropyl)-l-proline",12.8825279180934,17.7746470442779,16.2847324278408,14.1340180682439,16.3928714907855,18.6076741741352,13.649953428725,16.4061095557544,13.8851445850215,18.5397389147129,15.7954997758526,13.8533223024521,19.0287419650744
"1-(difluoromethyl)-2,3,4-trifluorobenzene",14.1185912734745,14.3897170786939,13.0620816872693,14.1155159260867,13.5385504069255,15.1139792748555,13.5311068979753,14.5746257097772,14.5017693790515,14.9362910245912,13.8273671172291,14.5256851063759,15.6081308984433
"1-[(5-amino-5-carboxypentyl)amino]-1-deoxyfructose",17.8368291341892,17.5335496053586,16.9111642858678,17.248842593026,17.1863568625872,16.6199061935571,17.6038180766541,17.4441563365643,17.3532535759088,17.1371700173865,17.4322865701442,16.9168459769309,17.4159622623492
"1-[(5-chloro-1h-indol-2-yl)carbonyl]-4-methylpiperazine",16.5005514880523,16.271550713217,16.7285167219663,16.7441938157101,16.5692736031897,16.896110039806,16.5597214544444,16.4887682310563,16.3895896320156,17.1849949405766,16.6192163652067,16.3772661922935,17.2903856775842
"1-[3,4-dihydroxy-5-(hydroxymethyl)-2-oxolanyl]-1,2,4-triazole-3-carboxamide",13.671630027428,13.615046665485,15.4997287475225,13.7642952143358,16.866854158289,15.9503478392896,13.8624057428887,16.6615588303046,13.9667655211181,15.6707039665828,17.3222823569347,13.5293020763399,16.8791222992274
"1-[3,4-dihydroxy-5-(hydroxymethyl)oxolan-2-yl]-4-hydroxyhydropyridin-2-one",15.2388208877594,14.0509504183281,15.3192179045133,14.2375766667737,14.9703184652938,15.4098170325619,15.2574084782431,15.0782460479285,13.4621887739061,14.9763342557997,15.7151452379429,14.1373635859512,14.3339273632221
"1-[3,4-dihydroxy-5-(hydroxymethyl)oxolan-2-yl]-5-hydroxyimidazole-4-carboxamide",14.9222689467207,15.9512509799503,19.0573491627336,15.0116029987377,16.697935901423,17.8042390689659,15.1824996268286,15.9635208956348,14.7451277322789,15.9779367053186,16.2899752204279,16.5832777484669,13.3040210675269
"1-[5-(thiophen-2-ylmethoxy)-1h-indol-3-yl]propan-2-amine",13.6012908855241,13.6866510895405,14.9730402290038,14.3024843321285,15.660489721011,14.9173170488266,13.3156249554213,15.2039165412105,13.3828010453772,15.6536564086196,15.407616108965,14.1769879876335,15.0749343650078
"1-[6-[(3-acetyl-2,4,6-trihydroxy-5-methylphenyl)methyl]-5,7-dihydroxy-2,2-dimethyl-1-benzopyran-8-yl]-3-phenyl-2-propen-1-one",16.4620304793204,16.0804568636911,17.0707209265007,16.3284760001848,15.0877623836205,15.4226837670265,16.5195294346854,16.4466896201877,16.8562434778538,15.493111311084,17.0127294063158,16.7559064557198,16.2707191364832
"1-[bis(4-fluorophenyl)methyl]-4-(3-phenylprop-2-enyl)piperazine",15.9269598780192,16.3062631986828,14.8085082151008,16.2563611699332,15.7082837012565,13.8262332403022,15.6843334096325,14.1382110801961,14.9938800651233,14.7771185497395,13.6358351876348,16.1447276156919,14.2015918959515
"1-aminopiperidine",12.8489253959037,12.5234518318624,16.4921272699644,12.4860858567895,16.0905283851232,16.2457359513668,13.0159608335483,16.3972951999014,12.5659223146354,16.2579924657046,16.3850272377066,12.9476590502008,16.4482925276898
"1-benzenesulfonyl-5-ethyl-5-phenylhydantoin",16.7169953183091,16.7291982291847,17.1987689876041,16.519582798337,17.1254728711342,16.6928883123029,16.2526799428868,16.786968195156,16.6302906356195,17.1210245144355,16.5646779187401,16.6877565597232,17.0034292487323
"1-benzyl-4-(chloromethyl)benzene",12.2533009719578,12.2161613213513,12.7177201581852,12.2067008132028,12.4480807043416,13.0662904438542,12.2070221949178,12.8896302302964,12.2702092610664,12.7355802631027,12.3814399804988,12.2134458220347,12.770845076965
"1-benzylimidazole",13.2332864630307,13.4097018594812,13.2194714543106,15.4183557153594,15.8320064045165,15.2748565004985,13.3016331359413,15.6336516640163,15.9153324092228,15.5129472188214,13.12067794992,16.0562701400628,13.4148975304181
"1-cyclohexene-1-carboxylic acid",16.6670340444132,16.7623061561388,16.3887469001819,16.6433306345134,16.7464580395706,17.0235096324603,16.5385855613701,16.7170743144029,16.7880935747968,17.276012190329,16.5296749259,16.6554772969291,15.8751062314856
"1-deoxy-1-morpholino-d-fructose",16.1937167520014,16.2275532578444,16.0106223940678,16.4465453799466,16.3305062610981,15.8979987193487,16.0811362617352,16.0029905812053,16.4888820615129,16.314800281398,16.4469046774089,16.0084385165326,15.7681961306979
"1-ethyl-2-pyrrolidinone",20.5399004768808,20.4089539146648,19.9852491915825,20.4276995095315,20.0569760298902,19.270542837761,20.6346976479281,20.3280544219393,20.7175951497828,19.1659710551939,20.2044709421385,20.5550026453795,18.165619334804
"1-fluoro-2,4-dinitrobenzene",16.4963558889426,16.7097188650879,16.4394132853069,16.2909415873043,15.7354305713179,15.9927621523468,16.3828164210815,16.0710485657408,16.4033096517897,15.6898580452675,16.1666381524524,16.6870174532775,16.4369727754672
"1-hydroxy-2-(n-acetylcysteinyl)-3-butene",15.9392892699451,15.8151116228257,15.6078470206279,16.2719063975946,17.0800602816125,14.9318657762081,16.0690079790171,15.5968792707091,16.5727771113401,15.009414882959,14.5010268036588,16.497014160283,15.5157081088228
"1-hydroxyanthraquinone",16.882270277154,16.8592281428598,16.7875490573027,16.9775250303351,16.9272454361903,17.0099328288794,16.8698552376167,16.9931496743341,16.8912618542691,17.2374738969604,16.9528016687263,16.7655413707033,17.2381206461299
"1-hydroxycyclohexyl phenyl ketone",16.7337010604376,16.4985477618095,16.9403404455337,17.0728318162449,17.0904778886785,16.2766924440451,16.6377337787801,16.6442662479304,16.8004913214376,16.3412247368253,16.6028807435724,16.7310025869923,14.4966895946957
"1-hydroxyhexanoylglycine",21.0147955323097,20.9225844437319,21.2609501219437,21.2547946611744,21.1405330260759,20.9181605679453,20.9290607878002,20.8977822457135,20.8499286139285,21.1598773861817,20.9660243734918,20.8817506458613,18.7066230298056
"1-hydroxyibuprofen",18.7946158815238,18.6160517170835,18.9898717317388,19.1964467307582,19.2049207369656,18.3550924677298,18.806565895507,18.6900722075511,17.5879609315226,18.3802953409672,18.7105309982677,18.9030257946695,17.2617848899168
"1-hydroxypyrene glucuronide",15.0497224535944,14.3393383977039,13.445451856844,15.354769890252,15.6424100775961,14.4161783693359,15.3465361827779,14.8634794290654,16.0375202497724,13.5112901767399,14.3480669952612,13.2125686573665,14.7361605229181
"1-iodoheptane",16.5058370052982,16.3322208436104,16.7845799195185,16.3678937815055,16.2509560194011,16.2251971748198,16.3793658008625,16.3467665232171,16.0209662708313,16.2623191123854,15.7737346172807,16.135617112648,15.9529424458547
"1-iodopentane",12.4210779891447,12.4305174656569,12.4943125013214,12.3431101972452,12.3025984978799,12.6311732960956,12.3525976771757,12.3592808488191,12.4007436054289,12.5518259138352,12.3702632272514,12.4559981879554,13.3827364646292
"1-isothiocyanato-8-(methylsulfinyl)-octane",18.9897042459987,19.2649381387523,18.4414256356597,18.8998983131588,18.5680855085244,18.9697776928066,19.0918274466054,18.0637040930939,19.1573334450493,18.0215978696145,18.3812312012582,19.3588406080535,19.3878772129065
"1-methyl-1,2-dihydropyridine-3-carboxamide",22.1359657968885,22.5264047303179,22.3983719419497,22.3906438160634,22.3911424535205,22.1033422521877,21.932852004587,22.3459506574547,22.2990667554575,22.463507533901,22.0381754019744,22.1519341325555,21.4978004451881
"1-methyl-2-(2-thiophen-2-ylethenyl)-5,6-dihydro-4h-pyrimidine",17.8940247092786,18.078548414063,17.9123902372089,17.8166967584501,16.6270061451681,16.3918027210408,17.9286193843437,17.3742886827037,18.0392895640101,16.4246993842919,17.6098078407813,18.1433366138676,16.4677558206311
"1-methyl-2-hydroadenosine",22.1276381840565,22.6075754788732,22.3060827305828,22.2423562110058,22.4161899356632,22.2870175409967,22.0317549789592,22.4930489784462,22.1540103753166,22.3701151177881,22.3426035318824,22.3263507750339,21.9874455633046
"1-methyl-2-nitro-3-((tetrahydrofuran-3-yl)methyl)guanidine",17.521186992283,17.7354854018962,16.9738008768182,17.6070650678824,17.316545891804,17.4820091471423,17.068928743563,17.5062308892801,17.4249833538908,17.6580390227999,17.4567830458881,17.1194282489912,16.7159646994337
"1-methyl-3,4-dihydroisoquinoline",12.6114832802729,14.6661678970205,14.2776767748276,12.5742543266292,12.574382186179,15.3161563052336,14.7652274616532,12.7148720624785,13.5314278833963,15.2827342138221,12.5960336005071,15.1178388597041,18.1677355215431
"1-methyl-4-(1-methylpropyl)-benzene",16.9542429952567,17.1422384357772,16.111966517039,16.5942113185479,16.569316868816,16.2156312493739,17.1228969398818,17.0169624270708,16.9490539939212,16.5945449326271,17.3661966153476,16.1405717234566,15.2621988089168
"1-methyladenine",16.7324152406876,17.0294212649797,16.8697630646099,16.8497536757523,17.0036428402176,16.8689719568823,16.6305613085311,16.9163006968358,16.9462146043539,17.033485951341,16.8315428220803,16.8385668568789,16.5347377711827
"1-methyladenosine",15.9993594489471,16.2980297816637,16.1879475726734,16.1770073723137,16.3246744928791,16.2066276218708,15.993463558502,16.2558308691357,16.2659794691255,16.3440048924611,16.1163796484822,16.1900680597656,15.7898466234286
"1-methylcyclohexane-1,2-dicarboxylic acid",16.8799709220048,16.9776105529694,16.7828695871663,16.7044361383374,17.2478964678165,16.2556183453777,16.7722679203493,17.0691172013376,16.7825418659598,16.4756189136737,16.6185436349279,16.7061260231481,14.9435826920888
"1-methylcytosine",15.1318120487272,15.4745433364762,15.4496055886239,15.239412287769,15.4142133189407,15.3946248490184,15.1275047535615,15.4649274028796,15.3791036319104,15.5123093242182,15.090947568217,15.336543757755,14.7764275302427
"1-methylguanosine",18.3922400393403,18.5012232325147,18.7016319285078,18.6932361382444,18.5963384316193,18.4656524129117,18.3529096789611,18.4884773437301,18.3703056742696,18.4798049388889,18.5108214783469,18.4192901385121,17.8530149180715
"1-methylhistidine",18.0265474076821,17.8638376365331,17.7194533804236,17.6786338639216,18.0501607694948,17.6256088344354,17.9303504379032,18.030755536108,17.9029858672783,17.7839677521086,17.961370110562,17.7110375345775,17.6209998372247
"1-methylinosine",19.2324336773929,19.2795138323222,19.8621969241945,19.4946251225853,19.2248066531129,18.2434129961536,19.1996002992628,19.2153456169352,19.0641861099867,18.5598701512832,19.3157125423739,19.1446196832791,17.6224893228863
"1-methylpiperidin-4-yl butanoate",14.8121244106038,12.8243070356042,15.083663241938,14.9512245265737,14.2790609773031,14.8067062603918,14.5976788794998,14.8707481620942,15.0228028817781,14.4815464324035,14.5466387145287,14.3644933625656,12.912617099942
"1-naphthalenesulfonic acid",19.0349503012364,18.7855607183904,18.6721976811793,18.672219322945,18.8504702915026,18.7021887001544,19.1215620223787,19.1210922364303,18.8740208815893,18.8731636085659,18.9248866018079,18.6319146858953,18.508219222577
"1-naphthalenyl[4-(pentyloxy)-1-naphthalenyl]methanone",14.7675164929432,14.3511497094975,12.9050953963021,14.6563189818113,14.2475681000544,14.1128769045326,14.9250286064079,14.4183204070271,14.9190341893162,13.7894203132185,13.9793390003726,14.3449471822326,13.1951539329424
"1-naphthyl isothiocyanate",14.6717884242671,14.5752647801349,13.4802985732269,14.2906536588805,14.3629986327459,14.4761144606499,14.6558305123911,14.7672933348782,14.5467858645278,14.7890756747613,14.3644273274129,14.3331371399855,14.6544712938394
"1-naphthylamine",12.6326355288217,12.8398154416402,12.7912928313462,12.6003486899951,12.6305151163964,12.602219966036,12.7881859862099,12.7761108258691,12.7864867497777,12.6992829237923,12.6966545256826,12.6481134734851,12.8824997269134
"1-nitropyrene",17.6584892707336,17.6287295625169,17.9726646786477,18.0339029549386,17.7794875448146,17.6140484327338,17.7167655093395,17.3290080032968,17.2480085638379,17.6378676742766,17.7701335528053,17.4021885944596,17.591113074318
"1-nitrosopiperazine",23.3958324384139,23.4713062230731,23.7141685819219,23.3781085772707,23.2875727841925,23.3701278253415,23.3429357413376,23.397056892455,23.3103893482942,23.3249555706564,23.33246128963,23.374479842843,23.2523967917585
"1-o-pentylglycerol",17.1451981005688,16.6354606642603,16.7204191833404,16.944356153769,17.1540381032051,14.6750489413205,16.8408716001074,17.0909445388032,16.8135691078673,15.1810579220738,16.834446275536,17.2901357758337,14.1184057608133
"1-oxoestazolam",17.2650011483271,16.8380736912992,16.9013074640608,17.3667671327555,16.4708101858751,16.122382103013,17.3666300605436,16.3434667743416,17.3890900232287,16.129225744119,16.5730548839605,16.6672183311797,15.6568538522445
"1-oxononan-4-yl (2r)-2-acetamido-3-sulfanylpropanoate",15.9440195932526,16.0496019756127,15.9373837753476,15.9189224499196,16.048849577464,18.060924152016,16.033642426691,16.8483195683264,16.0607449735492,18.0017128578179,16.7372187999014,16.1973317160973,18.2151526525323
"1-pentanesulfonic acid",16.0539840029568,16.1495886869861,17.5143051296884,16.262322290059,16.4204684107826,16.8680355241988,16.0608445173116,15.9866301581498,16.0682247756485,16.6587606004241,16.3880900661149,16.070226419146,17.6962875232432
"1-phenyl-2-hexanone",15.3031324718772,15.3601332444456,15.5269256354061,15.5424518484785,15.413324821492,15.3415361305922,15.2963840014883,15.2934915241221,15.3238652489396,15.4685308997569,15.2522508684265,15.3202487593784,14.9819102568116
"1-pyrenecarboxaldehyde",12.4057692733966,12.3939268581821,14.5543701184295,12.4556412801297,15.9011487014173,15.2928057196282,12.6921283854772,15.7827980116708,12.9146820520907,14.7491882862761,15.9727747175138,12.3543840795903,16.0313672710765
"1-pyrrolidinyloxy, 3-(methoxycarbonyl)-2,2,5,5-tetramethyl-",16.1300178028367,16.0987337327573,15.9710859793448,16.0337316041916,15.9366382385184,15.9745468120115,15.8081479002286,16.0801504135034,15.898367761672,15.1254260653757,15.5417992903213,16.2164525541192,14.3347441574706
"1-pyrroline-5-carboxylic acid",18.1115596468555,17.8613960165799,17.2685307082694,17.5555535354545,17.6478195137513,18.6613896095701,18.0588919229242,17.9338587879318,17.832968128426,18.5045905572707,17.7399495351845,17.8203307932676,19.3642429108113
"1-salicylate glucuronide",16.7122168594086,17.0887899846523,17.2713399762035,16.7315803830794,16.9329970528678,17.0640348250135,16.6666970071272,16.8481688792763,16.8416137494448,17.3714101960751,16.7527416549948,16.9641278988201,17.2667975637058
"1-sulfooxymethylpyrene",16.5015996047213,16.4308218523732,18.1778375283064,16.2440674681864,16.6956477550083,16.6324595364418,16.4208250907609,16.0519629609762,16.4187785053211,16.3911537785929,16.236508374,16.2190160664511,16.5161763830073
"1-tert-butyl 4-ethyl 3-oxopiperidine-1,4-dicarboxylate",16.7362601708945,16.8933456146809,16.6484949175405,16.9830492174109,16.4159192776154,15.2209339564537,16.6816330415916,16.48219662717,16.7778833029136,14.8355616985072,15.9855729915237,16.6224832955783,15.8853459561404
"1-tert-butyl 4-ethyl 5-oxoazepane-1,4-dicarboxylate",17.1832431756976,17.2686847998493,16.0813702009188,17.0203272187618,16.6041230558154,16.8562460782815,17.0578276751368,17.3582741412272,16.8863084931393,16.9225413382577,17.3109664634717,16.7893256652642,15.145194343319
"1-{2-[(3-ethylphenyl)amino]-2-oxoethyl}-6-oxo-1,6-dihydropyridine-3-carboxylic acid",13.9393740415326,13.6892641033079,12.8432185584392,14.3069444457238,13.7372197942815,13.8997657238517,13.2669043661543,12.4616707739586,14.4574504240146,13.710747026017,12.6362584286837,14.2504765154032,15.4230569604723
"10-(2-(diethylamino)ethyl)-9(10h)-acridinone (4,5-dihydro-2-thiazolyl)hydrazone",15.544693170934,15.4806158389051,16.1794659711954,16.0471507633472,15.9840970569402,15.1887540208398,15.6665005850979,15.7739735547659,15.6223016079684,15.1542689442088,16.1802113817558,15.4565376601177,15.5859569124015
"10-chloro-1-[(3s)-3-hydroxypyrrolidine-1-carbonyl]-3-phenyl-6,7-dihydrobenzo[a]quinolizin-4-one",15.6181499018218,15.6234116569412,17.2759221581355,14.5662344179033,16.4196116233372,16.1809659615767,15.4592127469118,16.0514300786637,15.8744633895454,16.1096917398922,16.0531481243332,16.2225665835693,16.1352384893161
"10-hydroxy-2-decenoic acid",17.1881218124443,17.5691703376546,17.6064447098837,17.744589397942,17.3717507364619,17.084943278832,17.1820217268138,17.491201496423,17.7946287179975,17.3839406905992,17.3104857366138,17.8949552892533,14.3828630126496
"10-nitrooleate",14.2828091878973,14.1489096647027,14.5568117040671,13.7158260673049,15.1669871709816,15.0650098756354,15.0009528745654,15.1321417004761,14.7779059135127,13.8104690088273,15.6950034251688,15.6259715487435,15.0652077407791
"10-piperazinylpropylphenothiazine",16.0631982136393,16.2160170834971,15.5437886381197,15.9206202968575,16.5734824851847,15.0436606557072,15.544664921691,16.6743254599755,16.5528697543268,16.2889368541336,16.1698790503333,15.9845804845068,14.3965605437402
"10h-pyrido(3,2-b)(1,4)benzothiazine, 10-(2-morpholinoethyl)-",15.8345898341728,15.725032825599,15.7658065481307,16.4220408874758,15.8243640303464,15.0739803769145,15.4083727900735,15.1215465445057,15.5613946611248,15.4581461468272,15.4059162955489,15.3299316844422,14.5969261854369
"11,17-dihydroxy-3,20-dioxopregn-4-en-21-yl acetate",15.0648977825276,15.3336482849579,15.1050173659333,15.6874929660587,15.5552985775546,14.8665024876372,15.0380467537736,14.8877346181385,15.3478289810756,14.9316185310004,14.8049076679191,15.1596175847294,15.1121359048202
"11-beta-hydroxyandrosterone-3-glucuronide",15.8666626752368,16.0424963606018,13.9017748302331,15.9336695376436,15.9553719387703,13.9259688011278,15.919710404489,14.7958470491326,15.9604375792739,14.3366771221392,15.0278358660311,15.5050722628,14.7371048275581
"11-dehydrodexamethasone",16.5754856942893,16.6247011712626,17.0805119365356,16.9632514701283,16.808432015658,16.2070292179298,16.5919889872836,16.9202382940293,16.7126052530534,16.1202293805479,16.9823221886915,16.3266441554122,13.7441074801657
"11-hydroxyyohimbine",13.450743711165,13.2112762662969,14.014412292745,12.7420894933169,12.5311112065836,12.622199120787,12.3423569109227,13.6809175233867,12.8593374945917,14.1901215325584,14.4232485592158,12.6426527513738,15.0634412908859
"11-mercaptoundecanoic acid",17.6504379320446,18.1222122135417,18.1348529973752,17.7290156542669,18.1126663777723,16.4984509528741,17.5326910425145,17.8376432810859,17.8853763777959,16.8709530151366,17.6707171557518,17.663311829437,17.1890534494497
"12(13)ep-9-kode",13.4136888466154,14.1634316138061,14.5273759459395,13.2183486556661,13.7850410051753,15.0980019024547,13.1372309039821,14.3524551705752,13.9727287338218,15.4552478681888,14.2373423593154,14.8322926382894,14.7684997541819
"14-deoxy-11,12-didehydroandrographolide",16.7658066905869,17.1805131820512,16.1284446801545,16.7161121125678,16.3499479492384,15.7926182533639,16.7763165371273,16.4046910397416,16.9642645265075,16.6653642279996,16.2616155580836,16.3748776972895,16.4075628749578
"16alpha-fluoroestradiol",16.8890249981641,17.9624609530536,16.764184234976,17.9344588684575,17.6811080667308,16.8100013358613,17.0680725501971,17.1512685699679,17.800693034413,16.3314062164719,15.9719207951218,16.7739810967143,17.4683091918892
"17-ethynyl-16-fluoroestradiol",14.5431681510857,15.0294088775365,15.8381291407606,14.2564635264566,14.5446135860367,15.5451277845158,14.2040479518326,15.3681720380864,14.4381727240596,15.3558028910977,15.1894488952859,14.4669439071382,15.1800899121098
"17beta-estradiol 3-sulfate",16.8515352146992,16.7172577604047,16.60322269518,17.0976022730634,17.0788629267694,15.6167532940075,16.7581704609009,17.2061779500379,16.7523492726919,16.0655396232254,17.2555675514837,17.1318906716182,14.9362187709803
"18-hydroxycortisol",14.1176441312647,13.2939003362864,14.6309452398897,15.0673532256547,13.0848182631199,16.3555954563106,14.4520972972189,14.9041384060182,13.1910591934946,16.0899741613363,15.3737728339252,14.7173783690613,15.123114583449
"1beta-methylcarbapenem",17.2250726040952,16.9056996037173,16.0686400564946,17.2233584987131,16.6056687707999,15.7974072797079,17.2772556888523,16.8856877441825,17.3676027370356,15.8648130702505,16.878132549087,16.6031650241694,15.515601542317
"1h,1'h-2,2'-disulfanediyl-bis-imidazole",14.8161151438891,15.3423436147522,12.7114249533395,14.8705069218582,13.4238943588399,17.4227966561058,14.860601000302,14.421784623678,14.7135254434835,17.3011572975278,12.7484127699269,15.1226404968011,18.6163322187256
"1h-1,2,4-triazole-3-carboxamide",16.3179617491985,16.6128945993996,16.4238489885988,16.9007971719367,16.5495291656053,15.6244861106803,16.517799546275,15.3650959401222,16.9121784231663,15.8207963331212,14.3147005776473,16.9336441309324,15.8024815336818
"1h-indole-2,3-dione",17.4655998398242,16.7852015677313,16.0591609119476,17.5141401354809,16.5745159886805,14.2404491482017,17.7309396668922,16.4476580790568,17.3672493909764,15.2841992320653,16.3436884337106,16.2924946494419,14.188451861641
"1r-cis-3,3,5-trimethylcyclohexyl ester5-oxo-l-proline",15.3372677884501,14.8772626212208,14.8050138491466,14.7461636766884,14.8476108738652,16.7792996958943,15.3484348266146,15.3405483750873,14.9685377049788,16.6261366762483,15.2567700990922,15.8099533109514,17.420506344297
"2',3'-dideoxyadenosine",14.46162358446,14.0581455040556,17.1653288421832,13.3374949399327,15.2821542100247,14.71028263052,13.4564942400608,16.7140013773802,14.8352291828183,15.4423044651531,16.5877308925131,13.9800949885925,13.1132409985551
"2',3'-dideoxyuridine",15.8195327968364,16.2777378474345,15.9130606180613,16.2614047021691,16.0249122400798,16.0230921228291,16.0391323645844,15.7943547917418,15.9140470117585,15.9774506096329,15.9403779889296,16.333738093649,16.4384170148813
"2',4'-dihydroxy-6'-methoxy-3'-methylchalcone",14.2654726781585,13.7587224509317,12.7075814481712,13.2358264884165,14.5376032211111,13.9638475164974,14.1504570449888,14.8244813279586,13.4824752536226,14.3656364862466,14.8822205253083,13.3660950094013,13.3675665621019
"2'-carboxymethoxy-4,4'-bis(3-methyl-2-butenyloxy) chalcone",15.0839103180156,15.4217454354289,14.9350607942421,15.5477167904083,14.545396213426,14.1904226154722,15.2866969689848,14.5508788165269,15.8415474089879,14.3144968200695,14.460383666314,14.4880981962748,13.0880687722494
"2'-fluoro-2',3'-dideoxyinosine",13.9722142949575,14.2883741690032,15.6449828132165,13.2567232023671,15.2364334421927,14.9066396322595,12.8139621035614,14.8757574093759,13.8239974645183,16.5204786580549,15.6906558826251,12.983791801926,14.1701132130762
"2(n)-methyl-norsalsolinol",16.7903433918283,16.7593709651042,15.1039944699651,16.3352830330784,15.4239431132281,14.9941374512803,16.7412251792101,16.6325701507061,16.2521413949118,15.6076810054599,17.5338357067324,15.7571221820843,15.1747368221002
"2,2'-anhydrocytidine",16.0165570161238,15.8714789569707,16.3168113971439,16.3317605551387,16.2101781162165,16.593755940311,15.9495836064118,16.0585378069765,15.9813557926721,16.9140000462156,16.0745173236155,16.2239047561995,16.76905942183
"2,2'-bithiophene",13.281399283302,14.2718148391074,16.2445096491932,15.2396649404308,14.001511491539,17.264237562196,15.3927655558293,14.2605122352402,13.279223442361,17.2341917493824,12.7158592096871,13.976293043483,18.2991434394876
"2,2,3,3-tetramethylcyclopropanecarboxamide",16.5341709422115,16.6126942242937,15.8161734511361,16.6407177372958,15.6320887860848,13.8896099016945,16.4343536658453,15.6492606108829,16.3625244527564,14.0634398478526,15.5841334422916,16.9718947460593,12.71069263099
"2,2-dichloro-12-(4-chlorophenyl)dodecanoic acid",19.3420356808256,18.7066627699132,16.7160418827106,18.5281290622375,17.3941755308671,20.6669960820639,19.0870198416716,19.2603348086774,18.7789884095237,20.6765604026647,18.7197626762519,18.9141898716532,21.3872555323984
"2,3,4-tri-o-acetylarabinopyranosyl isothiocyanate",15.0694504358023,15.3133990473701,15.0738176131908,13.8480817004837,13.5979431931085,17.0883329910008,15.0125543412544,14.2307606851981,14.6085609015074,17.0966548543753,13.6068088626196,15.4070778002466,18.0412291692307
"2,3,5,6-tetramethylpyrazine phosphate",14.7277410946906,14.933874973408,14.011654298172,14.7370352605625,15.1554669645418,13.9493280119457,14.8123739190292,15.0567994013238,14.8813610115258,14.1276857179642,15.1309049895133,14.40161475774,14.3844915171999
"2,3-bis(3,4-dihydroxyphenyl)butanedioic acid",12.7460500867787,12.4846624767945,16.4825259006157,12.5437316111572,13.253803354052,15.2657642397017,12.3666877621449,12.3300525268002,12.3428153988012,15.7584517990002,12.3495947622302,14.6573961509727,13.7098852496205
"2,3-butanedione monoxime",17.6548015161468,17.8456527815057,17.4568807711199,17.5758358390779,17.9879511621113,17.5985895580282,17.5680107471122,18.015223516856,17.7212974642338,17.5944196553802,17.4487610249327,17.6416251634515,17.4912530779715
"2,3-diaminopropionic acid",15.4572273171317,15.2717662644135,15.9090988336901,15.5518016662883,15.8982170635218,15.6037034226793,15.3479030410837,16.0140626333458,15.0989723961574,15.0694109376682,15.7446303639987,15.3625389528819,15.5951229516412
"2,3-diaminosalicylic acid",19.6957173675553,19.4338297558893,21.6214561770095,19.5052782020892,20.5911142138148,19.8134976103449,19.5703569453028,20.487884703908,19.4315315172233,18.6437935698574,20.6841946731548,21.1676259117504,18.6445769230033
"2,3-dichlorobiphenyl",14.3387102507737,15.1952838713912,15.006881928942,13.4823286664932,13.1238242875663,15.4020614412628,14.6532568265781,15.0483609361253,15.2412557008323,15.3788253489381,14.697313902093,15.2441902414228,13.6145132645351
"2,3-dihydroxy-5-methylthio-4-pentenoic acid",20.3582536424456,20.4474433087626,20.4797191614915,20.2865496039785,20.1081108976454,20.3133708970789,20.2509216801024,20.4429528292052,20.3030464812531,20.2886669294155,20.3278156744803,20.3651474453189,19.9711505813062
"2,3-dihydroxypropyl 4-phenylbutanoate",16.1299920319756,16.1203662400614,16.8485372073899,16.0518474211129,16.0244377865449,14.4601942185735,16.210823057482,16.2130565998102,16.2316523282078,14.6756985513261,16.6381442831698,15.996932057886,13.5216261592453
"2,3-dihydroxypropyl octanoate",15.5187048481872,14.6907976515244,15.053587135499,15.3786411276117,14.8967800360712,12.8947360107948,14.5724070208699,14.6430206599084,15.1649421938669,14.0902556606237,15.2155839185705,15.2869703570613,14.8055043451542
"2,3-dimercapto-1-propanol tributyrate",12.8986809875721,13.561268808631,14.5986511705397,12.5424508865345,14.3819980332316,14.3971138249265,13.6145864282721,14.8886081567187,12.9661296777873,14.7012418850499,14.732243745676,13.6478937859419,14.5107608065204
"2,3-dinitrobenzamide",16.3825483368285,15.5724534974744,13.8513716319739,16.0577655224461,16.2003201841216,16.1080857694144,16.1666479291019,16.628758426533,15.8300399120055,16.4051658770504,16.5565881731628,15.8207535907371,15.6879379790795
"2,3-dinitrophenol",15.3295703568038,14.8781633379752,17.4635181788281,14.4999500097743,15.6006008257163,15.6431415808077,15.4234370831399,15.4286430241948,14.594661064232,15.2909925129885,15.7743176398563,16.2712024458075,14.7570616305259
"2,3-dinitrophenylhydrazine",16.4022425838062,16.4526761058832,16.6053206806293,16.3636721366848,16.41990343661,16.3781916804943,16.363454855503,16.4316709565713,16.3648411990756,16.3371849778943,16.2919400429053,16.3156799540573,16.3948470476619
"2,3-dinitrosobutanbildung",20.9146850985235,20.9983423352635,21.7018462650323,21.0086343689716,21.2652358594313,21.3483767209878,21.0615245111891,21.1102903706496,21.1609361427817,21.2443557199253,21.0629333466353,21.4156943691087,20.7385020413048
"2,3-octanedione",17.247478476186,17.2775767388725,16.1856899099766,17.137227905887,16.731918265384,15.2925044818926,17.0892343190741,16.8674972584553,17.0787328872129,14.9549550858107,16.6060414860121,16.6080478991416,13.7227862784301
"2,4(1h,3h)-pyrimidinedione, 5-fluoro-1-(tetrahydro-2-furanyl)-, (r)-",16.1953720371753,16.0783762137766,16.2883352008873,16.2927021085987,16.0130469785717,15.9576511060621,16.0691612086014,15.7175635260409,16.0887477716777,15.9595762747389,15.9490771011663,15.9703307805325,15.498261413458
"2,4,5-trihydroxyphenylalanine",15.4802516815102,15.7596038952977,16.3123983907456,15.6440343943648,15.7983898448156,15.8403304876465,15.5743003965418,15.5072458268082,15.8331912265976,15.985640084815,15.5695721780239,15.9017489858422,15.6865208440521
"2,4,5-triphenylimidazole",15.9369541544017,15.95277195053,15.1261322512138,15.8114916264949,15.6341282269819,14.9970772705584,16.0373048457912,15.5684011858531,15.9109151701873,14.8208357214617,15.5666732068034,15.6535850915209,14.0596011151619
"2,4-bis(2-methoxyethoxy)-1,3,5-triazine",17.2619254809846,16.4194425064491,17.6884053462589,16.6234496199593,16.3156733233513,16.4495468572394,17.0629159483167,14.4290608165002,16.5263647564784,16.1827904499508,16.66433048355,16.8910799619286,17.5174056138968
"2,4-bis(methylthio)butyric acid",17.987655595619,17.4630685494649,15.3363020331717,17.6859561765702,15.7230036917255,19.0101577807131,17.9340551743647,15.7693357685836,12.9424097629667,18.9074615462514,13.979336999431,12.8302467441182,20.4020232825716
"2,4-diaminobutyric acid",15.0912621050835,15.1972675674047,15.2459402222331,15.0075067991511,15.0967387759318,14.9863777210073,14.7684174187846,15.2691599718232,15.1272335024405,14.9203070294288,14.7632754758398,15.1155196150139,14.9843121561579
"2,4-difluoroaniline",16.8471316998299,17.0943672677602,17.3679753204968,16.5142017541967,16.4112246015342,15.9345693339261,16.6773025885569,16.6412351446158,16.8014695117782,16.1468023045842,16.0940721771677,16.8566692133416,16.1053073430927
"2,4-dihydroxy-1,4-benzoxazin-3-one glucuronide",14.8804411052127,15.4413073447717,14.4841224702168,14.7605420055671,14.6674537062702,13.9393888453564,15.2767152634021,13.9686583020547,15.168095427757,15.0150238556028,14.6173943512984,13.7191547608364,14.2405878427383
"2,4-dihydroxy-2h-1,4-benzoxazin-3(4h)-one",16.3067045390114,16.8729514265764,17.3714986629889,16.3826050620648,16.4481287500447,16.3238023073968,16.4136329369841,16.6169926298697,16.516252538098,16.125572390646,17.0366818541825,17.2489312815409,17.1079971299238
"2,4-dihydroxybenzophenone",15.5837162993434,15.934246538147,15.6171446277953,15.8275662457029,15.1752941358911,13.567693868607,15.6459318762547,15.4053281132616,16.3044499176005,14.205068520495,15.4939984695874,16.0800458615337,14.5563236622092
"2,4-dimethylfuran",15.2763729061518,15.1566579873407,15.5748966411511,15.5029935057608,15.4021110574822,15.0850413628394,15.0872989502541,15.1188965413253,15.0089742337503,15.3129173394423,15.236448220388,15.0384643173039,13.5828630873099
"2,4-thiazolidinedicarboxylic acid, 2-methyl-",18.8813931611732,18.7543324871142,19.1402720626567,18.1655561430237,18.5236956358854,19.5369428397445,18.3549819928576,18.6079881184101,18.1231573803994,19.063610893771,18.5529888218425,18.7166593932159,18.7047914434629
"2,5-dimethyl-3(2h)-furanone",16.0725368436105,15.9203836826205,15.9842330884942,16.3219842704965,16.3822670892631,16.3513979662741,16.1276494686611,15.9153650253983,16.2895979092738,16.3872807718199,16.3080722254358,16.1266384735754,16.2228092067598
"2,5-furandicarboxylic acid",15.4702277545418,14.6317517934157,16.096049302537,14.956127527727,15.8301877183844,15.4024880312794,15.1586979184127,15.8233428187482,14.7289693538048,15.1922790655295,15.5897395380624,15.1526503534616,15.0114217263999
"2,6-di-tert-butylbenzoquinone",16.3302226490366,16.5821912935736,16.7108761306108,16.7161850607371,16.5342408541939,15.9064585651855,16.3599100105285,16.4497826272568,16.5322821599721,15.5819709600578,16.3030730554948,16.4391436248936,15.4122672834554
"2,6-diamino-9-(2-hydroxyethoxymethyl)purine",17.4268026437638,17.3040456258198,16.6716261756111,17.108677633556,17.7656613468521,17.2846859528562,17.2083266689134,17.5374784090614,17.7997861816018,17.5656189861379,17.3681616526779,17.292366837688,16.2926734950095
"2,6-diaminopurine 2',3'-dideoxyriboside",14.9511280282417,15.6795637128465,15.496836912842,15.3809141256054,15.7066505798896,16.2573459964204,15.1003558372294,15.4810431524342,15.1883441649266,16.1490454474384,15.4070480173151,15.1653153138146,16.0830741059292
"2,6-dimethoxy-4-methylphenol",18.0597291640081,18.0625075582982,17.894940866249,18.1234863841127,17.6815391125071,16.346299559319,17.9477289806845,17.9780968491988,18.0432799986406,16.5661779086942,17.5082116205386,18.1145665985956,14.882740629107
"2,6-dimethylpyrazine",18.2812617386494,18.8023508342561,18.1798905417754,18.493032367491,18.3748518327606,18.3119308951232,18.323204550498,18.3993133892918,18.4901603281439,18.3607620552489,18.1484294987333,18.4685028377745,17.6298357596978
"2,7-di-tert-butyl-9-fluorenylmethyl chloroformate",16.9785946087467,17.1836303916679,14.0954751906053,16.5581812600822,16.0733650574411,14.7859701210553,16.9370813597582,16.559696702675,17.2048493299122,15.9264233591949,16.0236327522649,16.413132421709,15.9653766123847
"2,7-diamino-7-iminoheptanoic acid",22.4295281505401,22.7039860762842,20.0213832984748,22.6632819801864,21.9080014648819,21.2490833561571,22.6149957899257,22.1700282455298,22.4909822893954,22.2198891023114,21.9111234502109,21.2202944638406,20.9380214302075
"2,7-dichlorofluorescin",12.6302281615748,12.4210125877426,14.0535697812891,12.3133606854769,12.9077235834926,12.8981885211899,12.5856111416732,12.4875209233073,12.3505171251319,12.9018586970959,12.596682463178,13.6818856406856,12.5601085693534
"2,7-difluoro-4-methoxyspiro[fluorene-9,5'-imidazolidine]-2',4'-dione",14.1651316499538,14.2282343432911,15.9609895925184,12.6811576305685,14.1821666678248,12.9955303092679,13.7612874216486,13.5211098958608,14.455561362519,12.6385261034185,12.6418621881647,16.9421279211686,12.8749385429634
"2,8-dihydroxyquinoline-beta-d-glucuronide",18.1930124371944,18.3603916566624,18.6125611543926,18.637679369773,18.7093371695457,18.5460982917323,18.2442026682129,18.4734924217848,18.3665597086246,18.7165223888891,18.3975505621773,18.5370505143741,18.2234335407201
"2,9-dimethyl-4,7-diphenyl-1,10-phenanthroline",15.6261228374594,15.8233846384513,16.3806510332266,16.0464046321304,16.324284257305,15.916529532061,15.5570796338614,15.8615252915333,15.9375484591934,16.2517738630962,15.7929231632163,16.076691934166,15.5270982277895
"2-(((3,5-dichlorophenyl)carbamoyl)oxy)-2-methyl-3-butenoic acid",17.2507714835536,17.3480718866401,17.5621754349519,17.3775069380268,14.8435304297786,18.7519452530564,13.1360781507694,15.6004064268372,17.2997501388263,18.5458516595167,17.3919778775928,17.4817144620939,18.5134154262705
"2-(1,2,3,4-tetrahydroxybutyl)thiazolidine-4-carboxylic acid",16.2864936442017,16.2873145072072,15.8166535818434,16.33094303589,16.2382643363533,16.4375912828437,16.2085294524622,16.3256013633074,16.3635777935058,16.6353482615877,16.3332147409574,16.035066012334,17.5955450447032
"2-(1,3-dimethyl-2,6-dioxo-1,2,3,6-tetrahydro-7h-purin-7-yl)-n-(4-isopropylphenyl)acetamide",15.4221484054104,14.6096475648661,14.0113704121501,15.6722169717327,16.1071213521121,13.9448452102589,15.2701672213571,15.4763211144815,15.5231676125563,15.1738887068956,15.6931479008193,15.0964176979402,15.0399035732842
"2-(1-adamantyl)-1,3-dioxetane",14.9722188323071,15.0810923661728,14.4871654547908,14.9726008426355,15.0464374195902,15.341818122393,15.2131083979533,15.2437914289167,15.343431553597,14.7085747819622,15.5023548470913,14.7833914929108,14.6661587120051
"2-(1-carboxy-2-hydroxypropyl)-4-{[5-(dimethylcarbamoyl)pyrrolidin-3-yl]sulfanyl}-3-methyl-3,4-dihydro-2h-pyrrole-5-carboxylic acid",16.6516698474135,16.2253351764538,17.1680748273239,16.8929520475564,16.6947564902639,15.1966857015397,16.708826974504,16.2299387207224,16.2523597264379,15.2240664329103,16.4603529374686,16.4070717384005,12.5855440681385
"2-(1h-indazol-3-yl)acetic acid",18.030118217029,17.8592613680638,18.3649435552196,18.4077909755321,18.2256125432832,17.8220428034743,17.7916734534972,18.0399295110959,18.0038620061542,18.3720859384695,18.1500013386581,17.9817800759594,18.2759229440049
"2-(2-aminoethyl)pyridine",16.6520599125516,16.2373979017459,15.3378357680441,16.5139038885342,15.3290839974726,15.192485030982,16.80232965286,15.74480106851,16.7911624945678,16.0140044901325,15.5081611006416,15.7996743036425,13.4708968306095
"2-(2-aminophenyl)-2-oxoacetaldehyde",13.7297033693167,13.3472185830203,14.5041742388536,13.6674866077447,13.8225287122355,14.2978459992884,13.8146148033041,13.636953939703,15.1235260789695,14.3766365309662,13.8523399646845,13.6492257729666,15.3237784927218
"2-(2-cyclopropylhydrazinyl)-9-[(2r,5r)-3,4-dihydroxy-5-(hydroxymethyl)oxolan-2-yl]-1h-purin-6-one",18.9230495339737,18.7702251566118,19.5656250191346,19.0844693490908,19.0379326984053,19.4950124999325,18.7995474327682,18.946542933144,18.8050271454134,19.7780932612269,18.9630896490541,19.0510325394473,19.846182819227
"2-(2-hydroxyethyl)-4-oxohexanedioic acid",15.9057500395985,16.3442872427215,14.8017005848326,16.2415002392936,16.4374239555675,16.0830365029529,16.1981963658408,15.579817121067,16.470990462964,16.4716635425102,15.6685375812269,16.6096281805029,15.1758885148243
"2-(2-nitroimidazol-1-yl)-n-(3,3,3-trifluoropropyl)acetamide",12.8130526233104,13.254550976476,13.4883092756757,12.7657775418493,13.5284594345953,15.4072790384849,13.0176648372878,13.0695364351593,13.373435659739,15.5400142399142,14.4173670910923,13.0351555268651,15.4013480031013
"2-(2-phenylacetoxy)propionylglycine",16.4938171303503,16.595827843738,17.2696248139742,16.6789491134665,17.3570088493447,17.184291877445,16.4983684807837,16.7475787412832,16.5443959275883,17.3797469878228,16.6716830079649,16.9066340499204,17.93022213619
"2-(20-hydroxyicosa-5,14-dienoylamino)acetic acid",16.3483839226162,16.4229370380714,15.3439457801596,16.4100609515351,16.23139142854,15.4737723463671,16.4659730953756,15.6930643386667,16.6710234608815,15.5444554268938,15.7617276620997,16.1032135581093,12.7106370353766
"2-(3,7,11-trimethyldodeca-2,6,10-trienylsulfanyl)benzoic acid",12.6487797023342,12.7035988596792,14.5443117356234,12.588771759206,13.0921275623256,14.1755728421849,13.221950906395,13.6850657666497,13.1741405213813,13.0399705503064,13.4394217830941,13.5427528813645,13.681061875465
"2-(3-mercaptopropyl)pentanedioic acid",16.2117655359401,16.5800497037885,14.7944742614235,16.1475583404435,15.9193500501251,15.5000603771125,16.1363162226118,15.9405977136432,16.2331464844097,15.7570221881178,16.323764531856,15.8868433236191,16.2413860482193
"2-(4-((5-chloro-3-fluoro-2-pyridinyl)oxy)phenoxy)propanoic acid 2-propyn-1-yl ester",14.973881841548,13.1183269616173,14.3063728721295,14.6770470974881,13.6506228194279,12.6593757060319,15.3345373736519,14.5153552406107,14.9547187938584,13.3985605964234,14.4297268491986,14.3427682290046,14.2423541788425
"2-(4-(2-((3,5-dichlorophenyl)amino)-2-oxoethyl)phenoxy)-2-methylpropanoic acid",16.013853464431,15.9662062792867,15.9889471882756,15.9826121158585,15.9764133335351,15.7643027036854,15.9835399260978,16.023466921323,15.9750589117401,16.2236510850605,16.0290336952628,15.9705447260915,16.7321701647633
"2-(4-(3,4-dichlorophenylureido)phenoxy)-2-methylpropionic acid",12.5646637448856,13.388208050166,13.9052744821691,13.1769602885187,13.5193162116516,14.4857890315508,13.0223170236616,12.8950548679794,13.0600778930402,13.3990282061683,13.5591473523246,12.9702284456021,13.5834313733334
"2-(4-(piperidin-3-yl)phenyl)-2h-indazole-7-carboxamide",15.6563493846383,15.8172170642476,15.3376338193855,15.460533791646,15.211873024021,14.7838855986544,15.6232657790758,15.105018876898,15.5217628986603,14.8333216472537,15.7128723421322,16.2657320910405,15.9864236500142
"2-(4-amino-1-isopropyl-1h-pyrazolo[3,4-d]pyrimidin-3-yl)-1h-indol-5-ol",16.0554143725722,16.013426533311,15.0824887483696,16.0371567455702,15.4336490034136,15.7875130108516,15.9972175049714,15.8373398178931,15.9540964089886,15.9985791044271,15.8308185475806,15.7579102235379,15.7906426001002
"2-(4-chlorobenzyl)-3-hydroxy-7,8,9,10-tetrahydrobenzo(h)quinoline-4-carboxylic acid",12.3875570514665,13.8444416721848,15.2773881576244,13.3831357319817,15.1116665442681,14.8987052957451,12.7189031206796,14.8658472551456,13.6237370706444,15.5604889413618,14.6417081965654,13.0249724139938,12.3716531245696
"2-(4-chlorophenoxy)propionic acid",16.563815260526,16.8821651666506,16.607579545123,16.6668811124637,16.5681739987312,16.5050447958308,16.6347179083162,16.9067580853389,16.695546550867,16.4952424630673,16.6390631645876,16.7880097643144,14.6545551853606
"2-(4-morpholinyl)-8-phenyl-4h-1-benzopyran-4-one",13.1728846002558,13.3944243613709,14.3416793515497,13.2056292658951,14.9667009748106,17.9543003766621,13.0300788382452,15.7562181772763,13.0341237006604,17.4974223333667,14.7723022829743,13.1780570462108,18.008743165758
"2-(5-chloro-2-fluorophenyl)-n-(pyridin-4-yl)pteridin-4-amine",18.8128809875402,18.7501489218926,18.2662265193728,18.950053748037,18.9223287094903,18.6619641847668,18.8847196053934,18.8262523032424,18.9480936802468,18.8106153256243,18.9633086002741,18.8284932381478,18.7132929256872
"2-(6-(5-chloro-2-methoxyphenyl)-4-oxo-2-thioxo-3,4-dihydropyrimidin-1(2h)-yl)acetamide",15.5178355365264,15.3788847091275,14.9726620450697,15.6901231360947,15.4018129704097,15.1725126439309,15.4125073125775,15.551912547342,15.3618347681939,15.36245223874,15.6684217664576,14.9448909170861,15.6502066064661
"2-(6-hydroxy-3-oxo-3h-xanthen-9-yl)benzoic acid",15.173996785868,15.7948850342771,15.8086334341183,15.632895489797,15.8151617996603,15.5985886978383,15.3671073527073,15.6979907577519,15.6077978039966,15.6234264406506,15.7835612105448,15.7941703650268,13.8114220632869
"2-(6-hydroxy-4-oxo-2-sulfanylidene-1h-pyrimidin-5-yl)propanedial",16.2475607348149,14.3195063107136,14.8939413405675,14.9061885397759,14.6579493062898,15.5934287148555,14.1793825811506,14.6300354789974,15.9789436036555,14.6644370364146,14.2135589500161,12.9440201551882,17.2388349305067
"2-(bis(2-(2,6-dioxomorpholino)ethyl)amino)acetic acid",13.1280312078663,13.2917736146664,16.5845384386119,13.1399510421801,13.9831566019452,16.6497347479052,13.4341939056859,14.7483503869475,13.7218181340015,15.6926026890223,14.9657815196588,14.2236763434137,12.8757690196796
"2-(bis(2-chloroethyl)amino)-4-hydroxytetrahydro-2h-1,3,2-oxazaphosphorine",12.5853786762264,12.8545900420758,12.5777990386129,12.723039787205,12.8777446728305,12.7162534992413,12.9103002750898,13.223743350579,12.8013395245675,14.4323281820948,12.9813390883487,12.6880628739922,15.7816028646677
"2-(n-(7-nitrobenz-2-oxa-1,3-diazol-4-yl)amino)-2-deoxyglucose",15.5839955222507,12.933849805636,14.4059357688459,13.4166350955135,14.3828465300685,18.1125444894901,13.4736321212093,14.8889508004464,12.844608436913,17.686152264591,13.0390911526069,12.8481517210355,18.450759948448
"2-(n-morpholino)-ethanesulfonic acid",16.1656155260661,15.9843133118946,15.0908019250221,15.7316684303602,14.9620149766556,15.4333886854585,16.0178301256971,15.6105754913151,16.1664285742438,15.8330943973852,16.0610681977364,15.8540623735225,15.938293414153
"2-(nonylphenoxy)ethanol",15.009643708561,15.2071922493376,15.3850129257381,15.5166213266137,15.657799625323,15.9862108199199,14.877261658979,15.4583671337499,15.3611433479911,15.9335706205395,15.0508786510204,16.0016219144328,15.5835634417941
"2-(phosphonomethyl)pentanedioic acid",20.3305643540616,20.3367088948984,19.9281054715823,20.3074294193576,20.340549515252,20.7645332806449,20.2537754685387,20.3588686038318,20.2610875164178,20.5333021827692,20.3717042904827,20.5149431578133,20.3090174698164
"2-(sec-butyldisulfanyl)-1h-imidazole",16.4253795144996,14.9355105846769,19.5198514215826,15.3057083897309,17.2922654045078,17.7216311514387,16.6443479229299,16.8622714676886,15.2775830552674,15.1626513995802,17.7137751005798,18.6228498335056,14.7094692229222
"2-(trifluoromethyl)benzhydrol",15.7163149203175,15.7318463599934,16.5200689062364,15.6768651244935,16.0283060099236,15.9923918221483,15.8350662621836,15.8887733415898,15.9224742704435,16.0084342958837,15.9896248079762,16.419551816862,16.9289841967082
"2-({4-[5-(3,4-diethoxyphenyl)-1,2,4-oxadiazol-3-yl]-2,3-dihydro-1h-inden-1-yl}amino)ethan-1-ol",12.8590923493909,12.4026905445648,13.2831646521879,12.8793364678682,12.5032121868942,13.3182360791572,12.6932927616716,12.4077675024936,13.1051485798451,13.63563519556,13.0673198122055,13.0058044859416,14.7790826915045
"2-({5-chloro-2-[(2-methoxy-4-morpholin-4-ylphenyl)amino]pyrimidin-4-yl}amino)-n-methylbenzamide",14.0972607365849,15.7356819091049,13.5911217399475,14.1213361178743,15.2044083419985,13.0179746118073,14.6003495447615,13.8531085731628,14.203766236055,14.4879007013625,13.7564351377452,12.760154913016,15.3695160050275
"2-({6-amino-3,5-dicyano-4-[4-(cyclopropylmethoxy)phenyl]pyridin-2-yl}sulfanyl)acetamide",14.0098400996455,14.278528936399,14.3874620549037,13.94126778585,14.2686308673473,13.5051282555477,13.8451441884048,14.213800849554,14.1066581672902,14.5545378587677,14.1469731917998,13.7420696927177,13.7788036312773
"2-[(2,4-dinitrophenyl)diazenyl]acetic acid",15.3088654409128,12.542245297699,15.0086146382796,15.2853781838071,12.4692006129608,16.9127153416755,13.7080034035883,13.7509305982718,13.5390349931417,16.6947567166894,12.5562693385391,12.748672882313,16.9385148643438
"2-[(2-amino-2-oxoethyl)-[(2s)-2-[(2-amino-2-oxoethyl)-(carboxymethyl)amino]propyl]amino]acetic acid",12.8572391464083,14.2911419279544,16.1826859405872,13.415821156211,16.747946737992,14.8327893289499,13.0278840254037,17.3876163947924,13.4822090086058,16.1894422345258,17.3054371562949,13.8864784470175,12.8298729264018
"2-[(2-fluorophenyl)sulfanylmethyl]-5-[6-[(2-hydroxycyclopentyl)amino]purin-9-yl]oxolane-3,4-diol",14.204730523161,14.6167112813012,14.7078590421632,13.9734859264885,14.8270485584933,15.429180771397,14.0979374021442,14.4057463161318,14.2397303019985,15.3954718300924,14.6456448801025,12.6825289037405,14.2131932131331
"2-[(2s)-2-amino-3-carboxypropanoyl]oxybutanedioic acid",13.8375850723798,13.5965273981406,17.3620776993572,13.4314172371486,17.2705956590519,19.87521672669,13.5782270536626,17.9503944300519,13.4142230346074,19.6261837825499,16.9248429174849,13.1974885835422,20.441937491612
"2-[(3-iodophenyl)methyl]-1-[[n'-[(3-iodophenyl)methyl]carbamimidoyl]amino]guanidine",14.9513990044696,14.914860783904,15.2888342637063,12.6830673646613,14.8967470391287,15.7914338887256,15.110960154552,15.1087625209855,15.0700490750283,15.8619436418168,14.8033061217584,15.1065662714524,16.5062494074532
"2-[(3s,5r)-5-[6-(2,4-dichlorophenyl)hexyl]-3-hydroxy-2-oxooxolan-3-yl]acetic acid",14.7842201842795,15.8772938210939,15.214875334921,14.8615125621476,15.2116512388795,15.0076568097723,14.834228887958,15.0539652955295,13.7935013414201,15.1817745778098,14.9137118277688,15.0034078980214,15.461676954896
"2-[(4-hydroxycyclohexyl)amino]-4-(3,6,6-trimethyl-4-oxo-5,7-dihydroindazol-1-yl)benzamide",15.1474212178487,14.2922120036745,15.1783400083741,14.3559958113781,14.4146569355011,15.2448411851974,15.1152144952962,15.3800346818156,14.1719757388202,15.463986460986,15.4702104519416,14.4807868981521,15.0819168766366
"2-[(4s)-6-(4-chlorophenyl)-8-methoxy-1-methyl-4h-[1,2,4]triazolo[4,3-a][1,4]benzodiazepin-4-yl]-n-ethylacetamide",14.7818784082672,14.7688378332205,14.5494605287916,14.8092221929848,12.7284403022019,13.041458740337,14.6722795842993,14.7711265669382,15.0439422463281,14.4860904432075,14.596623821295,14.0286159178978,13.1039652651418
"2-[(6-aminopurin-9-yl)methoxy]ethyl dihydrogen phosphate",15.4314519082402,15.4069607312949,15.4501049304077,15.2093161205094,14.5926488645022,14.8897413154075,15.3893799149317,14.8698859514135,15.0277086315715,14.7508916756665,15.2930534869809,15.2467777214752,15.0822097958321
"2-[(e)-2-(3-nitrophenyl)vinyl]quinoline",16.1736328994195,16.4502194833524,18.3890030016436,16.1590535435113,17.5760516480521,19.2685024227997,15.4769377650283,17.2136499878818,16.1780042126523,18.3068820478993,16.9754230709744,16.6764940338151,17.7115531023291
"2-[1-[(2s)-2-[[4-[(e)-n'-hydroxycarbamimidoyl]benzoyl]amino]propanoyl]piperidin-4-yl]oxyacetic acid",13.9557549441924,13.9102645577323,14.5851930360119,14.497525762023,14.2675355499213,13.6934111804076,13.947147878684,13.1587212421545,13.8943898968407,13.3120063696351,13.9197370893727,13.623995524659,13.834002848754
"2-[2-(2-butoxy-2-oxoethoxy)-4-[2-(4,5,6,7-tetrahydrothieno[3,2-c]pyridine-2-carbonylamino)acetyl]phenoxy]acetic acid",15.2355799672009,15.4424520571853,14.4635536644592,15.5585047521501,14.7752106585794,14.7959283442417,15.1135330583709,15.0599870083025,15.3622854600042,14.8771775803549,14.5029297682592,13.6152148138883,14.7318710161042
"2-[3-(sulfooxy)phenyl]acetic acid",21.902909278889,21.8062284320692,21.6117835752279,21.6688658313204,21.981617391075,21.6447419648514,21.8273479850037,21.8623311143883,21.8454980132483,21.7448862251277,21.4365304945903,21.838648870005,22.0237387592149
"2-[4-(4-chloro-1,2-diphenylbut-1-enyl)phenoxy]-n,n-dimethylethanamine",13.2996099039888,13.2924800341629,16.0620146012148,14.7340473424647,15.0740713959475,15.9493415087788,13.2521814795009,14.1523081449949,13.741549011337,15.6770646385046,14.4703422707814,13.5174259749165,16.3870532019364
"2-[4-(carboxymethyl)-1,4,8,11-tetrazabicyclo[6.6.2]hexadecan-11-yl]acetic acid",14.6319160521141,14.6144131752601,13.5266014946145,14.3917179943736,14.0582078939383,14.6400716785009,14.5624937741578,14.3009025013551,14.4063667974589,14.5188623940376,14.1942701096982,14.4252908360399,14.5090113968313
"2-[4-(dimethylamino)phenyl]benzothiazole-6-ol",17.1751119434569,17.2962094729346,17.0755961584186,17.2698342912096,17.2547158496156,17.0199779927688,17.1344328507101,17.3890585088246,17.1945707181539,17.1169981819544,17.1768993690394,16.9137202640043,16.6482668164128
"2-[4-[(2,5-difluorophenyl)methoxy]phenoxy]-5-ethoxyaniline",15.0365027333679,15.3295013214018,14.2580682330102,14.9842506034987,15.5248343557258,15.7379498397521,15.0342294329312,15.5075383808642,15.6176239309833,15.7072657485779,15.4226726673706,15.263713849598,14.0725981133471
"2-[cyclopentyloxy(methyl)phosphoryl]sulfanyl-n,n-dimethylethanamine",17.3228749139689,18.1553291737776,17.2228671041768,17.1925280574308,17.6928247869022,16.896170307198,17.4374623476223,17.247667075385,17.1939863384708,16.659362442589,17.193650629279,16.8532037205748,16.9684131565656
"2-acetyl-4,5-dihydrothiazole",13.2151436539978,13.2583579275621,13.987958170709,13.8392375234156,15.6506589132945,19.0536133920314,12.8633653736113,16.9603625150937,13.8038002895398,18.9382480241564,15.7327783743708,13.2719864353547,19.6281316678227
"2-acetylisonicotinohydrazide",16.7980704647826,17.1268502615563,17.5177673717816,17.2024777530367,16.7174203645518,16.5068892504869,16.582312730755,16.957826122141,16.7730989234667,16.6391625483309,16.7220596768254,16.8886073579324,15.3205726045994
"2-amino-1,3-propanediol",17.8227693668909,17.740536419632,18.0211885685667,17.9214282921797,17.4863530563788,17.9607054477986,17.9087412132683,17.9212129320415,18.0785331308904,17.7280228976856,18.0305530838052,17.7115696792913,17.7062977835639
"2-amino-1,5-dihydro-4h-imidazol-4-one",17.8654935843652,17.9334705278307,18.0877157844634,17.8891594032436,18.0099369676341,17.8633751685395,17.8330998555069,18.1172802570875,17.6456523507331,18.0150781813989,18.0731314085693,17.4235999592602,17.2841292084136
"2-amino-2,3,6,7-tetrahydro-1h-pteridin-4-one",15.3150378226146,15.9808424301326,16.0681460825186,15.7874901734534,15.8330304783244,16.7674751311141,15.6934941618605,15.8309040481232,15.248150658274,16.2868405717988,15.8781175815224,15.4452188340571,15.2512705044307
"2-amino-2-deoxy-d-gluconate",17.9203033179799,17.9946595399546,17.7832409763658,18.04644943777,17.9347478919221,17.1219060861069,18.0136800285931,17.8826020473087,18.4140128087959,17.0889203026536,17.7704811581373,17.7903519633746,17.5238752866732
"2-amino-2-thiazoline-4-carboxylic acid",18.7258982446359,18.762144974097,19.2958117322197,18.6633386400704,18.5987389157019,17.9886151759507,18.7499115947829,18.4482218869073,18.6704776286448,18.0893549307602,18.6149919806226,18.439229012277,18.3564674627467
"2-amino-3,7,8-trimethylimidazo(4,5-f)quinoxaline",16.8237417345054,17.3346221602469,17.4678461059268,17.5837038805782,16.6702360759638,16.4699029075229,17.2635735128888,17.2570520567362,16.5381760692659,16.5539141935709,17.1442999343028,16.9792596220864,13.900608803932
"2-amino-3-fluoropropanoic acid",16.4300515815111,16.4790092313192,16.9358844832047,16.6229517409389,16.4557690273571,16.0018175910501,16.3406529757925,16.4164313340624,16.4430378232854,16.5023676545298,16.3699982674313,16.4370124126363,16.0355149642022
"2-amino-3-methyl-1-butanol",17.6528453194212,17.7094032641867,17.1227266659707,17.6588110798901,19.2775676842695,17.656879198165,17.5155257692033,19.2903147617714,17.6260986669224,17.7731167223508,19.1328318481072,17.3235495460771,16.9631121849276
"2-amino-3-methyl-1-pyrrolidin-1-yl-butan-1-one",19.8977241314504,19.5182673449055,15.614563680555,19.4002358670881,19.1807499006293,18.3258018082734,19.7254835576884,18.9389667408167,19.6801570970366,18.0394668353903,19.0748581315448,19.7187510744105,18.32590295801
"2-amino-4,6-dinitrotoluene",12.9173160229011,13.9830520925573,13.6189976884905,13.5303075526654,13.3657949778912,13.7350364932436,12.8765580375781,14.1734704463966,13.3132609067147,13.4887190437091,13.7238996531905,13.4970521009962,13.5641496300466
"2-amino-4,8-naphthalenedisulfonic acid",16.972201610464,16.6240973347351,17.0563361203234,16.5384705734581,16.4462435865947,17.0340342450753,17.0676094145955,17.1458356471743,16.3368185847115,17.4674484227505,17.1551286689673,16.6069570034131,15.1435982216878
"2-amino-4-[(2-amino-2-carboxyethyl)disulfanyl]butanoic acid",16.2770864422272,15.9818874792958,17.9659257863581,15.8542119458257,18.5737571133846,19.4952250672125,16.2143451012702,18.3789286327921,16.2361595434926,18.9701913456066,18.4107332655463,15.9706325470471,19.3575429066964
"2-amino-4-hydroxy-6,7-dimethyl-5,6,7,8-tetrahydropteridine",15.8018491996298,14.5518264152822,15.7719528243221,15.9588596945991,15.2323926700188,15.8719313533624,15.8138951663208,15.3015259824343,15.3136701018806,15.2472016558892,15.5480306946633,15.058354292896,13.7105093423845
"2-amino-4-hydroxy-6-pteridinecarboxylic acid",18.214880796145,18.0689536642694,16.2418608652908,16.4537281748988,17.8272060589997,18.0137936713188,17.8690880514075,18.5839975897627,16.5838299319267,17.7166178247167,16.1562775972162,17.9212378909897,16.1893667975735
"2-amino-4-methylpentanal",21.9452146186435,22.0596142040971,21.1399441981085,22.0441297952514,21.9930851538504,21.498132930743,22.0591024726613,21.7858285130381,22.3816770526755,21.5418923520075,21.55641699864,21.9362123801587,20.5123318051294
"2-amino-4-nitrophenol",17.3418093980423,16.8853715199182,19.7898156742523,17.1644781656469,18.6818383461122,18.8714687553301,17.1760186073417,17.9333309162734,17.3407888230814,16.8316376338526,18.3827639572293,19.9348397585228,18.5810973195679
"2-amino-4-phosphonobutyric acid",18.0938532227235,18.2131168511,18.0688930983645,17.8427257584843,18.0049441146148,18.2617346141179,17.901299123483,18.2974990251375,17.7718953409683,18.1365157521456,17.9415432867905,18.1297214114544,17.4288507907588
"2-amino-5-((1-((carboxymethyl)amino)-3-(methylthio)-1-oxopropan-2-yl)amino)-5-oxopentanoic acid",12.6750064066458,12.7458726938188,13.6096422207055,12.6011561564432,13.2125335314305,12.9805341985193,12.5646123176128,13.073739695027,12.6683151732999,14.1907019110787,13.4893768283174,12.630292004474,13.0768236171449
"2-amino-6-chloro-9-(2,3-dideoxy-beta-d-glycero-pentofuranosyl)-9h-purine",12.836749965757,12.9477517515017,13.0199309717572,12.5674808339143,12.9798351091017,14.8647802805037,12.6344494569625,13.3559022890463,12.935288429066,14.819830326328,12.5009714702387,13.4842262885278,12.9965456313639
"2-amino-6-chloropurine",13.5938917278603,14.0125046997887,13.1159602089285,13.44062773624,13.9127737433042,14.386484835086,13.5828827753491,13.0720732934738,13.5006977255686,14.1120271489797,13.0117423157117,12.781356636619,13.0939649608074
"2-amino-7-methoxy-3h-phenoxazin-3-one",16.0945817997539,15.8822622555328,15.0546924001229,16.1400456222475,15.0014798410518,14.5938377217949,16.1012611595878,12.8129789891822,16.3062544913673,14.7974002039118,13.9630691339826,16.5652635022745,16.1124014038769
"2-amino-9-[4-hydroxy-2-(hydroxymethyl)butyl]-3h-purin-6-one",18.2626048234709,18.4756454817771,14.9500989786902,18.2346019521871,17.7633473732952,17.3966405328676,18.2711927381021,18.1147672235793,17.8183195686348,17.9251620531775,17.8193967824497,17.5423982052677,17.2778694369749
"2-amino-n-[1-[[2-[[1-(2-hydroxyethylamino)-1-oxo-3-phenylpropan-2-yl]-methylamino]-2-oxoethyl]amino]-1-oxopropan-2-yl]-3-(4-hydroxyphenyl)propanamide",14.2217728089376,14.2487889313115,17.1666118443358,15.2559131376588,15.1109477834107,13.674443281385,14.6697173736649,13.4993214994915,14.1141718514902,15.2037744264985,14.1052630110032,16.5224494051752,15.4307799954968
"2-aminobicyclo[2.2.1]heptane-2-carboxylic acid",15.29328329534,15.5318631671643,15.3386753100554,15.2008881133755,15.8930079208878,17.2685394556408,15.099828947325,15.7296301199226,15.7230376118752,17.4884688622699,15.378647253748,15.9574241562824,19.6282438048911
"2-aminobicyclo[3.1.0]hexane-2,6-dicarboxylic acid",17.9122218249981,17.8542623099702,18.3018777714133,17.8966886859634,17.777590875928,18.074444887138,17.8998189116946,17.8643319356504,17.6987958815633,17.8339290780567,17.9849841090514,17.8195541988094,18.1869631058952
"2-aminoethane-1,1,1-triol",15.7577138131593,15.9509684522974,15.6691664247833,15.9765864771871,16.0326162167453,15.6941144602618,15.5916479538671,15.9322847809187,15.9251322907054,15.8052343826456,15.7801662989284,15.7443879834526,14.4813971165336
"2-aminoethanesulfonamide",12.9550835192989,13.1168121178593,12.6688869301611,12.8583371394289,13.070673166345,12.9901864162403,13.222653237109,13.1109513794584,12.5216292430661,13.0125139192911,13.075070570918,13.0985573080426,12.8059594425481
"2-aminosulfonyl-benzoic acid methyl ester",16.8080419229351,16.6406419409502,16.5462884953596,16.7215983066907,16.8952625593045,14.8070685528998,16.7240712240592,16.5784380916457,16.8180530078159,15.4890134295574,15.5689575764075,16.5080512741698,15.6293671085665
"2-benzyl-4-chlorophenol",15.5145117366943,12.930331445381,16.5505700016854,15.5888013693332,13.6437019675738,17.6672881520373,12.7114049473139,14.0957532197728,15.6616037325537,17.2422540987413,13.2042667565376,16.2125322817132,18.1863576339288
"2-butanone peroxide",18.0809725716776,17.988336646867,17.664414168758,17.9752387720877,17.6091457325694,17.6057579278804,17.9119877828167,17.7196459494728,17.8314519584779,17.5689855062429,17.8719789971603,17.848041241929,17.4405136044963
"2-chloro-3'-deoxyadenosine",16.1082078951752,16.1695985093888,16.1551991895635,16.2376778304438,17.232704876063,17.6167230979233,15.9599838157631,17.1676784200989,16.0698621754843,16.7678661241555,16.8268269474804,15.799156478379,16.6896938153778
"2-chloro-5-nitro-n-4-pyridinylbenzamide",15.8379403843573,16.2059192404383,18.4300107963568,15.8732150023443,17.1519697307616,16.4353329466382,15.7934931625096,16.5624824364238,16.2751706565419,15.9570396679535,16.3808080518231,18.486613103284,16.3886129725474
"2-chloro-n-[(z)-[3-hydroxy-5-(hydroxymethyl)-2-methylpyridin-4-yl]methylideneamino]benzamide",14.5313809981958,14.843039869957,15.0597519213005,14.778568380035,14.6189033362394,14.3809061053128,14.4749024548038,14.9076407354608,14.9519409961097,13.862563374457,14.7880114279105,14.6350568472425,14.6988632284898
"2-chloro-n-[[4-[(2-chloroanilino)methyl]cyclohexyl]methyl]aniline",14.9051464625214,15.2371526781523,14.2947589172644,15.4018113354232,14.9287058203277,15.9109656030337,14.7376381903084,14.5428684092453,15.1320912652261,15.8942883645547,14.446673065354,14.4828910111828,15.3580748684456
"2-chloroaniline",19.3527943072782,19.5988683304426,19.4392354242275,19.4025966761248,19.0578868110921,18.2411707316344,19.3714117207898,18.1691938204309,19.4256010491811,18.8263114240035,18.4099738973157,19.5494930022471,19.0375753407541
"2-chloroquinoxaline",15.4743655644426,15.8015416948504,14.4043350264438,15.5221846185041,14.8996889505145,14.4968815173233,15.48126038296,15.0098988720763,15.6736716716415,15.1539811791034,14.9683444791029,14.9770558922663,14.9362863359076
"2-cyano-3-[3-ethoxy-4-hydroxy-5-[(phenylthio)methyl]phenyl]-2-propenamide",16.881633779325,16.8283130449029,17.3840215483279,17.502340489917,17.3275401232576,17.1541551584486,16.8922825530556,16.9924961862463,16.9234413619943,17.2911785763569,17.0711697268244,17.1225286619269,16.8519886470714
"2-cyclohexylidenecyclohexanone",17.266733581657,17.4909570560437,17.6533080731836,17.8683966666989,17.5215094961499,17.2303353956436,17.1803587345648,17.2774088803864,17.7958713746664,17.4447002511638,16.9099972938636,17.974144019338,16.3085869740097
"2-dichloromethylene-3a,7a-dichloro-3a,4,7,7a-tetrahydro-4,7-methanoindene-1,3-dione",13.0779208594702,14.5480952809849,15.0744273651138,12.8579370899816,15.2556003481696,14.1288259230682,12.6453338006449,14.7420808017208,14.1824817593196,14.1416883520494,14.6021644017715,15.4014599008754,13.5903676466693
"2-ethyl-5-methylfuran",12.8922868282619,12.5685392165182,12.6201853682735,13.0976603216797,13.4278123904784,14.2163336485238,12.6522660248617,13.5298093850084,12.8269067174891,14.6641736713155,13.3223046100829,12.5657859141785,13.9930172664898
"2-fluoro-5-hydroxy-l-phenylalanine",15.7922467128263,16.6118759288468,15.2472775899039,15.1220386969718,15.535075230058,13.1799070469708,15.9207325203797,15.3573218644044,15.9361827043943,13.5045248072602,15.429043369747,16.3736520096513,14.9919417209692
"2-fluorobutyl 2-(8-azabicyclo[3.2.1]octan-1-yl)-5-iodobenzoate",14.7485333821562,14.2907149866243,14.0530070457543,14.1238237247682,13.8096708220423,14.1530801419801,14.588598834609,14.0854678222327,15.0099570332353,14.2045600949848,13.7569594489642,14.7562464228133,12.8109278597735
"2-furanmethanol",16.8438659286037,17.0926402558347,16.6075949387523,16.9064902988781,16.7568428917706,16.8055365191613,16.8379385695307,16.9547840024026,16.9616569206238,16.9237780402038,16.6536072006827,16.7006634191679,16.0308724489479
"2-furoic acid",19.5826880778992,19.3508982614709,20.3194772480235,19.2830252745704,19.929574590403,19.8167900268992,19.6953480202985,19.7909301378629,19.4386482485618,19.4214391596809,19.8285424091014,19.8765900503784,19.6403387769755
"2-furoylglycine",17.3645424756346,17.4643016579778,17.0842343198673,16.9722929237619,16.5755036615197,17.4543633478798,17.1722300647262,17.0382338205929,16.8691303897798,17.2269299184773,17.0276757666661,17.3288218816364,18.0302780280271
"2-hepteneoylglycine",19.7776455374595,19.7697436714319,20.2794366482942,19.7330149700863,19.8611256743063,18.8797009618642,19.7488381503574,19.7523731732879,19.6836047866752,18.9499576711972,19.8139038133233,19.6535340508114,17.2260825030841
"2-hexenoylcarnitine",16.6053214273205,16.5352416954955,16.0254844045431,16.7029807479777,16.1718373072303,13.8851936392311,16.5489217804987,15.7737553515489,16.4271173290965,14.3030765679843,15.8138527934078,16.1292318666027,15.6485009142479
"2-hydrazinopyridine",13.2737793280741,13.4726989637626,14.6856507595799,14.6493640486466,15.1181659905957,13.855079789756,13.4992798175087,15.0542104761857,14.575682242373,13.6249347561289,14.8596505952608,14.9312086286714,14.5863940960348
"2-hydrazinylidenepropanoic acid",17.7234219307898,18.5336769131934,17.5387308426637,17.6185433142226,18.102499462304,17.277426835537,17.9073433543628,17.6472301052385,17.5803220682208,17.1221568586769,17.5708643551833,17.3410675129473,17.389078278489
"2-hydroxy-1,4-benzoxazin-3-one sulfate",15.3782178311287,15.7852215665605,15.6856456053827,15.6702551049051,16.0378801668343,15.7875948525654,15.6875005167142,15.7938890180641,15.8422091496312,15.7333939722704,15.7665785110654,15.7880936237054,16.7744674179973
"2-hydroxy-3-methylpentanoic acid",19.1617968306356,18.88158673173,18.1903811356307,18.840610109487,17.9780703462998,18.2417288341475,19.0834912529422,18.1814700859422,19.0857891880847,18.3019037568805,18.0616768866403,19.0008783322142,19.4723598308195
"2-hydroxy-3-morpholinopropanesulfonic acid",15.7096834623713,15.7746220511351,14.3999246247983,13.5289642470098,15.0140932566697,18.1473817058586,15.1792411306905,15.6640144348128,14.1625176344371,17.7130631149761,14.5795700892524,15.7264565460999,18.0791883564446
"2-hydroxy-4-carboxybutyrylhistidylprolinamide",17.070763117383,16.5646182152854,15.8513308280947,16.85536797215,16.390677609114,13.4142036701201,16.7918602925935,16.2250955962785,16.7955404524622,14.3685953813167,16.1669105519865,16.2089744929515,13.2744768848786
"2-hydroxy-4-methylthiobutyric acid",14.3446104684412,14.7220327401788,15.812695871851,14.3224463049962,14.9093484884444,16.1984815107015,14.3366213889005,14.6267542210376,14.3827127073397,16.1101019507828,14.998594715918,14.5574637204685,17.2109415435076
"2-hydroxy-5-(trifluoromethoxy)benzoic acid",16.4295550151289,17.2410850951939,16.5078426150876,17.2147716399344,16.7723707449982,16.1986390468804,17.2450721005353,16.957563963398,17.2346229488879,16.3583825974863,16.9072732130248,17.0046035793315,15.888525358585
"2-hydroxyacetaminophen sulfate",16.5502288958716,16.7314376593359,16.6494082710958,15.9911405272553,16.1883769855811,16.8968533521318,16.4072381164859,17.4640304406878,15.8210558830101,16.8427166630016,16.6048152497328,14.9830224029782,17.1682774861432
"2-hydroxyadipic acid",21.1093469826202,21.0843695472641,20.6290833482063,21.0536598860828,20.7154453242002,20.870799030386,21.1373129599522,20.6832105065837,21.0612853833372,21.1024551833828,20.6719868505541,21.3986136646374,20.4570307593183
"2-hydroxybutyric acid",18.8117426746894,18.7132689959451,18.3687761995721,18.4975036519967,18.9045308553473,18.5968065877163,18.6723897285321,18.9659118828528,18.6140576230782,18.5814453871607,18.8280187573973,18.0036815571252,18.7627775182841
"2-hydroxyestriol",15.1896642567048,15.1059458750836,15.570248627604,15.2499579459749,15.7392517077023,13.5698938536474,15.2057835353004,15.1163253341192,15.0322661521702,14.9993891319777,14.5445051593739,15.8071975571064,14.8152061672137
"2-hydroxyethanesulfonate",21.8071399248288,21.857943027416,21.554154386551,21.8735832989015,21.812455793139,21.9472990317549,21.733322683579,21.8684234399403,21.8092812134672,22.1751754864501,21.9520276930134,21.4692891610688,22.2931340245065
"2-hydroxynaphthaldehydebenzoylhydrazone",15.3130510038129,15.323454757399,14.4934422099427,15.1183943697952,14.530769778267,15.8326151067088,14.6841004552106,14.0199368019591,15.3058636029952,14.4336975726615,13.8497607953333,15.8439506708782,13.819619104437
"2-hydroxypent-3-enenitrile",17.1871983912806,17.4023114071619,16.7759586872699,17.2068605349946,16.9612632082113,17.0011074662323,16.9662617842821,16.9281108810543,17.1170148205111,17.2595742848707,16.8515824148268,17.4312343297902,16.7307022953765
"2-hydroxyterephthalic acid",16.9947044205501,16.8174201169828,15.5610973905904,16.5983296720859,16.2689129933348,16.5788810558658,16.8550241314167,16.9347232106796,16.4958201837497,16.7996330921231,16.5497050462393,16.9300036577733,17.1537762614601
"2-imidazolidone",15.7735181296066,16.0960230709629,15.9597373312721,16.0700185536941,15.6717431138936,15.2794390080253,16.0073055398077,15.8095897472,16.5237780641188,15.1896018094143,15.8058351331304,16.3889017622658,14.4666653352951
"2-iminiopropanoate",15.2995964756439,15.2932243963049,15.581784657175,15.4051441177336,15.5157436273375,15.7631503769955,15.6342780551094,15.5407366888766,15.6855738400739,15.5990644198121,15.3635885854636,15.7053911380377,14.8566499766677
"2-indolecarboxylic acid",16.8464032997791,16.4886791534271,14.955494038344,16.5002499819865,15.6407625461766,14.9622581417791,16.7419612953789,15.601139616463,16.3005700167852,15.3218618871215,15.8373336073211,15.4766637063658,15.0095841111365
"2-isopropylmalic acid",18.9164943801108,19.4665016405745,19.2226197753989,19.0151037392435,19.492115122316,18.741248488024,18.9815950206555,18.6633894798835,19.285259878474,18.9608815857089,18.6483840231696,19.7338487356703,18.9065367200683
"2-ketobutyric acid",19.0268073419464,18.2230674377411,21.5872407277777,18.2909047252525,20.1970506715979,20.4793792154765,19.1725482845048,19.7010069668431,18.3779824215072,18.0876965439267,20.2125979995976,20.621819226056,17.2376226758657
"2-mercaptoacetamide",15.9482421343484,15.6667693925393,16.6665539546734,15.8776453893174,15.2622983631846,13.0394846945934,15.8747043706688,13.9546630914354,16.1539884734033,14.1445504884744,14.150701818783,17.0621506433665,15.2762789005441
"2-mercaptonicotinic acid",15.3701460544333,15.5429506361424,15.3911033609593,15.5578482443546,15.3012009748215,15.6557509713257,15.556368989139,15.2323279225794,15.427847398401,15.821667382056,15.5879400260665,15.4434531499569,15.7706246671673
"2-mercaptopyridine",14.5324529237551,14.1326363809041,15.9168054457684,14.0926818982238,14.7383677554567,16.4865086339795,14.4211795105021,14.4057052625705,13.6454785157625,15.2074446460991,14.6541065678081,14.9327125126898,15.2509246155265
"2-methacryloyloxyethyl phosphorylcholine",16.9677473462194,17.2709260130612,17.7180840334577,17.0874821811216,17.7079683247662,17.6683249785383,17.0573716206645,17.4598421041456,17.1578139477975,17.8869326306884,17.4828100554031,17.3452617210933,17.0895597095746
"2-methoxy-n-[2-(4-sulfamoylphenyl)ethyl]benzamide",15.0494753389858,15.050341260922,14.5949234370085,14.2560278820466,13.8370558693388,13.0888933214711,15.0144475720476,14.7646878558268,13.8036840938593,14.2057252674389,15.0404053889943,14.5491124184824,14.404926980426
"2-methoxyacetaminophen sulfate",18.8365745362905,19.0048739338632,18.3948356763318,18.8389156119508,18.7965846525601,18.4962312952024,18.801636984617,18.873683081101,18.9717118988528,18.7670904105179,18.5675210251072,18.9432504167159,18.4994036949851
"2-methoxyethyl phenyl ether",16.8271664053776,16.5347047506627,17.0286114249434,17.2320337569461,17.4462879387305,16.3636363934055,16.6726966942818,16.9269625684913,16.8823477189036,16.4647947010071,16.8280850608323,16.4562073384453,15.326913452921
"2-methoxyidazoxan",16.4154325618846,17.0562015543751,16.534414729414,16.7664158777736,16.8896078036271,15.4567568650974,16.7595344250617,17.2308881686522,17.0167058557898,15.2660818701292,16.5155330822314,16.6115934230243,13.1273625251696
"2-methyl-3-hydroxybutyric acid",19.927936777065,19.6626904192827,19.9145004660074,19.6899485778977,19.6585205831865,19.6797577376824,20.0009334009394,19.9490270254846,20.0244356113859,19.6494570710906,19.7397933929232,19.5754187795412,20.4231269583644
"2-methyl-3-ketovaleric acid",21.3466409681815,21.2146633310272,21.2050834880065,21.2126476781865,21.4041826039082,20.4437505093192,21.4613679621754,21.3718095380624,21.5499814791157,20.3571949183883,21.3876630160975,22.0789640797802,20.8357398628012
"2-methyl-5-nitroimidazole",14.6310181306426,14.719753420891,15.7664294862194,14.7469630512746,14.6951774298895,13.0335971367427,14.5446890592455,14.4184290223991,14.6137906238978,13.164575419687,13.9210801450762,15.2364329968213,13.0483052914738
"2-methylbut-3-en-2-yl phosphono hydrogen phosphate",18.970196126802,18.9745234352135,18.987937277382,18.5543129990712,18.5235538493041,17.5197978479466,19.4226458418521,18.857075633795,19.6828794677116,18.6096580027361,18.8039248139293,19.8989251430164,16.5128463987946
"2-methylbutyroylcarnitine",15.7189737730508,15.9574994952921,15.4349322222919,15.7043438000449,15.588428419943,15.1848319137275,15.9270921827507,16.4776075173964,15.5975104302283,15.0862073963668,16.5476151095837,15.69605719277,15.4584398424053
"2-methylbutyrylglycine",21.4373187517788,21.3682094286274,21.070048453482,21.2397493066003,20.9107841145028,21.3009105785783,21.3443501674419,21.1306858520511,21.3434712541647,21.4149441732282,21.1014086041566,21.09954648961,21.4231268944227
"2-methylcitric acid",19.0108944339388,18.7247276942959,19.1790458947373,18.6138752991711,19.0327205157203,19.5111443681182,19.1168828824865,19.1781177282787,19.0978151417826,19.3997566563775,19.2866329464334,19.3346010402937,19.7592303160305
"2-methylerythritol",18.5421904819353,18.7556279476733,18.5665090085896,18.5870486689535,18.6702293386753,19.1057509865414,18.4757809771313,18.6364965794785,18.673808193299,19.244265191785,18.3502533955674,18.7569922108027,19.0778907843842
"2-methylglutaric acid",18.2570642810038,18.0111796695859,20.5400404274996,17.8563587638606,18.9821207151025,18.9769176824167,18.4826031885363,18.6300051439963,18.1490279717927,18.6245336602343,19.2014875542599,19.5025530142296,18.3733537783755
"2-methylthiazolidine-4-carboxylic acid",17.5646170065331,17.5859300883634,16.1416691971634,17.3719017379249,17.2247641002749,17.0553193434189,17.4845630279188,17.1069571474648,17.6403743578728,17.1081735661963,16.7803364762699,17.6292491731124,17.7893591272408
"2-methylthioadenosine",15.5641148004081,16.3256438020665,16.3900777665436,15.5053549657804,15.5875216714807,15.4089017973907,15.6082702254046,15.5055612423758,15.1383512923324,15.4502451190281,15.7339976828323,16.1857411857052,14.803949278919
"2-nitrophenyl a-d-galactopyranoside",18.0992947812364,18.144721696438,18.1056477984109,18.1964759463074,18.0847910863571,18.1824987559898,18.1374989456826,18.0866400528031,18.2985126925575,18.0731947654707,17.9878953571484,18.3048673838838,17.2263430171468
"2-nitrophenyl octyl ether",18.0657297561377,17.853237666748,17.6679337145072,17.7749342114088,17.7282090931059,19.129955605355,18.0420402015786,18.2670702095238,17.9595097712109,18.9574204756203,18.1474277404996,18.4101607602988,19.0507293878679
"2-nonenal",15.4015981220904,15.1313520966631,14.8261408971391,15.6003475291006,15.836453669044,15.2813898804909,15.2259654542294,15.396669559726,15.6694635139019,15.4418125090166,15.2739432198514,15.1281242852993,13.4628998219838
"2-nonenal, 4-oxo-",15.9840189196196,15.7695330749439,15.641233955936,16.2187642406038,16.0845024947933,16.6379128274161,15.7462731971323,15.9738130053994,16.1456142868445,16.8350425656997,15.9869354585461,15.479759009505,15.5958827583312
"2-nonenoylglycine",18.2199884758511,18.0587244975845,17.2682398047331,18.1155523021443,17.680683223971,16.8718570835763,18.2356303085997,17.5350852782445,18.4286825302485,17.0230803852239,17.2711644824615,18.2980436696668,16.8666371371631
"2-nonyl-1,4-dioxine",20.4420987141458,20.7472793380526,20.52709759138,20.9447913598765,20.6301502881985,19.7161952732167,20.5050591368992,20.272259371987,20.8398323472358,20.0182379900098,19.8936864365327,20.7208156612444,18.7422635740703
"2-octenedioic acid",17.5227260848478,17.7755173099311,17.5925794442088,17.4406464851431,17.7720416719469,18.9670372784455,17.538069078322,18.1362954572668,17.609833766632,18.7992652524925,18.1061740063777,17.7213214870095,17.6169958628639
"2-octyl-3(2h)-isothiazolone",16.9003581853595,16.86955088843,17.1834517708738,16.7721089563825,16.7927170410349,16.7782265994342,16.3540506576614,16.6922063641916,16.8360185143254,16.8954988983126,16.7899156222378,16.5391189072449,17.2502586467509
"2-octynoic acid",15.8015682797536,16.2006316751305,15.4430139103651,15.8703569178685,14.8304067841771,14.1833305353152,15.5441218745032,15.8570591068386,15.7949700175358,13.4069166364309,15.4642019262834,15.4100044406609,15.0950348719662
"2-oxoarginine",21.628043350695,21.50641972742,22.7544293623274,21.7120378531052,22.1493077024406,21.0235828561337,21.6216622644042,21.9066403791351,21.7160263131058,20.9350448176844,21.9664300562936,21.7537155367328,20.7221059419769
"2-oxoquazepam",14.5549342327037,13.459708319207,15.1468927432284,13.6583549663877,14.8484576251094,15.1411226338311,14.7013625395932,14.9009147469673,14.2290784403138,15.1060836239336,15.1071370278969,14.8016714901425,15.0192352635197
"2-pentanamido-3-phenylpropanoic acid",18.0131249416224,17.8971047819333,17.6971348093904,17.8523094135472,17.6388424821663,18.4544945568538,18.0735100710011,18.0149026166231,17.978186720425,18.2639191817657,17.9203642830696,18.1962443057563,18.0838665132142
"2-pentylfuran",16.8249363553234,17.0338231747468,16.7221180790525,16.9348353827699,16.6398116838737,16.2572207466593,16.8106411610098,16.4652575762222,16.9079463264874,16.3978491826115,16.5857048653357,16.6995495561022,15.8330690531312
"2-phosphoglyceric acid",14.547157330297,13.5086417784062,15.0208858294087,13.7151651425912,14.8106185838806,14.9401035425226,15.0956343590154,15.4313026941148,14.341655450075,15.7826690518145,15.7431853676101,15.7099766237009,15.2859691323305
"2-phosphonopropionic acid",18.4368959832915,18.2967335991214,17.5264201284632,18.2468451393956,17.922136679524,18.9107279809564,18.5921027423928,18.2041749209131,18.5754078239472,19.141178728928,18.2226447475094,18.1724122594507,19.3232583567395
"2-piperidinone",14.9080670089839,15.5018124577154,14.0846219361835,15.1803663389703,16.1356674372942,16.4509340493229,15.0854873443872,15.913358394636,15.362909590451,16.8254130001715,15.8234954126073,15.1996914666321,14.3821355926108
"2-pyrrolidinone",16.0743633360225,16.0997785285702,16.398168346606,16.0401942418935,15.8547443281288,16.1295998076405,16.1222440676408,15.4036658376937,16.2775785213777,16.1702732887668,15.8753984794205,16.3913687596939,16.0554179586574
"2-sulfamoylacetic acid",15.0352795615345,15.1895595601066,14.93646268298,14.9463171913983,15.1835785185579,14.2937623984965,14.8085445136366,14.7080047031606,15.2781240165212,14.5647126679945,14.8112975105145,15.0231707881694,14.4641905487677
"2-thiouric acid",17.3774876706309,17.593383763105,16.8613516768828,17.3867687095247,17.3953743638029,17.1617898499677,17.3282251682597,17.4618720740022,17.5083776962207,17.4694101270504,17.3692669915499,17.3843225965282,17.2424339883866
"2-trans,4-cis-decadienoylcarnitine",15.5845882742295,15.4738772089767,14.9773935666438,15.9417354023139,15.2957280113361,13.0913531443801,15.4656986448794,14.8687860053952,15.7076718774546,13.2864139450566,14.6353076317707,15.8256542011997,14.6378150209568
"20-cooh ltb4",15.1754377836424,14.6004871789625,16.0210861907116,14.9333673790178,15.1251179742127,16.6107222439937,15.4169113360658,16.2889598984665,14.8703018649279,16.287792368598,16.4264561323164,15.4025167064586,14.2656912765969
"2h-1-benzopyran-2-carboxylic acid, 3,4-dihydro-6-phenyl-, ethyl ester",15.8459655865798,15.488496654539,15.9538379824473,15.0871779151063,16.026060161058,14.9217776498166,16.1039307036878,15.8330994513267,15.6151016058028,15.3312869833581,16.1973770982866,16.2088862593122,13.0047793017112
"3',4',5',5,7-pentamethoxyflavone",12.5358628314748,12.7751074462371,15.3167833350166,12.5650830827498,14.0148411161426,13.890825680079,12.5742539133467,14.0051036165481,13.3620626584586,14.1727670770049,14.0547924163586,13.2831721144006,13.9670244316709
"3',5'-cyclic gmp",17.4577446266997,17.8722445536338,17.5603923596027,17.5046619449691,17.7095158022272,17.6672148460415,17.4952130187383,17.8148041970964,17.661979665475,17.6915753451975,17.6955101460723,17.532840110801,17.0816922983974
"3',6'-dihydroxy-6-isothiocyanatospiro[isobenzofuran-1(3h),9'-[9h]xanthen]-3-one",13.0380989344918,12.2072211438862,15.1365837603691,13.2393021756946,13.4524976718053,12.5721923090785,12.9410546202843,12.7200213361097,13.132574034237,12.2183091075104,12.2316660271778,12.5142019158723,12.4288635138123
"3'-(1-butylphosphoryl)adenosine",12.7344981104679,13.2504146824884,14.4017982689192,13.2588965981801,14.191624972434,13.2415297257438,13.232330398102,12.6430666461799,13.693091510048,13.4514633916301,13.6491140693042,13.5262989658066,15.0384807253383
"3'-azido-2',3'-dideoxyuridine 5'-(1,4-dihydro-1-methyl-3-pyridinecarboxylate)",13.2024143252905,14.0503331617359,13.6606045891934,12.9164267434522,12.8306217553744,15.5584648556752,12.9209210814819,13.4921410589075,13.3944407423876,14.9345366868562,12.775970595777,13.3916431833603,13.8408608465318
"3'-deoxy-3'-fluorothymidine",18.6420498321885,18.5514043921859,16.6669819789449,18.6916789505004,17.9878512278799,17.7740253901867,18.4530735039265,17.5855005995435,18.7454329682389,17.5302235344592,17.2862335149063,18.5921320584494,18.5206312622254
"3'-hydroxyamobarbital",16.3494746784421,16.2358572607057,16.9962667279325,16.1041952470705,15.2656290612164,14.5708930685067,16.0006378481415,16.5826178813551,15.7679269025014,14.9791693436,16.7535191183736,16.4302856327798,15.4579555047404
"3'-o-methyl-(-)-epicatechin-5-o-sulphate",17.6711830452429,17.9580296068157,17.6783574893261,17.7486792152599,17.8110857912635,19.1542878848434,17.5243105895674,18.2188764911945,17.7087511096031,19.0274454221402,17.7986956227067,17.7255475221814,19.2457831908255
"3'-sialyllactose",14.2209587383164,14.2354821878937,14.3377451954334,14.2620644202639,14.2123548505188,13.9481260734949,14.0690520104087,13.9676040927154,14.2421446094434,14.1348875419919,14.23694673797,14.0393203206681,14.6494531749523
"3(2h)-isoflavene",17.0424147855916,17.0174350904481,16.9339360905493,17.1363235032594,16.7253395174113,16.7430713285102,17.0431124325964,16.9501446793967,16.9408930258869,17.0161553282547,16.9748423453514,16.7803805603205,16.5232860115178
"3, 5-tetradecadiencarnitine",16.9924873380548,17.074321849096,15.6531086514727,16.7563366732786,16.1086273938284,15.8814568734353,16.9938275966951,16.411376706932,17.1449033340422,15.1345147107483,16.4928613318877,16.1721624443352,14.3100562790493
"3,3'-dichlorobenzidine",18.0717376686702,18.360291084115,18.093012216696,18.1299893998624,17.7679031145165,16.585469577921,18.1227166870462,16.1482177730319,18.2046941772151,17.238060864839,16.6676578078284,18.3025162921077,17.7171221641279
"3,3-bis(carboxymethyl)hexadecanedioic acid",19.7043508568893,20.1272935079355,19.6906109836746,20.0864134937497,19.8190784200965,18.331360977063,19.8292279400719,19.5204083378875,20.1431864214838,18.6049308045538,19.27384258607,19.8549245390463,16.8017262060393
"3,3-bis(chloromethyl)oxetane",13.9913542165504,14.3405396612987,12.7512357793982,13.8495731376063,13.0055605080729,12.8896573487,14.1631761173494,13.5031677513723,14.2683229421414,13.3830807743805,13.2971613884997,13.7656203922257,13.1028332621673
"3,4-bis(carboxymethyl)-3,4-dihydroxyhexanedioic acid",15.6399208231826,14.4670112834593,14.5652278664882,14.8694981916104,13.8731200059002,13.2520540096338,15.4824758671155,14.4239834310591,15.057114857731,13.2190364582335,14.7012048863858,13.0747107634011,13.932429855273
"3,4-dephostatin, ethyl-",14.043313395767,14.0642715470432,12.8666657644657,14.4875156108016,14.3754760338255,13.4782681363298,12.8749188590075,13.0722601423683,14.0119430946167,13.0379822440365,13.5556688818226,14.6278663032847,14.70064067488
"3,4-dichloroisocoumarin",13.9022970330587,14.2307579478782,13.764145526558,14.0243622214099,13.8993679169602,13.576883849586,13.8889264015103,14.0674468936666,13.9471035339406,14.1749595005398,13.6322572926819,14.0745253204201,14.4970022852852
"3,4-dihydro-2h-pyrimido[1,2-c][1,3]benzothiazin-6-imine",17.1743226663963,17.7151396477706,16.6852967300297,16.6310408994734,17.5017177553909,17.0291144059268,17.4354368312537,17.7981185153048,17.7683677651379,16.9583172647214,17.2419693951555,17.4985779956224,16.1452654333282
"3,4-dihydroxy-2-methoxy-4-methyl-3-[2-methyl-3-(3-methyl-but-2-enyl)-oxiranyl]-cyclohexanone",16.3995252311113,16.5113146668201,17.0339034794378,15.9617998678336,16.0472033337597,15.7987395951056,16.3012863506758,16.4659592631871,16.1290426917981,15.3491024695059,16.7326698973417,16.6734683094734,15.9116173119314
"3,4-dihydroxymandelic acid",16.3601416918694,15.4789235244073,16.9671024927525,15.7026767455389,17.0494722533609,17.8121707015918,16.5251500791523,16.5348655265587,15.8255000528045,16.5334656893437,16.6684187050402,16.9953699334726,15.5585298529374
"3,4-dihydroxyphenylglycol",17.69628828574,17.6343118852979,17.8090024008036,17.9808729804663,18.0599683730334,18.0632018939261,17.747638234505,17.8040277889747,17.8260496577219,18.165103605974,18.2581773412042,17.8957692235514,17.6021756580471
"3,4-dihydroxyphenylglycol o-sulfate",17.6571898727348,17.8983375040802,18.033520503923,17.6075313176252,17.8438285649358,18.3553559879972,17.6536533161154,18.0278414824954,17.6535518048983,18.3570717632042,18.0509309884116,17.7808778911943,18.09262220514
"3,4-dimethoxy-n-(4-(3-nitrophenyl)thiazol-2-yl)benzenesulfonamide",14.8503773032397,14.1353073373681,14.1067546080861,14.3811447327407,14.4672042542156,14.5646348440959,14.8210417352458,14.3864962123056,14.4035865951479,14.3096977870268,14.6135857396447,14.8568815606435,15.4017728405828
"3,4-dimethylthiophene",15.6888075514847,12.7776042804393,13.8976877945325,15.8584442474718,14.7531387252782,17.2933650512969,15.7238055727743,14.6369439338222,15.8224432689548,17.01291719337,13.3087556864277,15.8484314889473,17.3845580293064
"3,4-methylene suberic acid",17.5245333896541,17.3655730273471,17.7328190484069,17.7928464247816,18.3691168340159,19.4812060516629,17.4623799839067,18.093106659635,17.588392698441,19.7527186264531,18.2392206115141,17.834683131916,18.8684870464071
"3,4-methyleneazelaic acid",15.3421730649495,15.2851320194101,14.6205945953234,15.3447676990233,15.6513879942182,15.8694797500966,15.1809121649029,15.3833764356361,15.4534281750028,16.150384458674,15.3047475784204,14.9650870624016,14.8019288527554
"3,4-pyrrolidinediol, 2-(p-methoxybenzyl)-, 3-acetate, (2s,3r,4r)-",16.0794926452446,16.73469820341,17.2440063310872,16.7315510144321,16.153468512991,16.4504994003778,16.1346521864769,17.2809440546775,16.1761983624792,16.3096622002461,16.5814382379611,16.2180670182639,15.4958171058913
"3,5-bis(2-fluorobenzylidene)-4-piperidone",15.5353501204856,15.4164328127587,15.8840186258412,15.9661670888246,15.8895707974236,15.5029796982514,15.4769280302681,15.5711303557068,15.3614743740087,15.7208719306325,15.6754733951283,15.0300492322026,13.6537298823451
"3,5-dihydroxyphenylvaleric acid",16.8195640638143,16.7079886547102,16.7638980961096,16.7885728310493,16.5343726627332,14.6337242789877,16.6887795406841,16.7050477254311,16.7889997849253,15.0188963477774,16.4673464390449,16.4256714974966,13.3686855403676
"3,5-dimethoxy-4-(sulfooxy)benzoic acid",14.4196130596519,14.2150959008953,15.5546571348363,13.9620888567803,14.8037118179456,13.5229661507712,14.1418934070464,14.3240283831876,14.3183862537702,13.205524647497,14.0694759001264,15.9748814439281,14.1419196377955
"3,5-dimethyl-3'-isopropyl-l-thyronine",12.4572764436801,12.6705569881957,16.0446491373654,12.5542574484238,15.4585197252446,15.4432364388838,12.5446124500758,15.3392504980405,13.8658188414668,15.5100247882134,15.4458321382657,12.523326612172,15.3398343596307
"3,5-dinitrobenzoic acid",17.7946849643289,18.2454203528058,18.5414659926518,18.0611657643379,18.3820445545948,18.3329285597451,17.8445694726329,18.1068048400439,18.1291573531781,18.4078746237052,18.2191889652384,17.8907387969959,17.9506726641839
"3,5-dinitrosalicylic acid",16.7244470285536,14.9559461046149,12.9803505540131,15.8241871696916,14.0559101636933,15.9035425458881,15.8283700899031,15.0830761250587,16.5243001723228,14.4286799260433,15.4127385234318,14.791692279015,16.9644788349858
"3,5-pyridinedicarboxylic acid, 1,4-dihydro-2,4,6-trimethyl-, diethyl ester",17.1610038486449,16.8243378470604,16.5123763798266,16.6298748265017,16.7231348755436,17.5061654474278,16.8796306828341,17.1805027500768,16.8625730187246,16.7505698476128,17.0743677966366,16.7406142540161,16.101084003493
"3,n(4)-ethenodeoxycytidine",16.971743929253,17.0059109384604,15.2631661093436,17.1595249662661,16.4778527680394,15.1837890662555,16.8520110336827,16.5563303870699,17.081930339227,15.5369346445384,15.7365915119678,16.605823999327,14.7254046298504
"3-((4-(2-methoxyphenyl)piperazin-1-yl)methyl)-2,3-dihydroimidazo(1,2-c)quinazolin-5(6h)-one",13.5318350394336,14.2566872087006,14.7918072354317,14.1133497037158,14.4714402991077,14.6470475751083,14.3384183359871,14.701980608504,13.7984330252788,14.8814393668634,14.4941210273143,14.6069192683275,14.4422717412044
"3-((aminooxy)methyl)phenol",19.7859202678709,20.2955330913899,19.9210485859936,19.7815806275271,19.8862913706088,19.0290834432464,19.7645229954278,19.5895499121201,19.2732826451793,18.8496053639272,19.5906812733837,20.9301651471869,18.9630413979861
"3-(2,4-dichloro-5-methoxyphenyl)-2-sulfanyl-4(3h)-quinazolinone",14.9697147438304,15.3304479692425,13.0953412217642,12.6077103486738,13.7688166950474,12.9764430287756,14.6814862702943,14.8142408650467,15.0705384622809,13.7760530016539,14.1578019659684,14.1374917815643,12.8791122948605
"3-(2,4-dichlorophenyl)-4-(1-methyl-1h-indol-3-yl)-1h-pyrrole-2,5-dione",14.0092533720092,13.0345822196727,15.2420935288232,13.8943105186751,14.5038948900689,14.0635029856357,13.3465403424585,14.6670984016021,14.0033013954201,14.7909249948365,14.6205888696195,12.9489750532976,15.4150131459408
"3-(2-(n-(1-carboxy-3-phenylpropyl)amino)propionyl)-1-methyl-2-oxoimidazolidine-4-carboxylic acid",15.69327331549,15.9467629804814,16.1681736637489,15.8855796649113,17.1870329384416,16.198748753176,15.3682016475843,16.3897165582465,15.9062147566993,16.6654337191803,16.5353963563976,15.9148041505922,14.5800544965161
"3-(2-hydroxyethyl)histidine",20.9636602263117,20.5335737071878,21.6058611427632,20.9628553678161,20.6221907023304,19.7829489437875,20.8444518483935,20.6558044230459,20.6998396028126,19.9917790250414,20.5482145698114,21.0761126444845,20.5711576289875
"3-(3,5-dichlorophenyl)-4-hydroxy-2-oxo-n-propan-2-ylimidazole-1-carboxamide",14.9244651129539,15.1266219816184,14.6368264677649,14.6406500621837,14.9530698415642,16.3672836992377,14.8701105764336,15.2297131819343,14.4303012662743,16.3087264255194,14.5430300134421,13.9693362122048,16.6037486768358
"3-(3-hydroxyphenyl)propanoic acid",17.291659755433,17.3114541315519,17.3077320004702,17.04724949748,16.2368168467238,17.8180389186428,17.4356538928716,15.917024443376,17.6695148601932,17.4139066874805,15.7959923717613,17.9986861540278,18.4650751656975
"3-(4-chlorophenyl)-n-(pyridin-4-ylmethyl)adamantane-1-carboxamide",15.7164642410324,15.9102251133958,15.9033245403401,15.4824817162515,15.8026839080921,15.1665951147068,15.4378265010229,15.7038477466755,15.7993472734556,15.1218374295436,15.624746222819,15.7834213709083,13.3509655379773
"3-(5-acetamido-2-hydroxyphenyl)sulfanyl-2-oxopropanoic acid",14.7636264840811,14.3874145352107,14.1812716871479,14.5299037184104,14.4188655149957,15.0613964402825,14.6509155498504,14.6331618902645,14.7109056250205,15.201756699219,14.7936640553939,14.7692368667788,15.1359450381137
"3-(azetidin-2-ylmethoxy)-5-iodopyridine",13.9994276432789,13.6137006539858,13.4475977463351,13.5710107689868,13.5564703129064,12.8213106125199,13.9252270521818,13.5276565074986,13.5955373553778,13.1971672974083,13.8914050354324,13.3605643646132,12.3521376567693
"3-(n-maleimidopropionyl)biocytin",15.5017203755446,16.6548124540788,16.7580803566113,14.8794113786062,16.3886097326497,16.9298924584427,15.1285231240816,15.4390314079102,15.3798012628225,16.8587023046572,15.6758651038997,16.8326456792285,16.7739805369181
"3-[(1r,2r,3s)-3-carboxy-1,2,3-trihydroxypropyl]dioxirane-3-carboxylic acid",12.713635177212,14.7732771794204,12.8391229179042,14.6492914884696,13.6776510198937,17.1006840875454,12.6678667045797,13.7615272668383,12.7586479265195,16.7733299360314,13.0674311641759,15.1696642699126,17.2694262440429
"3-[(2e)-2-[(e)-4-(1,3-dibutyl-4,6-dioxo-2-sulfanylidene-1,3-diazinan-5-ylidene)but-2-enylidene]-1,3-benzoxazol-3-yl]propane-1-sulfonic acid",15.6120868708062,15.5305860715287,15.7295335890617,15.3367513105163,13.5474684807028,12.9155921196904,15.543255771023,15.0249011681203,15.4036281867255,13.0169811886945,15.4270036936077,15.2679003795803,12.8014875920846
"3-[2-[(2r)-2-phenyl-4-[(4-pyridin-4-ylphenyl)methyl]morpholin-2-yl]ethyl]-1h-quinazoline-2,4-dione",13.4994697955602,13.590921269809,14.410396938018,12.6269925388459,14.5509396216876,12.6657764888476,13.5534261248041,14.552745609897,13.1795338059964,13.0886976408277,14.7989714871176,13.5485976227105,12.9795226786685
"3-[3-(sulfooxy)phenyl]propanoic acid",14.1508488335903,15.8127138137176,15.6635422333109,13.7655800911956,15.2350875746117,13.0929347133192,15.6222405181003,15.4613200798474,14.2656827238787,13.8975111147475,15.2327620031027,15.8244636832336,13.1687413254086
"3-[3-fluoro-4-[6-(2-methyl-2h-tetrazol-5-yl)-3-pyridinyl]phenyl]-5-(hydroxymethyl)-2-oxazolidinone",17.1719498427026,16.6744875137565,17.1419895470103,16.9500546411304,17.1580649324193,15.7156666647109,17.0324593535193,16.665231240266,17.3494165264209,16.1911825246289,16.6715278859405,16.8176268581817,15.407497486655
"3-[3-tert-butylsulfanyl-1-[(4-chlorophenyl)methyl]-5-propan-2-ylindol-2-yl]-2,2-dimethylpropanoic acid",15.0229082750306,15.0594274617339,15.5557900352248,15.6697839638561,15.3182299665861,14.4640834271447,15.275311369872,14.4671390567446,14.7995474660987,13.2044716673442,13.8312789147997,15.2425122067719,14.6096396725944
"3-[4-(1-imidazolylmethyl)phenyl]-2-propenoic acid",12.428456104611,12.3183919951336,12.6484305177659,13.1558593261115,12.4520360681265,15.0657694755713,14.0053367080922,12.5882236019271,12.5186549495698,14.8859699686016,12.4656402560087,13.6898412004838,16.693471681091
"3-[[(2r)-2-acetamido-2-carboxyethyl]disulfanyl]-2-aminopropanoic acid",17.6016794917463,17.6051162115455,17.6531361916936,17.5321393488788,17.6334185331503,18.1500573998717,17.6079597246351,17.5192746967854,17.7184650130016,18.4923624249489,17.6661776969254,17.7695969202166,18.5361649993428
"3-amino-4-sulfanylbutane-1-sulfonic acid",15.0275587936053,15.3686121325059,14.8523500184528,14.1695691556352,14.6349303129312,14.3928418393269,15.0478377899525,15.0917527976412,15.2454195819038,14.323273009046,15.2125508701472,14.8071286018002,15.977765449503
"3-amino-5-(3-thiophenyl)-2-thiophenecarboxamide",15.6475889206128,15.7996339244539,18.1091994861096,14.3000004986861,16.0393873138227,14.8714105470656,15.705661675856,15.4743837084808,16.2144915597109,13.9354241427756,15.5545308221929,18.6216139250958,14.9062636798943
"3-amino-6-{4-[(4-methylpiperazin-1-yl)sulfonyl]phenyl}-n-pyridin-3-ylpyrazine-2-carboxamide",13.9942409506291,13.9332790782293,13.5479655157847,14.4613468638628,15.0995641720226,15.199338701506,14.4761153802968,14.7836083379116,15.0029206822445,15.7774469563081,15.4119330324824,14.6972846675895,15.1980402898164
"3-amino-n-[(4-methoxyphenyl)methyl]-4,6-dimethylthieno[2,3-b]pyridine-2-carboxamide",15.5621149162998,14.5784037688644,16.180965081571,14.9496360416365,14.3211418644292,15.4886226358133,15.0104658254589,15.9221298404277,14.7036462257125,15.6600807188915,16.1118205095414,13.0571657175048,13.3647986573777
"3-aminopropylphosphonic acid",12.967488065051,13.0951522143084,12.5172491429561,12.9974175727503,12.768932266807,13.2617223959651,13.4679803917494,14.0084392092251,13.1426303579038,13.2847364623272,12.6741768913834,12.7860297250051,13.3847728007299
"3-buten-2-one 1-(2,3,6-trimethyl phenyl)",14.910328359909,14.9951422649577,15.1447422803503,15.2227012653784,15.0607258752748,14.8284479196239,14.7633866473448,14.8061114074321,14.901693183719,14.9813372488403,14.9038010919359,14.8879134214454,13.246746825193
"3-chloro-2-hydroxypropanoic acid",16.4155381692256,16.505114492326,15.8820045312097,16.4318597260978,16.3482990569729,16.5873652569907,16.220730603889,16.5535626073501,16.4564107954916,16.554649437006,16.5491459932697,15.8700967546002,16.3944320405466
"3-chloro-2-methyl-n-(4-(2-(4-methylpiperazin-1-yl)-2-oxoethyl)thiazol-2-yl)benzenesulfonamide",12.6472168073601,13.799378226344,14.4447763476973,12.5522374091439,14.0460999614262,15.0141402282096,12.5578357942949,14.2939609347588,12.4844708580699,15.0337810509252,14.2203974214655,14.0730599710723,15.7566452906745
"3-chloro-d-alanine",16.0744250342083,16.4493985829297,13.9342761521576,16.502640565437,16.3888553636816,17.6388103716087,16.3444948551687,15.6047546362306,16.4715653533796,16.1967623738484,15.4458738631537,16.9853527734631,16.4292012682983
"3-chlorophenylhydrazone",15.4517477802083,15.5020550478067,15.5736312527166,15.6094425517717,14.9146911570035,15.3519964787048,15.4651181248949,15.7005866745113,15.2398133949914,15.5005339324786,16.1264839970303,15.0895627879921,15.5935533676413
"3-deazaneplanocin",14.8681084879211,14.2679557026731,13.2326800259463,14.6086425590948,15.1695508937976,15.7187507327347,15.0375946072111,15.4424086013531,14.6821744990157,15.5586900994721,15.2620717249831,14.7139928760142,14.7803174226663
"3-dehydroquinic acid",20.5260938738792,20.7938949190055,20.6026718317813,20.6034755723777,20.6511045251831,20.7069669757643,20.5629810435817,20.7180790138614,20.7315489840692,20.7922497563986,20.5809027458644,20.4535217214091,20.3471905769551
"3-dehydroshikimate",13.1683040736166,13.2190504413052,15.6722350582713,13.0596242533766,13.9144101437168,13.3287825423808,13.2723808526227,13.4212142448316,13.0415416443081,12.9290975403293,13.4716902010067,14.2496358989762,12.9869270809613
"3-diphosphoglyceric acid",19.3498369959876,18.3698954077264,18.3572275005467,18.8123779644911,18.9294406268262,18.9876349973879,19.2487076730128,19.3100584316963,18.5567099565504,18.6058088273143,19.1265701242704,18.8568174264448,19.2893549656451
"3-fluorophenmetrazine",13.415407657463,13.5510834829909,13.9724171043452,14.0078912398665,13.6992389340186,14.1141630651991,12.6652397257044,13.6422431683229,12.5804165475961,13.7229842447087,13.6906574019228,13.5621265497567,13.5561398994474
"3-hexanone",14.6053781752526,14.5743989292396,15.021866736589,13.3424391784442,15.0976557119265,15.0305495319155,14.6131442863457,15.1079717995288,14.4280873892311,14.8596122935484,14.8626786726298,15.0893532330556,14.7298697173829
"3-hydroxy-3-carboxymethyl-adipic acid",17.8533308881297,17.9761265783286,17.3353752759401,17.7268007336282,17.3133754238591,17.3851578873788,17.7303850370227,17.556628846058,17.7657169297325,17.4594765771011,17.3955285698475,17.898700394042,17.1663436970784
"3-hydroxy-4,5-dimethyl-2(5h)-furanone",16.3241145181268,16.6738802216591,14.3471350183537,16.0443867898418,14.0559137354973,16.9663669574212,16.0526697611518,16.695982704959,14.6454241323368,16.5437791530373,16.0562331408082,15.0660331415974,17.2656503484269
"3-hydroxy-5,8-tetradecadienoylcarnitine",19.0498790598729,18.7395872468939,19.7168014055379,19.3849648615583,18.9625447399358,16.6617565121528,19.1321869635781,18.599762582722,19.2287499417657,16.7357140690811,18.225223662454,19.5850428838806,15.8918251276251
"3-hydroxy-cis-5-tetradecenoylcarnitine",15.3631474778626,15.2835918903443,15.9817938944108,15.5126579626305,13.4674714933754,14.6925809665641,15.5001920674766,15.0457174356227,15.3259126664273,14.5881927440786,14.87569864063,15.3638962098371,12.7117042177795
"3-hydroxy-l-aspartic acid",18.1802944502377,18.2098661189901,18.0449581259701,17.9858660245208,17.9005967082769,17.2535245540714,18.0400335092923,18.3448841503247,18.0518516257637,17.5064872860961,18.20052676071,17.9774846319244,16.5316824747852
"3-hydroxyamino-4,6-dimethyldipyrido(1,2-a:3',2'-d)imidazole",16.8459455260339,16.7497902421455,17.1225563661394,17.2013424082715,16.5893397439555,14.6328203746468,17.0405170072063,16.6444752076973,17.0122880201162,13.7100065527577,16.6411698450844,16.7569357799526,13.5325723981776
"3-hydroxyanthranilic acid",13.3609809527278,13.7084339922244,13.9083260815331,13.5151013894307,13.8189894755037,14.2094950572509,13.433527237556,13.9446746807235,13.4665554548012,14.357551119657,13.9290360053959,13.9960718455815,14.5418712607939
"3-hydroxybenzo(a)pyrene",15.484755108636,14.6131421457602,15.0747524848301,15.3661347793765,15.7896947463066,15.6814040952569,15.7773908749416,15.6596786656826,15.3760382024481,15.6118878165447,15.8946867883675,16.233949664729,15.8750391372466
"3-hydroxybenzoic acid-3-o-sulphate",18.8096196835738,19.0205304761126,18.5015785096295,18.7253295441137,18.6112398426037,19.0386526605703,18.752764114692,18.7329742582859,18.6326890372673,18.9520310433253,18.7066937108048,18.6772084208944,19.2094553867637
"3-hydroxybutyrylcarnitine",16.6623943562963,15.8723038967134,15.652296439597,16.528905856222,15.5627383316724,14.773049306241,16.0132465231982,15.4020762982179,15.9535043742382,14.0658849312305,15.3687732491592,15.6336507522046,15.391935397244
"3-hydroxydodecanedioic acid",18.074756267985,18.1084461936573,18.4323884623948,17.877061552377,17.0623667968534,16.1966851854082,18.0416243121197,17.7943074216729,17.8356157354977,16.7907249173301,17.683365137113,18.1609420676688,17.3178321843237
"3-hydroxyisovalerylcarnitine",17.364851300354,16.6760103484758,13.4966670927158,16.9040954407798,15.642711887505,15.3627570933597,17.2466667227382,15.6463252744376,17.0431049289368,16.2157201940638,15.7876599567119,15.558974115874,15.8947782884097
"3-hydroxynorvaline",19.0264862169908,19.3213256312919,20.7501871593418,19.1458431517257,19.0312938840168,18.0045991710213,19.1831207929596,19.8385266513096,19.2235825613524,17.8849059775725,19.9245900272122,19.146441610267,18.1226153449457
"3-hydroxypyridine sulfate",16.0348918434866,15.9677586312234,14.8075318813828,15.2926678961377,17.1506785300717,16.9443088944117,15.505328272181,15.5803017677519,15.6592004915225,15.704851034684,15.6441385026608,16.026077293474,20.7158803010869
"3-hydroxysebacic acid",21.2442247917757,21.509356595878,21.1506953631308,21.8189537211267,21.5300910933214,20.526122498008,21.3198275738553,20.9629148146178,21.8814833876625,20.8691510257987,20.9019273931065,21.2569118526888,19.6129545768015
"3-hydroxysuberic acid",18.1038123050493,18.200255589278,17.8432829319926,18.2140144361126,18.4528964382477,18.7333910382957,18.1495353243886,18.3738824093,18.4156763017231,19.0205876253006,18.2511489919502,18.1184863483507,17.2727742161133
"3-hydroxytetradecanedioic acid",16.735114673348,17.2734196743508,17.2843629289147,16.9632718413832,16.7574610648362,16.2580912893966,16.7924015305916,17.055602248961,17.0943013004479,16.6310964564413,16.7677506994809,17.065711770867,17.1782052803713
"3-iodo-2-propynyl butylcarbamate",15.3611699114535,15.9797159225347,15.9044276728336,15.7475806640609,15.2277080419136,15.7642050338171,15.3455553930687,15.5722555871059,15.214836094967,15.7916422154786,15.385403000478,15.5674704765932,15.0642158814225
"3-mercaptolactic acid",16.1807621791488,16.3351660283983,16.0808165543566,16.1985752387224,16.2543003688435,16.4022100360668,16.1516936517361,16.1145562497954,16.2711931475756,16.5199268367407,16.1459906270572,16.3064138228266,17.2388115515962
"3-mercaptopyruvic acid",17.3266295096858,17.5782455962564,16.8509251819679,17.2250557412698,16.7856345255538,17.1378292163495,17.2420649644737,17.0102919910076,17.355035801777,16.9660344184227,16.8778706265758,17.4029537752078,16.5804056303729
"3-methoxy-4-hydroxyphenylglycol glucuronide",18.1951069032709,18.3643579116801,18.3283393658354,18.2864674572187,18.3793913344556,18.4400872598138,18.2655635014931,18.2574855930553,18.365168733989,18.40078136431,18.3180746703711,18.0749730810433,17.9436836838149
"3-methoxy-4-hydroxyphenylglycol sulfate",18.9931171728656,19.1320946628604,19.1127209628494,18.9076502880296,18.9992059824034,19.1113523368905,18.9361966867965,19.2535349922194,18.9736727690171,19.081908603863,19.1686967336673,19.0220598821169,18.4782915037711
"3-methoxybenzene-1,2-diol",14.4857957237006,13.6307883127458,14.840819799458,13.7375987747268,14.9630976735001,15.7958089904557,14.5666371774608,14.5278524838071,13.9185899777094,14.6341799842321,14.6158775888555,14.9818711454577,13.6084691038103
"3-methoxybenzenepropanoic acid",17.2080618698932,17.1044715254137,17.4272903309036,17.6906257289593,17.9216623093204,16.7546925284945,17.1772079934229,17.3663232282109,17.3511402049844,16.9770150367474,17.2777341735095,16.8183001680818,15.6395528861346
"3-methoxytyramine",16.3262563279013,16.5734967141315,19.3368842158404,16.0612233354957,16.0223101967084,18.563959112819,18.7207168616334,18.7422588165312,16.2016439040202,18.6409006287458,19.0537355805699,19.0450542190522,19.1686155214802
"3-methoxytyrosine",18.0162100615824,18.1217167364698,16.1982740542592,18.2017296047865,18.1898629452403,16.5443183099349,18.4298224596776,17.0174347765729,18.74044999305,16.609210006744,16.990220135752,18.4817799456274,15.6610525131212
"3-methyl sulfolene",16.8367162306922,16.6450927675371,18.6130282623271,16.5957855574535,17.2699584982537,16.6902557983707,16.6956190563509,17.3796855247774,16.6925208902272,16.6122384405227,17.5534741807466,17.0633920584226,16.8508781864279
"3-methyl-1-(2-methylpropyl)-7h-purine-2,6-dione",14.8362650186588,15.0813494921237,16.3206828480005,13.1434121773537,15.1191946576766,14.8282488638912,15.385767811005,14.0260777324384,14.1538065963288,15.8184398023967,15.2332742826429,15.0949797527231,15.2838918574914
"3-methyl-2(3h)-benzothiazolone",16.399531985938,16.2866373711661,15.9535677561773,16.2598400371109,16.2288958849979,16.8908116631745,16.3928534436113,16.2549828632149,16.5129503547232,16.9139930004032,16.0072366757997,16.1418537940931,17.3577517398895
"3-methyladenine",19.0310176521911,19.5087592175809,19.2459950552351,19.1517006657016,19.3018828356928,19.1676610409764,18.9244362205744,19.3982809846235,19.0243307403887,19.2358692508781,19.2282755014767,19.1987998664536,18.8425536194391
"3-methyladipic acid",19.3473355403142,19.1565702186053,18.8147317537124,19.2727707499621,19.368677603485,19.3295567360898,19.2341590813217,19.2721724077655,19.3105945450987,19.3064148736332,19.2427597706054,19.1179898994868,19.0167968098138
"3-methyladipoylcarnitine",16.5463821257522,17.0800782444714,13.1586370993906,15.8597560779642,15.5207968846761,13.9110318350954,16.9482427222626,16.8605078194045,16.2266159781515,14.9467264169703,17.5619682613571,15.7719997175739,16.2730019310618
"3-methylcrotonylglycine",19.9421866819649,19.9698409649976,19.9263435592307,19.8234987119002,19.8842108595036,20.2463516039356,19.9221662830345,19.9595709298853,20.0220770807509,20.4280901254222,19.8574468465605,19.822539674188,19.8664778154477
"3-methylglutaconic acid",17.58963541818,17.7845299492776,17.6795177838886,17.473557868935,17.302325162861,18.0955095223266,17.4573900283032,17.706464522502,17.6507486822172,18.2695334793012,17.5722420987334,17.8128785803137,18.2043314837245
"3-methylglutarylcarnitine",19.7415404880578,19.8585113711668,19.4411919729201,19.5315075629553,19.3772688163271,20.1190971985021,19.8330040588132,19.2156182346839,19.6302238586306,19.772311258755,19.5593175566478,19.4768395322746,18.3242494140259
"3-methylhistamine",20.8373950809201,21.4107903293667,20.8477850149885,20.9591301665576,20.9449665383324,20.8747487422857,20.8788708762371,20.964374785916,21.0654862057878,20.8797708629684,20.7149907265375,21.0800611820083,20.2146907087243
"3-methylhistidine",20.2058444778281,20.117196665592,20.4036640638748,19.8805919194297,20.4269866209462,20.786140912136,19.9327758676811,20.7485075732048,19.8215618052221,21.0150500582187,20.723023108199,19.544989846893,20.7841670887323
"3-methylsulfinylpropyl isothiocyanate",13.7916932591092,14.9913706916598,12.7813304311334,14.540408862739,13.2022036700337,16.8955267306514,13.4281770511707,14.5616410114613,13.3158808050219,16.7416674304172,15.3304803088927,12.8428156799379,17.560293213122
"3-methylthiopropionic acid",16.4995300396042,16.0129170195786,16.8544257417482,16.0811367094667,16.6840816075258,16.0605973518923,16.353570982418,16.6242607809532,16.1477080918601,15.711455732298,16.6292436596629,16.5889238328384,15.8945530219874
"3-methylthymidine",18.3943697556349,18.4370465040566,19.1621810695275,18.6269475268029,18.5857652986971,18.4306218485482,18.3047576889975,18.669229167609,18.2511230373103,18.3878467363214,18.7083821118641,18.1853225555976,17.7628336637413
"3-methyluric acid",14.9568975603994,14.5096593248818,14.8024333926891,14.4457743848818,15.3372933494077,15.0955532046437,15.0803315185947,15.8278145770915,14.3137066747818,14.4780969136003,15.7018288170404,15.2608338056606,15.0487451013121
"3-nitrobenzaldoxime",19.01011106612,20.0948081169299,17.9571953023935,19.2914139599299,19.1123291426642,18.6291939054143,19.2089803813621,19.7280308389017,19.7329704877833,18.4448172504817,18.9027621726376,19.2576232662751,17.1792820179482
"3-nitrobenzene-1,2-diol",14.9286908854002,14.8426021800058,14.9941065971323,14.5971966173577,15.3039692935806,14.7064012860257,14.8207284881493,15.2902814228915,15.1864825584871,15.1477976197757,14.9756993161184,14.3489840100798,14.6604328808139
"3-nitrotyrosine",15.9108427335952,15.9190831514287,16.1472385970473,16.0613470606497,16.1980059301293,17.0604524089642,16.0402380017698,16.1202300932919,16.0415086494205,17.1911437201265,15.8941673895095,15.9971183852594,18.2287684464195
"3-oxalomalic acid",16.2333670019356,14.4158489551305,12.9561446761763,15.0159580812645,14.8526668143406,13.4416670137051,15.106756948214,14.9003869779394,14.2801972213452,14.4176187790808,15.3643623377172,13.5144185174372,14.9590643543907
"3-phenoxypropylene di(acetate)",14.5655328999141,14.3324407407562,14.5928135537608,14.1899860122718,13.2349232464575,13.7590454644646,14.4036436181615,13.2941091209901,14.4305273722851,13.5840389859259,14.2448243532505,14.3700045296781,14.4596202336484
"3-phenyl-1h-pyrazole-4-carbaldehyde",16.293326649113,16.410938974536,16.7424241483394,15.9922886597166,16.1750446246086,15.9439997608784,16.1707528284718,16.3130642103327,16.1989783078524,15.6838989223381,16.3767415057562,16.9336030178074,16.174873250378
"3-propoxy-1h-pyrazole-4,5-diol",16.0853003984545,16.2996780817794,17.644711150072,16.1671576760554,16.8540866821361,16.8907876121588,16.0284620039239,16.7785242589391,16.2429248102942,16.9531844178459,16.6214512390171,16.306518488906,17.3423946865477
"3-sulfinoalanine",18.401626298658,18.5919886713363,18.5127354849118,18.6028543437185,18.4466354186184,18.7237860168606,18.4229921515445,18.3418830565346,18.4063248195166,18.8581868808178,18.5798298003453,18.4341659995472,18.7654600653797
"3-sulfobenzoic acid",16.505389002165,16.1121110373436,17.0090972222377,15.7176828520197,16.3932987722,15.5258423541507,16.4638257434367,16.3134641707347,16.011125953313,13.5372619141497,16.245479740205,16.445944247404,15.7737659091344
"3-sulfopropyl methacrylate",17.2545226895674,17.5098278429984,16.3114187938533,17.201721555934,17.4646204787052,16.8012862851066,17.3365388845098,17.2007133827562,17.3758360146079,17.2287417400048,17.6799870700947,17.051398686787,17.3447670015117
"3-tert-butyl-4-hydroxyanisole",16.278056822354,16.3604762960132,16.0580566753512,16.6587950530081,16.042695321343,14.4390647881478,16.2363666570124,15.8115244178883,16.3788877114627,15.096806386271,15.7767128068724,16.0723441881905,12.9777400952501
"3-thiacytidine",16.4559938319743,16.984679989583,16.7280584507397,16.5121952556621,16.5030349898367,15.8754726629911,16.3087900034153,16.3785764256826,16.5268053319002,16.1794062241404,16.5391234398249,16.2880235393882,14.8009846037517
"3[n-morpholino]propane sulfonic acid",14.495785842603,14.6644454535919,12.485680971339,14.5752381635037,14.6479371980291,12.8571903623442,14.9186511965332,13.2656989892355,15.4439781661182,12.9875508893608,12.6924352650288,14.9224124103408,13.1611620417967
"4',6-dichloroflavan",15.6578210066664,15.5138727233281,15.7350763019347,15.3143640460631,14.8297731391113,15.1921943987204,15.6422994852257,15.3181024803967,15.5614563051534,15.0452768987739,15.1958056558399,15.8933449014298,16.1551627200899
"4'-azidocytidine",17.4709072091008,17.6317947510762,17.3942358103652,16.8710522909947,17.4821150285731,17.2259543583757,17.3729516617582,17.580905880561,17.3831487253833,17.1387600210373,17.1143603247052,17.8990752123956,17.0604404129295
"4'-hydroxymethohexital",16.1486100235445,17.6060539764455,17.8772207247583,17.7477627394799,17.27868310895,17.2725761936771,16.0528849888099,17.2581959449886,17.6075209614889,17.2479007263585,17.3684982498844,17.6056120496291,17.7470126518122
"4'-nitrophenyl-2-acetamido-2-deoxy-beta-glucopyranoside",16.3872140584969,16.2017648457435,16.3639961528988,16.7207318042609,16.7222274702724,16.2505343156162,16.7841820962782,15.8766551454536,16.9672521629724,16.325617112751,16.3500315658985,16.6478467792844,17.3655308543037
"4'-thiothymidine",15.0204233147261,14.4721729519383,15.3944294636314,15.3264423705401,13.8463119691596,14.300460563511,15.1753731552855,13.8457303496511,14.1901231852509,14.2352742725679,14.5707823507781,14.8938821561695,14.5745760634757
"4(1h)-pteridinone, 2-amino-6-methyl-",15.684779921114,15.3866785796425,16.12954770348,15.8703626301611,15.6886401192488,16.4565020398202,15.6601362033804,15.5226565815242,15.4687320492288,16.2849397466365,15.5887228017253,15.8660504548332,16.9903086919215
"4,4'-dihydrazino-biphenyl",16.7842223897611,16.4058952860249,16.0487743052098,16.7626476834201,17.0132584448672,17.5106370230853,16.7079191425051,16.9186174493659,16.8177668379967,17.7864598799838,16.8846781291551,16.4905366270123,16.3631701583965
"4,4,4-trifluoro-3-oxobutanenitrile",15.4698297853867,15.7289749885457,14.5948858232727,14.9988443034532,14.259606561625,14.0464530128726,15.4322517510639,15.1778048298418,15.2387379173378,14.4132975146127,14.2020216267542,15.1415493276899,13.2439696356794
"4,5-dichloro-2-n-octyl-3(2h)-isothiazolone (dcoit)",15.5109934759735,13.3112291444932,13.161037664981,15.2290961972271,13.5225438089942,15.8980258537806,15.2293028009167,13.333487838854,15.3586472246972,16.2768499659151,14.4786829710968,14.2051937562916,16.9196030226041
"4,5-dihydroorotic acid",15.6544154074055,15.9416712439552,15.2324641280503,15.6630444486396,15.3378681935555,13.9167489883278,14.2884673707773,15.1445447344338,15.6350682759371,15.2554817707842,14.3699997814469,15.4900638809729,16.5721377365254
"4,5dimethyl-3-(2-oxo-2-phenyl-ethyl)-thiazole",17.4556406535452,17.7548103785005,17.5505515400454,17.3786398461816,17.6658708354743,16.7843026882355,17.3970430295727,17.9763244758348,17.2794535953847,17.1518245838762,17.8250375402076,16.9605196063367,15.7571245270365
"4,6-bis(methylthio)hexanoic acid",13.9263777299239,16.018647244573,16.1192364595161,16.019904330664,16.0901120309355,12.8636635052958,15.8456836311057,15.8650552768029,16.0120788399019,15.9766343002489,15.8736671299219,15.9122252200915,13.4284856378956
"4,6-dihydroxy-2-mercaptopyrimidine",16.7188593194157,17.5191527984803,16.1959787937544,16.4329513902159,16.6110884625721,16.1525055782293,17.1810210033438,16.1851439753465,17.4659470964007,16.1854211729145,16.1081030122573,17.3226528825202,16.3680184446342
"4,7-diphenyl-1,10-phenanthroline",17.2586737263739,16.8540530306053,16.43282172132,16.7485477874248,16.8734771413252,17.2143006510639,16.8447652326567,16.8392910421147,16.8475766141889,16.9078532035751,17.00974313957,16.8892566584433,17.2279558319921
"4-(1,3-benzothiazol-2-yl)-2-methylaniline",13.6997935476399,13.9302103802434,16.3284373551577,13.5751800708905,14.005376511348,13.0354136899975,13.1292419261986,15.5607751260469,14.2450169201984,14.2923483683779,12.571010728484,16.3175703776843,13.4890496599149
"4-(2,6,6-trimethyl-1-cyclohexen-1-yl)-2-butanone",15.9917921054657,16.2411503641349,16.0130395876047,16.7496485271315,16.3387470080293,15.4693078693704,16.1391046226202,15.95646140285,16.449988444614,15.8332243378403,15.8901911650977,16.4496814232415,14.7099601654797
"4-(2-((7-amino-2-(furan-2-yl)-[1,2,4]triazolo[1,5-a][1,3,5]triazin-5-yl)amino)ethyl)phenol",14.7849294751531,14.6691123171813,14.8494356683311,14.3696253141487,14.7789712617763,14.9586805971213,14.6763217740553,14.8892459640008,14.7356707583477,15.197289710863,14.9234488230008,14.6311095732965,14.9267204751704
"4-(2-aminoethyl)benzenesulfonyl fluoride",17.3229744264748,17.1488637704612,15.8803404213294,17.0852536059543,17.0344036926396,17.1339961375196,17.252296779948,17.3521143915176,17.101685888119,17.4744612431384,17.0791419598472,17.0070063654389,17.1697947484962
"4-(2-aminophenyl)-2,4-dioxobutanoic acid",20.8500372995235,20.8609782500329,20.608828752695,20.9787368186267,20.4221080932674,20.1357995959862,20.963073932635,20.3759791404122,21.0733285569066,20.4117800231541,20.5647933778576,20.7528812268515,20.3559353815899
"4-(2-chlorophenoxy)-n-[3-(methylcarbamoyl)phenyl]piperidine-1-carboxamide",16.7956936008312,16.2250643733587,15.4368131637635,16.4599524524032,16.9453661004194,14.1556009529701,16.6535291069234,16.3246972794328,16.1894930835155,14.2598248365706,16.2685441223565,15.9537505537625,14.443185367928
"4-(4-hydroxyphenoxy)phenylacetic acid",15.4496988526558,15.3718195956318,14.9064092705026,15.142034424653,15.6914607252983,16.074463883272,15.2967945747887,15.7654617077839,15.0915648462744,16.0121487086778,15.8361950338655,14.7418327597677,15.2063674241391
"4-(4-methylcyclohexyl)-4-oxobutanoic acid",16.3443035124927,16.1023278593137,15.3336016407173,16.5360736170802,16.4925365751928,15.8299163254017,16.3296670973118,16.0048536909264,16.8214331285716,15.9573967536707,15.7220663347726,15.8971131455993,14.3170827201195
"4-(5-(4-chlorophenyl)-3-(trifluoromethyl)-1h-pyrazol-1-yl)benzenesulfonamide",16.1667106675633,13.8651116142073,13.4846475150968,15.4524405448017,14.096964871152,14.0511378888312,16.1836907913269,12.7557577034261,15.7704173925834,14.2601931758815,14.5611624849864,14.1894289077343,14.97336997364
"4-(6,6-dimethyl-4-oxo-3-(trifluoromethyl)-4,5,6,7-tetrahydro-1h-indazol-1-yl)-2-((1r,4r)-4-hydroxycyclohexylamino)benzamide",13.034588691185,15.2153258951218,14.4371282727227,13.474891977246,13.7667469939906,16.198098885582,14.1323155345044,16.0264003251176,13.5274416117413,16.0349348811064,13.5370591721266,13.1926334782458,16.0352013584078
"4-(7-hydroxy-6,7-dihydro-5h-cyclopenta[d]pyrimidin-4-ylamino)benzonitrile",13.3007930205657,13.0490577701178,16.7110206706842,14.1510085664019,15.1636890693914,15.2762492816681,13.8534565716306,14.8819004969955,13.5993013828136,14.4015120663764,15.1525112878254,13.8047339619416,15.0429280260988
"4-(methylnitrosamino)-1-(3-pyridyl)-1-butanol",15.3678507932823,13.1546042083173,15.85459150193,15.4491565891588,16.6082652232955,15.7397285780806,15.4143840063595,15.544311441322,15.5166684998868,16.2954358837537,16.3072073270704,13.9592535714843,13.3343934028546
"4-(n,n-dimethylsulfamoyl)-7-hydrazino-benzofurazan",15.1074781074652,15.5294199690503,15.3049094380292,15.4535786594309,15.1664144954299,14.4567600128292,15.3458380559806,14.5476811887712,15.6307597706176,14.8799425086044,14.9041985185315,15.2727849232678,15.3633739801632
"4-(trifluoromethyl)benzaldehyde",15.940681929408,16.2880632633745,13.1353544637455,14.7119423601992,14.6319096256197,13.6749363084909,15.7506994446191,14.990453700964,16.5947171538181,14.7670800688902,14.3875031673473,16.7043298892174,15.4873677107192
"4-(trifluoromethyl)benzoic acid",16.8139688062012,17.2349962275758,17.3836031725523,16.3036440227312,16.5011087972142,17.117577062132,16.5842370180959,16.9963509820588,16.2571759552006,16.8116849116418,16.3615894506172,17.1839205597199,16.518734547098
"4-[(2r,5r)-5-(6-aminopurin-9-yl)-3,4-dihydroxyoxolan-2-yl]butanamide",17.6137152956683,16.8829348686341,17.355139671504,16.7253019841461,15.5133975992391,15.0263565913098,17.4551597870852,16.6883695436584,17.0479142504061,13.5661812238696,17.2441592145349,17.1744361346768,14.4657465694621
"4-[(e)-2-(7-heptoxy-4,4-dimethyl-1,1-dioxo-2,3-dihydrothiochromen-6-yl)prop-1-enyl]benzoic acid",14.1571312741648,15.6171331467492,15.05972221492,15.4492202984468,15.8590979893497,13.5239931030303,15.639469365294,15.6610929127214,15.4027488574937,15.2859553190947,14.5920542798372,15.7287398391145,13.4736125950941
"4-[3-(4-chlorophenyl)-1,2,4-oxadiazol-5-yl]butanoic acid",16.081146538736,15.9922382306302,13.4220753904706,16.3643411340065,14.7219810213274,13.7106471144883,16.0958161509841,14.6337740609824,16.0151216777728,13.5023791780082,14.1839975106151,15.8894697025699,13.4182113822795
"4-[4-(dimethylamino)phenyl]-3h-1,2,4-triazole-3,5(4h)-dione",14.9257951215746,15.0710777992557,14.89406014531,15.0357417725349,15.0630254067481,15.2506926668123,14.8498411747144,14.8453184604024,15.2135462165455,15.2849359050152,15.0532300249355,14.9562404544473,14.6983679097197
"4-[[(2r)-1-(1-benzothiophene-3-carbonyl)-2-methylazetidine-2-carbonyl]-[(3-chlorophenyl)methyl]amino]butanoic acid",15.0542377391528,15.2339231293232,15.9159951563458,15.1214616166463,15.1781855804367,15.1265173998105,15.1355005534214,15.004562373651,15.2762512373195,15.1491605115766,15.341627755683,14.7866580031051,14.0035078467889
"4-[[5-chloro-4-(2,4,6-trimethylanilino)pyrimidin-2-yl]amino]benzonitrile",12.5148431748085,12.7477160369492,13.5188054355101,12.5108691791124,12.6148467858558,13.2061911005339,12.5087001418601,12.7759958472806,12.4381532589341,12.4633127306435,12.6568062076645,12.3364953266018,12.2766598775335
"4-[[9-chloro-7-(2,6-difluorophenyl)-5h-pyrimido[5,4-d][2]benzazepin-2-yl]amino]benzoic acid",15.314020090552,14.7820929881161,14.7378789663273,15.1306088889005,14.2922505586009,14.1471992819468,15.8111179851582,15.2296631689685,15.4343995135905,13.5106798112068,14.8722775870163,13.6706826258266,13.3611546268739
"4-acetylaminohippuric acid",15.9189056600629,16.0126402633458,16.2500755041279,15.7379350156502,15.5078290842899,14.8896093346185,15.8545299939114,15.8292379892806,15.8374219892475,15.177091803482,15.7469230032398,15.9875312716561,15.4837452733763
"4-allylphenol sulfate",14.7755557602776,14.918038546637,13.5796599734709,14.462586998745,13.2551483562321,13.1816582888847,14.5072263399452,13.5066140919362,14.4556236812517,13.335774826932,14.2016543565881,14.2732558859834,13.9999010528788
"4-amino-4-deoxyarabinose",17.0518909598713,16.772432036076,17.9280072056616,16.5698001989354,17.2216912240862,17.4544631224442,17.0156245394878,17.1700779316014,16.7761715558974,16.9598042321678,18.4654373430968,17.6054856975832,18.1164167700635
"4-amino-5-hydroxymethyl-2-methylpyrimidine",17.6686564206623,17.928208046157,18.4369987729626,17.4098341077331,17.286262274227,16.4505004778081,17.7091732499527,17.2773818320978,17.2956772602413,16.542380060271,17.3863945389527,18.6114575694525,16.0087748260724
"4-aminobenzohydrazide",15.4757099747054,15.6116936890283,15.1781532888334,15.3972529680159,15.4383511977973,15.9272816975129,15.5365681007828,15.246176887098,15.8692529041064,15.9114210495569,15.1765260600115,15.1357913024963,16.2293411868476
"4-aminohex-5-ynoic acid",15.8477913250397,16.335197073844,18.9196830899274,16.150406305204,17.0383508909105,16.3484984254719,16.3465101678858,17.5508801135619,16.274789754337,16.0903871001039,17.5874329136622,16.8527871043265,14.5585388355657
"4-aminohippuric acid",20.2731388396026,20.3486965101272,20.088176044143,20.3981549065157,20.2853950814126,19.4488485491652,20.3736450559966,20.2177281508641,20.7536794612111,19.4501816624654,20.0376679547273,20.1559075373248,19.8263666463321
"4-aminophenol",15.6040941599293,15.6251303452317,15.6767338212973,15.7517955681131,16.2535757969853,15.288128641394,15.8552999280639,15.5606495015583,16.1809101912114,15.7689982009175,15.4866445542066,16.7081048371637,16.0072033390791
"4-aminophenylmannoside",15.1436488799172,15.4155817891746,15.4302459304875,15.2106654732435,15.4117182673424,14.1967446791861,15.0864698050429,15.4253227880298,15.3660623909089,14.7337207545033,15.4043564229379,14.9082202017974,14.8559983844837
"4-azaspiro[bicyclo[2.2.2]octane-2,2'-[1,4]oxazolidine]-5'-one",18.0961126174808,17.8055837381362,17.6387746864801,17.9789037031828,17.8534599548472,17.4297229711996,17.8048576259996,17.8044696792069,17.7668832476797,17.868549140209,17.726622465884,17.430750694741,17.3859373419084
"4-azidobenzenesulfonamide",14.6647091580078,15.0309608588919,14.0466654275311,14.8681524640198,14.8580992784284,13.9331425957403,14.7845788030261,14.6461259373166,14.8481030648746,14.2905913697398,14.4465659218178,14.3717388484541,14.7624981480519
"4-butyl-5-hydroxy-2-(4-hydroxyphenyl)-1-phenyl-1h-pyrazol-3(2h)-one",14.5718783307238,13.7355668680779,14.1059440772458,14.5311861534999,14.5717794663346,14.6440433051683,15.0050220047011,15.7953211635817,13.9661385918749,14.4065485961833,15.3820530449213,13.906741896599,13.9272092312074
"4-carbamothioylphenyl 2-(6-methoxynaphthalen-2-yl)propanoate",12.9596308000231,14.0944459405895,16.0927092228077,13.8607639255302,17.2207291555971,18.1984652983152,15.082199121099,16.9765479580576,14.8531103025879,19.5639071797704,15.5173522407942,15.6492970173103,18.1893751413753
"4-chloro-1-naphthol",17.0465734328162,16.6996415357122,17.2943320600462,16.8013146691108,16.6584421188115,16.5700061056389,17.0247866894154,17.0468695860033,16.5910585931464,16.7419396320697,17.1038244211606,16.8506567480172,15.3819513115915
"4-chloro-2-nitrobenzylalcohol",14.2191390056018,15.5215098619799,15.0305768180558,14.9573400417584,15.3753376853764,14.9463647646256,14.4350458970328,14.7553054417869,15.0286110257601,15.0106091020168,15.6330912240732,14.6416444150687,14.8734307333766
"4-chloro-3-ethoxy-7-guanidinoisocoumarin",15.9259730943288,15.8048519439661,16.360220330743,16.1144220795629,15.9828160922884,15.9799161217698,16.0504819892148,15.826886948252,15.6198397681461,16.0231505397758,16.0653717678232,15.6997906521826,14.6675293908961
"4-chloro-8-methyl-7-(3-methyl-but-2-enyl)-6,7,8,9-tetrahydro-2h-2,7,9a-triaza-benzo[cd]azulene-1-thione",15.2765653659244,15.1575372476012,15.9902624045008,15.7479904518133,15.8679591894682,16.6358886696812,15.2234569394078,16.1082839143907,15.0372124742306,16.7604138185969,15.9251117686014,15.4973468150716,16.5503124790529
"4-chlorophenylbiguanide",15.6200810889938,15.8137117271987,16.0546316018896,15.6027777822594,16.297558889775,16.6018732804765,15.5560824482651,16.12364212908,14.8875859518274,15.9976232827915,15.9821131600696,16.140718870212,15.4755435340179
"4-coumaroylcholine",13.800033137301,13.3215829622931,15.1438380640625,12.6528737690779,13.2727848648345,16.0132457867974,12.806492961363,13.4888066958032,12.8973153200807,14.3789658832653,13.0141186377194,13.1037096322207,14.4546630111296
"4-ethylphenol",12.4851561825278,12.6836517695173,12.696001330967,12.6066762824356,13.106746655126,13.8126249368956,12.9644821779149,13.8827813126681,12.7719078490965,13.8729425477208,13.7543477096891,12.6792939173252,13.3508467217341
"4-ethylphenol glucuronide",15.3118883499498,14.4754188744395,15.451702735645,14.6282945206577,14.4751387345732,15.1726470214692,15.1035638367715,15.1277548653094,15.4595005010294,14.4622845090698,14.4040734761643,15.3946136784738,14.401237247037
"4-ethylphenylsulfate",16.9928123486176,16.8830400662233,16.7603295933273,16.4652445005441,15.9441778226367,16.3759710977977,16.7095388719109,16.7057446533982,16.6045075257579,16.35229208323,16.6231647195374,16.7121845925244,16.8310200632614
"4-fluoranyl-3-(4-oxidanylpiperidin-1-yl)sulfonyl-~{n}-[3,4,5-tris(fluoranyl)phenyl]benzamide",16.9275751856269,16.8907464783839,16.8738124819086,16.8787193942804,16.835802400182,15.9966230099319,16.9342150299284,16.8481715984776,16.89999519863,16.3764950877744,16.7806989683248,16.8804327683095,17.6902853173317
"4-formylaminoantipyrine",13.3131122456112,14.9660051984801,15.0221016527424,13.4896759625184,15.804466329133,13.3540344673595,15.3383228569052,15.1053643950082,15.646407797281,13.2994929701657,15.5142386811871,13.0735484035411,14.8235482705558
"4-guanidinobutanoic acid",23.3119861904843,23.7683289522277,23.8818982496315,23.5870355166235,23.5254190638931,23.206787496634,23.3434525098447,23.4698519604406,23.571230598099,23.0317684486154,22.921439694172,23.3216369261799,23.2822221946533
"4-hydroxy duloxetine",17.0771711913605,18.2468205205506,20.8304530179971,17.7945905555591,21.5315432598814,20.3856953684038,17.3136514857779,19.8891581926956,17.9081291937625,20.7770246197395,19.2498626241584,17.4594118880239,19.0506497614251
"4-hydroxy triamterene",14.7193402199202,15.7313861649428,16.6526675993973,16.0732917505165,16.0840939732566,16.0061547936825,15.7040298430614,14.9287745974938,15.8688193604392,15.6561583148511,14.5405352689282,15.6010057976753,14.5566718771994
"4-hydroxy-(3',4'-dihydroxyphenyl)-valeric acid",15.7837970400523,15.8268922599288,15.7537567864028,15.6212675058048,15.9191026433902,16.2624643171277,15.8285489583076,16.1252247348908,15.8409507750549,16.2392209902138,16.1873715596266,16.0668295903342,15.2617117612552
"4-hydroxy-3-methoxy-cinnamoylglycine",14.9979104335039,15.0459611341934,15.3488275222807,14.8777968952631,13.2253021594401,15.287096524713,15.2363309668064,15.1534206272521,15.2542538580397,14.6680081662764,15.322073173113,15.1383803581837,14.6640565976545
"4-hydroxy-3-nitrophenylacetate",13.8693454171419,13.1559814448169,15.0977983816319,13.1256298883559,15.1920360393669,14.9372012884851,14.0239866949007,14.857893038613,13.4630734813995,13.4282620843278,14.9713845418988,15.1165681895807,12.888127012278
"4-hydroxy-5-(3',4'-dihydroxyphenyl)-valeric acid-o-glucuronide",15.7360502628536,15.5138492212175,12.6842103066244,15.6019743787951,15.4995069745082,14.8241995323617,15.5863747302477,15.6029689041573,15.5452951938735,14.8180156352814,15.4828478865358,15.5334445096785,14.8361270709301
"4-hydroxy-5-(dihydroxyphenyl)-valeric acid-o-sulphate",15.9707688942162,16.0471169874383,15.6345596282575,15.2285774305603,15.4801719595219,13.8806570697382,15.9104370323167,15.6848977581037,16.1388486245441,14.424707430465,15.314305173907,16.0697610445373,13.1278367922242
"4-hydroxy-5-(phenyl)-valeric acid-o-glucuronide",13.1769710970824,13.1202139808685,12.6357329367493,12.7918442016564,12.5592370284311,12.9766581220293,13.2234047267343,13.0711538246875,12.7244393338684,13.0159806834478,13.1223591482869,13.7848867133574,13.211865242557
"4-hydroxy-5-(phenyl)-valeric acid-o-sulphate",14.5045608559366,13.902308994771,14.0445095882648,14.1297843438253,13.4007225419773,13.1530675124379,14.2735456376191,13.2035714791435,14.3806523156836,12.9664988324071,14.0701957139461,14.5744779324479,13.7421409548444
"4-hydroxy-5-[3-[(1-methylcyclohexyl)methoxy]phenyl]-3h-1,3-thiazol-2-one",15.5262253283871,16.4023784566279,15.7019308555166,15.7973002540701,16.0178231383896,16.499891658419,15.6454018453967,16.0327541445428,15.7745997268325,16.3013659524697,15.9211116303215,15.9134139163791,13.782909398063
"4-hydroxybenzoate",18.2187362163266,17.6615046223934,18.6691483365538,18.3930165911513,18.5775114068792,17.2235648856528,18.2302626780066,17.6547796120462,17.9749994478714,17.2555898636785,17.9576942959148,18.0609648701831,17.359580224173
"4-hydroxybenzoic acid",19.3750264998579,19.3823345953226,19.3953728270094,19.0047354947861,18.9656513749009,19.0160935466708,19.3160924576893,19.2316186110922,19.1472108470286,19.1340355180932,19.3519626126182,19.5283182555752,18.8691514580708
"4-hydroxycyclohexylcarboxylic acid",16.0924488157969,16.7059983249427,16.3638661890731,16.2007803549375,16.1638698571968,16.3596411111047,16.3414767663089,16.5223769104327,16.4035261081885,16.9041112824324,16.3889164803964,16.3651124282568,15.8946348004984
"4-hydroxynonenal",16.7844792041956,16.1466569005614,14.8216059817515,16.055040246253,15.2426189228378,15.5556928285626,16.5517225709958,15.6936428185918,16.4690735664314,16.0039278261688,15.2335291528245,15.6761516048712,15.3293301356453
"4-hydroxyphenylpyruvic acid",20.1415117548299,19.9938298140663,22.3589405061525,19.8110292496834,20.5073384549222,19.5145235645388,20.0959026065929,19.758489684984,20.4373132038063,18.9260965689295,19.9364325831476,22.7152731982556,20.1682185620221
"4-hydroxyproline",19.8394949094411,19.4456334567431,20.8314079707435,19.2417472689926,20.0780190918207,20.4629405249931,19.6855819416453,20.350155649584,19.2354894506416,20.005738499866,20.4071213960813,19.83173490064,19.8473896193124
"4-ketoniridazole",12.8971527322828,12.7964730832576,12.5964822840915,12.4805465893715,13.0088814703911,12.5275330549418,12.667595849547,12.894199516691,12.5211441797984,12.6144025829034,13.4367934197884,12.9616297404377,12.7269029123892
"4-mercapto-ethyl-pyridine",16.5699836259633,16.044304486072,15.7502226125778,15.9966576667292,15.0524083710373,15.7344096682014,16.1292998036799,15.8191772321442,16.0395358171881,15.6692189702546,15.8584235355282,16.5252576481084,16.4115328116244
"4-methoxycinnamic acid",15.6736127406828,16.4056469123281,16.7038843341912,16.2760873115986,17.1723645322422,15.8578583642646,15.9278473263569,16.4240850920597,16.2803331284662,16.4100150704398,16.6004728637112,15.8645316452809,15.709693062762
"4-methyl-1h-pyrrole-3-carboxamide",19.8910734250587,19.660647427955,19.8822588969057,19.7334339621705,19.5617464959569,18.7480475243281,19.575144034492,19.6290267235446,19.6367603509815,19.0713255302626,19.518889770481,19.6677527009941,19.2744030053859
"4-methyl-2-methylene-1-(1methylethylidene)-cyclohexane",15.5201142482661,15.7410814961961,14.5350711979542,15.0108343704723,15.3449808193499,15.0725532142014,15.6674988165895,15.7691635856277,15.6033490128035,15.3827876598338,16.144910813174,14.8066729238195,13.2065480504135
"4-methyl-2-oxo-2h-chromen-7-yl sulfamate",14.6261578463569,14.680273535273,15.2279785950957,14.4622488187447,14.6794482567493,14.5107764354154,14.5421175842805,14.7192505959266,14.2431734304769,14.8684345347983,14.8935202605263,14.6505913556062,14.6881971087896
"4-methyl-l-glutamate",18.4041597844334,18.3765346491239,19.6663774680467,18.9510426808274,19.783529322106,19.6846249445453,18.3854494987263,19.2350849967614,18.5954425550554,20.1310398788774,19.361441332642,18.762851015487,18.344871214414
"4-methyl-n-[4-[(4-nitrophenyl)azaniumyl]phenyl]-4-oxidopiperazin-4-ium-1-carboximidothioate",15.2679001176211,13.3874382762045,15.1918424564847,15.0713694227809,13.1013986216623,16.0253977747317,15.4142037712059,15.1349757588622,15.0630075660962,15.6671444855126,12.9659701745982,15.1550020027331,16.9621342919187
"4-methylbenzenecarbothioamide",15.8752374102515,15.7517166893461,17.7339749119512,15.6770525719344,16.218791059994,15.7596245442629,15.7579266399278,16.366767768079,15.8110163481862,15.5795648711096,16.6306752818448,16.1885920595881,15.6708632531228
"4-methylcatechol",14.4619908349042,14.8308678423157,14.3701016490091,14.4554616142909,14.6136172587106,14.925381461442,14.5363544571372,14.8007844811743,14.6191528143456,14.9705005532798,14.6313933643763,14.7742561543755,14.7895504134745
"4-methylcoumarin",14.794478990734,14.6056933839828,14.8410016957467,14.6092451911335,14.4069399101667,14.9072213842164,14.8260192799932,14.3674624751946,13.4218601360419,15.314973066232,15.3097357017461,13.3172923436394,15.0413436348361
"4-methylthioamphetamine",16.575520980653,16.4663372538877,15.3927780726355,16.2275262660165,16.317476311795,15.8083453842497,16.4439321811484,15.1975235306424,16.5705855582048,15.860512517407,16.0713688940775,16.3214765850671,16.8431854740483
"4-methylthiobenzamide-s-oxide",14.359800516835,13.8692621640569,15.1168899650353,14.1592516305931,14.395514911274,12.9371018379375,14.5482547331956,14.2438533647093,14.3479280110515,13.2688514689722,14.7225134792807,13.9271231846907,12.9070022692691
"4-methylumbelliferone glucuronide",15.5848848603663,15.1898971458761,13.1398630095111,15.4496518179638,15.3508669960278,14.8265235804771,15.8135924184794,15.6231782992751,15.4884655728763,15.2073248734478,15.6031117786651,15.1825278293173,15.4496393720592
"4-nitro-7-piperazinobenzofurazan",16.7675115894265,16.5080265043256,16.8922141785841,16.6552717157758,16.6434265441036,17.1097633116824,16.692136230825,16.5739380244622,16.3721453654829,16.9589525272912,16.7801551855808,16.5247776330112,17.6458873463287
"4-nitrophenol",15.9217617684623,15.777841752965,13.491575112929,15.9647954520783,16.0230153771318,16.042931841418,15.7869300557142,16.1700851676556,15.8629340479261,16.3294805587164,16.1312836481234,15.1417377427211,14.9552515185902
"4-nitrophenyl beta-d-glucopyranosiduronic acid",15.2281952324529,13.7749963377855,17.1669029298633,15.3854286380086,17.6725063192555,19.7139738860603,15.3557368876124,17.7478044599263,15.9144854208287,19.7435474312871,16.2426199133414,13.3020615975331,19.2750584865472
"4-nitrophenyl phosphate",16.2841026891193,16.2509936189016,16.0749933730828,16.0390901405143,16.4076782395757,15.9245618654527,16.1711972294011,16.1815571167059,16.1606957027349,15.9960307482002,15.7467720094101,16.2361666660724,16.3113796371814
"4-o-alpha-d-galactopyranuronosyl-d-galacturonic acid",14.5632128988948,14.0479179705073,13.3273646148626,13.8174035419697,14.4161600940043,14.7938770702075,14.6812830139169,14.6531654064727,14.1623718591034,15.2482537841706,14.810810089407,14.2370535828461,15.3882510956119
"4-o-carboxymethyl ascochlorin",14.0960786995941,14.0020203876152,13.7938560123009,14.9864704788898,15.0443344756226,12.9829970025955,14.2238764462236,14.0947139664259,14.6382706778472,13.3937034085996,14.1269891087807,14.2448855180485,13.9791403952049
"4-oxo-2-azetidinecarboxylic acid",18.303371810301,18.3434825358224,18.0493596056057,18.27805968057,18.5622539332937,18.2064370236256,18.1299038017271,18.6185646042879,18.2927014440248,18.2577691629901,18.2511563740054,17.9776757049422,18.0837576199672
"4-piperidinol, 1-hydroxy-2,2,6,6-tetramethyl-",19.9146476943742,19.5129517582015,16.7049021507159,19.4594739015188,19.3191789946793,19.7700256463743,19.7952208309535,19.8331246211062,19.6002453982417,19.4909490189946,19.589644446944,19.5450690539905,19.7382444852921
"4-pyridoxic acid",19.4439594418938,19.6474374596564,20.6091151689035,19.4674365160808,19.3840116042304,18.7782578748672,19.474538594769,19.9509323731926,19.5621778646143,18.8450339272769,19.7752748005929,19.885428595319,18.3852535040891
"4-sulfoxyphenylacetyl dehydroalanine",15.9467058283364,15.4006515069917,15.6246949329754,15.7515041346905,15.671991549495,14.7239390438001,15.3060614678687,14.8025883859675,15.3893019301235,15.11908466648,15.2365311640554,15.5666661048625,14.3957235643243
"4-trimethylaminobutyraldehyde",20.9528510644076,20.5853003309547,19.3750494516377,20.9258509295856,20.4080156825618,19.2886577775012,20.9690073546974,20.672434669794,21.2024885142637,19.5646034020645,20.5167159862875,20.3784636313907,19.039945030088
"4-trimethylammoniobutanoic acid",20.7845020000723,20.9615117600036,19.4369684864846,20.7018648485191,20.5052655315436,19.9654956584034,20.8029783542054,20.3847144043895,20.7597667553382,19.861825058266,20.4800290495605,20.2551064341276,19.4914491431095
"4-vinylphenol sulfate",12.9380334731551,12.3227454667423,12.6775346957097,12.5899388223125,12.2569731755409,15.2500744080476,12.4041483628802,12.3693665311002,12.2437279508576,13.4679476234524,12.3606046514622,13.413538200195,13.4324770946097
"5'-(1,4-dihydro-1-methyl-3-pyridinylcarbonyl)-3'-azido-3'-deoxythymidine",16.0705252388854,16.2258498852931,16.4404088129862,16.5159782560322,16.2666674196582,15.8884961993967,16.2250784098281,16.111695366566,16.1744057334958,16.1680267837005,16.1639278971974,16.1101044185264,16.4022388343539
"5'-amino-5'-deoxyadenosine",15.9739621322289,15.6164888893543,15.1503852224764,16.1379856805649,16.1990713791371,15.2745428583646,15.9175011927327,15.6660243838513,16.138535483111,15.5528075321132,15.4370900660591,15.4329679247892,13.6402214583678
"5'-deoxyadenosine",16.1237803810934,16.3484613127772,16.1992772372696,16.2383268766248,16.2687539341969,16.0995772747651,16.0263090169455,16.3926467630393,16.1682923428643,16.1938182506544,16.0779462890241,16.1718103213263,15.3669534821479
"5'-methylthioadenosine",18.1546220271912,18.3911052897809,18.5416402954485,18.0656870963521,17.9404003451485,18.2695007477539,18.1487630689592,17.8969178958387,17.9136746477044,18.7235271021433,18.425115023663,17.7515573682152,17.547763824584
"5'-n-ethylcarboxamidoadenosine",16.9099303215175,17.1161717344632,17.0763458983212,16.9610299271727,17.1277984096437,17.3756045424695,16.8476319020528,17.2700581609152,16.9905473034706,17.289591922912,17.0531676960721,16.7956955626207,16.6673299698778
"5'-n-methylcarboxamidoadenosine",17.2644063937194,17.2447617717892,17.3083047992887,17.252053967737,16.648789150784,16.4574110718612,17.289551674223,16.1366397582935,16.9946710828463,16.8050282097372,16.6451359841156,17.468752465204,16.9144495192648
"5'-s-methylthioadenosine",14.7204100839423,14.8499778233762,14.5458769169836,14.8276683866634,15.1182555365125,14.607711108745,14.7780341634962,15.0039390476695,15.0653140514277,14.6493026274654,15.2922100392751,14.3842046051876,14.2965360481598
"5'-sulfamoyl-2-chloroadenosine",14.0489209988795,15.2637262621306,13.1458241111954,15.1142257882797,15.4806098628679,15.4930805289733,14.6606581982214,14.5421220117088,15.0208669764401,16.5273329932492,14.253065956754,15.206779494568,16.6602284773209
"5,5-dimethyl-1-pyrroline",17.717137289952,17.7475532672773,16.9065856881321,17.7762757753856,17.7428436606912,17.2878693398593,17.7948962110612,17.5288495430173,17.3154249023118,17.2906269629614,17.2844607574952,17.6842849963638,16.3865170855646
"5,5-diphenyl-2-thiohydantoin",17.6083295796785,17.6831069212398,17.794423130192,17.5026434561137,17.7632944788451,17.2931482391843,17.5492279130379,17.6682988206719,17.6292283427042,17.4230078498854,17.6129778249716,17.6543632670658,17.2772075992974
"5,5-diphenylbarbituric acid",15.8686000431277,15.851440542392,16.6036189170237,16.31387729139,16.1221907857892,16.1530474635191,16.0466079824988,15.7892256485974,15.6425601255444,16.639053395238,16.2159672516023,15.7737144768796,15.8794526519265
"5,6-dichloro-1h-benzimidazole",18.4773638544296,17.9909161178928,18.0943374948439,18.1332000282542,18.1943931040549,18.2266990345335,18.3613919371846,18.4431565631312,18.000406204117,18.0219380936169,18.2922045467013,18.1922934911212,18.3966717798936
"5,6-dihydrouridine",19.6678828211178,19.7313418150189,19.8217005522227,19.8724808966611,19.8838165400207,19.6641986466013,19.6497438752543,19.7681034085977,19.7092047664551,19.786090234345,19.6884726941832,19.7376287898739,19.5107206740705
"5,6-dihydroxyuracil",16.2475155787594,16.3166604446877,13.587132022868,16.3313974010888,15.7600071510351,14.5746233380908,16.5892619173595,16.4035559039482,16.4931771613922,15.1192440474462,15.9108607624944,15.5078445020217,13.53095094017
"5,6-dimethoxynaphtol[2,3-b]furan-4,9-dione",13.1297493737435,13.9639243321706,13.2342227358428,13.112232253454,13.9744141534708,16.6734684053278,14.3917487647385,14.4997368920915,13.3740360523348,16.2032653215566,13.4721623345932,13.951034190279,17.8491933710004
"5-((1-ethyl-4-piperidinyl)oxy)-9h-pyrrolo(2,3-b:5,4-c')dipyridine-6-carbonitrile",15.7274054492169,15.9147325386958,16.8403542299862,15.5499695469968,14.7900293347066,15.5692673702604,15.6079651989592,16.0242186110889,15.7497174975546,16.054193603782,15.9515299722938,15.8144742114645,16.5590581607197
"5-((7-(benzyloxy)quinazolin-4-yl)amino)-4-fluoro-2-methylphenol",16.7653083505532,16.5833628381627,17.380061958176,15.0520301503313,16.9679653002359,13.1678510336023,15.0929575477548,15.0152377950105,16.9244732337417,16.6008167689809,15.5322538963921,15.774375463738,16.9487514421186
"5-((p-hydroxybenzylidene)amino)-3-methylisothiazolo(5,4-d)pyrimidine-4,6(5h,7h)-dione",14.8238547361872,14.5973119610595,15.2262377392591,14.4623473647584,15.0446214994884,14.7031523663326,14.9886090082333,13.393185214836,15.2743427987466,14.6886418452459,13.4216869763904,14.9641499547644,14.1223575091692
"5-(1,1-dioxido-1,2-thiazinan-2-yl)-n-(4-fluorobenzyl)-8-hydroxy-1,6-naphthyridine-7-carboxamide",16.3288286229614,15.109180998427,16.3337065059335,14.9109013764349,16.6875216768929,13.554062680505,16.1966529750381,16.6920008077601,16.3282506405366,15.424817009747,15.1137174549686,16.4993857729879,13.8489575543282
"5-(1h-indol-3-ylmethyl)-3-methyl-2-thioxo-4-imidazolidinone",13.8064428920949,14.2386528737153,17.0831646365323,13.4398742250524,15.0103898038903,16.1459551315709,13.9576888750103,14.2730122182564,13.6072890840894,14.3643784921502,14.9075585962321,15.480834796634,15.8382022134888
"5-(2-propoxyphenyl)-7h-[1,2,3]triazolo[4,5-d]pyrimidin-7-one",16.2939543951209,16.3615065282773,18.215778702034,16.1613739161651,17.014666978436,17.8386546431837,16.1493344173392,16.6637587429937,16.3416891801541,17.0245163051623,15.8692269529115,16.6255710950068,17.1186057738155
"5-(3',4',5'-trihydroxyphenyl)-gamma-valerolactone-3'-o-glucuronide",14.0988692568306,12.6017309872499,14.5489121876061,13.5413187880782,13.1025236558624,14.6153832809174,13.8813430585428,12.6456714288826,14.0611278911297,13.8367648219028,14.0783490058467,14.5257355274867,14.4586703411115
"5-(3',5'-dihydroxyphenyl)-gamma-valerolactone 3-o-glucuronide",14.0025877824124,14.1135547899052,14.22119973455,13.8723259448514,14.4227311130619,14.1911134631517,14.1467648104561,14.3960251042955,14.0666600795618,13.8376278554254,14.2625187291996,14.2101486676474,14.2641122849146
"5-(3',5'-dihydroxyphenyl)-gamma-valerolactone-o-sulphate-o-methyl",14.5141846732187,15.0062046242074,14.9536592070246,14.472013293004,15.1266724752693,14.8703990771585,14.7798661526971,14.5428991767874,15.217468403112,15.1811686335024,14.3983974813949,14.7704526273812,14.6212534279515
"5-(4-methoxybenzylidene)-1,3-thiazolidine-2,4-dione",16.6400536689191,16.8696917360233,15.4071420443366,16.2733289125689,15.5086757605462,15.7925305834996,16.5396140914926,16.078677784596,16.3862685956311,16.3075210905375,16.6986442880372,15.8871646432822,15.9110016482446
"5-(5-(2,6-dichloro-4-(4,5-dihydro-2-oxazoly)phenoxy)pentyl)-3-methyl isoxazole",16.9938225454188,16.2119333592603,12.9453352170688,16.6783131968428,16.5750703487893,14.3783898291787,17.2587069371581,17.5224685100994,16.7619356079393,16.05665880238,17.498860381086,15.5532052170197,16.4321414550292
"5-(diethylphosphono)-5-methyl-1-pyrroline n-oxide",15.9395411246278,15.8705095700862,15.6871089350552,16.0926921757648,16.0901503016158,15.688295234419,16.0604725701763,15.976406127413,16.2410611631266,15.5826972371709,16.1506591404446,16.262808924062,15.2150254650578
"5-(hydroxymethyl)piperidine-3,4-diol",18.8247130492988,18.5695048985118,18.3417032363252,18.5047240385788,18.4477246278763,18.2250584890438,18.7366166669625,18.6507178848534,18.442912801352,18.0476161512685,18.7266833173508,18.304870782675,18.2853053171503
"5-(hydroxymethyl-2-furoyl)glycine",14.0837428127041,14.9575417881446,14.1093575612904,14.1881361783486,14.9003451988579,15.2961537512018,14.1370355933776,14.8221312305553,14.9008770087513,15.591510337332,14.6145154323125,14.2398928966129,13.1616919270586
"5-(hydroxyphenyl)-gamma-valerolactone-o-sulphate",15.4156869753257,15.9410444169732,16.0998318789557,12.9673511352212,15.3380617618388,14.1837982751643,15.1321655833229,16.1599298738406,15.9498034816548,14.969140096329,15.1654141688452,16.2051123303582,14.5086998832125
"5-(methoxycarbonyl)thiophene-2-carboxylic acid",15.6815451542151,15.1579512767553,16.2025037588818,15.1224785775619,16.0566220201955,16.145728932618,16.1595908396921,16.6025620264125,15.6744600629052,17.024494661233,16.890576136818,16.9233888396307,16.6949465968511
"5-[(2r)-3-(2-carboxy-4-oxochromen-6-yl)oxy-2-hydroxypropoxy]-4-oxochromene-2-carboxylic acid",13.0091581582895,12.5510990324182,16.8056854502479,12.3049487146371,14.8687044638564,15.6374527156947,13.2167279417488,13.7792764260087,12.4281024944276,12.483763247937,14.9438522485462,15.8118930818669,15.3391972153371
"5-[(azetidin-2-yl)methoxy]-2-chloropyridine",18.4857739883037,18.8287722522086,19.0646980655038,18.7400912031693,18.8534194457947,18.8066840832484,18.5583467926239,18.6991607103335,18.6824393033634,18.7586672648365,18.4798385261964,18.5457000704016,18.1126549301362
"5-[[5-[[5-(pyrrol-2-ylidenemethyl)pyrrol-2-ylidene]methyl]-1h-pyrrol-2-yl]methylidene]pyrrole-2-carboxylic acid",17.3467979006978,17.2441752785939,14.7103410500641,17.1322664077495,17.18892199189,14.761833858619,17.2485403538392,16.9716363398506,17.489435597646,15.0326573218324,17.4903448600081,15.9513905478393,14.9551500607451
"5-aminoimidazole-4-carboxamide",14.3132413275539,14.3410181073582,14.246460572376,14.0618922247279,14.2688535756634,15.4652228174927,13.9420960441123,14.1073111149103,13.543844705268,15.0864654872464,14.1874762150103,13.4503971458167,15.1941497085361
"5-benzyl-2-[[4-(3-chlorophenyl)piperazin-1-yl]methyl]-6-methylpyridazin-3-one",12.8665846469683,14.1754477923884,14.9616769648023,12.9038316092402,12.5552445890562,13.9913718572232,13.6404032515544,13.2667352111347,13.9988241426956,14.344584306845,13.3634278916584,14.3506114944206,12.9005904607915
"5-chloro-2'-deoxyuridine",17.8205890887061,18.2617013906022,17.3653941503713,17.9179668084333,17.5824431470289,17.2597594228101,17.7040914949308,17.8442487201052,18.0119274204719,17.4561862931305,17.6579452099772,17.564516259917,17.445907074021
"5-chloro-3-[2-(2,6-difluorophenyl)ethyl]-1h-imidazo[4,5-b]pyridine-2-thione",15.100588588514,15.4212162966072,15.2053777434187,13.5634145988263,14.8633215936873,14.4058570518571,14.8354909981921,15.1958414850139,15.4828815424622,14.6300062546037,14.6980644021315,15.4695880754974,14.9678461179123
"5-chloromethylfluorescein diacetate",14.2274151563659,13.95810482064,14.9921849264066,14.5205227323497,14.744757059782,13.7247865404127,14.2803735676045,14.4116977722883,14.7270413129596,13.7427528658698,14.872072927769,14.1758730271888,13.4807892770267
"5-diazo-4-oxo-l-norvaline",15.442591828733,16.3444216845542,15.9729283364091,15.9536213855893,16.3076087352065,16.3500926939535,15.4234365941848,16.1195463414297,15.658210172592,16.3252026276305,16.1411995883403,15.3625417741807,15.3512131170807
"5-hydroxy-1-methylhydantoin",17.4537166413934,17.4181742021299,17.9329981488938,17.6120854398455,17.7812668872849,17.9497788808967,17.6778367414027,17.7713139985575,17.849915701248,17.6866914779054,17.5993568287991,17.8954313732889,16.812901669038
"5-hydroxy-2,4-dimethylthiophen-3-one",15.0439547617594,13.8071480105685,13.587132022868,14.7214165832178,13.4489177116568,15.7687337984657,12.7205172036848,14.9819807574857,13.2900698092191,16.0950224337664,14.824669649184,13.406144753516,17.0108156767104
"5-hydroxy-2-imino-1-methylimidazolidin-4-one",15.6961572380696,15.8159758103465,15.2352693677645,15.6359421501029,15.7162970416579,15.5601137369837,15.5322814279742,16.0030419306831,15.7000225020197,15.7076852469306,15.7528621452545,15.1326289360547,14.9255528927537
"5-hydroxy-l-tryptophan",17.0258713293043,17.1292340746205,17.3420556743209,17.201314826843,17.2431188461796,17.1739143686826,17.0879345717361,17.0630998809372,17.1273990484831,17.2334369667743,17.1480374234458,17.2637021301011,17.2164054947858
"5-hydroxyindole",20.3956514293742,20.4671379960478,20.7560978092819,20.6811258976627,20.5206027306537,20.3926189894536,20.4648362040164,20.2184405242291,20.140388003167,20.4154337962686,20.4992401111476,20.2188186767806,20.3747846519258
"5-hydroxyindoleacetic acid",18.1880039782486,18.0287107348812,19.2032163143821,18.5181130841335,17.8507052381898,17.0922647125457,18.2603230572129,17.9395626264467,17.8004935822329,18.0003844087636,18.2834490342526,17.934171177679,18.3467867350994
"5-hydroxylysine",14.7506471999583,14.4672529682098,17.0609863458176,14.6035258339763,16.7346098179226,16.7301175940888,14.7181336444067,16.9318235229183,14.6387820492917,17.0977927437988,16.9570089081363,14.230707157134,17.0610100718321
"5-hydroxymethylflucloxacillin",13.9244033072651,15.1853996928164,13.7895050338691,14.3463098903378,14.2520320318262,13.2765461761183,13.8684232898173,14.6908462736451,14.2508031329985,13.5949240041042,14.4734382610849,13.9381997330952,13.830117330771
"5-hydroxymethyluracil",15.6185087301065,15.8721786285568,16.1788948859587,15.8403580196072,15.9504597084769,15.3491076772692,15.6793146730846,15.6594544013778,15.6786091649,15.4062990771652,15.6616937349144,15.592190762712,13.0267606285411
"5-mercapto-2-nitro-benzoic acid",13.7610370177532,14.3159927261591,13.9591334061388,13.6490690696465,14.0730200153784,15.0958884153428,14.0243251457389,14.3092677315761,13.6402146976541,15.0026218847587,13.8060226853202,13.3414660339224,15.8985298638408
"5-methylcytidine",17.5369544479049,17.4214147451867,17.9382229764297,17.7064667214785,17.5881054214143,18.0219079517616,17.565843353058,17.6607049003523,17.6046508427586,17.9927686971076,17.6787838907701,17.6810171554315,17.7029483738063
"5-methylcytosine",18.0474123279773,17.8456436392067,18.2047797465817,17.8181958779249,17.8541213304342,16.905723669005,17.957612329322,18.151412845864,17.7499398913493,16.637381651561,18.2078701502336,17.8026930908609,16.3983588675258
"5-methyltetrahydrofolic acid",16.4510824270126,16.1707692484909,13.7307314638949,16.235845445531,13.3079246602485,15.6288563606076,16.7587426016931,15.5523948613565,17.0160348573058,16.1790664028906,16.050767969117,16.9549988225621,14.4561878567185
"5-oxozaleplon",15.3334037897066,15.6994669454241,15.6300167207771,15.5419403963791,15.1551460631416,14.9388943388286,15.3225339878908,15.3968834862198,15.6047616762817,15.0521729769108,15.3835102197266,15.3963293456934,14.9384947617394
"5alpha-tetrahydrocortisol",16.6018030468355,15.7850912915137,16.6992056825601,16.1859116457154,15.887390264955,17.1572043032147,16.5318439909339,16.7818649799656,16.0062904331867,17.2299216655164,16.9185885718491,16.4349795343456,16.086126212069
"5z-dodecenoic acid",20.8716516522089,20.913736778287,20.5498422096941,21.2236512122617,21.1852036107455,20.6666845964811,20.8902309172533,21.097988064473,21.2343109220311,20.7102795516474,20.9433248026491,21.3068905018702,19.2724314232698
"6",13.6183751528791,14.0132747344196,12.9792882227089,13.7777080278982,13.0599137455128,13.0233410613433,13.8585417280371,14.0669894293443,13.8446927630033,13.6135514495312,12.7809560495814,12.5443946048977,13.2770421985297
"6-(4-(2,2-di(4-fluorophenyl)ethylamino)-1-piperidinyl)-n,n'-di-2-propenyl-1,3,5-triazine-2,4-diamine",15.3808059986618,15.0256933541396,14.0896495502202,15.8667667671866,15.0452854798222,13.9149850162694,15.6571059216567,14.7352270623267,15.2678614487537,14.8793814393648,15.2197666395996,15.653542457674,15.0677389343581
"6-(4-azanyl-4-methyl-piperidin-1-yl)-3-[2,3-bis(chloranyl)phenyl]pyrazin-2-amine",14.755046465656,14.0101499823704,14.603622828768,14.3777465981093,13.1140556706686,14.2748579776114,14.9298716200707,13.9694728093377,14.7113651883078,12.8774246780087,13.9501821574625,14.0227663329874,13.1518763106816
"6-(4-carboxy-2-hydroxyphenoxy)-3,4,5-trihydroxyoxane-2-carboxylic acid",13.9114830519509,13.6810211768321,15.1241856955535,13.3810372300043,14.2701757355079,15.0191610985537,14.2982014681334,13.8564242514763,13.5797377360226,13.3894628893098,14.0299117700813,15.3636070937421,13.7314348326035
"6-[(1z,2z)-3-hydroxy-3-phenyl-2-propene-1-ylidene]-2,4-cyclohexadiene-1-one",17.4709686335557,16.6114724619432,18.1937352718985,16.8105244129216,17.5647307365791,18.330661157994,17.3805599829604,17.6390079883631,17.3633100157112,18.304252954928,17.6676406990166,17.3778036738401,19.2035988450167
"6-[(2s,3s,4r,5r)-5-(6-aminopurin-9-yl)-3,4-dihydroxyoxolan-2-yl]oxane-2,5-dione",16.6501448699039,17.0289672721642,17.4563529668583,16.8875125164307,17.0852211723312,17.256405881126,16.6986312015275,17.1639757447165,16.7287958620738,17.2682124824668,17.103248147062,16.6252987007481,16.6846854821647
"6-[3-(1-adamantyl)-4-hydroxyphenyl]-2-naphthalenecarboxylic acid",14.873639970155,14.5597365516385,14.3781238083095,14.7709670071352,14.8060514072131,13.5628969836006,14.4178378364416,14.6626185066927,14.4710988501563,13.9841673136171,14.4357583957349,14.4928504540932,13.6413126794031
"6-[3-(2-carboxyeth-1-en-1-yl)phenoxy]-3,4,5-trihydroxyoxane-2-carboxylic acid",14.2005074297415,13.0361190831247,13.5170652862874,14.0891451233491,14.158453056285,13.6116075310802,13.8450183380189,14.0556807805598,14.0886970954507,14.3447965313158,13.9430233808673,14.4913178563786,15.8783205238835
"6-[3-(carboxymethyl)phenoxy]-3,4,5-trihydroxyoxane-2-carboxylic acid",16.2665278093321,16.1812980914282,15.5283637812727,15.9183709533311,16.0225456532554,15.6943514660354,16.1822706414732,15.8739071442981,16.1495190471696,15.9092429068384,15.4913213268431,15.4899630045589,15.8067115866382
"6-[5-(4-carbamimidoylphenyl)-2-furyl]pyridine-3-carboxamidine",16.1437834484094,16.3832824309328,15.8236075715307,16.2116479062648,16.3299681091128,15.2563990638718,16.2807363149269,16.4966623916394,16.2645666001502,15.5950454967881,16.3410424037978,16.2230571360096,14.4678791680707
"6-[ethoxy(mercapto)methylidene]-1-cyclohexa-2,4-dienone",16.0167944081889,16.4815160543125,17.2065465691724,16.0437238058664,16.1678849708445,16.5707304142205,16.0631995599061,16.8235916421815,15.8936500833959,16.4347755521322,16.4707566276097,16.1729600476481,15.7516136926055
"6-amino-1-naphthalenesulfonamide",13.1311100733616,13.2536533083627,14.9715150605545,12.7263294780344,15.0625296644245,17.5067452340443,12.5855768656513,15.1550184096966,12.6778029001405,17.4019344304887,14.1736622001078,12.7698098136131,18.0134253950642
"6-amino-n-[6-keto-6-(6-ketohexylamino)hexyl]hexanamide",15.8834226222191,16.091354252715,14.4928721749975,15.9348863162251,16.1148663468804,15.7182003689585,15.8967551506763,15.2723747001336,15.3617976672933,15.7070220765731,15.567642002096,15.9540282775785,13.7036007863079
"6-aminocoumarinhydrochloride",14.2827981391833,14.5824797673974,13.4442267061099,14.7788936312555,12.3390332237913,13.9343658882775,14.2626046073439,13.6927109936148,14.3437510228799,14.7694476843392,13.3297000918543,13.8231852356645,12.6041967996445
"6-chloro-2,3,4,9-tetrahydro-1h-carbazole-1-carboxamide",15.8394214986131,15.8509967177082,15.2138536970828,15.7277120964308,16.1942295304529,16.2462485838563,16.0271885923435,16.6966047559718,15.8925116281054,16.3016250983142,16.4313570907928,15.3912431608297,15.5865282743824
"6-chloro-2-pyridylmethyl nitrate",15.4806750097249,15.4473589305626,15.4637999126098,15.3690353343465,15.3435774375573,15.5468939400977,15.3724897729649,15.4772853705816,15.2789738255884,15.7341819556179,15.6112325350535,15.0401509038757,15.7500055551805
"6-chloro-5-(4-(1-hydroxycyclobutyl)phenyl)-1h-indole-3-carboxylic acid",12.5270350868204,14.1472728210046,14.4660106806362,14.0542988046773,14.1469807386435,12.9471966558604,13.0947928470929,13.3242900761771,14.396530953001,13.5144825115757,12.6457494486787,13.001026105961,13.6642070021353
"6-chloro-5-methyl-n-quinolin-4-yl-2,3-dihydroindole-1-carboxamide",14.181996270926,13.8795651312203,12.6019351002091,13.5344880332994,14.2384845876734,15.280657448252,13.9844749678845,13.0643865461225,13.7233750876194,14.8480706983789,14.3130180448594,13.8491258575263,12.8208350506058
"6-chloromelatonin",17.083351832754,17.3819117302039,17.0225809013338,16.8864932500336,16.9168027798943,17.9585633445296,17.0099834397272,17.3559446253522,16.8209384941215,18.1362786569171,17.4317304910645,16.8728590113083,16.9182088672055
"6-deoxy-4-o-(3,6-di-o-methyl-beta-d-glucopyranosyl)-2,3-di-o-methyl-alpha-l-mannopyranose",15.6012232144109,15.55769587449,16.0811844090541,15.450183754575,15.7946609550796,15.9957835199261,15.4241057506737,15.7722814241771,15.5839419078836,15.9626536552365,15.4237202186105,15.7737818681019,16.2417314261607
"6-diazo-5-oxo-l-norleucine",16.8847732553193,17.6707970036075,17.4446896430488,17.1071317623197,17.1336953612204,16.7841231169837,16.5325518204752,16.7744517477508,16.9518302191512,16.3732125489104,16.5925900140306,16.9125164759837,15.1238939110091
"6-fluoromevalonate",19.359886971552,19.6333391118462,20.032631405578,19.3830924828121,19.8459661675044,19.838523648446,19.3925910648072,19.904341930129,19.4188076283133,20.1059508174689,19.7831261485509,19.5579834306686,19.5095116280407
"6-guanidino-2-oxocaproic acid",20.5741659955767,20.1978822929309,19.1678661098537,20.3817165103977,18.8837606986314,17.2827703733672,20.4991088638629,18.3316131893746,20.468470499274,16.7239891710044,18.8626001793556,21.0385291347121,16.3835848281978
"6-hydroxy-3,4-dihydro-2(1h)-quinolinone",16.8704758785135,16.6891228436381,16.7092058725383,17.1169560530832,17.2563147184381,17.0150673896391,17.3382425294624,17.3355383724235,17.4455341225442,16.7460437957108,17.3898455650738,17.6811416592674,17.238696610962
"6-hydroxymelatonin",18.0315873433984,17.7215177065448,16.3743077833118,18.302562585604,17.1396302978536,16.3595429811417,17.9567312019363,16.5110632966083,18.0291086830486,16.1028771688318,16.5941825544828,17.8993580340866,17.1696211381659
"6-hydroxymethylpterin",17.5384351821895,17.7671781486083,16.9008455978948,17.5308962763812,17.4020276710592,17.640946851791,17.4570776682727,17.8757613318963,17.4713782582366,17.6599050668049,17.615503907136,17.0157104592763,17.341300566949
"6-hydroxynorketamine",17.9124182896824,18.1856497797287,17.898675269233,17.6784840236024,17.7243574151735,18.5944766954203,17.9877697885593,18.1601070394506,17.6024172853099,18.8765937316348,18.2207134422595,17.7017408038541,17.513040709981
"6-methoxy-2(3h)-benzoxazolone",17.7152306948625,18.1600733459319,17.8393502839618,17.8269737702193,18.2879000458084,18.0985507929369,18.1154646389748,18.1954663832566,18.250539078236,18.2233674932904,18.2331034355114,19.4838688286225,18.6499793259394
"6-methoxy-2-[(4-methylphenyl)methylsulfanyl]-1h-benzimidazole",16.3332177294193,16.3536396864816,16.1798152702304,15.6743326082079,16.5236263167346,15.4215037528607,16.0391733554852,16.4386278645613,16.5718379200061,15.1638717432335,15.6259945280539,16.3822819952161,12.9380512257184
"6-methyl-1,7-dihydro-2h-purine-2-thione",18.0724822131916,18.1508165136685,19.227723734437,18.039348013838,17.9351319267904,17.6531375709997,18.1525423462202,18.0678323326798,18.3289503247919,17.5325268818086,17.7532372577539,17.7794124468642,17.2510740614833
"6-methyl-3,5-heptadien-2-one",17.5054743593638,17.4907169774867,17.5325481480748,17.6112833698347,17.4443214762902,16.4841173785992,17.3798917617503,17.3807580739809,17.439669499283,16.6760206714648,17.2903629742957,17.5396311680528,15.9150117547809
"6-methyl-5-pyridin-4-yl-3,6-dihydro-1,3,4-thiadiazin-2-one",16.8130413608035,17.3025164529133,17.2321099783846,16.1395198333289,15.7046327585623,15.3367197348452,16.6887824419784,16.8754301928364,16.7963449856498,15.9784173182786,16.1146557157044,17.0104591132018,15.3392510611429
"6-methylnicotinamide",18.1460624352445,18.2170652545168,18.4283123890762,18.4246036098495,18.2690339365222,18.1546223869833,18.2576278352341,17.9922886972382,17.9236448034843,18.211076643653,18.2431089503806,18.0310007623197,18.0183125091819
"6-methylthiopurine ribonucleoside",14.7272234379982,14.9395889693354,14.4906000151319,14.7111701029334,14.7644068346702,13.2986852979519,14.7412483642019,13.3466110619392,14.8762608808081,14.6246165252327,13.7201446255311,14.6231311107941,13.6466628905723
"6-n-propyluracil",16.9896283092995,17.572335274422,17.0634061406765,17.4377743820241,17.3173602784266,16.9116116632613,16.9225205024646,17.3230853450458,17.3458766423284,17.4111055978684,16.8367914609926,16.978892685947,16.2648493676942
"6-oxopiperidine-2-carboxylic acid",20.3635951743656,20.7835036579976,20.7302260802985,20.5325730013363,21.4501458482368,21.8290759716542,20.3777233174673,21.2491026039378,20.7909761799368,22.1932490151084,21.1466712470802,20.6039488571516,19.6956923094512
"6-phosphogluconic acid",14.4144340260672,13.3733030445276,18.1341057341099,14.0684609845562,13.0999175759228,14.1640268514569,14.0973820090582,14.548503848872,14.2720210576304,15.5630269101352,13.816478440783,15.7422927373147,14.2911616975986
"6-phosphonoglucono-d-lactone",16.6123254863076,16.6313240873452,15.6102086472704,13.2022609972409,16.2028614280186,18.4271701244342,16.5535827860793,16.994412900721,16.5906984840603,18.2663959450678,15.4686089138376,16.8105705697022,18.6778114371856
"6-thioxanthine",15.8342093131769,16.575287743551,13.1261462732403,16.1052543404893,15.0220446276871,14.5318508797719,15.4766711838895,16.0018701466945,16.0078335677473,15.7699008411614,14.9790772307262,15.3570256824458,15.2353148780521
"6h,8h-3,4-dihydropyrimido(4,5-c)(1,2)oxazin-7-one",18.2711100424498,18.412070885265,18.9009071334405,18.5427703331782,18.1716641675254,17.7212772569423,18.2761012214157,18.3005290337753,18.0730401350112,17.8703751735223,18.41181589689,18.240247597513,16.9127641601868
"6h-dipyrido[3,2-b:2',3'-e][1,4]diazepin-6-one, 11-ethyl-5,11-dihydro-5-methyl-8-[2-[(1-oxido-4-quinolinyl)oxy]ethyl]-",14.100687881887,14.3638102215977,15.2826512285932,14.4167020873786,14.7043217964461,14.3348534012108,13.957676518149,14.8219735191295,14.2258872578013,14.4138053871606,15.0004665246153,14.9108936200267,15.3096189562662
"7,7,8,8-tetracyanoquinodimethane",16.1816071868685,16.3007637792528,16.1801699999127,15.6672713908997,16.2564782337951,17.1515083103447,16.2103259315934,16.9430302737148,15.9745468689317,17.2777373124187,16.739669252069,16.6794167338893,16.4282862571312
"7,8-dichloro-1,2,3,4-tetrahydroisoquinoline",15.9317526809204,15.8858459268471,15.1515276462134,16.4160576103312,16.8218438479358,15.3592405117028,16.3354326099049,16.0523406407467,16.6133744529502,15.5012500605148,15.9339754213523,15.2078365240115,13.2814864074348
"7,8-dihydro-2'-deoxyguanosine",20.5419030264562,20.6541981979493,20.6818332466526,20.4458557019216,20.106534992555,20.2391341145119,20.3775168731862,20.1316964499153,20.3415083769283,20.1064189887806,20.3126497630904,20.2022784678323,19.9752120582276
"7-(2-hydroxyethyl)guanine",17.1311672025091,17.8994552245526,17.4114866789782,17.3839779171608,17.5981214149646,16.6910702116987,17.5832661562023,17.9026733453393,16.7803177753993,17.6092755218767,17.8866127839603,17.477260279314,16.6957349471813
"7-(3,5-dimethyl-1,2-oxazol-4-yl)-6-methoxy-2-methyl-4-(quinolin-4-yl)-9h-pyrimido[4,5-b]indole",14.9270385528947,14.9281186372636,14.8868969158079,14.9688426724659,14.9012089817613,14.5198498200382,14.9173221138557,14.8584560714137,14.9376766921895,14.302886098868,14.8566343377961,14.9188685715748,14.7339393609962
"7-(benzyloxy)-4-(trifluoromethyl)-2h-chromen-2-one",13.3470975387891,12.5982572676267,16.6669642726991,13.0056713063522,14.6605979738918,16.458808601922,13.2801902680435,14.6856239970787,13.1785526626605,16.0830324863719,15.5712547435072,14.7807219959983,16.4353397375645
"7-(trifluoromethoxy)indolin-2-one",15.4750217179851,15.8723466230833,16.1803657068848,15.3174633031575,15.5562145532406,13.5737328781774,15.4045704837114,15.6704270234899,15.6984630700694,13.920782363094,15.2328458378817,15.5838416001187,13.5814008981089
"7-[(3r)-3-(aminomethyl)-4-methoxyiminopyrrolidin-1-yl]-1-cyclopropyl-6-fluoro-4-oxo-1,8-naphthyridine-3-carboxylic acid",15.2162979019154,15.5407972315637,14.9885071943781,15.3014606058833,14.9523897794703,13.7808336352014,15.2562799998336,15.2150302744702,15.2432851824939,15.0368073171584,15.1221705901423,14.6273621884733,13.8119278829243
"7-[[(2r)-2-amino-2-carboxyethyl]thio]-2-[[[(1s)-2,2-dimethylcyclopropyl]-oxomethyl]amino]-2-heptenoic acid",16.3164395938621,16.3392962586936,15.8503133048603,15.963659977031,15.9705453336051,16.9444438105181,16.3210674948459,17.0153283502696,16.0746767818104,16.6358028852204,16.7493904470448,16.4046075254963,16.1675219434486
"7-acetamidoclonazepam",15.1521335802263,14.6342787237268,13.7423327400984,15.0232605221292,13.5881849324463,13.9697703380289,15.0082746801697,14.5014633505693,15.4221657243708,13.6875505461562,14.7522313009502,13.7342055553954,15.0565362192693
"7-amino-4-(trifluoromethyl)coumarin",15.6277851074253,15.6456048563069,14.5684946374273,15.9122808959704,16.263430804076,16.1453216943391,15.575917784299,15.6495538431067,15.7234951357722,16.0654758327227,16.1302306989556,15.6593937393238,15.8625677933815
"7-amino-4-hydroxy-2-naphthalenesulfonic acid",14.0210400087583,13.8043159074805,14.3524106305924,13.6925862955674,14.3912142914494,14.6755446582335,14.0655939017601,14.3285858610298,14.0187754490981,14.5089996063284,14.172660934117,14.4986260774721,14.4162513818559
"7-carboxynalidixic acid",15.5273858130561,15.1248254138408,13.719987926001,15.3061983183461,15.3815042113819,15.3168761137103,15.2599735708606,15.5353014502018,15.1485409068344,15.0017655096021,15.0007382834128,15.1415718268631,13.8248128209391
"7-hydroxyflumequine",15.0584754456065,15.2191993576825,15.7760490601557,15.1840680225683,15.8350214832528,18.0825242878861,14.9438310099174,15.9303360282292,15.5120013081727,17.8304896490264,15.5847441780654,15.661293454851,17.5904373564307
"7-hydroxymitragynine",15.9589820208015,15.307149176466,14.9058384038687,15.375125859612,15.4249230967464,15.4985508233931,15.6986874262027,15.4823387459529,15.1296147271888,15.1501500878694,15.5064561837319,15.2293230934032,15.5814266769305
"7-hydroxyoctanoic acid",16.3662349661428,16.6130717672515,13.1490168727805,16.4871154751921,15.9157649112851,14.1486025347825,16.4309369687294,16.2691985583169,16.3197102558997,14.0046876387784,15.9963710699517,13.806368201227,14.3372508259445
"7-methyl-2'-deoxyguanosine-3'-monophosphate",16.7818244648326,16.9374936798348,14.3442422471549,16.5908372145561,17.0349573042188,15.960056049825,16.6448283339123,16.3599151432826,17.1943843533556,16.6912128093686,16.5215966251925,15.9365996656999,16.7096243983318
"7-methylguanine",19.410679192571,19.5102965583904,19.0675697333906,19.706497700257,19.5450392640115,19.0075384959185,19.4021227052222,19.4199489600731,19.3934044150001,19.1467754925044,19.3874552108956,18.8939767767184,18.9821204484054
"7-methylguanosine",19.0493747614585,19.1785410771317,19.9903344105949,19.3261323334347,19.3416534477713,19.1224018088114,19.0866979168302,19.2226023871207,18.9928651845231,19.1172093057474,19.2686326870998,19.1692496201037,18.5887978039974
"7-methylthioheptyl glucosinolate",15.4437860172967,15.7582457177871,15.2039558098188,15.5063689023925,15.5591233177199,15.2044761732893,15.414552662859,15.7010861339484,15.5493883121648,15.4022319269484,15.4384494490194,15.4159504776596,15.2396151865789
"7-methylxanthine",15.5990608386923,14.5297586270785,15.5553186347425,14.9744993635397,15.0574301596793,15.1473524197056,15.7288557413374,15.0428550441233,15.0788564702959,13.0486223483467,15.0629322808614,15.846427254272,12.9973342019151
"7-o-galloyl-sedoheptulose",16.2906137633841,16.0841277463244,13.1083677108972,16.0657482220036,14.0672075183835,13.6091677319152,16.1137113363985,14.0371449226035,16.6825336400181,13.8130339624863,13.6952431166074,15.4919300024839,14.7015405522933
"7alpha-thiomethylspironolactone",18.2946318977297,18.4267810422688,18.3821457999234,18.8922373233139,18.3516583396714,16.972812725418,18.3243787614048,18.1635694658785,18.8906408193873,17.5025080850248,17.6387641299084,19.1235562127493,15.1625793165348
"8,9-dichloro-2,3,4,5-tetrahydro-1h-2-benzazepine",15.2063956755461,15.347370017426,15.4479381168722,15.302782853203,15.0278884198794,15.1619286801228,15.3142628252027,14.8538663706847,15.4609343567615,15.2584124985195,15.2150482163245,15.4215891277669,15.9611901825099
"8-(2-hydroxyethyl)theophyline",14.3468288100288,14.1492587928537,13.0972383528038,14.0630492498302,13.9775505194186,13.8694246059002,14.2089419065612,13.9770788006611,14.1084321908335,12.9376861099906,13.9349109490313,14.4823690988867,14.4046126382566
"8-anilino-1-naphthalene sulfonate",17.3045300081516,14.1750153643655,15.8890768233194,15.9649693391381,16.7935571599827,19.9194013812084,16.8842948626629,17.081319965934,13.1975083423452,19.3512387503055,15.5172396473087,13.0312901378649,19.726063574655
"8-azabicyclo[3.2.1]octane",16.5680770336168,16.1679693466453,15.1739571096716,16.5497626670352,16.0205835302718,14.9924171130707,16.5807501917016,16.2510135499558,16.8762075352802,15.255205102412,16.1154423626299,15.9469980381739,14.8952330506869
"8-epiloganic acid",14.9312838077898,14.6477730964599,14.953533072232,15.5819000593349,15.1088380632392,15.7070668471909,14.9029327785472,14.5746642305362,14.4845503770935,15.8657483556406,15.180927885078,14.85333028542,13.5829850994002
"8-hydroxy-3-methyl-3,4-dihydrotetraphene-1,7,12(2h)-trione",17.6845227211142,17.4138934988811,17.1042836971536,17.6413556767208,17.1432625436936,17.07063959458,17.6420165570146,17.0551815785404,17.710197627548,17.0716072610232,17.1747231574526,17.0737166670897,17.0647602259687
"8-hydroxy-7-methylguanine",16.826407191834,17.0733178813655,15.3797436783987,17.0817498004252,16.9096729324891,16.5323012036909,16.830050171663,16.8718448269534,17.0283617084291,16.3292127750673,16.2597644093765,16.6992211541055,17.304440389654
"8-hydroxyguanine",16.6219753783966,14.6304897325782,15.2025042455902,16.0047039393392,12.8962421595485,14.5741839609189,16.6502728644461,14.0969218884116,16.333410609843,14.7629164192098,14.3716328369957,14.6956474912221,15.4451577551191
"8-hydroxyquinoline-5-sulfonic acid",13.3408592292872,13.9428304412073,14.3088791249675,13.5488330410555,14.4341270876572,14.5180283223862,14.1139114770738,14.6123613915335,13.7091534001639,14.7791839789981,14.0470202176916,12.5991332579558,13.7295837496618
"8-nitroguanine",13.7872252399138,14.0666016944208,14.4739445425954,13.5815659600037,14.2519950475383,14.1761554403926,13.6549594172938,14.1675364796941,13.9372308472923,14.8480596311186,14.0974676432081,13.6578658088525,14.4639182283464
"8-pcpt-2'-o-me-camp",12.6755827725444,13.6475619328414,12.6857518325043,12.7011595519889,13.7142774267398,16.4806005987579,12.7361076058394,12.841563851986,13.1469970973767,17.0887008683637,12.7238187207892,13.1812291890992,17.2546524318727
"8-phenyltheophylline",18.3080121566876,18.1155787829576,17.262161676016,18.1420259259429,17.8298078606238,16.0839652461703,18.2716568074784,17.4873168164484,17.9279503443897,16.6805240141082,17.5294077013927,18.0769388379482,13.9039347824784
"9-(2,6-dioxo-3h-purin-9-yl)-3h-purine-2,6-dione",14.5595079349528,14.1726995002374,12.9184470064557,14.5763244626228,14.9534063583467,14.388676071448,14.3546719817551,14.6833690060411,14.6501415705492,14.6484610486522,14.6114362921278,14.8169486098107,14.3130415029949
"9-(2-phosphonylmethoxyethyl)-2,6-diaminopurine",13.0827712192318,12.6671729172252,12.7207955234603,14.1608324507738,13.3229208722073,12.862874267822,12.7556843430573,13.2190177033923,12.7461113608731,12.6350147547834,12.6787854516365,14.1160522427711,12.9915733853002
"9-(4-fluoro-3-(hydroxymethyl)butyl)guanine",16.6355435612008,17.0603552069642,16.4778207291405,16.5433882035189,16.5194900241501,16.9914786943695,16.452238870913,16.5322604264049,16.3996192835443,17.0351448205421,16.4179171233619,16.2644948299217,15.8077010455223
"9-(6-methylsulfanylpurin-9-yl)-3h-purine-6-thione",15.3733951421071,16.1166110003524,14.7379889975116,14.7521011168521,15.1736298702733,15.6454423094636,15.236587207968,15.5491989778847,14.6582167629887,15.1432495165314,14.7889645332698,14.8039787609303,15.9190948416742
"9-(chloromethyl)anthracene",15.3243483476906,15.8295838243841,16.1742118018084,15.7512552829557,16.0558289959081,15.634051108569,15.576644506403,15.8048878249785,15.8446477041996,16.2289606126551,15.7110005192245,15.7299538540341,15.8276950711761
"9-(tetrahydrofuran-2-yl)-9h-purin-6-amine",19.4472867494685,19.3086429578941,19.346161813804,19.6901566790003,19.7602854929911,19.7876075070203,19.4986804437094,19.31480651191,19.6555749044673,19.7829246631147,19.7975533712077,19.6219540764383,19.4126075903058
"9-deaza-9-(3-thienylmethyl)guanine",14.5085036143614,14.2037932664837,14.159240606708,14.2288332309793,13.0166090268437,14.37416624849,14.4630376854563,14.9886221858885,14.1712549026965,14.4216771097032,14.7119373066125,14.1456281399054,14.561344657432
"9-decenoylcarnitine",17.2527267664278,17.3140860474599,16.2275513387423,16.9554935147542,16.4957469948644,16.3759701304972,17.192375662963,16.9676810173617,16.9643765920855,16.2299937602528,17.093804503692,16.6194319298857,15.0999533411476
"9-fluorocortisone",15.0462200888442,15.4567292209204,15.893548771313,15.1072470391685,15.8609870631132,14.3360735983968,15.8022810228716,13.7833247231591,15.3490954616689,14.2734833641409,16.0763564611681,14.9224456228949,15.0049831615349
"9h-purin-6-ol, 2-((phenylmethyl)amino)-",15.6258402990211,15.8367004297581,15.3058118445367,15.8370616890958,14.7048595422999,14.261330104924,15.8034125072919,15.3355379310179,15.8247058030352,15.0358064035603,15.313075726878,15.0971660289472,15.0430118603407
"A-ketoglutaric acid oxime",18.5549865602786,17.9547498060704,19.2330445287473,18.0029281328267,19.1987272417397,18.4014911256021,18.8324553601696,18.7225033215554,18.241813521608,18.0409679583591,18.8815331036013,19.3521568327155,16.6513327393349
"Acarviosin",16.5459072401657,16.9627745476563,16.4159683672386,16.5748344105428,17.2345138673176,17.7482382108775,16.5529958175492,17.269864194338,16.5818689980853,17.6921211523459,17.2827981748641,16.5453078132817,17.2876412642795
"Acedapsone",16.0195050010728,12.4911748998522,12.8415737848191,15.2756917755422,13.5885504995164,12.9887740039325,16.6341029019389,14.8536191828797,16.4989009513391,16.3848186548951,14.9604853595155,15.70711805753,17.0168288703618
"Acetamide, n-(p-amidino-alpha-(piperidinocarbonyl)phenethyl)-2-(2-naphthylsulfonamido)-, (s)-",14.6536146822108,13.8608474493892,14.0410792037608,14.9542202671557,14.8661648237449,13.4480271556973,14.2162824319541,15.0863143067139,14.8854069760893,13.8934474090418,14.3873869478384,13.7559269291751,14.4723394320836
"Acetamido thiadiazole butyl sulfonamide",15.9325562311237,16.136421027967,15.7084171353193,15.6510473924466,15.5245857500241,14.4484900066052,16.1150612623323,15.9802033872253,16.5158748759334,13.9910498125706,15.729961820151,15.9543471896176,14.5765627064616
"Acetaminophen",17.6273177845593,17.0603840541939,17.3025238011432,17.3831457526235,17.5692792345999,17.0278545174513,17.4376339504639,17.424989100315,17.4200923047708,16.745992507707,17.2226804092202,17.5263999890233,17.6605868177746
"Acetoxyacetylaminofluorene",15.4779957524917,15.1605016860835,15.8605086942574,15.7439464097108,15.7787529890976,15.2122407112368,15.3480474785026,14.4136841163949,15.499259397797,15.38487357351,15.5421163696318,15.55737796562,15.2127352777149
"Acetyl citrate",14.7509674836805,14.9352329036079,19.3239783089575,15.8003659289567,19.7139479948693,22.2631384233776,14.8705978178809,20.0843289955676,13.6275227542113,22.1131477309991,19.0403988919582,15.1736731138091,22.4818721846081
"Acetyl-n-formyl-5-methoxykynurenamine",15.9609188188157,16.2348157121153,17.086160687406,16.8395007740074,16.8153364763883,16.3932905295789,16.6160986907281,16.0970854891904,16.1698672994104,16.5847901163095,16.5183547149466,15.7654468354892,16.6817475044741
"Acetylcholine",19.6355285886946,17.2349824778824,17.7202979464034,18.0283668686161,16.968751638038,16.2401753200101,17.5226725514685,18.1399971832185,17.6220225029064,16.4381604560596,19.2831146535978,16.7401194803537,18.3098794125674
"Acetylcysteine",18.0151451055821,18.0293948221451,17.9993144483356,17.8274247993313,17.3751389709857,17.9621677971944,17.9936255128422,17.7217834550661,18.0298232310751,17.8520101789133,17.6731273401536,17.8323193786442,18.1285119949501
"Acetylglycine",17.37907015573,17.5706303266941,17.6960441156453,17.3573860756179,18.033259633008,18.9568258356012,17.207663247026,18.3407037572304,17.8014170637707,19.0775064948376,17.9881529080255,17.877597773221,19.2555176814373
"Acetylshikonin",14.0392505430728,14.7116152446504,13.4389559595263,13.8468142183238,13.8158593453058,13.7139565034131,14.0092942448731,13.8024624096019,13.9233203607323,13.8749259136921,13.6108391872322,13.9448627384031,12.8360432859652
"Acridonecarboxamide",14.3341599060878,15.2684201908747,13.220976662221,14.7482311882553,13.758067782039,13.7417276654492,14.429061095488,13.1846171570281,14.4284893378762,14.4575668403545,13.4967797404669,12.9769364013893,14.1571380922699
"Adenine",18.9664617025814,18.9947698899037,18.6825058515644,18.8701341095394,18.6162622517421,18.9577146613978,18.7876607573404,18.5235508898358,18.9215650085324,18.9108330947686,18.5987160348204,18.6895222330996,19.0650038624377
"Adenosine",17.8944438186689,18.0148900792324,17.5812022464152,17.9332502280438,17.5549859474338,17.9257565334936,17.7776460559107,17.5137413445836,17.9485502668795,17.8958029825531,17.5117167928288,17.6905341935926,18.0426386422997
"Adenosine 5'-phosphorothioate",14.4142034847419,13.9342319286746,14.5633141875101,14.0958355517057,14.3101176594615,14.8737618085605,14.3289130755233,14.8106653784843,14.2707132269161,14.9393294876465,14.5138998931839,14.6572961931173,14.6302960754526
"Adenosine dialdehyde",17.5288673630977,16.8137293140652,19.6774088698819,17.067648770216,20.1477457860474,23.1195005665114,16.9041986653559,20.4644697095058,17.016760633148,22.9071007176077,19.3777986733278,17.1594963856575,23.8319328933045
"Adenosine monophosphate",15.8093027736411,15.8796859662234,16.2551208799729,16.0136479560525,15.8620321067527,15.2553782098135,15.6701794893817,15.6162138414676,16.0002286535086,15.4679059375533,15.8208562122215,15.573030931,15.57600403128
"Adibendan",15.5107407825119,15.48177266267,15.3599158648808,15.2430672293635,14.8500066526123,14.7533158257266,15.2983864547926,15.3903223469077,15.4865693851507,14.3276190037784,15.553394666384,15.6527806523547,13.6045198867538
"Adipoylglycine",19.5050113981561,19.8833846367271,20.2098724835785,19.7438414067532,20.0330298753032,19.872244701991,19.5680452275962,19.8550295861684,19.6332068235045,19.8642492424827,19.7811155394453,19.6206138419279,19.3570946337205
"Aica-riboside",15.7420824112923,15.6385215931778,16.049172320733,15.697945684701,15.8373149543006,17.3055003293617,15.6199019036345,15.8650042663079,15.4633684110555,16.9745342826263,16.1332726111786,15.3288229941048,16.9067084973369
"Ajugol",18.4824127040476,18.5524260715661,19.0866281972481,18.4592553147028,18.3128319665556,18.2429694801528,18.4141312603876,18.7802507520332,18.1178408488806,18.2785883479018,18.7267925217371,16.0733866842137,17.0468909259869
"Ala-cys-gly",14.8835100498935,14.9270362237073,14.9993298785453,15.0189720859113,15.0936786426646,13.5118936294544,14.7918445509393,14.1659949667621,14.8013653757126,13.5538231524928,14.6286573889969,14.9083682216896,13.1532267109288
"Alacepril",12.5777716403096,15.3399415726667,16.8087506149463,15.5109868392945,15.8235037044552,15.1326968926126,13.4324009717144,15.7580273908667,15.4212479830525,14.8822709111151,15.8730775841544,15.7123758576008,16.1882729556075
"Alanine lactate pyruvate",12.6184278316679,17.0202653090228,16.7448874384031,12.3670919709869,17.0195155368136,19.6328326039661,16.8363658075093,17.3444329628201,12.9820976722523,19.4689937760228,16.2423600876434,18.0175273970782,20.2278599439148
"Alanylglycine",20.9338024935494,20.5494771804255,21.9182109770565,20.3346173862191,21.1583042437016,21.5670630839916,20.7877652208649,21.4538624312632,20.3278239403281,21.0961390558607,21.5199443925846,20.9149344212964,20.9309866453124
"Alanylisoleucine",19.811985743141,19.7137164198833,20.3940295283696,19.8320789034873,19.8188955172232,20.1048975935967,19.7113835170581,20.1110312249087,19.8898434466324,20.4657634221209,20.0073649827851,19.9319756487848,19.9423965794145
"Alanylproline",18.7322190255435,18.7700690719523,19.4590403601258,18.6814418327314,18.8753853481766,19.2293350071165,18.5496520422948,18.8594605503578,18.5625330070693,19.267173453915,18.8318209488453,18.8558341935085,19.6540089474041
"Albuterol",18.9719394382975,18.5308568541715,19.2227436107592,19.2388374655928,19.372830818003,18.4898374676333,18.8236317510743,19.116015286045,18.5078741217307,18.5271263511682,19.4308362543944,18.4686233488625,16.7867686020955
"Alclofenac",14.805408357333,14.7937993070567,15.9770013418139,14.8761919634803,13.3849762542496,13.8628860433068,14.98053781983,13.1508086884626,14.3070743882815,16.0846480124246,16.2711684912595,14.686157230831,16.5637118367572
"Alizarin",17.492685553357,17.6693382591411,17.792180170627,17.2725650071549,17.9290105390819,17.6066649754215,17.4354936057651,17.9586571751105,17.4295500023465,17.7207590293238,17.7306094331334,17.5809152889919,17.6045533523895
"Alizarin complexone",14.8463029183997,14.5569496865889,15.6673268628478,14.9596757878957,16.198318127167,15.3902099105283,14.6238068588329,15.3642646607393,14.975089721344,16.165041223569,15.6050088884036,14.8451130496173,14.2472678357497
"Allantoin",21.4812613410826,21.5654538905866,21.487010577347,21.5667910060522,21.6552498719767,21.4605394602662,21.5183150867704,21.551813836147,21.6505947077932,21.614005275725,21.5012232670903,21.507504808168,21.3298973000141
"Allo-hydroxycitric acid lactone",19.4565923565257,18.8675836726349,18.1995164429661,18.9260472340988,20.3580742661081,20.7739401258902,19.0739847513759,18.0121563753825,18.7562138055527,20.430938543217,18.7957130033332,18.7124871940289,18.441619759358
"Allosamidin",15.376304081288,15.9202695097232,14.6046685047926,14.8843252839773,14.9041349347777,14.638652030467,15.3582962057291,15.5826027008695,15.8099645216513,13.4593265870553,14.8835326337318,15.2523182424795,14.8336419879718
"Alloxazine",13.8146484039895,13.4645896307977,14.1709444670201,13.3365573025204,14.2892311856424,14.6861928023879,14.0230113486567,13.5989454568736,13.6631689510681,13.6736520004712,13.7578499554908,14.6999903699471,13.2873508587976
"Alogliptin",16.1609623329726,16.2936329790338,16.4916800010811,16.0408263493799,16.5414622182824,17.9610924207178,16.2583041146621,17.2458327478726,15.8558827051207,17.8981572908564,16.7908765389157,16.8852419618645,17.1771279039678
"Alongside",16.57680145401,15.6286651009777,15.8814163034833,15.8854170864539,15.6636418308782,17.2980750481651,16.7245560306467,18.3437956361298,15.9663246727452,17.0245599798265,17.0880221873171,15.3957874419569,15.7143953935299
"Alpha-(4-fluorophenyl)-4-(5-fluoro-2-pyrimidinyl)-1-piperazine butanol",15.7942966328206,16.1376281255031,15.4503717676713,15.5533978000382,15.9116101296925,16.2353300182488,15.9482888369736,16.2636420818432,15.7712291779606,16.5985093902177,16.0286521285396,14.7146221443269,15.7948366591351
"Alpha-(4-pyridyl-1-oxide)-n-tert-butylnitrone",15.683084885587,16.5888530236357,15.5313353984465,15.9196159016148,15.66812036907,15.3714269719541,15.8444765603873,15.6893280949566,16.1786003418226,16.4574228324282,15.1448307498938,16.3414713249855,14.7115352788771
"Alpha-cehc",15.3394559386821,14.589556383055,15.7290947691359,13.9757596531751,14.402665335528,15.1881527837531,14.3194021779131,14.9807786414911,14.3892375944503,14.8360554636534,14.5216398641788,14.6248437190189,14.666651944663
"Alpha-ketoisovaleric acid",18.9985071135285,19.348446962327,19.1150420012966,19.3989474975767,19.5090874530972,18.8495329840704,19.4030051712744,19.0308024545447,19.6885605244741,18.4389760532658,19.0121641421296,20.0117654838628,18.8649828374512
"Alpha-muramic acid",15.3295664250423,15.942126716927,15.5073318389067,15.8970101101791,15.1444560592656,14.1430309346852,15.9146017843084,15.3351146333381,16.1337209652421,14.469070043744,14.9174543231665,15.9754983719368,13.7557311444583
"Alpha-terpineol acetate",19.273020339895,19.1626645371747,19.1731300157581,19.6813074385971,19.8143002122343,18.6321207519461,19.3505475294421,19.2916306317403,19.7342368806575,18.6916983336639,19.0496319672516,19.5279267851531,17.2371724400545
"Alpha-tocopherol",12.3130236399613,12.3711332796185,12.3879413838801,12.3764010675059,12.3942140659257,12.3845937978372,12.3758933067823,12.3836771451388,12.3725490095262,12.3784656997891,12.471663875773,12.3788208405494,12.3617972884855
"Alpidem",12.7344981104679,12.9363869800863,14.4017982689192,13.2588965981801,14.0987819234914,13.0828716774122,13.232330398102,12.6430666461799,13.1100397127514,12.9984123146061,13.6129820686211,13.5262989658066,15.0384807253383
"Alprazolam",14.8123413158216,14.9503197357968,12.8737353369205,13.6591183677793,15.3364741093878,13.164477394639,14.5488367454562,15.0826514479921,15.3598252803981,14.4397526279368,14.4409109558494,14.8145278244065,12.7059284029645
"Alvameline",14.7749899032995,15.2022026202955,15.0748862656569,14.8151835142975,14.746725711632,14.7103019491017,14.8281534879225,14.698521810197,15.0968079226902,14.6754098233208,14.6172476319453,14.9930495632743,15.1604647498912
"Amg-221",14.219157470553,14.2552989455026,13.7421351300151,14.1798829527721,14.3202075977669,14.1730811234943,14.1577275694657,14.3329375321883,14.3805249125241,14.6471465002284,14.2822319906846,13.7226448510767,14.1670674551173
"Amino (2s)-2,5-diamino-5-oxopentanoate",14.9514250208746,15.9176455174694,14.8584503012661,15.3040806179841,15.0960872695089,14.8471345317635,14.794016420198,15.465430819126,15.3322084940093,15.0848143107355,14.9632150923953,14.6748605547853,13.5271825864194
"Amino aspartic acid",16.2804313817571,16.2200756954481,16.3314339229311,15.9238047488019,16.4348179011882,15.3050776050502,16.1524026296443,16.3658370377887,16.1231118707166,15.6941062747951,16.3620349158357,16.1591166492477,15.8504586258831
"Aminoadipic acid",20.6526653134401,20.646334811322,20.9435904436637,20.6167420161067,20.8477980387854,21.3297928800221,20.6182703244049,20.8334242851319,20.7234774283811,21.7084514732782,20.7673933939716,20.7462884606881,20.7303160126194
"Aminodeoxykanamycin",14.6225816679038,14.6025989249553,14.1366837823769,14.6861224310202,14.6611931212948,14.0676099903918,14.5993002816967,12.9257141064761,14.6312699890878,14.0163557237235,12.8164690925069,13.9507460544995,14.1037998675674
"Aminoethylcysteine ketimine decarboxylated dimer",16.0595487807052,16.630511096654,14.5844955701352,16.0884790123813,15.7090735422857,16.0044231766704,16.0252270300923,16.3910136141098,16.4789305672862,15.8017214145003,15.9181563446569,16.130419213212,14.7687380803074
"Ammonia pyruvate",16.7469491495949,16.8903814215182,14.9845660650145,16.5470886044767,16.0240622521591,15.1823555310322,16.5101691769396,15.879944859927,16.4030721245762,15.3443377931354,15.683952243706,16.418684003791,13.9956353325928
"Amopyroquine",13.6038728587708,13.4542342245726,13.5231051004706,14.0235187345811,14.3065288071431,14.2101086676311,12.9971703807876,13.1152697240401,13.6555095853542,14.6042225894628,13.6472729155074,13.9622150032273,14.5625320995411
"Amoxicillin",15.5762682342753,15.5454866293327,15.9305660263128,15.4097911109729,15.0200124330414,15.0679592338813,15.5290423599488,15.1875161213101,15.2998762019271,15.1901663223657,15.6170313107363,15.7552021859671,13.5625556541644
"Amustaline",15.1514370183527,15.3603012497199,13.4391098570479,15.3012251215424,14.8722790453775,15.0472194968811,15.1982507054241,15.1503102116069,15.1683752097805,15.0567834798049,14.8630054433844,15.0976648520696,14.3964095499657
"Anb-nos",14.5358604855173,14.2733875677415,14.2634550634226,14.3459051741846,14.0296682663316,13.9577648879935,14.8409774744581,14.0017877428,14.774393512,14.5177146341248,13.5315008720967,14.4441877841239,14.1007121426806
"Andolast",13.662851441843,14.5752687563106,15.1573445894072,14.4809246186894,14.82272681592,16.0979829786507,12.7231596725054,14.4799071338206,14.2002660379926,15.6368137784835,14.2805090623969,14.5481578685905,14.3761958636979
"Androsterone sulfate",15.642901413095,15.3399184682718,15.883232709705,15.7014191154344,14.3937181955183,14.421131047632,15.5414982798125,15.4736382598816,15.0877801056158,14.6767356787678,13.2001022366608,15.6055263522539,13.8045788151417
"Aniline",15.5424851511238,15.7215621177101,15.4037426295144,15.7805040604336,15.5000568079321,14.8536492279394,15.6698812684834,15.4739708269286,16.0878092852403,14.5647306823022,15.336239227613,15.475199716535,15.0591314453205
"Ansamitocin p-3",12.5455201765454,13.7546894253321,13.9336260164415,12.7804804193625,14.531810896825,13.2497118289913,13.7195187694864,14.3104717164878,13.7996974037438,12.9014453271175,14.771163727148,13.9190307879354,13.2416137879869
"Anserine",17.2459232538048,16.6163931194104,17.633022031966,16.516168600007,16.3273216881821,17.8051188347058,17.0498571291625,16.6984453634515,16.7774045957133,17.3126722377095,16.7214312160824,16.992880762844,16.4223268891861
"Antiarrhythmic peptide",15.2505398499627,13.9524443659139,14.5205462581213,14.2392557645815,14.6550091846719,14.0916529953925,14.6443931770762,14.9239783371518,13.5114508829109,14.2915474307123,15.3921966035787,12.8292498093263,15.4714881135936
"Apogossypol",15.9392305762562,15.9310272196538,16.3453578237733,15.9754954335683,16.6049962993974,15.5654375500657,16.6865051018401,16.4925335734457,16.1727899564954,14.2322265432471,13.8316121092999,16.7183463983792,15.7934558537184
"Apramycin",15.0584592629088,14.9558869566935,15.4684729357228,15.689378177785,15.8854054342039,15.2656709903742,15.0263754502636,15.8114927857343,14.9666940967407,13.5888351545539,16.1815986661779,15.5169358401741,15.2635346704173
"Apratastat",15.1774304116408,15.6328726984233,13.1378533459427,14.6704236909464,15.3831981065555,13.9718559315103,15.068075196654,15.7048763365957,15.0028698407272,14.4101572192038,15.0770353526261,14.4336566670597,14.2920483812068
"Arabinonic acid",20.0054138242786,19.8580734503256,20.4598374864713,19.9444644481284,20.1566450733827,19.8938586034902,20.0320889831424,19.9734230878186,20.018597703834,20.1349073578762,20.127747768189,20.0132199313468,20.4262917519106
"Arginine ornithine",17.3651709070336,17.7716118455603,17.3273669706179,17.7002655164873,17.4734591992073,15.3913114599901,17.4007394005195,17.1777690793053,17.9047704057304,16.0422686018023,16.839129628014,17.5944060847526,14.160830702211
"Argininosuccinic acid",15.332669406942,13.7425054044815,18.0529736297123,14.2365678985894,16.9510930359492,17.5091749292796,15.0988459415074,16.8252158758789,14.905553025637,17.5660669860063,17.0388338033996,16.2553494612362,17.9539093316283
"Arginyl-glycyl-aspartic acid",15.3543208837487,15.5542479634385,15.5265837723959,15.4183401391392,15.5706714836355,15.0194066947304,15.4352319631903,15.1251471357472,15.7607178443305,15.3823226996721,15.1418675711719,15.5495419836183,15.1517429050517
"Arginyl-glycyl-aspartyl-valine",14.1982095818634,13.745625642399,14.8819428556843,14.5506086549097,14.9015915216686,14.0409988223116,13.8754421924253,14.4815966404103,13.211575245863,14.4280094731176,14.4710324637211,14.7897375923727,13.1144864406282
"Arginyl-glycyl-glutamyl-serine",14.0150039768412,14.7125256799312,14.4020621733632,14.440319527098,14.444975834458,13.8744262659414,14.1845465874137,14.7292489742323,14.5271956567345,13.9739682079323,14.9392966681209,14.2843559544543,14.2747416047309
"Arginylproline",15.609605893411,15.7788814213607,15.5290036254492,15.4289694704664,15.6248779114244,15.7196828626956,15.3756064515348,15.8658304543085,15.2029040292529,15.7123519279798,15.6418720133997,15.2015445073044,15.089677875633
"Arotinolol",15.5243389262107,15.6914419266998,13.6181524123802,12.6739101829328,15.8983625023707,16.3753038252496,15.3391198322731,15.4082818630268,16.0781919860788,16.2827633515404,15.1478975051458,12.7209105922409,16.9511627338592
"Articaine",15.1273831789094,15.8145306986136,15.5148547843849,15.6253020010024,15.6273486945679,15.6161245124489,15.4666338973686,15.8524657701103,15.1977558286577,15.577341359147,15.4160146067238,15.7096222433575,15.243654891468
"Ascorbic acid",20.9062132729624,14.8227747596859,16.9098508897085,19.4135532757548,14.4109508402585,20.6159906192559,18.7927185304031,14.173565937784,20.995276861911,18.0315193360754,16.2900386949772,16.2448988899126,21.928277308443
"Ascorbic acid 2-sulfate",21.7744304799847,21.9095036271924,21.8198362568926,21.679822614912,21.6937922177772,21.8774573623943,21.6738529078807,21.9821364572245,21.7288243617648,21.830451792965,21.8844478455183,21.6309864778059,21.7747447431221
"Asenapine",16.0107894292005,16.1956608269206,15.0463463066215,14.8515099285644,15.4643582481103,15.4859510616404,15.6505710777852,16.327026562676,15.7714784620445,15.120008074753,15.5076110989643,15.8435858475836,12.6763090739357
"Asparagine glutamate",14.2563686045277,13.7538254999182,12.4319204622438,13.7111067541324,14.5146553178637,14.0434737277157,14.2424354288339,14.5671011804812,14.0439480497221,14.451114612282,14.5347461041257,13.0016095152552,14.068871761009
"Asparaginyl-valine",17.1253382653211,17.1515200469793,16.9407544178047,17.1060860681655,17.6147384136096,17.4753907414123,17.1568698172248,17.3879433870897,16.9666631437851,17.1448645397093,17.2920783190119,17.0632750543788,18.0528466222703
"Asparaginylhydroxyproline",15.8142459148663,16.116096449518,15.9300965482764,15.9591233131512,15.973501385709,15.6601355787726,15.9994746353838,16.0030632504526,15.9354472313031,15.6790866843157,16.1163347351368,16.0072478155688,15.2150458290606
"Aspartylglycosamine",14.7998163381636,14.9812968118697,12.7671059647116,14.452682484592,15.354360668014,15.7221187073975,14.6967604161147,15.8726166852197,14.7380668979823,15.671438136142,15.6683545497802,13.407501399839,15.0259838258198
"Aspartyllysine",15.3923573916645,15.3428218720426,15.7443600709875,14.9560602476544,15.5503125355144,15.26077783535,15.4565656309675,15.6475987662042,15.4041155580799,15.6687194689293,15.9936358649684,15.5032628291727,15.9610157350426
"Asulam",17.4780659608011,17.4425654294635,17.7465051710679,17.7878075317065,17.556813056614,17.3786318904375,17.5133859965121,17.2110070813089,17.0828093270461,17.4492477004193,17.5441609942743,17.2426820207579,16.7899204498859
"Asymmetric dimethylarginine",22.701873684517,22.7156763468123,22.9878296347764,22.562123035084,22.8720861206347,22.9923817575469,22.5827642274958,23.0004090524468,22.4799717546942,23.0220413390522,22.8538257687119,22.6518800312159,22.6055772761217
"Atractyligenin 2-glucuronide",14.3620170283621,14.3725785138564,17.2032123444102,14.9177766484014,15.0944698915793,13.282040061019,14.5620481797287,13.6215984581233,14.9453370183888,14.2440593594596,13.8928470999772,16.7918385921528,14.2734565476514
"Atreleuton",14.2722448656572,13.9440235361061,14.6698921366961,13.8240683058364,15.1789938154426,14.9873597531476,15.077519115458,15.0263730407961,14.8495263336088,14.7388921479263,15.2593341996803,14.5213187598339,14.8037887214731
"Aurin",13.5663406439214,13.2184629013752,16.8317712702816,15.0949723600351,16.3342300083968,19.1012627668256,14.6266804249497,16.4744386429928,15.46460776936,19.0072702541502,15.97688330629,16.042968939391,19.9383530432723
"Avenanthramide c",16.1167037921895,15.9863087412984,15.7331110119141,15.9709491285803,16.1664932808649,15.7442338422696,15.9218576658037,15.7290598193386,15.9844559168137,16.2732146193425,16.0454815471191,16.260646553453,15.7370558245532
"Aypgkf",15.8098090760565,15.1846619316677,15.8185040727905,15.9065045135747,15.9414224129721,14.1176769145324,15.0355128333077,15.6474377408986,14.7846121582458,15.198813167703,16.0653766216063,15.5309305401366,15.3258194992341
"Azalanstat",14.7360024093915,14.9659841473417,13.8627083614298,15.0242935262886,14.5420725757198,15.771113202713,15.0000280506788,13.5750741386817,15.0686925660885,16.0963347810608,13.3346805261339,14.9952555523273,14.9373179702009
"Azelaic acid",20.2340400532239,20.3577695873225,20.2038023205342,20.3825700945683,20.5827900405389,20.2546792430013,20.2173271313555,20.4567036249612,20.5625170374884,20.4856108383278,20.4887368092664,20.2587149322215,19.546339353975
"Azinphos-ethyl",14.9554711024665,15.8758545487398,17.3374631560225,15.3269300425079,18.190202508678,21.5757971832147,14.5544222498484,18.6431583931844,14.782786437602,21.2192558740642,17.2453821845934,15.7710154784347,21.704495085521
"Azinphos-methyl",17.1362241633207,17.4682609632291,17.8553057956556,17.458509974168,16.1701835280902,15.4001948518743,17.2075706453573,15.7281814346048,17.0817548500748,12.6305660706525,16.0083082313509,17.5640956100889,13.154330580486
"Azinphosmethyl oxon",13.9551720032812,12.9743460956755,16.0278369221944,13.2965634141547,15.7852848318035,16.2543883159821,13.8314181065141,14.3455582544973,12.8814501409921,12.594389836263,15.5699438584513,16.7726019265692,13.4672999871998
"Aziridyl benzoquinone",17.8878478166849,18.1860009286583,18.0547632931607,18.0043797316183,18.7989559855623,18.4270675099125,17.9308795485616,18.3922323856024,18.0454335336272,18.8213486323888,18.1923018663213,17.8733148254674,17.7238535552674
"Azothoate",15.2290703165192,14.2856095148873,14.996723312274,14.9517787418829,13.7896442470277,15.0107342180152,15.5151110688836,14.6845807669945,15.4676756999978,15.5917358401006,14.6027785268173,15.2069824250755,14.8566640700943
"Barban",13.2778892989364,13.259679232137,13.8199622930135,12.9959401926442,12.7311296734058,14.5153158283329,13.0438708688442,13.0313368520538,13.0012304265393,14.5250783372856,13.3057226392732,13.5032697554823,15.4061026725988
"Beclomethasone propionate",14.1640701329173,14.6887693470689,14.1924478885698,13.0703495721697,14.3359704532694,13.4796150540925,13.0471951280752,14.0792513591201,14.4293835552451,14.5746384944187,13.9458873104317,14.9492799632499,14.1792268318768
"Begacestat",13.3095868478087,12.7199337042437,12.7796268893257,12.2724689451683,12.6603242334185,12.3599812005193,12.8383774335586,12.4508100422149,12.7440027803906,12.6874020352315,12.8081774283085,12.804286763247,13.4483131583156
"Belotecan",15.4448896652614,15.0779549649711,14.7616056917579,15.7006394174805,15.342602425706,14.9887796070738,15.4400426571471,15.077653121539,15.5437117610092,12.8914160766678,14.6767042250783,15.3260982691629,15.094739816221
"Bemesetron",13.2374233771038,16.0627437892208,13.4326139127739,13.1764657507987,16.3637949927551,17.8665633574091,15.6554336981726,16.3930785794241,16.0555282306269,18.0596800569164,13.8878371449995,13.3701046500972,16.0466884192905
"Bendamustine",13.5690636145578,13.1793605794248,14.7664696495096,13.4946739592345,14.808570794121,15.7660979180092,13.1898190180176,14.7818148023388,14.6842863006395,16.4638822177588,13.8183291482406,13.3562746391347,15.3010660295634
"Benfuracarb",13.7185693546595,13.4744259390125,13.5289525895544,14.2425244475985,14.4538088349336,14.2336728609741,13.0874639151162,13.9731270317648,14.0580881809799,14.273231980277,13.7735598380841,14.1904953825669,12.8800067885071
"Benin",14.0695638350447,14.0967754132584,15.4651514578788,13.3916839133363,16.0309227323036,18.7174530783304,14.2927782567086,15.6123144659132,14.4485110815993,18.3330908291693,14.0379377899047,13.2521314557534,18.1901951740543
"Benoxaprofen",15.7450145901146,16.611317171908,15.0523673762202,14.8494713700663,16.0300044315942,15.6724822654463,16.0704464377929,16.6063890967836,16.5934995158872,15.5466102231474,15.8056629646446,16.3431212279396,14.5072801129663
"Benoxathian",14.4476634933454,13.131739104873,14.5209998650931,15.4287961853228,15.3581660737636,14.7982442886881,14.4421243953998,14.2463470341606,14.4273803960095,14.6571447996474,14.513983483271,14.010613614799,13.8966486553152
"Bentazepam",15.6451722604841,16.0391964496319,15.5407716186892,15.6512487120801,15.8190037568113,15.9640486725014,15.8045056077896,16.1649971598152,15.7034970722742,16.1213422589526,16.0213366575771,15.4073368530448,15.9320425667467
"Benzaldehyde",14.5371629427846,14.6459016699567,12.8722545762155,14.3469772557038,14.5333998185,14.0524037260811,14.4251567866285,14.4985499288386,14.4563363373621,14.0918606312007,13.1974570721994,14.2992301658625,14.7864166402404
"Benzamide, n-(3r)-1-azabicyclo[2.2.2]oct-3-yl-4-chloro-",15.4024070587837,15.6966956533696,14.9174966410419,15.4481794034159,15.6849425624794,15.6014573833773,15.2706114272081,15.5341574379813,15.6136781498748,15.9235848187597,16.008118357407,15.1375759647143,16.0620752186322
"Benzene-1,2,3-tricarboxylic acid",14.1049640424256,14.0808995586232,14.1842393844538,13.0363946644874,14.6930405671714,14.8999754158604,13.9077975989544,13.8767149204542,14.0359328733895,13.5569201254526,14.0898750002263,14.4711395865504,13.1854129463374
"Benzenesulfinic acid",16.2008744048386,15.9341848252652,16.1889564903252,15.9552170893957,15.876166717923,16.0472998893717,16.1598847852482,13.4348538470411,15.9400462116304,15.5419950340773,15.9145230192659,15.9336724798128,17.6247199001403
"Benzenesulfonamidothiourea",13.6482770075537,14.0041467932912,14.4229612501474,13.5574731853301,13.633431227543,13.5525953348936,13.4082265927335,13.935218353639,13.6979604879771,13.7891646100359,12.9155424679357,14.2059035563444,17.1709291306378
"Benzenesulfonic acid",14.5063685232915,13.4141030284724,12.9844522561836,14.109014017128,14.3120581571021,14.289349344551,15.046725816508,14.6956591141545,14.5997689446071,14.9053655452571,14.8655508015016,14.9401546790894,15.3292530328319
"Benznidazole",16.2484944017758,16.560735844211,17.0080078971063,16.4525003370491,16.6270664244976,15.3211009753052,16.5723540161114,15.8094939355847,16.7596890729103,16.0048211697153,15.9412948023508,17.3563833555861,15.9579048846999
"Benzo[b]fluoranthene",16.3272272891643,15.8712373379834,16.0634502943792,16.3995850804281,15.1566700403872,15.344465738653,16.3261051009704,15.2689001497077,16.6623346465866,17.8197402323352,15.6259854161847,16.9891326853944,17.9991442370007
"Benzofurazan",16.8248681116794,16.7151923848215,16.9221188996708,16.8916197451021,16.2932554737943,13.7471580607733,16.8622436505731,16.6193460200717,16.8541743399307,15.8170943345754,13.1588044224736,16.4785726431359,14.6231564878448
"Benzoic acid, 2-[3,6-bis(acetyloxy)-2,7-dichloro-9h-xanthen-9-yl]-",13.423394179529,13.1317489042764,13.1458554493015,13.4317030745195,13.0072458474257,13.2242230616272,13.4759877382978,13.5158848214183,13.3311372554194,13.4839609466429,13.3276722609897,13.2913013032184,13.3142092939003
"Benzoic acid, 2-[[3-(2-quinolinylmethoxy)phenyl]amino]-",12.2059428005003,12.2220873674864,16.0469233937051,12.205810551633,14.1665602793876,14.6248170150263,12.2186479179126,15.0789804900042,12.3276434214888,14.5775211282006,14.4204874033802,12.2703141170134,14.5728569053736
"Benzoporphyrin",16.8643481077186,16.6672443707922,16.3373255294942,16.5535763229013,16.9820369274055,15.2569856593895,16.6228423531288,17.1006496974795,16.7789941721672,15.1212254174077,16.8847379349544,17.0471992180199,13.4539931910941
"Benzoylstaurosporine",14.1669690505364,12.9598351130481,14.2437607228136,13.57690180458,14.1115813115276,13.7160719481216,13.8036265813587,13.7959230142333,13.642450205898,13.0304754146407,14.2977871429801,13.8614226608525,13.1917381580369
"Benzoylurea",15.6461345445936,15.9709495186455,14.6683443037047,15.3058293102835,14.412342988995,14.7950774821254,16.0893425539107,15.7665761421921,14.9946316742217,14.9009512644317,15.7028251440777,15.2747864235235,14.8888909972355
"Benzyl styryl sulfone",15.0198953201451,14.7542518862719,15.702269313418,14.7825097872503,15.3864991319624,16.0762743452084,14.7958115038528,15.622564246412,15.2116918034198,16.610608737997,15.0145191413762,16.0698019928164,14.4131472672093
"Benzylidene thiazolidinedione",15.8063653502872,16.0756029189232,12.6904444090276,15.8729619468541,16.4167391940538,16.1204129936957,16.0573216577612,15.7528343690724,16.5294323644568,16.6027957481874,15.8408010477928,15.236910151339,16.8093486680246
"Benzylpenicilloyl g",14.7040395891593,15.1509479677488,15.6003218053743,14.6590654024781,14.0029510294497,14.5692120787386,14.6122371825018,14.4300220203362,14.8765918686212,14.9234579522475,14.133469671035,15.437354721974,13.4704047643036
"Beta,beta-dimethylacrylshikonin",14.1988414411809,14.6703115958906,16.5963538334187,14.2241844766401,15.1473853655858,14.5160521749943,13.7362440838196,15.128110627438,13.7820208990537,14.1623032084389,15.3582926680373,14.1653511511443,13.6299299503692
"Beta-1,4-mannosyl-n-acetylglucosamine",16.5947160795284,16.774848628228,16.9661636911866,16.8526554429065,16.7843191179866,16.7565907043393,16.6024470666865,16.6570252672886,16.7523528212388,16.8275130258884,16.7971814776506,16.612696762676,16.4316346496059
"Beta-alanine",18.8164461106274,18.9020901533502,19.6534021948615,18.9742454346604,19.5862999912855,19.9211391609189,19.0859287358376,19.2603638116239,19.3758389399135,19.803712738392,19.1236522502824,19.7808736818103,18.9636391095066
"Beta-d-3-ribofuranosyluric acid",14.1556601338232,13.5751991946121,14.1453547521794,14.4163725689002,14.3204485120862,13.9420787847387,14.3181345840402,14.0873582996313,14.0020048096726,14.5702953253879,14.4372436876136,13.8562530380849,13.5380299326208
"Beta-d-glucopyranose, 1-thio-, 1-(5-(methylsulfinyl)-n-(sulfooxy)pentanimidate)",15.9550405320978,15.8311666255923,16.0103672961692,15.8321852734702,15.8567827437572,15.5407386109479,16.0002298394147,13.7348158199317,15.9762731349977,15.7138046049585,15.8991059448326,15.9263505998191,17.2841011615548
"Beta-d-glucosaminyl-(1->4)-beta-d-glucosamine",16.2709594972643,15.9575256561776,15.4004253878899,15.659036494449,15.5145545146537,14.0845495508509,16.178268737579,16.1172147625476,16.1675413398704,13.6714349815849,15.728345987373,16.0727336544591,14.1191632518685
"Beta-ionone",18.839310135933,19.0752368527689,18.8489218596418,19.3145572299445,18.875296473389,18.2494513713815,18.8670408403352,18.5595282639797,19.1568818864552,18.5232584424892,18.2795622870552,19.0203379722776,17.2201311748805
"Beta-selinene",14.0150713247429,13.594245987622,13.5533011659788,14.2450075286137,14.3054294806477,14.5124812307932,13.9779871396452,14.6145944088524,13.2585731421993,14.1752638668785,14.6703185493424,12.8234733544316,13.5497167799456
"Beta-tyrosine",15.0963655303774,14.7903336737059,15.1433295120221,15.0601416306392,15.2500151370517,14.8480160602955,14.7225859943752,14.7164178435067,15.321252332705,15.4013486320158,15.0671674010827,15.5081724984151,15.476545083026
"Bicalutamide",15.1145141957712,12.4247945220529,14.9902205984664,14.1273412231801,13.1510210213868,13.1703652650084,16.1030590137166,13.9201468883005,15.8374776422206,15.7755313422734,14.1951498147242,15.7920022033831,16.5330115722113
"Bicarbonate carbon",17.9401419601706,17.8319071835338,13.7436087472015,17.7162855387157,14.0792214983256,18.5088793485295,17.7680852149706,15.7481257043932,17.8208519839777,18.275122769341,14.2560013218916,17.9453960971616,19.8055611000144
"Bidisomide",14.4522974775713,14.9742283705657,15.148326748958,15.1778973518985,15.4643997947319,14.7725025204188,14.2854755609179,15.700286472996,14.4510018040865,15.4619409688631,15.5902996584797,14.4711314033072,14.87967495404
"Bifendate",14.8565171813153,13.807967689409,14.1640422685835,13.5128339074562,14.3637767072293,14.777147151593,14.8908051365345,14.1714023764068,15.598353423399,14.4815061187034,13.8713662095544,15.5901534916798,14.9399858664382
"Biflavone",17.3180003446791,17.3059715717142,17.3879529906296,17.2750917898351,17.3361541694653,17.3411962221976,17.2975450581227,17.3409666074087,17.2938714188798,17.4279300677674,17.3313916701016,17.3052675504332,18.1397026275934
"Biochanin a",15.5201281836238,15.2520291488776,13.8336645437089,15.5505046403463,15.1028158931441,14.6759016435685,15.2334477293895,13.7747424739016,15.6787255107627,14.1260848617751,13.5194912634038,15.9480178346842,14.1889398761507
"Biochanin a 7-sulfate",13.7885375611962,13.6580499662263,14.0380759815228,13.3715987539874,13.9461974561209,14.0889690076304,13.6043961594854,14.2244769562872,13.8441645751293,14.01119000647,13.3305345330698,13.7785261659139,14.2783022962092
"Biopterin",15.8928221587435,15.9864804682529,16.2108681766419,16.2599759175536,16.2288683993822,15.9853030941161,15.9810756197622,15.9633197066341,16.0536013294904,16.0501637685262,16.1580345276586,15.8748140688053,15.8314387931953
"Biotin hydrazide",12.9924181053013,14.7092716897554,14.5963835688169,14.0670656397321,15.0209505580139,13.0233456951964,13.8252782417368,14.6641818941965,14.4367365824769,14.4176447869577,14.0612327037764,14.152563092136,13.3439879936977
"Biotin thiamine",16.3507863539862,16.5946858967563,16.1940287912196,16.5494088565801,16.3751246889893,16.0558910413133,16.4261004185939,16.3864222232254,16.5007428471563,16.2548144606993,16.4445704517451,16.3127354548648,16.5294791083833
"Bipiperidyl mustard",15.4744418947331,14.9085889771368,16.5694262145642,15.1924036068299,15.9067416145981,16.2976814665461,15.3944321261453,15.568399332103,15.3720854260803,16.0864619958048,15.5444646297505,15.4910472668804,17.0310714155552
"Bis((hexahydro-4-methyl-1h-1,4-diazepin-1-yl)thiocarbonyl)disulfide",12.5782930098028,13.3095658672847,12.9131942715632,12.7779839747784,14.175039892371,13.9721514578062,12.5633861125747,12.8121557824998,12.6199029113112,15.0041866144666,13.9552603524913,13.1512299289325,14.0369671200513
"Bis(2,5-dioxopyrrolidin-1-yl) carbonate",13.3132037804145,12.7988207620015,15.4407198951295,12.6336367719829,16.0867084664306,17.0317938423569,13.2873488665783,15.9131445675878,13.3881691341324,16.5054357085677,15.8886403779088,13.4978246334889,16.9208040434686
"Bis(2-hydroxy-1-naphthyl) disulfide",16.6562814960695,17.0577891553851,15.5367312313376,16.8759833761003,16.8380348192015,16.035691404649,16.7005761530978,15.8245529845509,17.0539669392115,16.8784619297601,16.1538228035737,16.3823559863684,16.4846854847829
"Bis(4-chlorophenyl)acetic acid",14.0159403390409,14.2530977974106,14.3961547812946,13.790257427357,14.1830272070128,15.0274252186347,14.3673132744281,14.0888730078836,14.3661492860736,15.2236431990962,14.2540909757891,14.2700856116144,16.1600590353063
"Bis(diaminomethylideneamino) butanedioate",14.2786544312705,14.5426124316211,14.2744141376048,14.3138826740323,14.1095183243146,14.1725002373219,13.9601511961782,14.0765847529292,14.369701121938,14.1932659560879,14.3700478900205,14.2889904867549,14.6182450157726
"Bis(methylthio)methane",16.7166282295434,16.7365362214293,12.870915525415,16.624939367424,14.4749029878799,12.9136536558025,16.6723999926557,15.4669580137508,17.3275398820767,15.4370481791605,13.0005738182838,15.0765261523148,15.7552072118994
"Bis(sulfosuccinimidyl)suberate",14.5418672243755,14.9969223587252,15.0790213408387,13.492411382703,14.8731634062801,15.3990103687863,15.7110508066304,13.5217001793554,15.3905818688531,15.474488884797,13.3181672286325,15.2846150095163,16.2911642985827
"Bisaramil",16.1624160907599,16.1603119664368,15.6138515771747,16.0201774652559,15.5601531593904,15.0223857644817,15.911698760791,16.1088119629769,15.9560420535957,15.2098947643513,15.9076298158547,15.789662424036,14.7439115256862
"Bisdethiobis(methylthio)gliotoxin",13.8555020343997,13.798933714261,13.0295590685816,13.9960254406433,14.643987245217,13.1504910564606,14.099007685405,13.1074421442298,14.755704046665,13.6599582857974,13.0457777520884,13.8964698326583,13.4983095464335
"Bisnorbiotin",15.6645735457801,16.3134691507871,15.6125451465146,16.1360360868903,16.4906120025492,15.2569348189024,16.0060185773463,16.1149548059054,16.4958511383414,15.8869762826269,16.0342134963233,16.3963316138417,12.8928482790782
"Bisphenol a bis(2-hydroxyethyl)ether",14.5489738516285,14.7575330802619,13.6715041654287,14.7267193485004,14.6311949245411,13.9698641841266,14.5052680004831,13.2777824114239,14.8472847509287,14.3911773472152,14.2457753866167,14.6971088361464,13.0616934034099
"Bisphenol a dimethacrylate",18.8238192749879,18.8396722522359,19.4650811141432,18.8003706877963,18.5950813098446,18.283272407712,18.9033725029213,18.9535080622499,18.9387419749655,18.4047678017113,19.1971180073698,19.2651552618198,19.0667204141001
"Bisphenol s",20.6227733620333,20.8155572445008,20.6414847256884,20.6775419330332,20.2492035453736,19.049142893666,20.6812631114759,18.6707427257201,20.7112824722492,19.6933685009722,19.2096596361045,20.8932246192849,20.0899212060533
"Bitopertin",13.2213001156813,13.1372548470447,12.9185494019482,12.3057990449476,12.7579155887308,13.4222493837781,12.4056759469378,12.868799096986,12.8167829083541,13.0249077511381,12.7938349190612,12.6080137241756,12.7057723847235
"Brexpiprazole",12.9049638032547,15.1624128505585,17.1802434711694,13.5470626414962,14.4864004726053,12.9050170659733,13.7259505116804,15.2182623924992,14.8002286774296,12.8350480188164,15.0106719801984,13.5575659319889,12.8561740365094
"Brisoral",15.5569490357654,15.2479626021155,14.7996350224879,15.0788125010737,14.2065790795834,14.7198378444586,15.1712734177272,15.2226595598214,14.7293131929155,14.1685256121459,15.2279570928302,13.2389186317646,13.7396383980723
"Bromacil",17.3417937496853,17.4684698340336,17.2432475395903,17.1954710301491,17.1619487992685,17.3298037440252,17.278481034517,17.4787169333728,17.268582921642,17.3454907946968,17.3938807317275,17.1178363262059,17.8004050946333
"Bucillamine",19.5512888290004,19.0305338618222,20.1248476797387,19.2346881152938,19.2052431583066,18.3891408371577,19.1920506356212,19.3722545389784,19.007028550123,18.3379238313452,19.2405632768029,19.1224712697976,18.0945226637742
"Bucromarone",14.6850213718874,13.9064242809897,15.944512510263,15.0360615320615,14.9716505310623,13.9773906262493,14.8465236834515,15.0105144840353,13.325109472189,13.8398468246128,15.3990801480257,13.6776271415113,14.4803677257506
"Budipine",14.7424325985608,12.2033033593096,15.36032659003,14.7246060272907,15.1909220938124,15.1189327294924,14.7688213783922,15.4244886017865,14.7339811929693,15.2645811570771,15.3045199827327,14.9860694284909,15.651609716919
"Budralazine",19.7870176744952,19.5385088039907,19.9493663973435,20.1616622718229,20.1616435746662,19.3067228761434,19.7621918725963,19.6203324920784,19.8730598790748,19.3429411798983,19.6498774157077,19.8419305059827,18.189234806501
"Butanoic acid, 2,3-dihydroxypropyl ester",20.5474669847721,20.5218717981749,20.2473544081192,20.5354646711609,20.4464173436824,20.2690345824504,20.5226247256566,20.7069151673053,20.6362241770235,20.0842880071543,20.5838362703695,20.4586429736004,19.752114375398
"Butanoic acid, 3-((2-naphthalenylsulfonyl)amino)-4-oxo-4-((2-phenylethyl)amino)-, (s)-",15.3420360517868,15.3899370528383,14.6407755622101,15.62714569834,15.485086944067,15.9315224476116,15.4160832048707,15.1893128970796,15.7132038410435,15.8956594537623,15.4225673667768,15.4819495069787,15.7504756761285
"Butanoic acid, [(diethoxyphosphinyl)oxy]methyl ester",18.9419497170805,18.9136535787895,18.7646437005144,18.7635566613103,18.9255851906815,18.9982980107275,18.8532527830343,19.0652115056951,18.7279389904963,19.0896548360998,18.7902968042061,18.713032242493,18.7272880273747
"Butenylcarnitine",21.069369203056,20.9380040454411,20.8865447745139,21.2769124508592,20.7407416358112,19.0414030740445,20.9280914276008,20.7910993975203,20.9397172905657,19.3587038765216,20.5269513057752,20.7076494255536,17.2394133436079
"Butylone",16.6426633738597,16.8707922249324,16.1771427760141,16.1902749520703,15.7541743586082,16.41414149622,16.7870434268649,16.5852459517918,16.4675794856285,16.3190909970777,16.4536780065617,16.6502083940662,14.5219889542038
"Butyric acid",17.5330130085479,17.9955942811374,18.7978841076694,17.4548221955795,17.3723350820264,16.5232373880197,17.5350298168158,17.0216932690707,17.5625725430315,16.9032551595582,17.0577025099254,18.2642991020294,16.8678575930533
"Butyrolactone derivative",16.1462189120716,16.1697162689876,16.2847827550014,16.0159868214682,15.7419904331936,15.7567670461771,16.0611568254264,15.9370803162684,16.030336095384,15.6375813445594,15.7735698331002,15.8798474250399,15.119381264209
"Butyrylcarnitine",17.9835079944515,18.6083027059211,17.0329053690818,17.9669033582145,17.6799288089622,16.8526706471881,18.0704068188099,18.0346946682667,18.113612327666,16.5039071043917,18.1272330129913,17.3919955313454,16.9241822924995
"C(ccc)c(o)(c[n+](c)(c)c)cc([o-])=o",15.4528402234647,15.6420403007995,16.0256358765464,16.2111565078865,15.7320976940905,15.5724037093061,15.693932910089,15.5097249060201,15.9834900207615,15.9179136953074,15.2956159355398,15.3212276155875,14.134295177144
"Cabastine",17.1069957645943,16.9587826027969,16.290665125008,16.6683913017734,16.3005061095107,13.7407735420129,17.1023194675876,16.5341211977802,16.868303571233,14.2727814310316,16.5936323017383,16.7790551609861,15.4997604015084
"Caffeic acid 3-o-glucuronide",15.3771861558118,14.8496594034911,15.3524630030319,14.7144806596079,15.0164904985622,15.0727534654724,15.2031747439884,15.2213289371755,15.0792699318832,14.584719066034,15.316005418581,16.2376158755856,14.0639182586526
"Caffeic acid 3-o-sulfate",17.8827937090225,18.2622683517068,20.1479925932738,17.8314210478468,19.1370919486,18.351314654006,17.8265852376298,18.6233985105148,18.3226723158355,17.9547992840838,18.4857872560015,20.445934532076,18.7309590240103
"Calycin",16.2241305279397,15.5205287584756,17.8928968988962,15.7218180623083,17.1000322850802,18.6970899221683,16.3852324473617,16.9476218076522,15.9077207370976,17.1552258468481,17.1799062720664,18.1538397300569,16.8721637930246
"Cambendazole",13.1106949483056,12.9065869422269,13.1312428283117,13.5903609879959,14.1309882173295,12.7220552538669,13.5378465530632,12.8980854057604,13.4953830415912,14.2370081591055,14.3119321581513,12.8098671023991,13.7093671172041
"Camphorsulfonic acid",17.0168001350787,17.6412946024031,15.5851745332303,17.2110935385274,16.2454711556442,15.6336316938077,17.0344453185718,16.4952093641757,17.7927322548546,15.9548498049664,16.3919926954475,16.8886675643202,14.0350987549215
"Capivasertib",14.5171728810444,14.8616253968124,14.5468990736921,14.9020760515128,15.2196053948307,14.1276277088633,14.6814341833461,14.1303700014663,14.4991010094785,14.8409893186369,14.7843007170568,14.6586822297198,13.1733342449516
"Caproic acid",15.1645058040515,15.1172417988954,14.845749711556,15.1972973876965,15.345383796694,15.1627178807744,15.0863049882938,15.3500726287624,15.0980800737125,15.2583496289981,15.1935879813043,15.0340958109893,14.4743479554076
"Caprylic acid",18.2059762185594,18.0334179453062,17.6972710434683,18.0111682952435,18.1572264137339,16.6782817318749,18.0886798837235,18.1635809279462,18.042295980547,16.6068811129588,17.6793987122309,18.0330327272444,15.3463047218982
"Capryloylglycine",18.5877546982409,19.0240983334246,18.8970805582148,18.928149551912,18.5953997488686,17.6653617934289,18.4661611334072,18.625473912666,18.8722484557819,17.9364943589701,18.2454190478756,18.7637093037322,17.0649956276025
"Caracemide",15.8084674242631,15.4868792991818,15.9750101488055,15.6261582881774,16.3481691351015,15.6874835269641,15.7784595514897,16.3993690786804,15.5858038071495,16.0671575800266,16.7546409554632,15.4797665400109,16.4881562630489
"Carbazochrome",17.8540197768564,17.9143862652779,18.9036042303102,18.0566576580453,18.652496441334,20.1632604457487,18.0198834882467,18.9249267182244,18.1724444075376,20.6997354673602,18.6114592936028,19.3465646767834,17.8497322070781
"Carbocyclic 3-deazaadenosine",15.7138511640504,15.8239895775564,15.8197315253112,15.6131447953991,15.5177368965782,16.3582384528211,15.5586493994899,15.6732488693018,15.7742764518793,16.1109811340304,15.8349622337101,15.6533233501827,16.8895465077108
"Carbonyl cyanide p-trifluoromethoxyphenylhydrazone",16.3320574820825,12.6068965413689,12.8881520265564,15.510029389934,12.5793672074219,13.3993058106577,15.7274714274217,12.7737063484026,15.6828979787585,13.8207868639005,12.7326472380692,13.942439909975,14.1883094808598
"Carbosulfan",15.6238812382438,15.2720407799027,15.0455267097709,15.6067444883231,15.2638690839371,15.5462472278924,15.5090717665132,15.6079678183913,15.3798436942945,15.6365061211364,15.72511007006,15.2724664853751,15.2853904974145
"Carboxin",14.6063542587819,14.4532101261589,14.3583182605503,14.5825607082397,14.3976398545079,14.8658915493115,14.405214576288,14.9370082283237,14.6793092197712,14.5325716788977,15.0708621850112,14.5882390796129,15.0229648172369
"Carglumic acid",16.4234983432071,15.9971258635547,16.9681667086142,15.8396164149125,16.7932666572051,16.452909939161,16.2792565465331,16.5934593905529,16.1484532628374,16.5502423236875,16.6613121767935,16.7030050403503,16.7594630772233
"Cariporide",13.5215379286315,16.4824678439683,14.5867525422096,15.1801946285838,14.0566296369297,16.2028870858442,16.3456803896366,13.6180547338138,16.4652760011866,16.4908002543213,14.1189325849859,14.9964199817206,13.3705208621279
"Carminomycin i",14.8984051422234,14.8564186324224,15.2806935821611,15.0707572975495,14.8265062971826,14.2701300579938,14.9151758047933,14.4798157663211,14.4283728658174,14.5949619569454,15.0451219876702,14.5072536888977,13.9286774067372
"Carnitine",22.936058752679,22.5701892255393,21.1342781629609,22.4983789880468,21.8722120450396,21.2854903144162,22.813781004439,21.9078884192345,22.5777155777895,20.693336679437,22.0187284385036,21.7649805887916,21.0009455954667
"Cartap",14.397796989762,15.114209067319,15.2857369084965,15.0447869511369,15.4156855236025,15.7425975105715,15.0357660090827,14.7333891990572,15.108677869133,15.8589748075831,15.4019256191145,15.0327093259339,14.8011530516886
"Cbhcy",17.6843098315275,17.7641127772148,17.9964329837418,17.6644586668783,17.77723642168,17.7567610281634,17.3880071086016,17.6466424637898,17.4295192874015,17.1890876490146,17.6602921593552,17.5118675229032,17.0202938466444
"Cc1cc(n=nc2ccc(cc2)s(=o)(=o)nc2ccccn2)c(n)c(cl)c1o",16.1933821883263,16.0201952779744,15.2596722279109,16.0001001077318,14.5752494355209,14.2398903111206,16.1649396273315,14.9813391423147,16.6643528648583,13.2168160872142,15.2137817979142,14.7806998714172,14.5529870857933
"Cedpht",13.5021862693319,15.0125757007065,17.4981436252344,14.2298007523726,13.2670351702175,15.9206766399326,13.1086718693491,13.3564767974793,15.6829374574423,16.3414837535817,15.2362250562449,13.3248382487044,16.0878690181912
"Cefozopran",16.2483632041351,16.1447137703239,13.3153984784605,16.164533375883,15.9826767138043,15.8444327177053,16.1887080409353,13.640163705133,15.8629617555611,16.1646455930398,15.9064098655209,15.8974750474008,18.0498639622268
"Ceftobiprole medocaril",14.3142660313914,13.1442105480065,14.2916652102456,13.0415365192848,14.2968714676826,13.8402794259002,14.4545253022469,12.8651299263543,13.9320691951072,13.7319770729215,13.907483743691,14.2951063367023,12.9677568906218
"Cefuroxime axetil",17.3671467004483,17.2224003327985,16.8523338243095,17.644929205401,17.7030190631979,17.2543635213131,17.518368963639,17.4257127926446,17.6910964375027,17.4141707264486,17.6347200204305,17.4621111246581,17.3157005848972
"Cephalosporanic acid",16.3931698104099,16.5972001780478,16.2932125228297,16.7542661321068,16.4111845144878,15.9634946303329,16.5932292064358,15.9617143702741,16.4791362626907,16.1207517203899,16.3740354000832,16.6014888645844,16.0367219193365
"Ceranapril",16.8891415268246,16.9500929300562,15.7594828643588,16.1407143462773,16.9355788434129,15.7139638414895,16.5184852759953,16.9541707529263,17.0173834051429,15.7122290953299,16.3045194297477,16.9006685053617,15.6871562397546
"Cerebrocrast",14.4345224125643,14.7668624234301,13.8330809239947,13.221905262202,13.8419155633896,14.995810405587,13.7503789084602,13.1205238008496,14.6171168546614,14.7661933215585,13.518328762652,14.6214014888807,15.2409732900002
"Cervonoyl ethanolamide",14.9803992717797,15.2796995443062,14.3567580913411,15.4944297150725,16.0640166797369,13.5815895216735,15.50329437562,13.6874308958281,15.5534866173267,13.7377530490518,15.3330068153414,16.3530845998362,15.040404664826
"Cetirizine",15.3682325078647,15.5923993943694,15.3380135457835,15.3691176310363,15.4348464040021,15.0631606947452,15.3623446427136,15.4006146308592,15.356124944271,15.0992909930275,15.5413937479514,14.9805964761251,15.3480840670526
"Ch-223191",16.6355408173773,16.8018430546759,17.0259009962398,17.0267317908201,17.3930234432892,16.8528376043061,16.7193085539507,17.3146813911986,16.9169116528504,16.9428848264761,17.2798700578317,17.5880085605935,15.8800422391201
"Chlorambucil-tertiary butyl ester",15.0504411899745,14.7116581206431,12.8244857143565,15.3431720785363,15.1069133321211,12.7655100766567,15.1879798303653,14.6965808174693,14.9940632574138,14.4720496493779,15.415159923107,13.1792617700289,13.9259327078794
"Chloramphenicol glucuronide",14.9028599576641,14.8295922194796,14.9863156174541,15.0104658881707,14.8493393482161,15.8167926515605,14.9169317629819,12.6654257647145,14.9702749957676,15.7575015915963,12.6292384207494,12.6145207545305,16.6429754045568
"Chlorbenside",13.5588707066774,13.5808782362893,13.5801451633379,13.433403970307,13.53637186972,12.72610528727,13.5176709059406,14.0911210962167,13.3323133212624,14.1627145334428,13.9859832350763,12.4721226575646,12.8302807631363
"Chlordimeform",14.5875011802893,14.9890647447521,14.6892018496191,14.3447296402205,14.4131756001803,13.9450651036505,14.4381348252986,15.3237814369608,14.8801845764098,13.8444421265382,15.3561592964134,14.3376633836569,14.5467749280698
"Chlorfenethol",15.5864882149013,15.8877111831316,15.5825715908622,15.6658132567038,15.2270433284305,15.8953531711089,15.3245573160986,15.7548116982379,15.0256451050604,15.4662939442329,14.9914675441752,15.9166681070052,14.7249632573325
"Chlorogenic acid",14.4301065544756,14.5412703283395,15.3457385102929,14.8636990404993,14.9034983165458,14.3152850732632,14.2386144341632,14.5564436608374,14.8019053254136,14.5819774965901,14.3102902526457,14.4684287143848,13.6865885167458
"Chlorphenacil",17.396247016293,17.571734575109,17.3384366789513,17.3057488914365,17.2562590285634,14.8228667620455,17.3321707563858,17.5495187661546,17.2174288285709,15.4415647887679,17.2328046196949,17.2490731085737,16.5364981165907
"Chlorproethazine",17.9967310646083,18.1711353058008,18.1263961563192,18.1779939719211,17.7344886814422,16.9349280163357,17.8181955552398,17.9677582560724,17.9013170209528,17.1270055305805,17.7104543804007,18.208316665808,14.7562905169675
"Chlorpropham",14.9037554855839,15.208767631365,15.6182188241577,15.363221328887,15.4440084740128,15.6000977656272,15.0778260920994,15.3440396467774,15.1161653915019,15.049343932636,15.2299562489156,12.9680284453683,16.9948121013297
"Chlorquinaldol",15.4841789615275,15.4964844863817,15.2504772181995,15.4428868125866,16.0149463058108,15.7133212072267,15.3216631235169,15.7649007875331,15.7268166319942,16.1487468694741,15.3644322752746,15.4300580213568,16.0517986019824
"Chlozolinate",14.1223067892278,13.9748930067733,13.1511474498207,13.5949316134785,12.9323994823465,12.6328224020393,13.871747645545,13.303765524702,13.3792945601483,12.4742206933031,13.1019388139522,15.1123832406802,12.3431995700348
"Cholesterol iopanoate",14.2924661367263,14.2833927963212,14.4398761934285,14.8868537658849,14.578209584221,14.4686222009215,14.6696822440722,14.5293202854297,14.7857809458351,14.4868687507444,14.5317447897212,14.351545365698,13.4824954001626
"Cholesterol sulfate",14.969112867888,15.2777394388604,14.9927656478513,14.821929893641,15.1093776773756,14.8859188136626,15.1029626109822,15.2640379675595,15.234568114094,14.8868149953742,15.1460323710721,15.2905921683075,14.5459124149718
"Choline",21.4320071496658,21.7009744011305,21.9595234317095,21.4333940125531,21.3734576248342,20.9190435073789,21.2625412870757,21.4893717125578,21.7368107067918,21.16437970676,21.2570892086232,22.0420708679462,20.709409705958
"Choline sulfate",15.6869465073074,15.9444084545892,14.3702545009206,15.9995321218148,15.8761996087297,15.4951677933172,15.7013408882097,15.9229476373969,15.9856963373727,15.2748148344356,15.2742560499295,15.6127439136497,16.1139725102612
"Chrysoeriol",15.8393090216252,14.7511539570316,16.3442488824426,16.3675663784278,16.4220318197633,16.6641594617897,15.9509959865316,14.8566284908748,16.0667939364697,16.8618845998835,16.4389961446267,15.3261456629638,17.2026440590628
"Ciglitazone",13.7787199796155,14.1461395587133,14.0468741916843,14.6275851703367,14.5335830827765,14.7801260150673,13.3849573771882,13.0154323135789,13.9569840752435,14.9022430450852,14.5594418144417,14.3036379385818,14.9089813600457
"Cilastatin",15.1363365615743,17.0358182889673,17.6964064914169,16.6247431731897,17.7070372055249,16.8843910615585,16.1465354567166,17.2402846466604,16.9940188732715,17.2511928118545,17.257927927884,16.8022729900051,14.6018327727549
"Ciliatine",15.400493403536,15.5314778486674,15.7213056618188,15.4714869949616,15.6011684780371,15.3118478526421,15.5175094292728,15.4976303808222,15.6844431270686,15.708141826299,15.584452277101,15.8983304881665,15.6094067106199
"Cimetidine sulfoxide",16.1712318060476,16.3616377803552,15.6419155842512,16.3396928869747,16.2434189972777,15.6491610664845,16.0999795840822,16.1438104701145,16.2546269293904,15.9380933949678,16.1716047020903,15.7877662038767,15.9584138893527
"Cimicoxib",15.7955977592669,16.099353638739,16.0700941758098,15.3092160275925,16.1327881092443,17.1909314821232,15.6708115770957,16.1813551101001,13.6592424812681,16.8054939503555,15.7650210696697,16.225079677015,18.231744886684
"Ciramadol",14.3928069853881,14.5624151460964,14.6771274973065,13.8384395475101,13.1370414699485,14.7108874324039,13.9524552537435,14.610538572081,13.2302378270571,15.5790268392708,13.4552407540416,14.5235483219319,14.6816317471406
"Cis-4-decenedioic acid",17.3522735354962,17.6088625213354,17.6191843823525,17.1410305433348,17.0653858689814,17.3184728740962,17.3661218355182,17.6977712896337,17.2031641519311,17.2854329420248,17.5459771402475,17.342056520298,16.740542361213
"Cis-4-hydroxycyclohexylacetic acid",18.3914239913306,17.5832674821319,16.1351684462236,17.6634377894147,16.5099316593145,15.0235152807909,18.4347761162673,16.0296527482315,18.2879743813047,15.198340078772,16.5679939688422,19.111881934716,15.6275599043734
"Cis-aconitic acid",22.7723693652441,22.5939257555933,23.2957532523678,22.4969427625497,22.9705126269694,22.9247952018194,22.7869272952572,22.8845621248823,22.6467562660209,22.5954650630885,22.9222746864519,22.9733950368984,22.8410085168093
"Cis-entacapone",13.9770423895057,13.5743382208385,14.6454866158597,14.2834915690331,13.6102495388266,14.7515397423183,14.3308574560017,14.1410700420346,14.3407189937195,13.9993968295811,14.1602904389634,14.3675507254765,13.4480021854477
"Citramalic acid",21.6556853446937,20.9507595427807,23.2147513076005,21.1308495190804,22.5301849731838,22.9260719093856,21.86126583648,22.3267610590528,21.4145079452195,22.1911891280546,22.4073864255083,22.4209622820469,23.0789870547493
"Citric acid",21.609893764868,20.062486404634,23.7669053935571,20.348972351204,22.7985624482379,22.3875542912636,21.9211090395538,22.2451428128578,20.7191295906741,20.921284431767,22.9747142101751,22.8727326474296,21.4263157265109
"Citronellyl anthranilate",18.1215481060681,18.287181807104,18.246560555994,18.1642569704156,18.131082172267,18.1733124515176,18.059312274657,18.1975221187951,18.0837709973636,18.2962731196836,18.1573294028992,18.04121280907,18.0580101767778
"Citrulline",15.889076397551,16.0444524021552,15.3033836406953,15.9450717224629,16.4051430669195,16.8766746920297,15.8373574251046,16.5820062516564,16.1150132500049,16.8096438814296,16.3590492666356,15.91446555648,17.6983201912581
"Cl-amidine",15.5622890745642,15.346917362837,15.7405933593324,15.6378100032218,15.4908942209994,15.1516746634051,15.3577163730064,15.1591745953363,15.2060076407194,14.5175507313702,15.4543205016778,15.3204335445002,14.0681207147052
"Cladinose",18.1094456499648,18.1191387250358,18.437156369625,17.9637015637464,17.9797131905806,17.7714884261175,18.0056029217595,18.1379098049684,18.0050057501661,17.5913312248168,18.0572887353909,17.9611838999088,18.4535948180178
"Clebopride",14.8433908732632,15.0100003671307,15.6548096932594,14.6497456704288,14.1495312896778,14.5707344270438,14.8947467268889,14.3896064000249,14.7966425093242,14.2922102693945,14.7307505519924,15.7972042909996,15.3579164468677
"Clethodim",16.0063126820754,15.9126655295418,15.9243918047933,16.0414811183933,15.9975567164743,15.6525429347258,15.996964038269,15.8943759735891,16.0904408745089,15.8703849611157,16.0049121149078,15.8383147930689,15.6199414395238
"Cletoquine",16.2030147454265,16.3846016317732,15.8492652847376,16.3709561172188,16.3257686871488,15.1415026838215,16.2685117977053,16.3454052316167,16.348787951897,15.3817713752013,16.3013455391087,16.3041399121112,13.4049490162181
"Cligosiban",15.544531795422,15.0491026425003,14.1372839920021,14.9924413428553,15.2041733245692,15.6996419517804,15.3850771533672,15.6819683131469,15.1657258698349,15.7423477865897,15.2860285897371,15.0829649746504,15.2057553821139
"Clioquinol",13.7618411606803,13.7590120391564,12.942174485682,12.7825465858062,12.5998499316402,12.7376216067143,12.5602347400457,13.0023590118351,13.1899923815485,13.0915119284992,13.3524574550103,13.5073638221133,13.5610034136461
"Clofibryl glucuronide",13.0122130781519,13.0495669060069,12.8451261402383,12.9674322914111,13.0331725190433,12.6290043978247,13.1350289677072,13.0198442254559,13.0842074317162,13.0445088589328,12.5323575002761,12.9605086677713,12.8668828880479
"Clomethiazole",14.5473877729544,14.3265416504366,15.6280742802074,13.4344784657962,15.6915330264038,15.1437124830379,14.8699859743494,15.4202443805263,15.0706301390817,15.8125775485116,15.0671556499859,15.1438213104091,15.8892082344258
"Clonixin",15.2517696300753,15.0243041434169,14.9765700329423,14.7880723648897,14.8238885762135,14.7210437919822,15.0397902808053,15.175595351975,14.9134152346012,15.0353603693695,15.2461961246164,14.4604676966461,15.5458054931525
"Cloxazolam, (r)-",14.7621308140926,14.8582938761184,15.415892755373,13.0910053737016,14.8600483880961,15.264109745486,14.7803155266495,14.6675532431931,14.2912066974257,12.8698736255434,15.0822772119135,15.7270584542236,14.5538590679179
"Clozapine",16.2585305671916,16.3911257861516,16.2374764625996,16.4655779438106,15.9893106726153,16.5536372285993,16.2371769736309,16.0378209644061,16.1686674059859,16.7777667493725,16.1373816022396,15.9519622699968,16.280050198862
"Cochinchinenin b",14.9532108579609,15.1921074044752,15.418177355211,15.1031733885783,15.5341618109596,14.7493536459255,15.0138568248944,15.0250420836318,15.1889975393865,15.2637792580658,14.9461433899615,15.4779183649198,14.3811869250601
"Columbianadin",16.339803295725,16.8790097903759,16.8454573801845,16.4220783070837,16.7012447165387,15.9901965428505,16.4338739196088,16.2036794909395,16.4258850760555,15.9430679612729,16.2557253253532,16.3707073114466,14.4589792507649
"Combretastatin a4",13.2027096381426,14.5974675860762,14.1745290486254,13.82571635184,14.5958296000271,14.5608111746236,12.8092490891935,13.9103820968761,12.6411042768191,13.2086590735089,13.8653643438223,13.7489659329627,12.497764865713
"Comuside",17.0207269342515,13.064362283709,17.9379942676444,17.1019797216961,14.3012418736306,19.1427609545143,16.7704157532382,13.6251432931013,13.2396052311736,18.8856362421749,17.5770534654915,17.4754499676174,19.3103676079818
"Convicine",15.5367399854621,15.6827680366722,15.9261878715419,15.0331918065933,15.6282315126406,14.2096360539345,16.3992401936378,15.3311677481627,15.1799082787595,14.0090732713724,15.8449817206759,16.2522309574335,15.8967055486105
"Coproporphyrin iii",14.4755944005915,15.723598114128,14.9474492947202,14.7397078862836,15.6955476886856,16.0641280087251,14.4653767286716,14.9688370556389,13.6218503966354,13.705305312594,14.970505366187,16.0504266312277,13.0183450255566
"Coproporphyrinogen i",13.5684088500055,14.6569149446585,14.4620905693958,14.1182840529371,14.2939928931452,15.4773467607923,13.5432496104861,13.2883632543426,14.6999288031644,14.7717629521728,12.6025432404588,13.7011850036127,12.856714916682
"Cortisol",14.5346254958468,14.8048645092535,17.2869439409641,13.2708061069231,15.5069423013168,18.8130907431668,14.9959608932745,17.6925835120414,13.5348442967064,18.3848963322399,18.0358966043761,16.18847751739,17.0527320718959
"Cortisol lactate",16.5403929929586,16.373231528899,14.5770482574356,16.3571293739991,16.2379437241428,14.4933081674363,16.2936400756507,15.1207057310532,15.8922176808831,14.6975845871916,15.4393284340549,15.3989338179681,15.3351989693481
"Cortol",15.6773847166798,14.6519272951388,15.9075794388778,14.7823055779942,13.6661338367178,16.2374048153697,16.0743226369639,16.1047300489388,14.7521108006884,16.3094767419351,16.5926162579123,15.2821703813021,15.4316039304212
"Cotinine glucuronide",18.551987305906,18.5493276914784,18.3687551510264,18.4448179070006,18.803209554722,18.1843551853943,18.4529721189802,18.8997353145284,18.4123957304274,18.6106508768491,18.6959104518298,18.2795343512673,17.8982213157198
"Coumaphos",17.3319531559097,17.4821608325998,16.0693970359102,17.424705182699,17.0448010951129,16.5143095705345,17.2389038630616,17.0791052974562,17.5391366675493,17.0671656383733,16.9750013478818,16.8286286951696,16.79820395157
"Coumatetralyl",14.452158294739,15.009245468952,14.930408621974,14.8253020142016,15.4933411746501,15.2958148432146,14.5402040738582,14.8235009215056,14.8261274234958,15.6721665190971,14.9817413372652,14.7662859331927,13.8028063325872
"Cppene",16.9262650655075,17.2513624995832,17.4891307885744,17.1366462891929,17.1744956477051,16.7259406750799,17.1852416346408,16.9448743605728,17.1003187205107,16.8335418669322,16.842602345367,17.0327224146032,16.5190545716006
"Creatine",18.3805204886869,16.678768719905,17.4418686327678,17.9833943093254,15.459152218126,16.7479221671446,18.5076411348301,16.1554174444402,18.4166586301337,16.9580908652897,16.5317468630208,16.7869715464594,16.877627351433
"Creatine ethyl ester",21.4722741007895,21.3553090935744,17.8963994125316,21.1769051529006,18.4454442838664,16.9322785770908,21.3071213775754,18.5711579819373,21.2130147612243,17.6836761349964,18.6746884146335,20.0380214423854,16.6489465698716
"Creatine riboside",16.0505111318765,16.7578296735809,15.6686049035421,16.0404867553721,15.5635702506108,16.5022416253469,15.8320666226326,15.6728543474587,15.8394292308336,16.8842176723218,15.8426277725112,15.4207290279847,15.8093236372743
"Creatinine",21.9055350228276,22.0135655081324,21.7424942651624,21.8908328912141,21.8131943339247,21.883400409827,21.8200225886713,21.8974106198491,21.8394199918407,21.8737310495201,21.7533912184324,21.7664124605941,21.4473198659466
"Creatinine citrate",16.2389127882059,16.7340750043698,16.6148007033486,14.2452374761963,16.0792202568829,15.4262629496729,16.1069980186007,16.4851329752794,16.3580793245496,15.6012354814976,15.918150425928,16.4455342658135,16.6420521528779
"Creatinine lactate",12.9859979303687,13.8244368142196,14.4573303497951,13.7360911267079,13.8286642340823,13.6402196569985,13.177590848422,12.6844597652156,13.5328353869019,13.0484606545169,13.3709456931695,13.5533752395112,13.630401670535
"Creatinine nitrite nitrate",16.8695478897254,16.9081838126246,16.3959781460486,16.0657892793889,16.3101457238336,16.0251014113603,16.6318867080307,16.6716901098602,16.6939957702008,15.8620729941155,16.4171718482493,16.3922807639175,15.5963630947667
"Cyamemazine",14.4865802173621,14.7580302099059,15.7763659797876,14.5129573792341,14.8802301582584,13.3278308358627,14.5102607610782,15.2449775094558,14.8741786048192,13.8100254401253,14.3891531439262,14.5958858621678,13.6714555509922
"Cyanidin-3-o-(2''-o-beta-xylopyranosyl-beta-glucopyranoside)",15.0897707582666,15.0565739149571,15.1336139696831,15.0369897065403,15.1027609201976,14.3001006033379,15.0597683101647,15.049203738118,15.0059096933263,14.7731446232927,15.2239917974551,15.0128111699924,16.2806053727834
"Cyanidin-3-o-(2''-o-beta-xylopyranosyl-beta-glucopyranoside)-5-o-beta-glucopyranoside",12.8849277374292,13.1117406804821,12.8466155439898,13.1289338173214,13.2611182917955,12.8510958528165,13.1691366441493,12.9195895532192,13.7044582986212,12.8098187820906,12.4869702676094,12.3917993851625,12.9168868806018
"Cyclanilide",17.3402988803207,17.1190241365865,19.5524950842677,17.0403121173062,17.6136081598543,16.3101427352274,16.8784341661394,16.551735947948,16.4474704521406,14.7125626450797,16.1205843091076,16.936358436007,12.4633685781775
"Cyclic adp-ribose",15.0777759660199,15.7880817498046,13.8088306150383,14.6814522006127,16.3945059424071,13.0126820583836,15.334936377966,15.8926235708322,14.3397454014853,13.0952048168598,16.5896310549396,12.8939019992863,13.3303074147585
"Cyclic amp",18.3367832949705,18.3874754234631,18.0867058546755,18.3997274819624,18.161438722343,18.4174625114107,18.2797271810661,18.2041537066355,18.1358917571506,18.3650878315926,18.2463314119915,18.1673363410934,17.8924938171029
"Cyclic gmp",16.1149212200294,16.2355768429334,16.4698914209881,16.2645656443177,16.2055283909142,15.6833165545592,16.010035976549,15.8478814196313,16.2942614354204,15.7352506477097,16.0369450526819,16.0346428535582,15.9815721992829
"Cyclo(d-trp-d-asp-pro-d-ile-leu)",17.2645934963556,17.0701749632436,17.3338321821655,17.8839373811475,17.8488843213672,16.0204243535424,17.3165624053054,17.4704812627931,17.251620304585,16.6327066440937,17.8230691420057,16.9459523951207,17.0063710159148
"Cyclo(his-pro)",17.7396941192295,15.194001129215,15.933880843412,15.1769883741107,15.8422465856846,17.3960716664723,15.1050720442495,16.2700341466475,15.2890152913561,17.4341698074163,16.4512806871486,15.3181761312599,17.5736995081365
"Cyclocreatine",15.2356157402514,15.5921115366355,14.4632745618918,15.5882381729591,14.1053102451579,15.1776569432555,14.6838702125575,14.7602290131882,15.1730816056659,15.1973240185639,13.5340536397214,16.0030772122754,15.4132332174445
"Cyclohexanecarboxamide",19.9058342100592,19.6748395510367,19.3143215492968,19.6266719667844,19.3892846283688,18.449404422565,19.9822070293563,19.6831627805161,19.8643275944032,18.4959194951404,19.7942490969819,19.9032651419427,17.3728037526995
"Cyclohexanone",16.5930237490585,16.4884120329987,16.6786219798301,16.537320287996,16.2987070119528,15.2835074060409,16.5066848984581,16.3081797894078,16.3440599580246,15.4190431706366,16.2486769096747,16.2564808891073,13.4790774010267
"Cyclonite",15.8810878016009,13.9491903305949,14.221747339049,15.3020321151708,15.4820826457169,13.6786215934044,16.1872430933771,15.7302095600025,15.4131232885803,13.6702087205962,15.9324207314398,14.2564930570698,13.9859038073071
"Cynisin",15.444460974885,15.8195683294927,14.4949168810741,15.7057101069029,14.5821722937765,15.4800526849978,15.6842357838432,14.4741445575885,15.5356205403259,15.7057828860883,14.8378411241949,15.7879282660769,13.385312189484
"Cyproconazole",16.9034165489344,16.9726183791642,16.650919499196,17.3493320168268,17.1169567774502,16.3912150943631,16.9056380941458,17.1159417186109,17.3785938593879,16.6072453095843,16.9225649105126,17.0215569165578,15.7803737725467
"Cyproteron",14.0090399356018,14.0922235726955,13.2702289563376,14.2965616610298,13.9359641953703,12.737342022557,13.8476238729174,13.0942928750686,14.5314198425256,13.3233934893863,13.7348272672248,13.8135230712214,13.7728503616411
"Cystathionine ketimine",18.7328153658314,19.0556680619227,16.2519775279202,18.9996438649326,19.4516244528193,19.0772696371464,18.8644192578952,18.7875087208429,19.3649910086105,19.5512768024996,18.7678308437453,18.2400874188799,19.8333742418405
"Cysteic acid",17.9614424229878,18.2632936385741,17.8776291179674,18.0517994881788,17.4687179444988,16.4874332177773,17.9805775549126,16.3192516123189,17.9334267498889,17.0621095884299,16.3415651526629,18.034893824548,17.2347899408892
"Cysteine thiol",15.1316609033087,14.4581980153749,15.5061795351311,14.4224129809225,14.7864367651205,15.3385243684847,15.1585266995705,14.4403064903497,14.9793172163411,14.6785873590442,14.7402074287492,14.2570711183197,15.1099591466223
"Cysteine-s-sulfate",16.881094429019,16.9178373550437,18.7276109415427,16.3134867325653,16.9579681824768,17.2795934987331,16.5078705742589,16.9831064237594,16.3657514757811,17.7470617152259,17.2914072486109,17.3534259790098,14.2678865150578
"Cysteineglutathione disulfide",14.0873859028512,13.6100934722468,15.499704101398,12.6446044923325,15.458764144779,14.4369003704503,14.2580651168309,14.9508372581232,12.9654682194465,12.7489870661797,15.5668106428275,14.7917101853159,14.1708530057174
"Cysteinylglycine",15.6249478573333,16.0554295252771,16.0878642221526,15.6643718315943,16.1212778962438,15.9675477878078,15.2557716261687,16.2319889682275,15.3822518574182,15.8210493901725,15.9768679570509,15.9862545633387,15.9254237596086
"Cytidine",15.0567195776762,15.0380193366262,14.556495920076,15.0483567438534,15.0839951946323,14.5474286925551,15.1062193196994,14.8962064231772,15.1183521248476,14.8021108346017,15.0510781450322,15.1936111637328,14.3047294395218
"Cytidine monophosphate",14.5662045327758,15.2143986552816,15.1499983065536,14.1574231088003,14.7115498515409,13.2514267099462,14.5887208096988,14.3747131583275,14.6106087055691,14.7016177484445,14.4176597375724,16.0813356639905,14.7512887247725
"Cytosine",17.4025441912728,17.2703804904384,17.6786437909436,17.5676303415893,17.4593713929316,17.9269429474524,17.3055971974871,17.4286738975828,17.300223477291,18.1523582348763,17.3667276756908,17.4947990509052,18.0699246188787
"Cytosine phosphate",13.8405819779706,14.0541631086556,15.6885060528523,13.4133824527491,14.0824617755276,14.4241468479126,13.4063502228721,14.1443726387027,13.4957809569574,14.7300164073315,14.4200149221766,14.4145667703266,14.470729895502
"Cytosine-5-carboxylic acid",18.4587669723598,18.7834121659986,18.5590108540937,17.9923782904651,18.4280276377577,18.2533621830624,18.3957372063216,18.5676106366443,18.4177910818197,18.1845930420241,18.2617112074741,18.4701077770402,18.1328719984478
"D,l-buthionine",17.2458792848894,17.4840346370618,17.7416313450948,17.3919899808953,17.8634448870376,17.8617604593594,17.4477396761972,17.8688407656599,17.3203536769813,17.8029248971341,17.8012748673123,17.3977919001617,17.0632877091045
"D-alanyl-d-alanine",17.402744815424,16.9216630321577,17.2450615212954,17.18390292475,17.5202267120416,17.7933103260884,17.4462450468758,17.7015726478404,16.9970039116452,17.8310192825455,17.8674989204715,17.0382928305162,18.1123794642383
"D-biotin d-sulfoxide",16.1126098656131,16.0007830569993,16.2275470359514,16.3006229206797,15.5826492786241,15.6873611367576,16.0319593510937,15.6624435669893,15.8506530157456,16.1212256635777,15.9240714569479,16.0185079710251,15.5611426146838
"D-erythrose 4-phosphate",16.1556057013695,16.780717313031,16.3620449206336,16.4482992598496,16.3214407123322,16.1744289375944,16.3392463492492,16.1841013178636,16.4005058610891,16.6851963175904,16.148520873973,16.6087735815131,14.6492834582799
"D-glucamine",16.1498950873597,16.0325877691528,16.1809265908598,15.7301890995772,15.7377217368846,15.8790084851048,15.928049764126,16.1023690928541,15.5582553886294,15.7500653953073,16.2100893290128,15.5423769955148,16.37130626128
"D-glucosamine-6-phosphate",17.0030302187371,16.8390881997627,16.998636028783,16.6583120014369,17.3163862625044,17.4059641752376,17.0306345558413,17.5669729350122,17.0794462858444,17.4120193047424,17.40243961698,16.977575703735,17.2155007278692
"D-glucose",16.6939896664402,17.1422483903518,17.0771937450282,16.7841093389849,16.7662890647344,16.8058552962154,16.684416710378,16.924151361341,16.9441391072151,16.7922467616323,16.781548404037,16.7427492890933,17.0628479189875
"D-ribulose 5-phosphate",15.6469465210737,15.4520664051279,14.2909666577369,15.3554706616698,15.1481048832585,15.1425757318414,15.5112270467741,15.0160212581135,15.6784779817044,14.9841836083695,15.2322084007218,15.1634375436576,15.3400316231553
"D-sedoheptulose 7-phosphate",14.4431204938276,14.0941647015475,14.4164251916152,13.7180386387015,14.9037581614686,14.5453162452481,14.5862549690527,15.1919457434574,14.1872173284682,15.0165881818648,14.8951654595513,14.1213114112472,14.9242711079446
"D-xylose",21.1083904073898,21.2652247342813,20.7655666496458,21.2824505347044,21.2847761404412,21.3879108047946,21.1376971568091,21.0297924978538,21.0477302038984,21.7411253392945,21.0103235839461,21.1771126778113,21.7286946000639
"Daidzein",14.7184814542296,14.5316473326007,16.6990414511043,14.4303402775796,15.9633952265801,17.3870944861711,14.8673402753057,16.1515081644188,14.532420273362,17.4830255379261,16.3105088872115,15.2441997640998,18.6662740896891
"Daidzein 4'-sulfate",15.8886887027259,16.6720268990698,16.0665386897287,15.8423263553714,16.0982922720157,16.0760877029587,16.1521402175331,15.7075771188453,15.9890470017159,17.0083157928073,15.5078629605149,17.5358375720544,15.718489055633
"Dalcetrapib",18.6313621181386,18.9779598058081,18.585448299623,19.3494803653952,18.9527389714356,18.000791613598,18.8101938161612,18.4611643403374,19.1640841167699,18.3303665858781,18.3304029128477,18.9708403712052,16.8243874825117
"Damnacanthal",16.5034107740395,15.8656514492111,15.9499922567277,16.5867466127411,15.5488701862314,15.504851629615,16.5438658767851,15.2131831990177,16.2923307091187,15.4990742953752,15.619804763274,15.4607823765652,16.4512715365308
"Dansylamide",14.8866412233694,15.6604868720088,14.8090402399449,13.6845075692742,15.1480461164439,12.7408039695637,14.1350210432511,15.7467749107949,15.7933980750422,14.6565411702327,15.1152665710764,15.4347847000028,13.1301152979149
"Danusertib",15.6831792391557,15.8128874353336,14.1604597747911,15.8083389732337,15.545894408025,14.0526543970191,15.756631396749,15.2648831029074,15.3777379282562,14.8168614912518,15.48245755353,15.5621116433935,14.9194864135804
"Darolutamide",13.383425623664,13.6599457573303,12.94437830271,14.3914690027604,14.3631845744545,14.0534021979085,13.7311487388855,13.8986477765145,14.3076374712248,14.4404090743644,14.0446887787588,14.0693248837414,14.2143576427772
"Davallialactone",14.4627858710037,14.9443212680164,15.3525211720836,15.7342011257079,15.713193292356,14.667157555248,13.6226587643051,13.7922267301963,14.9249312430743,15.5609800412434,14.4869757232841,14.7832811567472,14.1273607281411
"Dcdp",16.9024852553732,16.5290333514313,14.0834378889671,16.1259869313577,15.5686085187394,15.585818777337,16.6768708032419,16.6036279257603,16.8665088217414,15.5990131986686,16.6370706338719,15.1653132537638,13.8864579247797
"Dda-tetracycline",15.1140931927299,15.7309615052782,15.2536019470615,15.3982724382243,15.4303486473213,13.2581267892214,15.5466339784413,15.2771540382983,15.4805459182341,14.3545518884032,15.2268436808788,15.6452327331143,13.5135825414915
"Decanoylcarnitine",14.9974447504526,15.5908997927228,14.3386977618669,14.8519957199393,15.1261652110538,15.274532982855,15.2638605589014,15.2972988153275,15.2299915623216,15.4081918432947,15.3151713190378,15.0648667933198,13.2492938641521
"Declopramide",16.0032664576728,14.1388330120721,15.3838686192313,13.7413648994143,16.3463917815269,19.120536497256,15.9350340078951,16.7903869614165,13.2995557663828,19.0087111325053,15.8240427055085,13.1891701541187,20.1031370769726
"Deepoxy-deoxynivalenol",15.9303706679093,15.3087901013686,15.9660006547944,15.7717770595394,15.9264392264242,15.0806056205058,15.9420555387901,15.1399142567032,14.9166753333885,13.6904068969534,15.7306747309622,15.7198933605683,14.319305740086
"Deferitrin",15.418796739277,15.0895717117214,14.6863619731992,15.3437594846029,15.0809627492108,14.8527823191888,15.5136052087756,15.0107058772157,15.2442963881993,15.1956475912966,15.3631808909101,15.0058857902345,15.3433552903729
"Deguelin",13.9850427176352,13.7127703017267,12.6458609447953,13.5999863878086,13.5026655329107,12.8026221947568,13.9479151232692,12.6390193799864,13.4981778090058,13.7569122005797,12.6600807085661,13.4605154973843,12.7834605401411
"Dehydroaripiprazole",17.4345149767943,17.5227918368394,17.0941196356539,16.6413426614956,17.0836816885697,17.0368168676515,17.3099177321551,17.1805466161781,13.5799311563451,17.1484553589323,13.4726532783601,17.0674913412202,15.1082532316305
"Dehydroepiandrosterone sulfate",14.4834282352476,14.3296251952526,13.2454120489387,15.3296335359685,14.6319963765172,13.0342320364317,14.0645726675282,13.202160964527,14.4078605098749,13.4497590002568,13.1803435709624,13.6800200415525,14.0700467910579
"Dehydromonocrotaline",16.2927118229752,16.2794762971863,15.8211720857469,16.345751236056,16.8117194036408,15.2374900260735,16.5320369528173,16.0046204670994,16.19553044322,15.4906931469564,16.2790674062006,16.2796713779814,15.4667609414946
"Delimotecan",16.4086421749156,16.345841107844,17.561905345073,16.7374856341572,16.325555464209,14.3481864307321,16.4662197473209,15.8893127477445,15.9274064357826,14.0364920914469,16.3817876163581,16.3030757029604,16.0842854683876
"Delpazolid",15.8714581960829,15.5725741819963,15.8374461385925,15.6589852584755,15.4184406240209,15.2323875675208,15.7621818439647,16.0309995311008,15.5846433743278,15.4680171725503,15.7692449967087,15.7097284109819,14.451047137353
"Delta-hexanolactone",16.7584181037896,16.7867293979892,16.5281525642766,16.7053989591304,16.8401052220186,16.7714479699075,16.6635259263125,16.8641414744722,16.74651762069,16.8431543635624,16.8759049273245,16.6017507962767,16.2524432102072
"Delta-tridecalactone",17.2793891219988,17.4544366431484,17.4852167424643,18.0185872660716,17.6104658405387,16.6355987432351,17.3525308266687,17.2167607693906,17.7848148024791,16.9364276302006,16.9467990187591,17.8892433255638,15.9260069364753
"Demethylasterriquinone b1",13.9672210506647,14.6794006471883,14.3734194871212,14.820531206064,14.7475465242482,13.791674815439,14.1241900529498,14.3749186633912,14.8509416889261,14.3158072577523,14.6838737222236,14.6343030135356,13.1857722529363
"Dendrodoine",17.2918194469316,17.155899533647,17.8635279088513,17.5847400459952,17.8355529143623,17.1736439907277,17.5277330071841,17.075513995525,17.7719770021994,17.6705095573585,17.7112772658508,17.2165591745634,17.9482967698383
"Denopamine",15.2267769598784,15.5253818513715,15.4096548600716,15.1324960399492,15.3451931446825,16.1002459339586,15.5085576001485,15.5752412979293,15.3768601377923,15.9360866592884,15.9375557435466,15.4887442320702,15.5475286849097
"Deoxyadenosine monophosphate",16.8742654606597,16.8955665217329,16.8602012073461,17.0394051747882,16.9414318997755,16.9231680298285,16.8510775164889,16.418868347862,16.6451691842222,16.9219475777609,16.7862746113928,16.739529621847,17.2159803947524
"Deoxycytidine",18.5398710682529,18.4598917336651,19.0458509786071,18.6604048258277,18.6764848628192,19.1416547780259,18.4278031057321,18.6368642766634,18.4739055608503,19.3213339604872,18.6004258428229,18.6593110882149,19.4653632226204
"Deoxyguanine",16.8408610050183,17.7292512081102,16.4156763329078,16.510121745918,17.3091985765227,16.6871029176914,16.9453189830655,17.7282335071411,16.495955459726,16.9267229263856,17.4653740473217,16.4054615387177,16.6813339394173
"Deoxyinosine",15.4928257450772,15.9206001576702,15.4397457280218,15.6539857107514,15.7657615284099,15.5128934151501,15.8506091639097,15.5293616016327,15.6893426142403,15.6745819177657,15.4768118477026,15.6048414801593,17.1599683664956
"Deoxyribose",19.2057237198984,19.4694499116317,19.0654476073234,19.3852914830266,19.3110704426618,18.7199261069611,19.1618168832788,19.1300359489074,19.1595894287793,18.6919610381637,18.6368436360005,19.3009668304637,18.7653560341947
"Deoxythioguanosine",16.3070932505681,15.9142693306701,16.7339404080655,15.9984941208087,15.4960159458947,16.2956115330141,16.2082085442856,16.3698703465092,16.0475069845562,16.4860529466163,16.726598540944,16.1052777907717,17.6906979705292
"Deoxyuridine",19.2201841275498,18.9933472544296,18.2062413328061,18.9740173371865,18.3325426675024,17.7795998871614,19.2731127711206,18.6749934016526,19.2881387490822,17.4918703176905,18.5610420856149,19.3292233040971,17.0302364434978
"Depropionylbezitramide",16.6564682612711,16.0354597129845,16.9192400937423,16.0238596983105,16.5712856959542,15.2522743663853,16.1499084709384,16.1893740724159,15.8683439318134,15.940330505563,16.0449179922402,16.33237329225,14.3795982274492
"Desacetyl-alacepril",16.0331424005623,16.1123193772713,16.3033856148736,16.0731945351014,15.989125742091,16.336401577629,16.078056448112,16.146652671518,15.9757354510121,15.9238064824518,16.0781198381014,16.0482849783904,14.8959915614132
"Desaminosulfamethazine",17.1783704781224,17.152291274369,16.7219777587496,16.2737549515272,16.38740626329,15.6419264049132,17.25127535186,16.9691707127426,17.0630482544461,15.3447229813997,16.6285863715495,16.9883894328219,14.3321119057754
"Desbutyllumefantrine",13.1305264548633,13.6687470555782,14.5166978520247,13.5985570415236,13.013712631507,14.062340253267,13.3902095754565,14.0789960612299,13.551300206779,14.1490896618675,12.9832200822754,13.2426920716637,13.0225054252023
"Desloratadine",15.3462305934512,15.1152466288138,14.1420389101527,14.6455226425674,14.3988039405862,15.1091170516165,15.1240291587329,14.0692585250158,15.3009627175699,14.2787155829208,13.9481461237016,14.3388620592842,16.1365702276406
"Desmethyl rizatriptan",19.9648819867801,19.8459368273504,19.6404787242744,20.1382366427783,19.6827352269592,18.2016790385293,19.9592086025296,19.4862478413392,19.9327285009884,18.527191131088,19.3616485250683,19.5975954782226,15.9910442866082
"Dexamethasone isonicotinate",14.0756943129673,14.8183649243814,14.5233423397713,14.5960363674362,13.5190680099648,13.6571483761014,14.3587456409344,13.1795400777343,14.4164316270834,15.2090890330475,14.105987030958,14.7519037894839,13.6977558464942
"Dezinamide",13.8528619224749,13.7476032598299,13.1784198827394,13.5856132127659,14.1777070389844,14.0958465257971,13.8019397560413,14.5639981249577,12.2289815570105,14.315883361319,14.3537007440469,13.8117001696154,14.5332317266971
"Dg(18:2n6/0:0/18:3n6)",14.4730942888194,14.3780462228616,14.3477772277973,14.408214126523,14.9432841805732,13.4315898585783,14.5120310033811,15.2000306288402,14.7699050584315,13.0864949263962,15.0294460734952,14.301046069133,13.455037496061
"Dhlnl",14.8123629098975,14.9239112812099,14.9075302931841,14.8765713942542,15.0188409828179,15.0080203260467,14.8178986390951,15.0427705717837,15.0152563966832,15.2198701912397,14.8612111339165,14.8558009630019,14.6489050068396
"Diacetyl benzene-1,2-dicarboxylate",15.4613835380374,12.8501701050561,13.8055940517415,14.5797455744057,13.6210246432494,12.7744468267401,15.3056090292858,14.1170185822627,15.1089419935524,13.0541962909546,13.9092241998137,12.7528191193036,13.1478807203369
"Diallyl 2,2'-oxydiethyl dicarbonate",15.5708420581577,15.5955714568796,14.4958302934538,15.6265786795491,15.1036300630618,14.6105711278589,15.5435551102172,15.0442571878922,15.7747047687302,14.3981259969861,15.2988297276337,14.7280979823528,15.616363976641
"Diaminopimelic acid",15.6848071161302,15.5535203096187,19.8236474565797,15.5692704360166,19.3833731401147,19.360489405154,15.5162153570931,19.5128723243748,15.5223290913507,19.3669065442337,19.4629720589378,15.4561455576763,19.6169852518967
"Diaveridine",15.6566534484725,15.3813290751543,15.6118395651161,15.23699954094,15.5459990143141,17.5063491662052,15.5362369564187,16.3097151022566,15.4722081708318,17.70432852992,16.4488704697415,15.1362246886027,18.1124084031553
"Dibenz(b,f)(1,4)oxazepine-10(11h)-carboxylic acid, 8-chloro-, 2-acetylhydrazide",13.8035288604134,15.3280473044113,15.4280600092672,14.661908416915,14.7777337166336,14.6427226041845,13.9952056857684,14.6232574160788,14.7268761814338,14.5697285764358,14.7492140661094,14.2518822163801,13.3211254939662
"Dibenzo(b,f)thiepin-3-methanol, 5,5-dioxide",14.8611859128614,14.985466659987,14.8208506451387,14.9947367968745,15.3873909523283,15.5030884120483,14.6610344608392,15.4415653683734,15.0617388016131,15.6571453040503,15.5256129211971,14.4062884612898,16.1964864758669
"Dibenzo-p-dioxin",15.2604011791158,15.0973193365058,15.2535127038593,15.3399451382369,14.7598811694393,14.3908260778423,15.2267223206477,14.3145896981229,15.2165120512123,13.6009437729732,15.0169256224223,15.2081241333255,14.3830742403791
"Dibutyryl adenosine",15.6813407060751,15.3150660911943,14.6483633701794,15.5096976400802,14.7987635876983,15.218922114033,15.3754346392574,14.919198952483,15.2367118839752,16.0398097357794,14.9972389591069,15.1861192898875,14.0021539276029
"Dibutyryl cyclic 3',5'-cytidine monophosphate",12.6896062278822,12.5694595121419,12.7270058793963,13.4636431210027,13.7966660683139,14.7809778577879,13.2886507986384,13.5936434356102,12.6186404107372,14.9145057133659,13.5632595612959,13.4260800830355,15.5981275568206
"Dicarbamoyl (2s)-2-aminopentanedioate",17.5586609592498,17.7723702113321,16.9940025666706,16.6950186671736,17.4596563145122,16.8918494684257,17.328599493273,17.6668994223783,17.6196789699977,16.9190755057686,17.0502654793112,17.3744593830686,14.3782975771912
"Dichloroisoproterenol",16.0586049675612,16.3288689972941,17.0225820973275,15.9292029750991,15.9545136394343,16.2942485777481,16.460463268992,16.1842784684108,16.2107713080031,16.2783875086345,16.2256535350169,16.7474409417283,16.3161696790152
"Dichlorophen",16.0445032120678,16.1119275913182,16.1756591053858,16.032473564808,15.9396379963567,15.4661653752905,16.1108990105473,16.0802978913435,16.0902781518168,15.7828224881578,16.0192156684745,16.1211951610052,17.136873829722
"Diclofensine",16.2453130408677,15.4663945189227,14.5466013442597,15.6524613868778,15.2318712932948,15.352363714773,16.0447930225244,15.7000979378345,16.1654886649885,15.1494256721639,15.9638172348944,15.5065417074124,15.1796879475905
"Dictyostelium",15.9707688942162,16.0471169874383,15.6345596282575,15.3380166641643,15.4801719595219,14.6195135915007,15.9104370323167,15.6848977581037,16.1388486245441,14.424707430465,15.314305173907,16.0697610445373,13.7275857768428
"Didesethyl chloroquine",17.8743955844027,17.8115183561949,17.4869080820848,17.8895296060345,17.5846076060532,17.1045992068948,17.8564060751865,17.8077885943461,17.8852387652828,17.4091415637836,17.7525235855163,17.7889298643252,16.6429516736232
"Dienestrol diacetate",18.7648711631594,18.5586997902128,19.020125243794,18.5320112918458,18.8009810135887,18.9141146175839,18.7603773195856,18.9826079098148,18.6293482108513,18.8773457620801,19.1639893940645,18.8141205774213,18.3906611844609
"Diethanolamine",21.1726039694207,20.7698621865473,22.1143053096163,20.803293008189,20.7399480287952,20.1332496825558,21.1005928078276,20.9725722976648,21.1788804420833,20.0784951997415,21.1104558948132,22.0051228316161,20.8834744666488
"Diethyl 1,4-dihydro-2,6-dimethyl-3,5-pyridinedicarboxylate",17.2176046885697,17.0587276111986,17.4897664940657,17.2796864975776,17.4160554356002,17.3024248370795,17.2853147234927,17.2279856099384,17.2339211291354,17.213202496534,17.2414535340633,17.5383471238074,16.7689403004353
"Diethyl sulfone",19.8910734250587,19.660647427955,19.8822588969057,19.7334339621705,19.5617464959569,18.7480475243281,19.575144034492,19.6290267235446,19.6367603509815,19.0713255302626,19.518889770481,19.6677527009941,19.2744030053859
"Diethyl tartrate",17.3974493562516,17.3862489829875,17.4481062362008,17.154955659128,16.8886470825786,16.8198437882594,17.2357202644538,17.1494104666873,17.273656985129,16.7638432800124,17.0954189843142,17.1597270024468,16.9187757234911
"Diethylthiophosphate",12.5468410510874,13.1137575855462,12.7728178374462,12.5033119157573,12.6191501295016,12.6525812506779,12.5801215250571,12.603400936431,12.6008277023604,15.8467587237541,12.7123919614624,13.2203442876903,13.6496285661004
"Diflucortolone",16.117827158994,17.3255402424189,16.6559644416722,16.8671907615969,16.7628951745395,15.1426903258667,16.8199898691537,16.7337816382672,17.3915282517493,15.2249990281395,16.2958585563193,17.3227027978669,13.6388545185122
"Difluprednatum",13.9999749284172,14.0762886433034,13.2685807116191,13.1030717651216,14.2683382167339,14.8977216680982,13.8788047634811,13.938075805414,14.0922882786665,15.1156019119892,13.0827595874694,13.087941772629,13.5651068009472
"Difructose anhydride iii",16.3865905851944,16.2387151187491,16.1505155183317,15.855401907053,14.1832406495765,18.24718991465,16.4486330809387,16.6535714754024,16.342801318965,18.2577326264178,16.0587158253248,16.3001590992916,18.5191630990857
"Diglyme",12.5064609897322,13.3072277786166,15.7301968983628,12.5867323036358,15.675927416616,15.4166603580931,12.8226915401059,15.7203124070753,13.525361256036,15.6042094719009,15.6562180127045,12.9962056026295,15.9359399750113
"Dihydrobiopterin",19.1132507108346,19.7156654513349,19.1350450840603,19.1892614008954,19.3445860746212,18.580410422988,19.4409259210684,19.7288002256421,18.5303468406521,19.339525829792,19.6700866990044,19.198438967018,18.6693553466374
"Dihydrocaffeic acid 3-o-glucuronide",14.9169424970251,14.7657249789215,15.032446973556,14.5778366006641,14.7684709069549,14.9100366721504,14.8666873336502,15.0380861414374,14.8747667924751,15.0920913845744,14.9151452255535,15.2210723873269,14.8651180544124
"Dihydroferulic acid 4-o-glucuronide",12.3072074309923,13.6532389823378,12.9055451533355,12.47153677138,13.3178293262953,13.0136711812663,12.3584460366847,12.3578330225769,12.6544175243394,12.332801439959,12.8634943354678,14.5601032388112,12.5680780735737
"Dihydroferulic acid 4-o-sulfate",15.5230855252778,15.5471451059886,15.5593713874502,15.0428038897645,14.4139102159305,14.8034713024936,15.3201408134717,15.1120243559811,15.2649540597445,14.6878342829029,14.4416379639516,15.3946169575293,13.6703906834494
"Dihydronaringenin-o-sulphate",19.1090620562888,19.5640525439972,19.7140217632787,19.1979741836839,19.5317210368418,19.4751554103286,19.0461786300392,19.5318531894946,19.1725209926073,19.5454300134516,19.1702651326737,19.3851769239063,19.0151918970273
"Dihydroresveratrol 3-sulfate",16.0795224070761,16.1724650268903,15.3498415702157,16.1603321019748,15.8293162436971,15.248102842212,15.9980695539868,15.9022434778387,16.4853962785302,15.5348844823804,16.629955004675,16.0708922163835,15.8983569464371
"Dihydrothymine",22.1314821742139,22.4934422196448,21.3289241058287,22.2197523057469,21.7621942112431,20.6481657787364,22.1760865312965,21.8350361136469,22.2705763619092,21.3142816734111,21.861047001946,21.587977749622,20.8747110431641
"Dihydrouracil",19.0414063059314,18.9943532587107,20.1777787665623,19.0129972214956,19.2567419312368,19.1266619523523,19.1706680878742,19.2523186281973,19.1430367102621,18.8382677570601,19.1022816648959,20.1791497423341,17.9289420716055
"Dihydroxyethyldithiocarbamate",16.28166801109,15.2541164812045,15.8445290218614,16.2156306927082,16.008869167506,14.4672335266461,16.3269935168223,15.9262974316032,16.4294747383527,13.5826706234454,15.8095121325286,15.5394887482418,14.1824890911117
"Dihydrozeatin riboside",16.9217126083855,16.7136704402597,17.0293522215355,17.2873554336644,17.5414908335314,16.4943556161993,16.7616536415569,17.0206097940503,16.7637377805373,16.5298636372212,17.3992657132033,17.2051651557509,14.1043932389184
"Dihyroxy-1h-indole glucuronide i",16.9744256162844,17.2092854798854,16.9186117836721,17.2917199606726,17.4448483848117,18.0305263772617,17.5859792702087,16.7228507297408,18.5303163418746,18.0598250074185,17.2581403919152,17.1268424270943,19.1097201044218
"Diisopropanolamine",21.3234456109779,22.3870151147016,21.4803011128712,22.2747507684853,22.1450760723097,21.6025244289994,21.885913336407,21.8286640994545,22.5880961834776,21.6312866920075,21.5836706757935,21.6692335694307,18.3789140136935
"Diisopropylamine",17.0259850281221,16.5155449747196,13.7454782987853,16.4262556407351,15.9910022983238,16.3273442487949,16.8989365952756,16.346011402435,16.3683982871816,15.8465205875376,16.5383498666256,17.0192617691174,17.2328581700029
"Dilept",15.3539421452686,15.4560500453674,15.752873879518,16.1402024555282,15.6859583969526,16.1835197601818,15.4068418645582,15.3205689878552,15.6239105223673,16.0532822890134,15.3562702461171,15.8907869750949,14.4507397625259
"Dimboa-glc",14.2732537668914,13.661499927672,14.3271471862617,13.7986402999366,14.1244248835534,14.0953635136603,13.9110516061406,14.1961798198424,13.6849709538036,13.6008567585061,14.2454900133128,14.9339083041608,12.662283480605
"Dimethoate",16.5924371461089,16.9952345960478,16.9923163693946,16.0585181836213,16.7198038606407,16.6291976562811,16.6055020578022,16.8419258185007,16.7947743860066,16.7898516390296,16.7248242664899,16.7595778597566,15.7885614330966
"Dimethyl 2,3-bis(sulfanyl)butanedioate",16.4185806051606,17.6283752913019,15.7718281178125,15.5960249067366,16.3416683648765,15.5575964631275,16.4072035167532,17.2433893223101,17.2387556072897,15.025551559513,16.2315305866139,16.7873905250733,13.3733184888133
"Dimethyl suberimidate",15.2191502106508,14.7010766558314,15.6832872824333,15.0487250291903,15.4408280678182,12.7746082480925,15.2700549998215,15.1699410683923,16.1919805702709,12.7775650424902,14.3909567072719,15.4443329999756,12.5943466162593
"Dimethyl sulfone",17.2322254785132,17.2883168435388,16.9238196733783,17.2699991267814,17.2704806369689,16.4261334657887,17.1293838406734,17.1531193277186,16.9799347440359,16.4648971122525,17.0175301885542,16.8816314976123,16.1840789507629
"Dimethylarsinic acid",16.221864326298,16.5715278097932,16.6192484974995,16.0609151983621,16.037039106875,15.7775921297357,16.0493980868399,15.7777630014695,15.9480849369219,15.4218524312583,16.48689885327,16.3222493766227,14.0803102951983
"Dimethylcurcumin",15.4630346267964,15.7587505974041,15.6566571384404,15.4832155618863,15.7432663529089,15.9977986388517,15.1707000297506,15.438076617317,15.408023502437,15.7791638385578,15.2897086755575,15.3684580485085,15.0218139007726
"Dimethylglycine",16.1928930641039,16.2871796474442,16.3815359385679,16.2319166987919,15.9545549970405,16.2499203069386,16.3373044877234,16.1301398290976,16.5872656842409,16.5078524518117,15.8681872428057,16.6579570132606,16.1470157036602
"Dimethylguanidino valeric acid",19.6229311858814,19.0175857054985,20.4740817564931,19.6422116141982,20.2732180172146,18.8183057247449,19.5886655909137,19.8824411982685,19.4878672355988,18.1882618195715,19.8118415168616,20.4920504457464,18.1991556591222
"Dimethylnitramine",14.280579687507,13.169600566582,14.6230344508144,14.3897831348059,14.5658042151578,14.637330779717,14.3232318884262,14.5507032712745,13.9024900759692,14.3490568700645,14.65487620076,13.7573720270054,14.2409874767771
"Dimethylthiophosphate",16.8895664752043,16.0465233902692,16.5567135609726,16.5397875719681,16.5898711462101,16.6808617558174,16.8422815721934,16.9649930199565,16.4294222328736,16.5103351037589,16.7873938424704,16.6435916292827,16.8401623798369
"Dimethyltriazenoimidazole carboxamide",16.7249793857252,16.8880417822853,16.462366347524,16.695407734761,16.2359174076013,15.4765281902357,16.5507049943907,16.4330171703592,16.664875283781,15.3713237838305,16.4337277948336,16.4753492540224,13.7265736526672
"Dimetridazole",15.2771265456672,15.5727677394786,14.8446734703125,15.3548131370867,15.076088198531,14.9821114133524,15.0355962732661,14.8278476876943,15.3185418658085,14.877873258629,14.8346061044667,15.4086871616049,14.5177814940435
"Dimp",14.5389617097878,12.8843561675545,14.9381842213665,13.64499329239,15.5560673847373,15.1622886064774,14.3538907921938,15.3220334287573,12.9818749417799,13.1989825077034,15.7732624142141,14.9827408863701,13.0310635930099
"Diniconazole",13.4628158995127,14.1828280027246,14.1688956611075,14.8529425900162,14.8012925423207,16.3501826236757,14.5798660103127,14.284647021814,14.1161617901115,16.9357393923065,14.5052243077206,14.4424976183765,16.7617097665935
"Dinoseb",13.0718871560959,13.3340736663296,15.0699370962125,15.7892163177316,14.9281599231946,15.7356784123365,13.5158568931923,14.9510103400239,12.9298607460993,15.1244687939942,14.8634767889702,13.5637207137582,15.1089481514963
"Dioncophylline a",17.228255448668,17.2090467727667,16.8420038548393,17.5754263144898,16.8763087014123,15.1463438570471,17.0610683320748,16.1855686914198,17.2803665572369,15.6533485314641,16.45872346463,16.8361821060934,15.0789375426689
"Dioxidine",16.5169390754421,16.4076655456175,18.3281081787556,16.1986016630999,16.495025272906,15.4865376788757,16.3143501583002,15.7266732726057,16.6221436948132,14.9264407428043,15.5256282474232,19.0322588104525,16.0380802802096
"Diphenol glucuronide",15.4843758610534,16.159644295116,15.2730897931666,15.6075057753269,16.7187893101748,16.3303702505586,15.7585116834722,16.418828512869,16.326032078506,16.3195579032366,16.7116449307001,16.4280170564695,16.1296963140675
"Diphenyl phosphate",15.0374187625747,13.9093253062865,16.3998975030708,15.287486183987,15.8422027699786,13.9447811550866,15.3155676061656,15.2400113485963,14.8902249043256,14.1452449018317,15.0238365731145,16.2127783427867,15.0638551972116
"Diphenyl(2,4,6-trimethylbenzoyl)phosphine oxide",15.9190578922539,15.3125798055886,16.1199015875633,15.5084036287856,15.5419215965349,15.4521536399785,15.6177471589455,15.3338934370078,15.8421493527992,15.366329554921,15.8058781706275,15.5169532555055,16.7295197273797
"Distearoyl phosphatidylglycerol",16.1567711307043,16.1846545794783,15.1037223344211,16.1079258744083,15.6522817478844,15.4106051314367,16.3799734303482,15.667435166497,16.3143868743113,15.3948471009506,15.9234410986542,15.3431804433826,15.1026606524622
"Disuccinimido dithiobispropionate",12.8340079830186,12.8293861096661,12.6866961112991,12.7591970356534,12.7593539912149,12.8542099279443,12.8339052431327,12.7292876774507,12.7821619618017,12.846949381994,12.772200361316,12.7777160272518,13.5719481772714
"Dityrosine",16.1663557429495,16.1565436690894,15.7174720209615,15.9694691242701,16.1791406411327,13.5214679165284,15.9521525551092,16.3127782375415,16.1233024951597,14.3003280777578,16.1312425081834,16.1829247094157,15.1157981310017
"Divinyl sulfone",14.7034929494929,15.184088307029,15.9219984637838,14.7308020870442,15.0849244638495,13.8521523318244,14.9400287201499,14.2261906775954,15.1213292696096,13.4163969302092,14.2740125307027,15.5933950041556,14.1282572212275
"Dl-2-aminooctanoic acid",22.3523629825836,22.6360521657122,20.829783527896,22.2128302947076,22.2416513768906,21.7842608128738,22.2819106559254,22.1729341774204,22.2162750455547,21.6883609502502,22.1245367370632,21.5336188903971,21.0852306952658
"Dl-homocysteic acid",18.7831101281127,18.7296420572474,18.6875646116031,19.1300508261478,18.6788998393183,19.1265521483075,18.8667821056335,18.7031763019459,18.6555039604263,19.4114934990803,19.123391634439,18.6994531735067,19.9168612892045
"Docosahexaenoic acid",15.7015697407533,16.1442507239102,14.4040737325237,15.6466723730345,15.3478589830447,15.4728668437717,16.149221888867,15.9302410905609,16.3314227841755,15.6424799711168,15.5997110872057,15.2615428917612,15.6175314414227
"Dodecanedioic acid",16.2509915714822,16.1064454134348,16.473514551923,15.0894082606391,15.7300852981408,15.850117718767,15.5725548279544,15.1182247843294,16.0313078752663,15.3650107675691,16.2662970537693,16.1771577729367,16.2582670033758
"Dodecanedioylcarnitine",17.5829713267541,17.4739710291291,16.393039740094,17.2742487409209,16.2569751930959,15.3693265088683,17.5960233644695,16.6058018632943,17.2869897573549,14.8795398905114,16.8982238059272,16.7012721962352,15.0476181914841
"Dopamine 4-sulfate",13.6637445712994,13.6457700928987,14.6013913457111,13.822249406376,14.415353887802,13.7698658379668,13.2685713284665,13.5087760013155,13.6312848439266,13.3414360131266,13.8360807513367,14.4404505476305,14.0817156502358
"Dopamine glucuronide",15.8727684150617,15.6555699129809,14.6831475635229,15.7134503305821,15.2373944736421,14.9546760524903,15.7390332131631,15.4048978011824,15.7489903283178,15.3398334962055,15.1768961467238,15.1729891595408,15.7805978029212
"Doranidazole",14.1209129443431,13.9363684307076,12.8557144011907,13.5818059195284,14.583441617765,14.4770062514786,14.0734587916379,14.5385865162894,13.9245339537224,14.6861692739685,14.7195086780724,14.1798335169301,14.2805654958546
"Dorzagliatin",14.4245103035248,14.0500067510067,13.0829470631151,14.355604344015,14.7083574181925,14.3297779694934,14.6236446952007,14.416427202135,14.6767417837424,13.2119644630321,14.690247171287,14.3535681410184,13.2020283624489
"Dothiepin sulfoxide",14.9865707151929,12.6486738742079,13.8019770649225,14.2369633438549,14.0123355068061,13.1998976041457,14.9560527945858,12.6797674453893,14.9057673844346,13.1197631169151,12.6669065599341,13.3921814860662,14.0301093120699
"Eberconazole",17.6310714821026,17.2502440584942,16.9135855468544,16.2882983498647,18.5563633855123,18.0799191304232,17.2901746916447,17.9552005327593,17.1232584617035,18.0992661669998,17.1039323451373,16.8962044758469,17.9719095765599
"Ecadotril",15.1914961602971,15.1384418735721,16.3463944123359,14.776067137754,14.6231958738564,15.2440582463093,15.2015903560699,14.8995452187629,15.330944621816,14.1949266127102,14.9472745537926,16.1632413025582,14.4463924825275
"Ecgonine methyl ester",22.3532758786141,22.4132133672816,22.0352500873991,22.2186793403383,21.8949989838908,20.8511392283346,22.3650694379196,22.1700299595895,22.3050839151862,20.8712990273005,22.0874883965064,22.2916893177507,20.2424441427966
"Eckol",14.7817216453214,13.8361886355016,12.6102427976935,14.6005217925357,13.8262425692908,12.9136138683513,14.9769243480063,14.0249988771065,14.7866613752431,13.5165302982598,14.6022957966129,14.1201064461091,12.549762995738
"Elastase inhibitor iii",15.0304445728003,15.1086814978566,13.6883083576446,13.3598161782217,14.7550875447223,15.6276425197928,13.1954593469207,13.8236841607876,14.8465421038184,15.8301936490878,13.0456231117591,14.3520694338127,15.7571268595495
"Elgodipine",12.8620858358391,12.9959184670435,12.5748862674061,12.5640438032962,12.5578476979211,12.2752656445295,12.2414064027732,12.353706940829,12.5397630402157,12.8882113895813,12.3957082256724,12.3182391635612,12.5124862388886
"Emate",15.9126149301655,15.9832528151175,15.295980563107,16.2948981179182,16.3466772440266,15.2716230334179,15.7575252095596,15.7577780648244,15.9021643811591,15.6349228343215,15.6244705060397,15.5233512599163,15.6730159695613
"Enalapril",15.823594763019,16.2692911035038,15.7634745718634,15.6940927742997,15.9582374572889,16.0058039489516,16.1424194889443,16.2740216344053,15.7419096730717,15.4962996754169,16.16358567486,15.9319338578739,15.7895472010534
"Enallylpropymal",14.8250449780275,14.8755632322566,13.3163712395316,13.5013875059643,14.5777198372315,14.607520979446,13.3252945384915,13.7884914251251,14.4119137768925,14.8825506828639,14.712028699744,14.681410750945,14.550283452835
"Encaleret",13.5062442224601,13.3835739748867,13.458200634514,13.3360143139797,14.521688275155,16.1051966080628,14.1474647640531,14.5359439226212,13.4828621294116,16.5358979967997,14.4382999851358,14.4734832117713,16.0395084498046
"Encenicline",14.6395098179245,14.7247417244873,14.2414406043586,14.9355342105515,14.2862201203625,14.0592199103072,14.4900132303703,14.3103542772429,14.6023116747173,14.3971712729787,14.3671504857341,13.2561811421894,15.0304887643477
"Endralazine",14.6702987407661,14.4325239690809,14.1361424129581,15.2032837891109,14.7527392698539,13.2379363284052,14.0238764331519,14.072589274961,15.1528897922022,13.7847133315349,13.6309591700284,14.1619078482897,13.0184288134492
"Englitazone",15.5123360427982,15.8394212721225,15.8838693305734,15.599392452771,15.5574493464211,15.4271804522552,15.5663606570387,15.2171087879486,15.7545326122118,15.3097278950015,15.4842539278552,15.6844153334865,15.1736063157365
"Enhydrin",15.4205619538486,15.251608719699,17.2266815948934,15.5748293177858,17.4174925281083,16.8152210349046,15.46299058926,15.8314801704308,15.1452588159248,14.9596931870635,16.5220382514482,15.9381036229196,15.0121588547763
"Enpiperate",12.5713213997608,13.6821022528177,13.8468875054459,14.4505384041989,12.8183162713367,13.2724138870413,15.1182682055177,14.6762500345627,12.6540207851165,14.2201292932716,14.72603289044,14.3789395165577,13.60422788323
"Enterodiol",15.850662985463,15.9680596924501,16.0170807776282,16.2417380074302,14.9894656987886,15.4740122725303,15.7829138576884,14.8949717869631,15.7954383825871,15.3143861451164,14.6165569033584,15.5501959617494,15.3138078494037
"Enterodiol glucuronide",15.2231391311613,17.3328518368839,13.2437837797186,15.6595134573062,15.4514675219127,13.3945849410078,15.3838770212692,15.4216482417056,15.0804635725704,13.6472934149263,15.1931337348851,15.4080214018818,15.2029020947501
"Enterolactone 3'-sulfate",18.5741290053958,19.6119391596941,17.1615734966133,18.1724509323339,18.5358733111111,16.6950128320425,18.3936139767398,17.6736759535748,18.1958041003426,16.921331190553,17.8118141534241,17.2793262008286,16.5517374742954
"Epicatechin",14.7741197734413,13.0782328204106,14.3916700077254,12.8584383421488,14.9960337080087,17.3361472759784,13.3540963326152,15.3759902935133,15.141609619704,17.2731818032909,13.1841230922309,13.2958542154901,17.8393333668658
"Epilincomycin",15.6632733059133,16.066427755066,16.7647017099523,16.0787681628454,16.3972172453931,13.8109378103712,15.9257066666673,16.42838022118,15.8765906169963,14.6985571442421,16.6649233162454,15.9907519600349,15.4885784886182
"Epinephrine",18.3563152616079,18.2745975203718,19.7042731973809,18.1908062804698,18.4155018497943,17.9848133787439,18.3209347318213,18.414756273714,18.5267001059004,18.1520180005882,18.508565658201,19.3741351664742,18.6185649440007
"Epinephrine sulfate",18.3663758371412,17.8044963663234,19.9849413182485,17.7506975398805,19.5214443016237,20.9689431266791,18.3989944285569,19.5082074349611,17.9574544898079,20.4358281475098,19.5149541363254,18.9764330035293,21.4412043987823
"Epsilon-(gamma-glutamyl)lysine",13.7642526224918,13.6131294326702,16.6465960371127,13.370717007781,15.3689620695948,16.5881678740519,13.4751180828945,15.8955477781386,13.4590412509907,16.489683920963,16.0339235597734,14.3542119594522,17.3423170749942
"Equilenin",17.4770960474161,17.8063360126599,17.4588221143822,17.5648139422433,17.8808522644597,17.3169983005431,17.422086536882,17.8368047246231,17.4479458601861,17.4958032941699,17.7973185578212,17.2749004528989,16.832372369223
"Equilin sulfate",14.8330939295858,14.5973599479797,12.6722149573901,15.1056141447977,15.4513715818144,15.5096375608563,15.0949768422982,15.1902989119828,15.2817424458267,15.2949953066929,15.0644915251996,14.7195023268824,14.4371935500113
"Equol",18.1517944894609,18.0493503057476,18.0697133625501,17.3767060081761,17.4566922176061,16.4317910512757,18.0374595353686,18.0403812647557,18.019576358582,16.2576540815731,17.7628405216502,18.2076338033837,13.8942327841513
"Erbon",14.0987279268665,12.8770733301501,12.9100286248718,13.2873606708766,13.5759629543924,13.5631298976272,13.9342298687822,13.7889587108049,12.8297254744872,12.9621167760908,13.7718229947902,13.3240064432935,13.9195708396076
"Erdosteine",19.168573508441,19.4188510692117,18.2716549896829,19.4393322129838,20.2386144662789,19.0681274984877,19.6446934782281,19.4654783891691,20.1868362699624,19.1238478016118,19.3090457414382,18.8123949379216,17.9312832367983
"Eribaxaban",14.6558568893155,14.1969884872579,13.6694764753244,13.9766401891667,14.904969107849,14.0944466973147,14.6553653410793,14.2722929809473,13.6406513766478,13.172145017944,14.6795706003988,14.4047862879837,13.255829155102
"Erythritol",19.7327766228269,19.996133247576,19.4436458040522,19.6881876466446,19.6263286375692,19.6930589085357,19.6536952284103,19.6261722027067,19.8075199271326,19.572179919388,19.4437119482064,19.8274881230595,19.5680179265972
"Esaprazole",12.4336992507738,13.870545479903,13.6720267099074,13.864392194233,14.1298089948419,14.0766045264343,14.2040463237129,13.9702911491653,14.2511088564163,13.9091063248089,13.9079538702146,14.0193219620494,13.8965206224535
"Esonarimod",16.8261455514527,17.1118402637892,15.497250837162,17.0522027168891,16.6326033162353,16.3399943352826,16.6916157489838,16.789974049305,17.0049313629215,16.8375027371774,16.5907249363414,16.9562008140468,15.9636678631943
"Estriol",16.3182249159296,15.9790776834434,16.930027061229,16.2642583964818,16.4927891626132,16.2576110385661,16.3310706527755,15.8722769581995,16.2185483689663,16.3055982515816,15.6582137295562,16.6238638902986,16.6632899842837
"Estrone",14.7625865522065,15.3608148305501,14.4669655462353,14.5320705141545,15.6827267303115,15.271901478001,14.8318548725077,15.0633461965671,14.5210560992506,15.0241155050533,15.2476736675924,16.6818283595312,15.3801622211499
"Etarotene",18.4022309939675,18.8222314332399,18.4236547295217,18.4798101024442,18.6039339419197,17.8514905393315,18.2434228654267,18.5939386215827,18.9269323678804,17.7821405286533,18.0594705007065,18.9894629748452,16.2430299017044
"Ethanolamine phosphate",15.7817752244503,15.8242976570118,15.7936081688391,15.9425919940933,15.9745814504989,15.7126282451657,15.75822603165,15.8475121498743,15.9781133355832,15.8895821488659,15.7738675872369,15.7187885139538,15.6294075310861
"Ethinyl estradiol sulfate",15.3156411327101,13.6797243606627,13.4708368928661,14.2162714083104,14.3750048356903,13.2948260375039,14.9416241596042,15.5233407873437,13.9412068741874,13.4737247826733,15.5910354699463,14.4209611058949,14.9889144098762
"Ethofumesate",15.7536470208904,15.8986574759,15.9796701894545,16.0132513140818,16.1493185939195,15.5202079459652,15.9022416875746,15.6413839832225,16.1248034037179,15.8900718044011,15.9915509441766,15.7626270107748,14.2206565711595
"Ethoprophos",14.5527051468131,14.7799093618395,14.4944385420538,14.6681085126977,14.3501512362243,14.8551165091211,14.5879965780385,14.696308583248,14.5433858289379,15.0891024172401,14.370986243451,14.919661589901,13.5808465011929
"Ethyl (e)-3-diethoxyphosphanylsulfinyloxybut-2-enoate",13.0304307841807,12.8301272457609,14.2634334104512,12.803959807695,14.9500704051009,15.0571463975171,13.6708184384556,14.5660816636562,12.7062920041245,15.6348021966913,14.5421185772033,14.3001779928586,15.1389097617354
"Ethyl 3-((6-(4,5-dihydro-1h-benzo[d]azepin-3(2h)-yl)-2-(pyridin-2-yl)pyrimidin-4-yl)amino)propanoate",12.8974092491041,12.6249310752748,13.8578477921802,12.5412532005939,13.7938947806026,14.7600397602293,12.5370351132303,13.3861901525195,12.6797279408005,14.3650959703455,13.6395193785686,14.1036970175035,14.644390571836
"Ethyl beta-d-glucopyranoside",16.9427947412992,15.428084804944,16.829025981036,16.4124327958594,14.7914341964433,16.094172118273,17.1544886308211,17.1477842638842,16.1070353009401,15.6899961744015,17.4175254438455,16.7018376548476,15.3133826956203
"Ethyl glucuronide",16.2369802749429,15.8690106775075,16.2891238570789,16.8438530607382,13.5012962738089,12.9097299398307,15.8526357011757,15.8640097319303,15.6105400463369,12.8981201988585,16.1231467353762,15.3438917748587,16.5308575898076
"Ethyl lysine",15.4949166580815,15.3417324519805,16.4271214643646,15.5674915553553,16.7982859304066,16.8891727904666,15.3055490919943,16.9682691063115,15.6752080514392,17.613808115073,16.5758551040548,15.4976619889051,16.6986925080006
"Ethyl n2-acetyl-l-argininate",19.6926790790579,20.0522626813248,19.6427522455728,19.7847525038666,19.483378809686,19.3761352875703,19.5915852108465,19.6154459259541,19.6365266266094,19.5229132543265,19.2395719848811,19.5516144072819,19.1771823072381
"Ethylenediamine tetraacetate",13.1231109121199,13.1441474301793,15.8494603932144,14.5923624081096,15.2345911851327,16.0375426507673,14.3760814988922,13.7185876333589,13.6724745463616,15.7270304216276,14.6002177698891,14.3748376734331,16.3700495593386
"Ethylmalonic acid",20.0405984654424,20.1034142879909,19.9001821377204,19.799296360748,20.1476438267794,20.1441500630832,19.9883920301805,20.0163379583495,20.027376047935,20.1563559561545,19.9982016369432,20.1832464069579,21.0174505314659
"Etodolac",13.1985314937957,13.2144764709606,13.2226450911133,13.1932759195097,13.1756459170583,13.2972327985749,13.2101402304192,13.2361765814444,13.2037319952916,13.2734149880324,13.2277840981765,13.228835941215,13.5183184547641
"Etofylline clofibrate",12.904299813299,13.2897257864622,15.0016388723584,13.3610123813221,13.4600205520537,14.4344780805556,13.519574091719,13.7742155370134,13.0263723961024,14.0279404556793,13.5223833012249,13.4555322979458,13.0955542868832
"Etoposide phosphate",13.1293321145209,13.3485692575804,14.1832278317121,14.2840011809311,14.0226928012862,12.9185897127662,13.9959945462385,12.7520947504056,13.7337665446537,14.2280263863269,13.7386801914325,13.3678686072151,13.5383332297979
"Etoprine",15.7130418470162,15.2801822163983,13.5565229577967,15.7785733746199,13.9032386261771,15.1106813745833,15.3134600466413,13.6534847334596,16.2687521748419,12.914078250059,13.3275722113191,16.8355614156742,16.6271274817072
"Eupatorin",12.9730761556925,16.7291982291847,13.6071645550814,16.519582798337,14.6033304270152,18.1307024830407,16.2526799428868,15.1969278204927,16.6302906356195,17.7848282698828,14.2560381723668,16.6877565597232,18.9393101462519
"Famotidine",13.3061281515042,18.5286808138437,15.3378784053947,18.4158193848917,15.7386728909496,19.9223734720324,18.2109629373173,17.7920922310494,18.5451424090268,19.8840556088299,16.2849937071395,18.5649912171106,20.7217922449167
"Fapy-adenine",15.9492574636967,16.3545357881578,16.5253996469096,15.9643513248247,16.3460853092739,16.2168971243185,16.0914290255348,16.3242146509369,15.9639876987786,16.0972984797578,15.990578291574,15.9245268769355,15.7777251551559
"Farnesyl pyrophosphate",16.6894027015056,13.1155088161776,13.7519609310034,15.7109304804048,14.5664542650557,14.9743748165243,16.9603725511668,15.8507534237412,15.9555947776538,15.9677781602636,16.4560934525393,16.3988986719452,15.387563289794
"Febuxostat",19.1648244726169,19.3866364754605,19.39350963502,19.4567740950458,19.7541408073972,19.3919006217147,19.2968743884944,19.3869516873738,19.6324090883624,19.6560619357905,19.2933969385048,19.2745164194364,18.9435967459398
"Fenclorac",15.8919383114061,15.7122386780648,15.3956126832446,16.2004883350971,14.3010119424837,13.0358088945067,15.656024388962,13.3990610721747,16.0260165941087,14.8515908693057,14.1288061311217,14.843287441708,14.8790027091406
"Fenobam",17.863627221137,17.5946750380443,17.3541651111594,17.4885921075908,17.8883790916365,17.4934268345601,17.6997189639508,17.7761027631084,17.5702321551353,17.5982086285813,17.1888485190028,17.5401832284364,17.8327580085514
"Fenofibrate",16.6397554383131,16.5734369095597,16.9266874856918,16.304942893336,16.7614677031017,16.8664679945257,16.4885158844685,16.732824275113,16.7915401015166,16.9521370671705,16.5798587168758,16.7332509343885,16.8484365493051
"Fenoxypen",14.0240046423802,13.5472747783125,14.7515992129483,14.5208892492941,15.0999289906002,14.8382049982308,13.3851223921345,15.0151316793067,14.4030789804262,15.4899010846562,14.483145495034,13.7071548595987,14.2069818222094
"Fenozan 50f",15.7697649951395,16.1770316428584,16.2911112638194,16.07319846318,16.0081124088749,15.6051647063281,15.7598820988191,15.4538719964196,16.1149336862389,15.6473055710618,15.7525591273021,15.996814611883,15.5000979419959
"Ferene",13.6516293726088,13.4410791781253,13.2222198102465,13.0871069874353,15.7575460759573,16.7911092590965,13.7595829293116,15.7580764816048,13.5229782454377,16.5196831285801,15.7999174474562,12.9494856767287,17.2191216477471
"Fertilysin",12.6803494446668,19.0092372925462,15.2153998511317,12.8447614672588,16.8444454809372,20.543454122379,18.7317429351438,18.197807400352,18.8042664180143,20.8091532680644,16.5206520110142,12.83900692619,21.505881549805
"Ferulic acid",12.9229017483913,16.8145550199723,16.588903447373,13.042857748615,16.8835046348019,18.9545828579996,12.9052811741657,16.7946227151072,12.8995141298195,18.8913369151636,16.0372924434564,12.9007351065362,19.4336997080597
"Ferulic acid 4-o-sulfate",17.1107531728959,17.1305987646025,15.7221976323095,16.6324260413886,15.6731421214016,15.6722095497642,16.7715207133315,16.601726118305,16.7851282976128,15.7621733859186,16.098083897737,16.6312862253793,15.8781428064757
"Fexinidazole",15.9938066319403,18.0583104446955,13.0398547169542,16.1646205958927,15.6204327564731,13.8316147258129,16.1168817453722,15.6397271405435,16.0609541769105,14.5056024126143,15.2698743168453,15.8515859194295,14.4223275233568
"Fexinidazole sulfone",13.4827382743401,14.7627854235378,14.0760884700294,14.3074949455473,14.8148159409036,15.3637706576952,14.334258838332,15.6473863443961,14.2924274572399,15.5917622470161,14.9695073790148,14.7654021374991,13.7298837846968
"Finafloxacin",16.6668195461135,16.2431065558955,18.1650519237736,16.2048409838666,17.3402593256021,17.7210415601521,16.5583774214344,16.7176666312606,16.4947223963485,17.369655882293,17.0915665681705,17.0712584549124,17.2374367939738
"Fipronil desulfinyl",14.6112927973297,13.5939403319095,12.4934088155352,14.4842438899064,13.7245599285002,12.9365919803066,14.6543011412109,12.7747536418396,14.6315332434929,12.5110935161059,14.6003724529661,13.39849687225,13.1179468851384
"Firocoxib",13.9301741388146,13.9578376776727,12.9891164860341,14.364522376487,14.255240185354,14.5614624008929,14.1152936052183,14.4406863106473,14.2490126086671,14.7650489062316,14.4000140133509,13.392968088741,12.7204935610739
"Flavin mononucleotide",14.6766298719502,13.0879042139076,13.2514360833303,14.3502207380397,14.5285103662175,14.3669903168943,14.6282756171388,14.6531493034402,14.1511691267097,15.1550488886164,14.7654833446962,13.8819135519551,14.8804754119142
"Floctafenic acid",16.6940811081366,16.3956801100468,16.1424540103691,15.5161997073262,15.7937213331542,15.6590129147419,16.3581171004106,16.1459903863695,16.2382698674557,15.2528187305711,16.2490539649612,16.0742486860684,15.7449469572029
"Florfenicol amine",15.1773219196995,14.9599799826454,18.0469969773496,15.0437417739209,15.2174892167416,15.7350701148148,15.2692662471207,15.3672634510824,15.1555537817981,15.6582256123826,15.0039428989214,15.3853646720803,15.6885901816837
"Fluazifop",15.0134453995547,15.5329798053221,14.4048047827965,13.1650287350127,15.2676773002257,15.2615437357762,15.2166130267732,15.715893689319,15.4612225391288,15.3033872301299,15.4261438184995,15.1129389614514,15.2157533760941
"Fluciclovine",17.75475593333,18.0151639345126,17.2156099100257,17.6946021618103,17.165715705648,17.082051874004,17.6556197273785,17.4445977658082,17.7567094845692,17.2675389786649,17.3699552758484,17.8692659626225,16.3014975780723
"Flufenamic acid",18.3708029707352,18.5647939227123,20.0426925911394,18.5103006799937,15.5471670625537,17.695362842038,18.3098260009458,14.5916677224348,18.3056606778992,13.1061372722125,14.8955843311282,18.6200504480388,12.696345841312
"Flumethasone",17.3568579183901,17.5784192469678,17.5671276390825,17.6069011959216,17.621077548936,17.0868424234228,17.233015699541,17.5314095216016,16.7613605372356,17.3063395486109,16.9456201174233,18.1768161565236,15.0396832867992
"Fluocinolone",15.6561956959455,15.7806966475208,14.0520741736352,15.4954127932061,16.1034958318769,15.2139729238364,13.8967421321131,14.4397265672601,14.7464253993897,13.5931590063859,14.5246741011771,13.4210708016581,15.3273108434963
"Fluoranthene",15.5883732785614,15.8142997050226,15.6681599738142,15.3323549660563,14.9347676871834,13.3327731844717,15.5652648570233,14.5977982285843,15.162068644712,12.8503271823118,14.8167730598976,15.0632416641377,13.4805420887197
"Fluorapacin",16.8514412461771,17.1340057275559,14.6237108776208,16.9357035407636,16.1047473653621,15.7505278164389,16.8475102539049,16.882079410183,16.8075482198945,16.8541581126372,16.3027639830502,15.646822094225,14.8084539680407
"Fluorescamine",15.1217984585191,15.4298269808327,14.8476421630775,15.4753503898016,15.2897812362067,14.9066103265253,15.2699963206253,15.2130187767267,15.3591431753184,15.0716326287472,15.4279424790469,15.1791483786727,15.3340715755177
"Fluorescein diacetate",15.8405523215857,16.701971797692,15.8647945299902,15.8697199431948,16.5283448328941,16.3450077679982,16.0945143176164,15.8800314464054,16.2443020022991,16.4203708687828,15.9144372296683,16.4787542440795,16.967033103425
"Fluorescein thiohydantoin",14.7730614871362,14.7132736583794,14.7488992945636,14.691521801675,14.698340495325,15.1025465347166,14.7176129530821,14.6725550470042,14.6642747725749,15.0356883757008,14.7989687660722,12.9843011927939,16.1192825806687
"Fluorescin",12.4522803716229,12.555732043721,13.977590274675,12.3873207013363,12.5591601965609,14.7147121837248,12.5145846863548,12.9298682701465,12.6922966593627,15.1847013191979,12.6172218348528,12.8394201201563,13.6188515190639
"Fluorophosphoric acid",18.4164186135095,18.1941096836355,17.851801852085,18.1786072815346,18.0591846292502,18.1480229560118,18.3218595359947,18.3441656014343,18.0841202723422,17.9836042216405,18.313890388353,18.3244907444549,18.3247702951828
"Flupentixol",14.4033975347569,14.0933014813494,15.5373525714661,14.8652208736344,15.2196589833201,14.8095935977086,14.3762454653267,14.7139574517862,14.3290098618745,14.2191505246217,14.984547747309,14.7265003310856,13.3474617354511
"Fluprostenol",15.0383879890918,14.2318849889753,15.2263003058509,15.7184084644565,15.2404334572944,14.3595989485658,15.3389012324542,13.0007300159168,14.8576634667329,15.2469776931282,15.274702058108,14.924003635382,15.3171747429507
"Flurbiprofen axetil",16.1277636292299,16.0870243185977,15.3452315339621,15.8294367855217,16.0486848006492,16.8084338787688,16.0480262875954,16.8773255329565,15.8233165131144,16.5561930245708,16.6278415826041,15.7995356592766,16.088908447384
"Fluroxypyr",13.473106695615,13.3373083256533,12.7114413287377,13.153469566329,12.8111811545192,12.727874013411,12.7161255129691,12.9052741820756,13.381038959235,13.4681335139913,13.171210906864,12.6201358144831,12.7351616121907
"Fluticasone",16.0890002359821,15.863542740499,16.3918835827349,15.7396972496301,13.1954986385276,14.2217692618914,15.7708071371379,15.5941444335178,15.3153259295847,14.7093601364162,16.2345065949883,15.162729376633,15.63798105071
"Fluvalinate",16.9756841683476,17.0165182487019,17.0778139104537,16.8714120923104,16.9607660275017,17.0581479214754,17.0363615928883,17.0059108177008,17.0446410353606,16.0526845406269,17.0278161560153,17.0561782963859,17.964807848943
"Folic acid",15.3872550514652,15.4805915442516,15.8808637654882,16.1637144886691,15.733501032431,14.2366650669978,15.3202811727056,15.4400606138992,15.634387299994,14.8397626183087,15.6756973551764,15.4828117552401,15.0759650369105
"Formiminoglutamic acid",19.1684607064079,18.9043715353715,19.5523227207417,18.5725174260343,19.0993259994915,20.0713642186167,18.9896739560832,19.3365484808474,18.5055843631061,19.870462977771,19.6075702055635,19.4447998404743,19.7294402326256
"Formononetin",15.1784448327023,13.3480391089628,14.5599746027228,13.5361008070003,15.2228491844908,17.24524676599,13.1506989613418,15.6946243244863,13.4751811544936,17.1617174667958,13.8200304014971,13.2518488267431,17.695218598478
"Formononetin 7-sulfate",16.9707289441878,16.7892258151793,17.370284306991,16.7788751356043,17.1768312272187,17.1430422665688,16.9512022566259,17.0357122389388,16.8491632644277,16.8108305920978,16.9656386922566,17.0550068715152,17.0276107271872
"Fp-biotin",16.8320547327035,17.6029707635883,16.368775739846,16.100484586059,17.5123870619504,15.8114705023369,17.12076281121,17.0559216976235,17.27846408628,15.984914935938,16.7681910431248,18.3367991327203,13.9394420639092
"Fructose 1,6-bisphosphate",16.2459480076198,14.9080032428719,15.8054353602615,15.5116667117193,15.9540237916146,16.3783275651492,16.1924834651855,15.7190256431343,16.0962319636047,15.6989368828095,15.8559608899326,15.468752953982,16.1568668484829
"Fructose 6-phosphate",14.0907239576393,14.933704754661,15.8024902392479,15.9833912448115,14.6868610026253,15.4645322628393,14.6753492121556,15.8089950570671,14.3070066823921,15.9113041195438,16.2642889224489,13.9500816938366,14.996900523729
"Fructose citrate",14.3080593339748,14.8234095913734,15.8261434223951,13.0005709676156,15.3918862260165,15.2783313660765,15.2758394051851,15.2312688353186,13.2243117452801,14.0392854253609,15.2599569421909,15.0817643736186,13.3239306002414
"Fructose lactate",17.028823305798,17.2025805320169,16.8351718995388,17.1337415404977,17.1218309205151,17.4226540644315,17.081957436305,16.9479137946659,17.2046483420737,17.525101470219,17.1206523594679,17.275586548215,17.4862398830147
"Fructosyl valine",14.7244294509756,14.9150106576137,14.7865020669555,15.0315881167346,15.132497957102,13.6657797216598,14.4169457613385,14.9345484117326,14.1103982550022,14.2561600684219,14.7580530145889,14.637102965145,13.084266562183
"Fumagillol",13.9122163306264,13.2190091385753,15.3859005920621,13.472394353924,14.1500749262649,14.1002610131864,13.2808974863667,14.3953662294258,14.3275041472102,14.416024536139,14.1082304354095,15.2657011786301,14.4631047253263
"Fumaric acid",17.4390219466307,17.162534839013,21.2041698721809,16.4978186609653,19.0609983093949,19.755961502644,17.6060955711467,18.4962700304124,16.9787102749513,17.546379163145,19.2198300491107,19.7981340436007,17.2453960820697
"Fumaryl acetoacetate",12.8949656036699,14.8079352457444,12.8083029818891,14.1806637325352,13.0910886310915,13.675467437263,12.9532179717275,14.2224311054476,13.684211855808,14.6147564042104,13.8561758339512,13.6936991678312,13.3858900902656
"Furagin",15.7088706553121,15.9557205847117,13.7463191252865,13.102290583868,13.7646452165622,18.3540329803705,13.1427098377136,16.3017085655917,13.7849260351767,17.9396990180431,14.0523885614279,16.1610293869287,17.3330433836035
"Furaptra",13.5472837040182,12.429671377356,13.9110667120842,12.9591596724979,13.744890942842,13.2484939288993,14.3109380727882,13.5853803511448,12.9372915970825,12.8417610307595,14.0573245873163,15.1310671067248,13.8730620972696
"Furosemide",17.9974186399873,13.6757935698962,18.3036924255455,17.6146196824643,12.6765805509222,17.9785412031739,17.4586357603168,15.6652736498043,13.3590738143091,18.1096176466359,14.9238991491304,17.9906847551291,20.0546501693423
"Fusarenon x",14.0566412841275,13.5822367199915,16.6390717547273,13.051514639119,14.2585016275608,16.4685678895567,14.4944699299203,12.8934944635721,13.3629095272067,14.7403279174996,14.2943294597553,15.8968860533041,15.5195802600677
"Galactaric acid",17.0959003747672,16.8988051480373,15.691543246729,16.6834834289819,16.2294181764153,15.0362716494434,16.9568536374067,16.6999990890471,16.916909825223,15.1701665533116,16.7837608168273,16.1194448237968,14.0147615012741
"Galactitol",20.2887892080005,20.1432591419965,20.1538305636377,20.4285603647,20.3626066032534,21.0040603628421,20.0643823407027,20.0731089537502,20.284789292263,20.4459886295504,20.0425123881754,20.3423671111161,20.911261977324
"Galactitol, 1,2:5,6-dianhydro-, diacetate",14.8992936698642,15.0600948006508,15.1159182071667,15.122544479696,15.4737817488457,14.8036187393873,14.818830913247,15.3957302732801,14.9231428686137,15.1484897219865,15.2448172064288,14.3469568008574,14.8545822792401
"Galactoarabinan",16.0713681406827,16.2079156912468,15.3728676456385,16.500935944792,16.4010524141948,13.0880650402627,16.0895364594515,15.7742200143725,16.6309105659652,15.1717816550291,15.8437864726471,15.6255041273746,16.5264917215543
"Galactonic acid",21.4740203247473,21.4637937087188,21.5953415968616,21.3883790064874,21.7652291722861,22.2220146805256,21.6187979138335,21.7951847783608,21.6836589730294,22.2919710794232,21.8529730194013,21.5089653322073,22.3616364251238
"Galactose",13.7220538185623,14.1799044124071,13.9695379817437,13.8909064744033,13.8771330732339,13.806110907177,13.6962590679093,13.946775605013,13.5835233479865,14.0944803569672,13.72692381451,13.1599704487486,13.7200865424308
"Galactosylhydroxylysine",17.2753784323368,17.0752332942022,16.5270782645988,17.0325354074316,16.8315278572164,16.0329927295955,17.2434910381707,17.0110626745478,17.0769052026104,16.7110102772676,16.831326742576,16.3801469416643,16.5511052246546
"Gallic acid",15.4786795513232,15.5638833165063,14.0807391162659,15.0195794213152,15.278863982592,15.4064414597601,15.1084517470431,15.0042170320648,15.1819541421088,15.578593489025,14.6205404775133,14.7473907156201,15.8123099469705
"Gamma-butyrolactone",19.0279770902659,18.7990906485945,19.541361523495,18.7125799197241,19.2035431907521,19.1799946738986,19.0526097526448,19.1182498356885,18.8643710563266,18.8453048473609,19.1728165344926,19.2318157526819,19.066332887993
"Gamma-cehc",16.2290241249865,16.2635838349379,15.6452593571282,15.8872019297974,15.4608671047159,15.4597367059455,16.2167031675964,15.9961323801167,15.6727406607903,15.2380496620134,16.1787247746323,14.5972606076018,14.843547342565
"Gamma-glutamylalanine",16.8222245997146,16.9180226752591,17.100524978984,16.8269234662158,16.69300195177,16.9802546105516,16.6740138682031,16.6629864358408,16.7649314203339,16.7957346662886,16.6976100560782,16.683118614629,17.0507244872232
"Gamma-glutamylcysteine",14.7350396948357,15.2716067051961,16.9293137592617,13.2565327623604,14.9820658485096,15.3932286535396,15.0324141901095,14.8813232130117,15.1675510471171,15.3571235588361,15.3258513887369,15.7674987728896,16.3035307494772
"Gamma-glutamyldopa",15.0504330338231,15.7359782108326,16.3304853384199,15.495595483545,15.9329318491431,16.1331163644313,15.2981953629727,15.3411170496101,15.9760749835067,16.4832142873044,15.431356510473,16.2696722257162,16.8040273960564
"Gamma-glutamylglutamic acid",15.6919695107863,15.5513522854307,15.577678559106,15.3818245284733,15.7052800559365,15.3080502289004,15.6215942813902,15.6893798488718,15.6183502330711,15.4142654473387,15.5803509076576,15.7849871350759,15.3856548108846
"Gamma-glutamylglycine",16.4778540291053,16.7438456855051,16.8052705023485,16.3779035938914,16.7703735181868,16.2352710122577,16.1393379350014,16.5024914045298,16.4324071658123,16.4000604332395,16.2253359243955,16.6965443423435,16.2256128848742
"Gamma-glutamylisoleucine",19.3559851985136,19.4699853630953,19.2000966034881,19.3125414236769,19.4770614546029,19.7708948415844,19.3429523540584,19.5795686990163,19.3603227789539,19.8087946274574,19.5384520932787,19.1324306572124,19.1282734382528
"Gamma-glutamylmethionine",17.7702550665285,17.9935026650695,17.5637858582572,17.8351158245668,17.6033391442682,17.818131652809,17.6841660046619,17.6500795861372,17.8505583072389,18.0151760410811,17.5857512613849,17.5773782686827,17.4021001061946
"Gamma-glutamylphenylalanine",15.5203645906772,15.4996773551846,15.0337716553513,15.5652966295374,14.6727233781647,14.2893861981503,15.6987416715455,14.2957409179795,15.1204953420219,14.3365448426392,14.642163087612,15.3695266354998,13.519737652418
"Gamma-glutamylthreonine",13.4726691323661,14.5268008474872,13.5163034363554,13.2043104539815,13.8982120496502,16.2246288561134,13.9191733875327,14.5831922621927,13.0529969675427,15.9724974604157,14.9785512623723,13.1958316945424,17.0253086701381
"Gamma-glutamyltyrosine",13.9264953247008,17.0101882738148,14.0285898270764,16.9685604580021,16.9838384678322,16.8405345576099,16.8040130519272,16.8239893231453,13.4045545723462,13.2672062395273,13.2217767901023,14.2901186209393,13.404484275839
"Gamma-glutamylvaline",14.3174591937372,13.9409734815269,15.5192366026124,14.3257762998317,15.1472230202108,16.5430482811772,14.3443633138375,15.5135605705079,14.3673087850887,16.5044537923611,15.6564459335666,14.7682701285843,17.6483742936716
"Garomefrine",15.3043709645865,14.3917527550335,16.819519153583,14.4601820310213,15.520804908299,15.24906259453,15.3260223028315,15.5414991226568,14.8151983454822,15.4457188611051,15.7893774974177,15.6671834816114,15.673350143364
"Gastrodin",12.2277936805257,12.2438109205276,12.3644520480183,12.2066536471182,14.2318700421698,14.0999422288922,12.2451599896343,14.3787371877222,12.2194911242506,14.1121652239776,14.196404547026,13.3107788562678,13.9698262355152
"Gemfibrozil 1-o-beta-glucuronide",17.5964413971466,17.7966054870063,16.9838423191507,17.6426975280371,17.2266179876731,17.300496372309,17.9219360331706,17.4348374373133,17.6368429826816,17.100460727312,17.7719757102533,16.7094044330202,17.1589768733736
"Gemopatrilat",15.5139264320796,15.4725664828784,15.0046073479508,15.535363855501,15.3855084175867,15.8164381111613,15.4291600812505,15.423001924699,15.3611306336012,15.4773881776682,15.3242533922082,15.2182054010866,16.338554642003
"Genistein 4',7-o-diglucuronide",12.7638624251505,13.4299998887183,14.3252389398135,13.1046861896,12.7904126721309,15.0964378360168,13.796822078402,12.8924444052098,13.8696729573105,15.418076014785,12.7355285814705,12.7556149849802,15.7882994585636
"Gentisic acid",17.7520613549007,17.5922110398586,17.6439922894933,17.0579834638823,17.1741001071197,16.6553069652524,17.4206214349073,17.3188360252532,17.1492339109062,16.3998975225983,17.4000043777188,17.3664650379286,17.2365548780927
"Gepirone",15.0665329230728,15.3442200245991,15.5326009571307,15.6294985201852,15.2300883487449,14.9393921357726,15.3216144193548,14.9629063503456,15.5210879883244,15.2145375589474,15.0875345843705,15.2365391929012,15.0322945845024
"Gepotidacin",13.1207966556999,12.7367371014908,15.7743833246255,12.6306997622451,15.4137957150788,12.6868941288425,12.6190984703579,13.5419675192593,13.8378060541924,14.0552088239715,13.3028353065753,13.4267059029258,12.5545050264075
"Geranyl pyrophosphate ammonium*200 ug/vi al",17.990690887493,17.2460798015144,17.7465115499665,17.6434790948973,17.0456695648628,16.4040566690809,18.2548966448071,16.9535629332184,18.0512069119574,17.5632286178696,16.8989375880802,18.0286687901198,15.5457082924752
"Ginnalin b",15.7868707191538,14.5155481374322,14.1264345869647,15.3383454052286,14.8631705310445,12.9875501181422,15.3478524303554,13.6889556964803,15.2908137108,13.373380850335,14.0222949068883,14.5851656582803,14.6373147243543
"Girisopam",15.8497350950233,16.0792827056462,13.822009514379,15.8082887545453,15.7488877422508,13.8437138728065,15.8910657712455,15.5422124564153,16.1158238646473,14.4302019346028,15.5445136187271,15.0402963145502,17.0029726753457
"Glafenine",16.3933513948789,15.6457129252053,14.8429964502407,16.376329701927,15.3191742027703,13.9775107151391,16.218245595694,15.6105439425986,16.5511623736762,15.0831037829674,16.2765054890414,14.8426482189475,12.895040268315
"Glimepiride",15.2943187638912,15.4314102176992,14.9302771320296,14.237220832317,14.2921096897559,15.050354960388,14.9215227996748,15.1181028623964,15.0481708475001,14.9295466778697,14.6836453564767,14.445389940963,14.0144472901945
"Glucaron",15.4671164606372,15.0315350603484,15.919000859208,15.0685152721249,15.9012085004279,16.3701677166514,15.6896623619711,15.4367796012091,15.2377038453894,15.352539754131,15.4010018250371,16.3727166828938,15.0002537425339
"Glucoiberin",14.3200763363045,14.2175408551007,13.7698852920227,14.027373935573,14.224260611102,13.9666122704226,14.3781972703491,14.434449645457,14.2137346264088,13.9345350725054,14.2336994353332,13.8957636494968,12.7908992877661
"Gluconic acid",17.6791186500644,17.8942901272785,18.0392223461827,17.7645791217881,17.6604394251106,17.261221232258,17.5048207834988,17.7201808487603,17.7033352688035,17.3254626261171,17.6199282083406,17.6805923460682,17.330087782022
"Gluconolactone",18.3673480467452,18.4621041555776,18.2811434908948,18.3585870183331,18.3013597911779,18.9237312333336,18.3569200460812,18.5264187721277,18.5530353809516,18.70802733537,18.4204649348724,18.0321400015363,19.1061073702405
"Glucosamine",16.9971072309188,16.9258351661206,17.8890169880706,17.0985883428865,16.8179072279683,16.9102588996947,17.0267227975346,17.1646563383646,17.0006624146478,16.8320952675973,17.1765117859986,17.8533795017026,16.0825000679841
"Glucosamine 6-sulfate",15.628701704133,14.0623134434565,16.6602249204208,13.4441367416511,15.1885493822933,14.7324023915953,14.6069324766928,15.0108859312686,12.4324703829995,14.4704961030846,15.9941771954262,16.3776127628573,15.4194001160921
"Glucosamine, n-carbamoyl-(6ci)",16.9047730843162,17.6891159233084,17.8198318642653,18.1011861918409,17.4515451900194,15.905324758191,17.3466566627158,15.442453792083,17.7748078375105,16.2773046348434,15.8419771902811,17.8022109010361,16.1252352428436
"Glucose aspartate",13.2539231474214,13.4739785873863,14.7012408600586,15.0192810652921,15.7530321837018,16.4314591040253,13.971359702871,15.4005680633861,15.7060226469497,17.2174346955104,14.111485959374,15.3962147680949,18.0636870857143
"Glucose chloride",15.9185967572341,16.2228492525193,16.6724836543002,16.2628936036382,16.4927326999028,16.3072506766475,15.9852488756178,16.022386224206,16.2254136024661,16.4882073624729,16.3481821057505,15.9413280754105,16.0729309117876
"Glucose lactate acetate",15.8456256169937,15.5575213852438,14.05018598762,15.3826255285669,15.4161164045604,15.4481211196824,15.5930423450278,15.8083580701035,15.6117600253819,16.2900056003192,15.4820474030919,14.9012904260534,16.2205971083525
"Glucose lactate glutamate",12.7524740103086,13.4563254811779,16.1699289124851,14.5202664369053,16.3549171196971,18.2789594855623,13.7491598320285,16.4405643680833,13.1681150756805,18.2323350431795,15.5904499014711,13.656452582959,18.3514168310571
"Glucose lactate lactate",16.3058783430958,14.8179237153816,13.7926374611826,16.1592240973648,16.1033450044283,16.8268949621685,16.1068835932147,16.4286294971871,16.2829014721527,16.7253866360558,16.2524448982841,15.4880090702371,17.1894833331868
"Glucose lactate pyruvate",14.2417846270234,12.5494899712683,13.5254270119089,13.3436046656862,12.4334168031986,13.3343416047681,12.821257471222,12.6615683209244,13.9634189426862,12.9349570913057,12.6710427533181,13.4915470025443,13.0878203425773
"Glucose pyruvate acetate",15.7390299956467,15.3381671595709,15.3958777851397,15.2734328848947,15.3345835028325,15.1630995925792,15.6730169371653,15.650250246235,15.5770830127003,15.825197443406,15.4127605758649,15.1265226102234,15.7893605197192
"Glucosylgalactosyl hydroxylysine",15.962147287017,15.6236962814784,15.2698151646498,15.4112847945392,15.9983650135764,14.948895422821,15.9058969460847,16.2543301514222,15.7849497974481,15.5257416876752,16.1831943376222,15.1541991788192,16.050573237757
"Glucuronic acid sulfate",17.3604656657947,17.5861329598475,16.9634609467952,17.1330430959732,16.9442919114016,17.3759448001491,17.459705687732,17.4981932074734,17.0541529018245,18.0221367964813,17.4879512555105,17.3069817594201,17.9335077308012
"Glutaconic acid",21.175385039677,21.0131604826073,21.7067573587347,20.898962405372,21.3774389051143,21.3216492256838,21.1950575515428,21.297157503221,21.0418038580269,21.0161307923155,21.334631574534,21.3641806188901,21.2457492531863
"Glutaconylcarnitine",15.9450796347016,15.5943209952658,16.0552970326575,16.4279465717023,16.0485743525922,15.7253153149177,15.9543695893677,15.8242285019748,15.9576121174546,15.7202810459181,15.9507508290632,15.4291127529403,13.9684368565723
"Glutamate nitrogen",14.7496258060751,14.8087809607685,15.1221296726185,15.1291117231812,15.1636800285262,13.0832273878846,14.7329701958083,14.4282808763534,14.6647616988714,13.8526212881039,14.9296820830625,14.8926397394298,12.9179247115122
"Glutamic acid glutamate",17.2330846966453,17.2494904219803,17.0704835370997,17.1468305015686,17.3154760853888,17.4100089851262,17.236731575145,17.4719479858217,17.3037005082711,17.4532524524224,17.2600396283407,17.2513062659478,16.979780054835
"Glutamine pyruvate",15.984537085724,16.0987561597237,16.1385559729708,16.1045405509164,16.1799744979907,16.3777107244772,15.9458385508196,16.1495869502488,16.1814171365421,16.5515432618857,16.235695041616,16.1014004141892,16.5192125312655
"Glutamine-glutamate",14.4060862758389,14.0983732641897,15.1459252144742,14.7911877578412,15.6362406816722,16.1495872702019,14.5610966192876,15.009125188274,14.8457191287492,16.0394561940225,15.0772748965502,15.0379734547372,13.4944749464182
"Glutaminylglutamine",15.2919622367544,15.5168207379439,18.435291926554,15.2293258512007,17.3146132548294,17.3207663877243,15.2649353231818,17.419435520239,15.2796668344472,17.0476132195706,17.4225564393565,15.4981367821283,16.2782769083507
"Glutaminylproline",18.2402273481468,17.8758528878733,19.1893275324644,17.7879763849259,17.4074455167786,19.1111995981277,17.6726056129724,18.2311427742295,17.5006083402473,19.1113018811487,18.4147514475327,18.1000510636276,20.3875021214158
"Glutamyl pyruvate",15.9571090369141,16.3398130288748,15.291616332273,15.8436691630356,15.8230737326666,16.0406100139308,15.7277926923104,15.9742432897919,16.3751089343438,16.3541910672855,15.9512900802629,15.5037786029977,13.3820863731588
"Glutamylleucylarginine",17.7518728042145,17.6569219440534,17.6912623348685,17.9744784751473,18.2397071988863,15.7848758725212,17.5256257450497,17.7317426534326,17.7715082967525,16.238073347501,17.1386247859213,17.3595512483008,16.9467135220768
"Glutamyltryptophan",13.7787199796155,12.8284994817424,13.034797315868,14.4597808555774,14.258857333707,13.1889529786364,13.3849573771882,12.687180400706,12.6319281876662,14.1811019310153,13.6509251046276,12.9247365669354,12.8617139382421
"Glutaric anhydride",15.9324629784943,16.0131502351983,16.7295901484704,15.8070632140331,16.133684610134,16.1222724218505,15.867156935245,16.1463087022669,16.0112644518983,16.2041214832065,16.195196905207,15.8191719588613,16.1579040235434
"Glutarylcarnitine",20.2670056896965,20.4136319818599,19.9338225167851,20.1787711566601,19.8639303331819,19.7700162265072,20.2385097386819,20.0228775507939,20.1718498655441,19.6440569693992,20.0671730288674,20.295591822727,19.0790720805219
"Glutarylglycine",20.7954394319485,20.3405005837558,21.1491773867432,20.3729705414169,20.69961506307,21.0043682048743,20.8619249921577,20.582598928207,20.6355237432918,20.6136295555718,20.7965352420514,21.1095989625571,21.552343558459
"Glutathione bicarbonate",14.2958100868411,13.0941658205818,14.6268046028428,13.8966527816556,13.98740179921,15.3622770746771,13.2892901113592,13.0596289642563,14.3047121372196,14.6769847139046,13.0625440114261,13.6848422167832,15.617938328802
"Glutathione thiol",14.721000083066,14.7466828888473,13.3507938616341,14.4140272557973,13.2136370854721,13.1286347391148,14.4523122165073,13.418709107725,13.9244134874302,13.8212490349269,13.7640730454077,15.0262221116203,14.1840391672796
"Glyceraldehyde 3-phosphate",13.8224720211344,14.9114944908117,16.6252943480117,14.8282141434894,15.7618644353138,13.4047185417503,15.3641301315216,15.246454789987,15.0575779339336,13.2391051027863,15.0851242620526,15.1181267703974,15.1983477746368
"Glyceric acid",15.9502019185415,16.5700792248003,16.0736548325089,15.8277877454633,16.1519219268358,15.7078326796336,16.1993406310591,16.1586912269172,15.9495934541278,16.1021462985696,16.1528981850452,16.0462998684804,16.2511709436536
"Glyceric acid 1,3-biphosphate",15.2013100918419,13.8756842536386,13.8375565812426,14.6825394696203,14.499955489963,15.1651685696352,15.4290725662055,14.9959037722041,15.0319754717112,15.5265284947305,14.9142920280957,15.2201683515768,14.9584051959505
"Glycerol 3-phosphate",19.7207885429451,19.4742471844728,18.5376466603612,19.5209341099487,19.5471627236137,19.4735610661332,19.9954902672579,19.6689942121298,19.8597771788165,19.901483918524,19.5976501700439,19.5666413298337,19.7226568383392
"Glycerol lactate pyruvate",12.9700002997292,13.4492754111274,15.4965849050864,12.9803761249017,16.1255163956416,19.7037268187765,13.0888350562664,17.3452120001511,12.9527543022387,19.9898318708193,15.1234414103918,13.0099171764367,19.2584072229442
"Glycerophosphocholine",15.460009908076,15.7171391743604,15.2741172507039,15.6169348631813,15.6723608201591,15.5507434210985,15.5101486403773,15.6572276551457,15.6747591765409,15.7901555927496,15.7725836384532,15.250568583314,15.3950749784307
"Glycerophosphoglycerol",17.1224984129263,16.8664831780391,16.2779589790699,17.0255499967091,16.9430920736574,17.4608225193047,17.3411079601357,17.0611534697558,17.343467983665,17.6339336228167,17.1949920795647,17.2075199530061,19.1449389061882
"Glycerophosphoinositol",15.783593506473,15.7076021149213,15.0807020940227,15.5279444652604,15.7266358683181,16.0105792039061,15.5316091672454,15.9806389182123,15.9035554016254,15.8540936118854,15.8448846122442,15.4630034395722,15.9398102900417
"Glycerylphosphorylethanolamine",15.8698402877676,15.9115744165179,14.7891747775489,15.5633575167082,15.7345101108987,16.0464658272159,15.5535484178707,16.6534818191436,15.8109614778232,16.1313180347863,16.4132880921211,15.2328406753753,15.9386769713287
"Glycinamide, glycyl-l-prolyl-",17.1362734121013,16.8085101463852,17.0211258132041,16.7581871807719,16.5856335768117,17.4294972938327,16.9519277382904,16.7038807763057,16.757413397044,17.4868227188906,16.7074854018961,16.6880920500922,15.5776137858257
"Glycine glutamate",15.9737876058639,15.8612981456149,16.5937164804025,15.3936263309086,16.3966535978301,16.0110484584283,15.9882273454444,16.2979678840322,15.8024170701509,16.0584566283337,16.4872680894614,16.2868635605158,15.7937806938382
"Glycogen",16.024813056137,15.5032222532931,15.8963262569081,15.3597596235221,14.8502214018864,17.3393692175584,15.8933536026238,16.243483245903,15.7824741813058,17.6191226406613,15.8751906036371,15.0822380736758,18.0976232495912
"Glycyl-phenylalanine",17.1069859649413,17.0805693319255,17.3725671145641,17.4692510453285,17.3293026471107,17.0426687837391,17.1446872417517,17.1369138295113,17.2068639890536,17.2366769986049,17.2435279718168,17.3249147209631,17.2253796790301
"Glycyl-prolyl-glutamic acid",15.646374971299,15.7744775047743,15.8851660564475,15.7917707019444,15.9374649115,15.1098440868886,15.624387234026,15.6035713628184,15.9216216764826,15.7105078549594,15.6801863420345,15.8720392949526,14.8706104432695
"Glycyl-serine",15.9178350137966,15.7732538635253,16.0534589427786,15.7894383142689,15.5648574527402,15.1922587107131,15.9861886858036,15.2539672943243,15.4940342726896,15.2440168103938,15.8047416915748,16.3436444617307,14.5537735659092
"Glycyl-threonine",15.5707404862058,15.8104469970348,18.7109954697546,15.4963997118606,18.5886354134467,18.2647825577084,15.6363675343685,18.5837430394368,15.6460457432276,18.370411391406,18.548415828735,15.2537328835873,18.7632949924788
"Glycyl-valine",17.0782473812388,16.9371387197968,17.0982483397351,17.1722359410072,17.3285756096045,17.650939302991,17.0128801602732,16.8532563786337,16.9616570234275,17.9984806521247,16.9680226640807,17.4058720454276,18.6105572798066
"Glycylproline",20.3610842194852,20.7502075393475,21.3195961307376,20.6447559429603,20.773464259301,20.8640904161035,20.3651745388837,20.6420711065062,20.6696926370876,20.9004860748081,20.6664053062241,20.9279308390413,21.0407020728524
"Glycylprolylarginine",14.1742057276458,14.3561364183891,15.2020926796818,14.12621778943,15.4748720886723,14.9713569203147,14.4372615705592,15.3102330712198,14.2155147712955,15.5329912458646,15.2901207419448,14.5196372049719,13.829446166523
"Glycyltyrosine",16.2828295972553,16.0798981528657,17.2908536023924,16.1419560276079,15.320639934157,16.1284977099001,16.1187277442786,16.6141655701455,15.764374269703,16.4393070084716,16.4676734046982,18.2577955667776,14.5370163146084
"Glyoxime",13.3942706383635,13.4823491894587,13.6998966173156,13.7517363405656,13.8824591777328,12.9424015530433,13.0753908037387,13.4685277543324,13.9233723408036,13.2603326073159,13.4370937265357,12.7372701370604,12.93047534133
"Guanidine, (4-chloro-3-methoxy-1-oxo-1h-2-benzopyran-7-yl)-",14.5485477290783,14.800884022178,15.6636474582827,14.5595121814901,14.6912400358485,14.5900640647044,14.2959188215073,14.7209141777062,14.5721440632033,15.1314154492234,14.7429151737944,14.6022039505054,14.7519182094045
"Guanidoacetic acid",23.3302796496892,23.4136406616805,23.2053100330226,23.3028198237204,23.0873452021218,23.2770199236605,23.3020661013241,23.1238979497209,23.3168096307681,23.2423398892856,23.0107506779407,23.3084096964221,22.7950747489463
"Guanosine diphosphate",16.0290586560616,15.9392426553622,15.7896822358579,15.8391641726182,15.7404924760788,15.6633497931187,15.9673539671512,15.9539870063603,15.8937233288439,15.8490907863611,15.9643952411496,15.9196512736701,17.3316694113174
"H-asp-ala-his-lys-oh",14.2509279664519,14.9859746458993,16.7482033944325,15.2929669010289,15.5293138234401,15.0458938799558,15.0111506874758,14.5453831511945,14.9417679602135,15.4666060561295,14.9877346328043,15.0811194848353,15.2798241261688
"H-tyr-gly-gly-oh",15.1623235137744,15.2940589271969,15.850908994882,15.458305137398,14.7460875507036,15.1742998738677,15.3184755993173,15.021545221497,15.5284212742176,15.3993326537283,14.9010008567544,16.1416362975601,15.3817072354684
"Hafnium",14.7919903701083,12.4511429388608,12.5015634165298,14.5352039240781,14.5995021102175,14.3507676005982,15.3246743995152,15.1014693507899,15.1143029556991,15.188356456106,15.1305850777592,15.1382124765402,15.5284326165907
"Haloxyfop-p",13.2277784406472,14.3428930688278,13.4869279307962,13.4548071800423,13.3218911435845,17.7465451234148,13.476901294776,13.4814984404163,12.9367348935142,17.3250774411157,12.9559954164552,15.591781560882,17.9264611090673
"Hawkinsin",16.9251803571718,17.1234795492357,16.8367714017382,17.0811759611358,17.0423626270523,17.3480902738867,16.9354157724096,17.1055688338959,17.0580470696129,17.6984662626346,17.0462186887081,16.976455978499,17.8867442737048
"Hboa glucuronide",16.9235536573611,16.2069549537183,16.0726769912861,16.9098674306804,17.3179902415375,16.7182079410826,17.2252991781061,17.1107119136295,17.6776941621156,15.5944480525443,16.8017303048719,16.7675168482712,17.5806342254624
"Heliotron",15.8205389924685,15.8903774047098,15.9493823500491,15.2400399392957,15.8677405689577,15.625168236058,15.7175789069817,15.8748990684331,15.7936610627132,15.7957827179604,15.9926146892216,15.8015423057023,15.4315153981166
"Hepps",15.8078063812789,15.7939234649235,15.4621359910367,15.9799875022606,14.6085824193588,13.3857209126801,15.7236727002304,14.189373061051,15.6213573030373,13.2328064426779,15.1217575386071,16.3222537055189,18.1427035650732
"Hepsulfam",16.2701210304584,16.4013163000073,16.3313772360999,15.9301873243714,16.557997879932,15.7397983469883,16.3324039847391,16.8408627070354,16.6277632849193,16.2694735262133,16.6463958485833,16.4026890182735,15.7419832032732
"Heptafluorobutyric acid",12.5113286512407,13.5188679099533,15.2766659146613,13.0139280059907,14.2999801474599,15.3418909166588,12.9578676622534,14.2112380706586,13.1785724509262,13.1075297907032,15.1018845250575,15.2840983726848,15.4856707627462
"Hesperetin",16.0469641309798,15.1243059100145,15.6698703394157,17.0981499354926,16.6858836300337,15.970006891256,16.3288319375095,14.9964190692802,16.6660077299973,16.7040624161673,16.6672245092143,15.052331189843,17.2592427896201
"Hexaflumuron",13.8525749266713,13.9690406608312,13.762559721476,13.6515131874713,12.4504611789455,13.8996608274777,13.8813961519058,14.4923922764389,13.4486242477398,14.321255244733,13.2587927475549,13.8150296359277,14.3892639253031
"Hexanesulfonic acid",18.4651444005069,18.5003166123162,19.5300348352417,18.6074099754578,18.0318224950626,16.7670576504137,18.5513271435416,18.2796858412543,18.3629346758306,16.9161516816407,18.299471944935,18.5184345621083,16.0530435974045
"Hexanoylglycine",22.8114340710403,23.0498123577029,22.9392734028722,22.8736607207552,22.892660712938,22.1954019318057,22.7860672982018,22.8655070604181,22.9399577958818,22.4331070433922,22.7022204663926,22.5748905063398,20.2851600731853
"Hexose monophosphate",15.3037971485934,15.6187991307905,15.0926292829889,15.3425430967591,15.2029365518076,14.3766548039838,15.5942323429069,15.4361986746224,15.4296592717651,15.1177422625799,14.7146559185894,14.9280550615585,15.5643238648932
"Hippuric acid",21.359471174069,21.4642059795723,21.2945660452785,21.3576153114548,20.4766709130422,20.8961053271784,21.2896307600172,20.8198995054702,21.2728868893483,20.6248206509071,20.8120882299956,21.2191741790106,20.7916145590587
"Hippuryl-histidyl-leucine",14.7696008671744,14.9571228816105,15.7054385500512,14.9014670027764,15.7189667954843,12.9891533037446,14.8705139443692,15.0804583163225,14.2391043043382,13.6604428433182,15.6030400351299,14.7849769977394,14.7778878610045
"Histamine",14.2350489256991,14.3438874413245,14.7028541468763,14.5504234271197,14.3264049416401,14.6176460565505,14.3437861449872,14.105589669862,14.057925254213,14.5855875299265,14.2431917508085,14.4844497645468,14.9607143399267
"Histidine glutamate",12.7793120607444,13.89699088671,12.8432185584392,14.3069444457238,13.5011776472085,13.7633373659422,14.0229106662993,12.6324965501642,14.4574504240146,13.710747026017,12.6362584286837,13.8707128607378,15.4230569604723
"Histidinohydroxylysinonorleucine",14.4324560452465,14.7496683982366,14.760360348109,14.6461048087332,14.899890255824,13.5744098913204,14.5279534936071,14.5613023961179,14.8014052833412,13.5606458028841,14.6004503341177,14.4642795354503,13.9323930882569
"Histidylisoleucine",13.3827988357025,13.6183915207355,15.7121758641303,14.1587943928956,13.1959360567382,15.2487032418963,13.2249923609173,13.7514033227317,13.9835212767229,15.0491179906107,14.6758980273533,14.0744252083073,15.5461737937602
"Histidylphenylalanine",14.9385456788388,15.2948583334268,14.426437693911,15.0916101498493,15.1634473489589,15.2845161837373,14.997126583053,15.0610836614093,15.3034328493142,15.1880114655796,15.03365333373,14.7610986948356,14.6428316047669
"Histidylproline",15.6096428539783,15.1796987946378,15.8940786524752,15.5595594372449,15.341183589941,15.0890308546908,15.3683602394139,15.1500704957739,14.9557871334408,15.2011369039255,15.3025081307978,15.2151407221985,15.88720334693
"Histidylprolineamide",13.0924222744014,12.5762885470352,12.7948611661072,13.5184294226355,13.7055799073514,13.1688455969016,13.6302061128381,13.0642323891936,13.392298163144,13.5423204708072,13.3448667690446,13.3354610567557,12.7561742312551
"Histidylvaline",16.1078427073957,16.4431675209684,13.3835102811857,16.21991683912,15.8478227734553,14.7532927894035,16.5427334814742,14.7270741227549,16.236076099562,13.696819103797,15.2323051858522,16.035745230613,12.9616905321477
"Hmboa-glc",15.1740197374422,15.1474994053653,17.5643467142381,15.0194888708287,16.5956223932259,16.9789306496247,15.0476082438712,16.9600135711481,14.9326420957451,17.1025286518264,16.9690249566427,16.0736217483585,17.7487167715605
"Homo-l-arginine",16.9770522459759,16.8837777343592,20.8405572414234,16.8557210921082,20.7609026968035,20.8274754212231,16.7712042185409,20.8261276991601,17.1172018303563,20.9170545387926,20.6997426004575,16.1632128850645,20.437241166602
"Homocitrulline",20.0877771662321,20.7142744679588,18.9171351768335,20.1775803067883,18.8722308385664,18.1962863998498,19.8519306579702,18.7748412612278,20.0231192778392,18.1233874624676,18.9184856180642,20.4408412990379,18.5404792692466
"Homocysteine",15.7226295491089,15.249400614131,16.1080450104044,15.6685056632689,15.9852892699202,15.4208743126068,15.6580415843556,16.0251689416318,15.5434302259776,15.1554825572441,15.9376422362349,15.9268064017669,16.7261672602962
"Homocysteine thiolactone",12.760660351858,13.3687295487101,13.5585941223834,12.9471021753771,14.0111112995957,18.1893099017312,12.7858060601859,15.8423692735392,13.0166312490182,17.9662369417411,13.813150858562,13.1303644086292,18.7054568875336
"Homogentisic acid",19.3249695028637,19.4969334070805,19.3317473217628,19.1641192126162,18.9433804862655,19.1576711077349,19.2705088435083,19.1412023462187,19.3614759060473,19.0174060841097,19.1074227559119,19.5252402134755,19.4609108050486
"Homovanillic acid",20.228905494761,20.2832289091718,21.1981922341438,20.1791467633407,19.9025448439812,20.3338921734594,20.175688644705,19.9544171100341,20.5458862476685,20.3137261327771,19.8439527132532,21.2829092871048,21.1335313350311
"Homovanillic acid sulfate",19.2386668380557,19.4530132486461,19.1289678384264,19.215770994924,19.1520045842397,19.5718208478552,19.1564066544275,19.3891771277734,19.2494610831503,19.6126183393058,19.1999471511873,19.2050790771376,19.1846523857519
"Homovanillyl alcohol sulfate",15.4722035410507,15.4453265899482,16.5750163126719,15.2706183769044,15.1674544440128,15.4847815078086,15.4324494799598,15.8230071606976,15.259321626472,15.6759368577174,15.7360499984659,15.1748457885181,16.0128435593061
"Homoveratric acid",15.2656998882048,16.2814728551157,16.5063408099969,16.0879820215253,16.8454192354078,15.7561901112029,14.8772229446984,16.31508505942,16.0609794706053,16.3810820416266,16.4337801226877,14.884276497229,15.5394659778194
"Humic acid",13.1287169746259,13.1180845002851,13.3031104816036,12.9827840440473,13.8088424074994,14.1711980798552,13.4527162494294,13.3249982077176,13.0172752520428,13.0746187220562,13.6303633497889,13.7258993353546,13.0861911567184
"Hydantoin",18.5121752523752,18.5824420452065,18.3352544660433,18.4843114809222,18.2635478288997,18.4868234815262,18.5093524466187,18.3456308754016,18.5873611580126,18.4934097376811,18.2382750528292,18.5096115039225,18.0152939706604
"Hydantoin-5-propionic acid",16.4191999813528,16.3348971575405,17.1019288869469,16.0869863302428,16.7673520082911,16.8380998066881,16.2569682046873,17.1358267721759,16.2200650106785,16.8704729716085,16.9827546219046,16.5005758130231,16.1054418752971
"Hydratoperidinin",13.6727655829156,14.4719616559365,14.0430813818537,15.2768190466789,14.6933422664491,14.3039639245473,14.5653670740922,14.7990719683601,13.5140023907378,13.8825536611029,14.6905262513714,14.3533250559875,14.3272358490349
"Hydrocinnamic acid",15.3206291658896,15.7625075068123,16.1344723449778,15.7525269936883,16.5393314618304,15.5979202168434,15.4991742662763,15.9134776055578,15.7188912453313,15.9310554808526,16.036676675149,15.2514557691047,15.3165887215096
"Hydroxy bosentan",14.3737480579782,14.4104232595291,14.6873256341093,13.9542237808031,14.608845560853,14.5945798360884,14.3970628141654,13.1321613844872,13.6399909010401,14.876260996496,14.505121929126,14.6947670467036,14.4790600392657
"Hydroxy tyrosol -acetate",14.4798797041042,15.6629473599796,19.0178372991139,14.8390888178899,15.3469267950182,13.5489079976904,13.8998385931374,14.9085436877942,15.2910138818773,14.5620351271032,15.2274096770347,14.6747355052868,13.8257401250311
"Hydroxycarbonate",15.3188594902059,15.314194042346,14.7165008931892,15.1770285905045,14.561347233069,14.4041533756116,14.9541120105275,14.6344573329606,14.9160081640033,12.9518811973681,14.7370879472032,15.2110849437022,14.4713109250208
"Hydroxycotinine",16.4148678673218,16.3585928270582,17.0091957108986,16.3265561143525,16.3384728971092,16.2389006335907,16.4341059801335,16.2465364978651,16.3763541798715,16.274743994046,16.3319866191467,16.730506632615,16.2232874109089
"Hydroxyethylflurazepam",15.2549442997541,15.194928714999,15.0614712748588,15.2898199495419,15.8190100286217,14.6519876336338,15.28494331283,15.5363154474832,15.5206911526707,14.9361123732054,15.7809183625039,14.4746808631491,13.0989872544822
"Hydroxykynurenine",15.0283253540143,13.2109345954106,16.5452110997198,15.1271620698956,15.6292045197579,15.8488343859915,13.5150196425791,16.0216278056541,14.7521815617882,15.5734572337794,16.3517147115592,13.4334229133247,13.3660598559416
"Hydroxymatairesinol glucuronide 1",16.4534021666045,20.0707084509938,16.750904408944,16.2197482645876,15.8919775265483,14.2554612156993,16.5214000700137,14.5272668511722,15.9234758814061,15.5565535606646,16.3214169433133,16.6807057149388,18.0761138178026
"Hydroxyphenylacetylglycine",18.1550895271254,17.5124759930445,16.9067836031237,17.7964216979923,17.3806651459434,16.3604132291066,17.7917655376815,17.2945792012256,17.8366632873252,16.612548824377,16.6361802432946,17.5116181710138,16.0595433763206
"Hydroxypropionylcarnitine",16.6164275700684,16.6858814095158,16.5705062826659,16.7348578908783,16.7896802424888,17.0656190707186,16.6143255784507,16.7108794534357,16.6909608261575,17.1707864706935,16.8044543660118,16.6215882640433,16.7335384792595
"Hydroxytyrosol",14.7889980329626,14.9983963660808,14.5980533364665,15.0158545234878,14.5575330181841,14.3414364265339,14.5757150276088,14.610676506403,14.7129768593596,14.3853817065363,14.5765964927346,14.8173123919803,13.6666569784538
"Hydroxytyrosol 3'-glucuronide",12.6983909390057,13.0045598341463,16.6463107849922,14.4122281546003,14.8933811888787,13.3384570019263,14.4178048351514,14.4794038292322,14.2425966289905,12.5784228587584,14.7233757733839,12.761734822795,14.9229575245407
"Hydroxytyrosol 3'-sulfate",16.1724065551683,16.3188002549364,16.8990624759801,16.297890831554,16.9278333738743,16.5385196476246,16.0021123318696,16.4895753212332,16.2897601237942,16.7391539870656,16.5383307584831,16.7355626864041,16.2961225642615
"Hydroxyvalerylcarnitine",15.0171170738693,14.6111417790322,16.3823225261694,15.2842545506735,15.4390176095846,15.0551714341714,14.9426090841473,15.5800544348293,14.9832693577694,15.1986803405657,15.2602621790172,16.1052562822711,13.4131941022856
"Hyperoside",12.8258109145203,12.9169286102365,14.5329162348827,12.5084720611013,13.4334846685382,12.9152145482829,12.3941295015144,12.8954689369957,12.3935840279782,13.3000941135467,12.8865484549691,13.7671488672797,13.1754333705427
"Hypotaurine",19.2864601515799,19.0829724801879,19.9824491191782,19.2420910634587,18.5878911356128,16.9206125854917,19.2097515031732,17.5032636145107,19.4887406735871,17.5382534073877,17.8459182101391,20.4805816683756,18.6887835552327
"Hypoxanthine",22.0047960050708,22.1106119991706,22.2134474642365,21.9810531075472,22.085376493886,21.9942863443679,22.0335322740975,22.0595563875697,22.1013512918035,22.0291011702601,21.9718577514699,22.0355766089421,22.0436054813017
"Ibufenac",15.1858050605479,15.1714643666465,14.2107374009025,14.5619403047925,14.9073983105588,15.606740252926,15.4831975410125,15.5974493846981,15.252891854865,15.5331178887912,15.6732321707123,14.6425403604915,14.4086315110547
"Ibuprofen",16.969711400065,17.1957334423005,17.2969348897595,17.3160915196374,17.114593750406,16.9717146864917,16.9046131642881,16.9409479729302,17.1137554154586,17.1123484158006,16.8682692754684,17.1331492663563,16.136241950952
"Icaridin",15.6932709706342,16.0289826993165,15.6197432398544,17.1318446508544,16.0345506180076,14.1756276888811,16.0856698740533,15.3160293061647,15.7989730729308,13.6309879995521,15.69936274358,15.3824901837061,15.7181624738827
"Icofungipen",14.2862396094023,14.425834352307,14.8359783042325,14.3825516080106,14.8618107626986,16.7791489602376,14.3746777563401,14.6603676938105,14.9433641580185,16.6049038588405,14.4038181522047,15.2484511805502,18.620622729785
"Idalopirdine",16.4233110302261,15.9418552295633,17.1432616143696,16.5886478645742,17.5152541194868,18.0246558008363,16.4258413369139,16.4169943864552,16.327061712206,17.7891720632446,17.2156750169626,16.7189420358174,18.3682297721228
"Idp",15.5328421216489,15.9890950919047,15.5315410195357,15.9387187695822,15.7938969162259,14.4739181311596,15.6508466513169,15.0901847779046,15.2161090424078,15.3201893788125,15.8117703865602,14.6722077660024,13.9654891116689
"Ilomastat",16.234357935631,15.928101855164,16.3754898433431,16.8773296235381,16.073275300662,15.3880036959144,16.0979657424295,15.8593296997756,16.4959045286665,15.584381927721,15.6591313384215,16.8397062020755,16.2063038784278
"Imazalil",17.7675321933064,16.2222462425821,18.8300853174252,15.5835755184969,17.1865565599258,16.8439088042421,16.6441834009753,17.0367495662638,16.0219968899409,16.3342658079655,18.0151949866117,18.4429061261501,17.4541061757232
"Imidazobenzodiazepine",16.9268191116955,16.7566838386462,16.6946503087026,17.2650260189622,16.9895576249302,17.260925942577,17.0089244830864,16.6345211412941,17.0376016825481,16.6360618209276,16.6811953638467,17.0263598640651,16.9492656576937
"Imidazolelactic acid",22.3442590701844,22.1455493494541,21.9528723921277,22.230863944632,21.4871873378183,21.1015489417479,22.2878488403543,21.5714643589864,22.1494940171705,21.263693547008,21.5913082903481,21.6947907433675,21.8841376732784
"Imidazolepropionic acid",19.9437986799713,19.7660861776426,19.4658012474849,19.5628275715851,18.8835641669522,19.7123855906964,19.463406585839,19.4224770247278,19.1663056179931,19.4662181950846,19.2086482193561,19.8204752575787,20.0888291124775
"Imidazolone a",15.2368639152064,15.2803938068297,15.7441267424317,15.5188804947315,15.1748161875507,13.1754419306874,15.0513334914594,15.0165721297127,15.1376660548532,13.0864481132794,15.1255687103189,15.1305177603629,13.0795216850298
"Incadronic acid",15.3351379785326,15.5180915541502,15.2427110517843,15.3227910176499,15.51237648339,15.0676895210045,15.5031634226001,15.5001219073052,15.5620579683552,15.44974346899,15.3842586855185,15.4812454388769,15.5617608902991
"Indicine",16.8866766273125,16.6833322820974,16.8097970079167,17.054440539099,16.9599434121997,16.2578104816742,16.8784157645895,16.6639506408294,16.7894027565176,16.3853522387753,16.612648842221,16.8234630758493,15.3759082884062
"Indicine-n-oxide",15.2727685840389,14.8032578933408,15.330872902013,15.2887130941903,14.8851575577246,14.704575689477,15.5061813790731,15.1171116984822,14.7803654173333,14.5101203876271,14.8152345874492,15.5911144675017,13.8039549975745
"Indisulam",13.4766469335623,13.4626142098935,12.6159996986033,13.314269874329,13.3239245756375,14.3799363328878,12.5368201689597,13.6217351320309,13.4277812113656,14.8851652654138,12.3580974726188,13.4660211137697,14.7088373701045
"Indol-2-one",15.2061918310277,15.1542136313628,15.0957245100701,15.2949912649221,14.7134710430963,15.348632415604,15.3067422153135,15.1309865973264,15.1792940726119,15.3786449858134,14.9797431639985,14.9455548496428,14.4163587211756
"Indole-2-carboxylic acid, 5-(bis(2-chloroethyl)amino)-",13.7897223365933,13.5800317585837,14.5449190362473,13.3987787474542,13.8043064364318,13.9216482095599,13.6584543640592,13.7565110022575,13.7249997781372,14.0437181209679,13.8076329660442,14.7637293867704,14.3474115663348
"Indole-3-acetamide",18.4470146561125,18.5277848956427,18.5095754697857,18.235078783919,18.2655335065466,17.7013237324053,18.2140652301069,18.5750862402191,18.1573289938214,17.5933209147567,18.3438787540203,18.4296331648433,16.7984391209644
"Indole-3-acetylglycine",20.3790845581897,20.3026106041366,21.5652296040807,20.457253141542,21.184806380347,19.4233846106667,20.328025644057,20.5337870119244,20.0655492284329,19.7324491449185,20.9037231839707,20.5349538908814,19.1115487484085
"Indole-3-carboxaldehyde",17.9785853408298,17.7665416164138,18.1520517817103,17.94609815262,17.647005989731,16.5187474615851,18.1127719395422,17.6884656844564,18.1188240227771,16.5703594897863,17.6028988969783,19.1282172579229,16.5385978565892
"Indole-3-carboxilic acid-o-sulphate",16.7003181908635,17.0050362268173,16.4388882200283,16.5680909325273,16.1110123515146,16.300048551946,16.6157927395183,16.4921958562269,16.7144351370398,16.1618561578616,16.8298361979591,16.7044625435235,16.5635445324582
"Indole-3-propionic acid",15.1703236916716,13.0371514950545,14.4279805377726,14.9607218364178,14.9862895864834,15.131200631533,14.2882137568681,13.40542299167,14.8621227091193,15.3405471723281,12.9869337779891,14.4297358408228,14.4634395466097
"Indoleacetic acid",18.1370168037623,18.1303595226469,16.3821115442494,17.8839153704353,16.793302071558,16.4946054834175,18.0274507386091,16.8175452492559,18.0984975608508,17.1032336673225,16.9722717473169,17.7192821033683,17.0741768048447
"Indoleacrylic acid",16.2297975759457,16.3130864792113,17.0237776743585,16.331540971734,16.5283053155945,16.4434998623926,16.3504329433184,16.5297780221183,16.2260501450279,16.4340377514463,16.6615375954314,16.6403694473033,16.511060652264
"Indolelactic acid",19.8413366541735,19.809619666257,20.1892044091201,19.8819536217112,19.0285992836294,19.7098761857829,19.8375543774545,18.9019351902824,19.9896142264648,19.552861721997,18.9697602455468,20.1495206618706,20.0414558412149
"Indoline",17.0327318671196,16.7349722633535,17.7390534297168,17.0181937152765,17.1874083032514,16.8747681042761,17.0681995274576,17.102689682893,16.9974683175004,16.9749670028726,17.4420195851438,17.3977481803494,17.4560637084158
"Indolylmethyl glucosinolate",13.3272115013144,12.9518471337162,14.5357089632407,13.3610454729671,13.3854828486707,13.9867167761509,12.9775000063772,13.502173674225,13.2014042025773,13.8944461696965,12.4970259746382,13.5607375014558,14.7667528793607
"Indoxyl glucuronide",19.0551150219528,19.412261332201,20.2454993220793,19.238496406391,19.686168661159,19.2906771290902,19.4212255909011,19.2279974542006,19.4229581159751,19.2294956087719,19.1736993512118,20.282380689887,19.6492085482108
"Indoxyl sulfate",23.1835505550047,23.4713559793134,23.2270268319817,23.1811269867842,23.2435571293025,23.1086199487178,23.2297305945175,23.2268152362662,23.1448441071903,23.1335552828575,23.1814219504894,23.1244285147952,23.157827850138
"Inosine",17.5286993120353,17.5411783903353,17.8635288116092,17.7471414027094,17.8154899329749,17.5246923700912,17.6204057511413,17.9585124815336,17.3763969386326,17.7453363041217,17.9129444836346,17.3991166932289,17.2424424591341
"Inosinic acid",15.9688374254366,12.8138073764365,15.939404596944,14.9002122455694,16.035422770506,16.2329826831099,14.1747221409911,12.6318513023315,16.9022892023813,13.2493740332479,12.6103560086216,12.8652302746916,16.4171840263923
"Integerrimine",19.7205014170779,19.6267160071639,19.9438882287929,19.6076803917754,17.8920797389361,18.1209497956499,19.6528426433685,19.4547764625571,19.5750640391869,18.2300280083003,19.5809229505586,19.3238237235814,17.429808808772
"Iobenguane",15.5634374939377,15.5638425740285,13.6198382707309,16.0197101138181,14.8149105135058,13.4799434145158,15.4274122242697,14.7448648400448,16.3138021706451,14.1157087239422,13.2640890408557,15.2604803240716,12.9542223521418
"Iodinated glycerol",13.8899616630663,15.4006105789307,15.8605631387219,15.1337989636438,14.8245512373442,13.6461674623553,14.8862251682133,15.3178728678243,14.0281641307128,13.1980771758589,15.0945333493436,14.7133890124363,14.3634386026855
"Iolopride",13.2087220293804,13.1906120950281,13.5565717424423,13.919030476153,13.4050615709174,13.5363062286595,13.7269457052944,13.9991795832766,13.7925296876986,13.5950557601919,13.6712421963531,12.9505270424717,13.5917221910594
"Ipsapirone",15.0825079029783,15.4294901498302,15.9714032499471,15.4492578292537,15.5735514784795,14.6593048163788,15.0873296968302,15.3583417802361,15.4156013550098,15.0529986747962,15.3140278279442,14.6655830296844,13.9890373270054
"Isobutyramide",16.9895663610425,17.454363636972,18.2390336222839,16.9630999837233,16.8490624225705,15.9966323367854,16.9309920829188,16.4282412277434,16.9720850529078,16.4567710671019,16.5359147803749,17.7390571564582,16.2551629990446
"Isobutyrylglycine",21.7982709442062,22.2287211054601,21.973800554763,21.8398100570436,22.153843599185,22.5022950632737,21.8036142730037,22.2185842715047,21.9427175900112,22.6022411662643,22.0527490897949,21.7215804066616,21.8016063784999
"Isoflupredone acetate",14.8033226696864,15.1706508758685,14.1597566816398,15.0410141397861,15.0683121040901,13.7020146606153,15.152803723014,14.7432391171422,15.9118459172861,14.2801020120112,14.5949654471198,14.6777959017944,12.4373539617831
"Isoleucyl-isoleucine",15.4184981222703,15.1085970507182,15.5923714639434,15.2469474621959,15.6350940210005,15.533368677389,15.2951390495453,15.7871970864169,14.7986363949238,15.6300402155477,15.9568822226025,15.3430630856312,15.4590158996245
"Isoleucyl-serine",16.2973166152474,16.3300700493952,15.9000643019974,16.0973443195364,15.5554585053861,15.8404507403882,16.2804138545511,15.445160468723,16.2440987565431,15.7706344661951,15.7535139514789,16.0555140153239,16.7026371328454
"Isoleucyl-threonine",14.957467741537,16.7037566671819,17.0163809746048,15.5596102769423,16.4703671676271,16.5936241277632,15.0515763490003,15.8344215650671,15.7077665411315,16.7811718633265,15.6490929474495,15.111500547832,14.4159157040478
"Isoleucyl-tyrosine",15.0526897655981,15.231664692785,15.270252399171,15.0764530525888,14.8915601991111,14.057330958999,15.0818419533078,14.7370891259869,14.5637557137024,15.1332966788736,14.1767530481204,15.6636079876808,15.1265160701742
"Isoleucyl-valine",19.0388245501343,19.3317856920929,18.4568061046965,19.1604024932337,18.4691508922468,17.9610898432446,18.9372399776118,18.5065001343708,18.9676640745713,18.177286364732,18.3652188049981,18.9747161481155,17.4168812562443
"Isoleucylproline",21.7366158586708,21.9517690153979,21.5690109252176,21.758308290628,21.7732409682291,21.5855467033814,21.7085677913358,21.8222220303307,21.8320433153184,21.5819613413404,21.7061501361964,21.6464756635723,21.1948532417393
"Isoline",14.7744383508608,14.7765641983167,14.570790786138,13.743915118465,13.0690468768243,14.6444513323066,14.7475714790615,14.8655759415399,14.288400053802,14.691434437604,14.7333730226424,14.6875705687554,15.7005001053125
"Isopropyl-beta-d-thiogalactopyranoside",16.1387636887971,16.4233513093271,15.5782054034747,16.2347112685757,16.7271386380939,15.4811076698121,16.2022365895772,16.4662290263318,16.3234449820784,15.7320944737413,16.9739345692732,16.4577508137108,15.3241616265343
"Isoquinolinesulfonamide",15.1771909810343,14.4452104628168,13.1764118470201,14.5354672950947,13.1184250609585,16.6819923539757,15.17604254968,13.3475006504538,13.3741852563341,16.5297881977377,15.2743958010453,13.4240814366332,17.2233667022472
"Isovaleraldehyde",16.4404533248959,15.786334388697,16.3184901702719,16.1360983372412,14.9736224030802,15.7434440345228,16.3351928210486,15.378328254801,16.2235595951959,15.6489519315234,15.669218908528,15.6225387183845,15.8036179297427
"Isovaleric acid",17.385639973998,17.3958376947429,15.280699543417,17.1311186182776,16.6141582302671,15.472621292578,17.6049546808581,17.0096244701979,17.7289576031474,16.5864211857905,16.8287659928517,16.5988920334613,16.4977810611886
"Isovalerylurea",17.3357754635171,17.73868391155,18.7559312426316,16.8799190353491,18.7476452575789,19.0458929648389,16.9376158307955,18.739896240821,16.4765721266731,19.314216068086,19.0868411110909,18.0878049900637,17.4541026823493
"Isoxanthopterin",15.4623996114933,15.6849125169725,12.8550081765117,15.8019963325154,15.1733767989837,13.1666549079099,15.423721614592,14.6488048181824,15.8547778514616,14.1591153443629,15.3269003614373,13.1279288154854,15.3396098025845
"Isoxicam",15.1016919729973,15.292094105046,15.1919856064388,14.9954423160929,15.175806992211,15.5863123262203,15.1160754092199,15.2480179181196,15.4216702873609,15.4016796518458,14.8404912910133,15.308463162022,15.6894157985025
"Israpafant",14.3926097757917,14.9628217788865,17.1872660039311,14.5060245977773,14.7704687962301,17.9930100622965,15.0955787917515,15.8395717298261,15.062803540246,17.6347623348307,15.4842863271311,14.9103780778401,16.3771869097398
"Jasmonic acid methyl ester",16.7846192092529,17.0598289052699,16.480051495463,17.2660083602586,17.264733890649,16.4223041165135,16.9329529829006,16.8848421995017,17.4047079610777,16.6611521212999,16.5296893815834,17.0719230870362,15.6691235376224
"Kainic acid",18.6118052264059,18.6926929345922,19.4008009908173,18.7547592212399,18.8544366650588,18.9550933897779,18.5752513781517,19.3804145566978,18.2237785124329,19.0503274827924,19.3851674877665,18.4269603455699,17.133959738255
"Keto-3-deoxy-d-manno-octulosonic acid",15.403926492748,15.7250514392119,13.6336875940865,15.5501893298736,13.9667908724975,13.800862077981,15.5835174205877,13.5635233043877,15.7192848444458,13.9982423763393,13.939557757199,14.3494372009477,13.6995538715656
"Ketoace",16.0634952753947,14.449155126015,16.2773655516646,14.8097702213726,16.2564873489626,15.1142055193492,16.0201744542019,16.1189589412103,15.4406507379901,15.4605527596559,16.4289640583056,15.7826824705057,15.4830254499856
"Ketoprofen",14.0126993135944,12.9600721946297,14.0697648793565,13.3494019422736,13.966404085999,14.2548453385306,13.876360511153,14.0360354660409,13.6006873280451,14.5876051954042,14.3401758985174,14.2070431636153,15.572018237152
"Khellin",14.3527520535605,14.6816793375601,12.6455743296896,14.2746448443998,13.5623011508318,14.3230052300318,14.2649098784985,14.4728024974901,14.4944106072455,14.9306439330132,14.7167923146211,13.8166071116493,15.6636609139865
"Kinetin riboside",16.7773293708692,16.997152103467,17.5044418492674,17.2540148703977,17.4662408724606,18.8909858876594,16.6334990518499,18.1246852426543,16.7344564135043,18.5722172900728,17.2298537964233,17.0925162715974,17.7704493789061
"Kresoxim-methyl",14.3125698924554,14.5940942695293,14.2555881501058,13.9868228004779,14.3307657999997,13.7313841614334,13.4929763354484,14.7169699071764,13.9928371402602,13.6397101477088,14.7057051339841,13.8554804928017,12.9879771799313
"Kynurenic acid",18.7337464852741,18.6739471680599,19.3955654768107,18.6748247467801,18.3475742733804,18.3338195238472,18.6545886947415,18.6870420797552,18.6371291905566,18.186772595586,18.9109116337106,18.7686415509273,18.7422923490129
"Kyotorphin",18.0594050446,17.9008070987993,18.2173925771507,18.2703594948189,18.4028013513367,17.5386337380508,17.8974925603508,18.1012101544475,17.7624461999208,17.6626639077493,18.2564951020549,18.1597582113398,17.3475456462569
"L-3-(3-hydroxy-4-pivaloyloxyphenyl)alanine",14.3235125529648,14.173619018176,14.9753144333173,14.489029035638,14.7814453419994,16.5189493876527,14.4794491226059,15.2058365841798,14.6182947233185,16.2591865481858,15.2309311371135,14.0829683120341,15.7585554781423
"L-alanine-4-nitroanilide",20.6992733831652,19.8167034365102,20.9727955703839,19.9338494962134,18.4491405745877,17.5519311810048,20.5714883728303,19.7829231381228,20.0869772307718,17.6923596502334,20.459015862607,20.2756399700171,18.1312292567726
"L-allothreonine",17.854049888284,18.0366858318034,18.1891257017008,17.8414934190626,18.3141761331064,18.1158743685505,17.8454482683749,18.2603882985413,17.9753637414325,17.8424012837944,18.4853565688905,18.1184294817982,18.3761478924615
"L-arginine",20.1651439284706,19.8068323310261,23.5282168198336,20.0974493245079,23.0350307567698,22.991237398614,19.9187005793213,23.1935320252731,20.1332660992798,23.0713088920382,23.1420009803382,19.7270155854424,23.1885995270366
"L-ascorbic acid 2-glucoside",15.9300810171097,15.8380878494126,14.8034762141205,15.7253241716278,15.5882689295863,16.2364740464879,15.6638815928105,15.7731956581804,16.554779765522,15.9796156355907,15.5523407944663,15.0027455042493,16.193492955391
"L-aspartate",14.6257696424445,14.5907410547546,14.561486393697,14.0115933844172,15.3677930469069,14.8083558586651,15.0203849912832,15.6369377052798,14.6605288060371,14.6098731628391,15.806134370985,14.8766128645304,14.4726159732635
"L-aspartic acid",17.8462186239803,18.0125940275146,17.923225613978,17.8583414784355,17.8954056881405,18.2733727324468,17.8601058796103,17.7602105206056,18.0396824646528,18.4271670185249,17.6735399290773,17.9640059010382,18.4562636367373
"L-aspartyl-4-phosphate",19.6736827139207,19.7317964716274,18.3472771203315,19.7191473162661,19.8660955642783,19.7793766976349,19.5855181206288,20.1451124237224,19.6227982494907,20.3173693595627,19.8768651593627,19.0977288822686,18.257280048321
"L-beta-homotyrosine",17.6700039787098,18.0927684615985,18.0678542972271,17.4542527102212,18.049487217428,16.8010712874929,17.7116254592667,17.9361307438167,18.0275563930487,17.0417146629603,17.6236943059477,17.615076581683,15.0572309554286
"L-citrulline",21.7268564333038,21.752872595822,21.695742381102,21.9112094406319,21.7172793859991,21.2394349480362,21.6692052349577,21.6801434036021,21.7613470401498,21.2788126350979,21.5676949004013,21.3317953641894,21.698385332207
"L-cystathionine",17.0540630863059,16.1771727688243,17.711790823484,16.3303325906941,17.1829100039288,18.0871298674966,16.9898062198579,17.2231669328839,16.9190160448652,17.9228948513348,17.2903460071865,17.0253902512606,18.9747516731036
"L-cysteine",15.2402793665286,14.4455100394347,15.6843059937317,14.6099064108624,14.8305905088902,15.3762280838932,15.2934490664832,14.7902185109192,15.1879012954903,14.8629556782554,14.9802127481009,14.7137737215878,15.1417247961964
"L-cysteinylglycine disulfide",16.8285194731932,16.0273659468121,16.5859260073871,16.1333840871714,17.2183612000801,16.3356330553096,16.7805240551128,17.1888649956606,16.4940225202982,16.9109973982687,17.5083535028174,16.0975244851756,16.2832060030366
"L-cystine",20.1814257241214,19.3673661331653,20.641107830207,19.537961015275,19.9059052959437,20.4000397602908,20.1320179173486,19.6680527437175,20.1328408952202,19.6991139288819,19.8767654629536,19.5370309203434,20.0841116946402
"L-dopa",16.0173713841696,16.9001632959049,15.2124291311135,16.1929864262034,15.2932563654041,15.5385187127616,15.8133087991885,15.7227189053945,16.337200008965,15.5763896833074,15.2849610581208,15.2643033053068,14.2215122579142
"L-felinine",17.2036444385068,16.9755138164916,17.1768816123615,16.8157272583836,16.9213573926297,15.4383056492163,17.0746463810389,16.7965104139818,16.5550429985699,15.5455272322787,16.9030509441756,16.7017329424612,15.6794768011987
"L-fucose",18.5920253378878,18.6367696622538,18.6576201537947,18.2494854874543,18.2821147626662,18.222868924627,18.4855843168431,18.6874456966203,18.3203025562041,18.1554375122678,18.590485232854,18.2064503283306,18.3593018136785
"L-glutamic acid",21.3176457508087,21.1015284807249,21.9849227637529,21.2879473402192,21.4758406269916,21.6804891226749,21.3093366670608,21.1218878494156,21.3207558592821,21.5092826619351,21.3093430775148,21.822739777323,22.0465747863999
"L-glutamine",18.426537460659,18.6083867081918,20.3569311059463,18.345134034156,19.3952339268543,19.3575270626182,18.5027690361452,19.3771424388595,18.5233493531937,18.897799076729,19.3550214314062,18.8476128261923,18.2622465234286
"L-histidine",16.3630472601634,16.4441036886594,17.1282995529129,16.1795481609235,16.5959943839801,16.408408770257,16.3095058150642,16.5705350782301,16.4252026468315,16.4681313388019,16.7061989832167,16.7337177004666,16.567012056156
"L-homoserine",17.461128138433,17.5351674623929,17.5457911974928,17.395892277528,17.3675731597297,17.2263124899398,17.4050507027863,17.5433683452152,17.4757846972777,16.9762487631616,17.2486453034011,17.4303142938077,17.0931039026143
"L-isoleucine",22.764798672615,22.8631376373868,23.2870395917851,22.7051747465648,22.2406124894176,21.7852108885842,22.6881747287972,22.840945477307,22.7303401549522,21.9958081113137,22.1555444038029,22.7973825136757,21.9849260690248
"L-lactic acid",18.3153362611097,19.1603629404706,19.8134632134864,17.7123897580279,19.5662356033169,18.8748412242569,18.2199424226344,19.2335752823667,17.8134517773557,18.9056145190032,19.1189803858944,19.6870917602165,18.6343106335655
"L-methionine",18.8892915043888,18.7855636550242,20.7201733267424,18.7126934888107,19.3221000708294,18.7283189420805,18.8206955325348,19.4788868520919,18.8270927840715,18.6925013632947,19.6485704910198,19.2465937894634,18.8045143072261
"L-phenylalanine",17.6156319092148,17.5746803941018,18.0266815291334,17.4890518873214,17.7492420761177,17.6790419184941,17.6787873637728,17.8719956015997,17.692602210895,17.7208988885162,17.9916498421993,18.0056872285005,18.2020382614703
"L-prolinamide, glycyl-l-prolyl-l-arginyl-",14.8884217601217,14.2547083231542,14.0135449219642,14.8322848519191,13.7833777670358,14.7293267275481,14.8739951854352,14.3163586585021,14.4880650654082,15.0498932344159,14.9935690535596,14.8219881708545,14.6723561245946
"L-proline",16.3095099911355,16.480423547853,16.7147793315434,16.1055013486461,16.5880088385484,17.0482060311852,16.3239575028479,17.0010644952078,16.3853100435425,16.8537310737971,16.9220324111477,16.7463832388932,17.4955075147482
"L-proline, 1-(2-methyl-3-(methylthio)-1-oxopropyl)-, (s)-",15.3447041641689,15.2960322415006,15.6936791624828,15.2061076989691,15.5594695600734,15.254767568845,15.4620171147349,15.1398119827472,15.3230383497406,15.3918510079353,15.4825284097996,15.4824272901117,15.6639678492049
"L-serine",16.2544617778545,16.4883366582033,17.0990120428045,15.9918677508153,16.8920783841074,16.3138946709568,16.2875014198012,16.9873910521653,16.1502022567649,16.1296358625935,16.9971799316613,16.8315019007172,16.075933024424
"L-threonine",17.1218952233512,17.0926768138652,17.1630237267578,17.0647428093592,16.9913328555294,17.0835122108928,17.171135734366,17.1533295110002,17.2594312289894,16.9008454987443,17.2789923478348,17.1558025586295,17.3453260233472
"L-tryptophan",16.5230128791769,16.6543961918815,17.0608197336591,16.4885236856282,16.6785058757562,16.5205348677966,16.507317500019,16.6275087482745,16.5448537425994,16.6130501004447,16.6724865256291,16.7455627527416,16.6684838219462
"L-tyrosine",17.629795002382,17.5958642421712,18.7023760339716,17.3746276034711,17.6003519724074,17.1998079905537,17.538760291604,17.6564030941999,17.7662374691868,17.3411895666342,17.6500425196754,18.5629612298223,17.8494793600356
"L-valine",20.2395197034505,20.3480460301055,20.9921738982329,19.9972271370668,20.4567428305766,20.6642131229283,20.1039912322951,20.8214463351939,20.1574752988996,20.5333231189756,20.8466205864186,20.5484947451332,21.1834231672056
"Laccer(d18:1/16:0)",13.590181464142,13.2289480685268,13.6528281223022,14.2047859444012,14.1800296399047,14.8309896685731,13.9990114173398,12.9483152244873,13.5041696538522,13.8384358986048,13.0787108873442,13.8351797580202,14.5737939243833
"Lactobionic acid",15.6737916752657,15.15060454321,15.3264701151172,15.0047553193234,15.5793751945693,15.3011659911214,15.4327062754879,16.1088619429067,14.8241480641484,15.6970485432192,16.2171906403232,15.6083764309593,15.9906996376651
"Lactose-lysine",14.4652359886969,13.6949506084957,13.6585118396171,13.3911222681541,12.8154812154968,13.4146847169458,13.9657600380375,14.2757943309737,13.7385137019238,13.5900940875036,14.6943883308757,13.1218804752039,14.8844910546672
"Laflunimus",13.499704843933,12.5907297254231,12.49990384717,13.1489730563662,12.6346049236304,12.4760270435833,13.085666870444,13.8493733624089,13.0077557022567,13.3853087300338,14.5414260373016,14.9577977912466,15.0256233333984
"Laniquidar",15.0285648318864,15.0649351334582,15.256455295944,15.5200557271177,15.2456410556868,15.2315384726492,14.8342139578892,14.7193863690284,15.1356310898794,15.1743220066447,14.9566650032532,15.1937179776743,14.3337433110201
"Lanthionine",15.2349222562528,15.0766360776975,15.318697352102,14.6837537928652,15.2443297255082,14.6734559561643,15.2946655405588,15.2838487324853,15.1428391815221,14.9615321514762,15.3484483932085,15.5314882327556,15.3461964203267
"Lanthionine ketimine",17.3450992883215,17.5823907051729,17.89929178468,17.1944619229434,17.202357310895,16.4752222564406,17.3170409368974,17.3024696633898,17.4108179342251,16.4328265721547,17.4339658962034,18.067685981527,16.8718913048
"Latrunculin a",14.6344774959783,14.6409961492655,14.5600389430108,14.9179327142235,15.2731410983664,15.1460441935952,14.5488635100204,14.8948649072379,14.9523939307199,15.3135705264035,14.956562404044,14.1641427892787,12.8280312803559
"Latrunculin b",17.8647759003694,17.5387046793453,18.1111219203377,18.4856454492667,18.430505939209,17.2150104605108,17.8284049869844,17.9631701090252,17.8070729989826,17.1746281050751,18.2303493079378,17.325311881209,15.2698106243611
"Laudanosine",14.707403860618,14.4599433111224,16.4798869002935,14.8399757310651,16.0600861353575,15.9684950050182,14.0652777787987,16.053477394159,14.0898378413782,16.0379822347656,15.6192712664708,15.4762436453891,15.3634910897914
"Lavendustin a",16.1388283038162,16.0679838767192,16.6373555261139,16.7330037918384,16.9736974624889,16.696669781739,16.1603188488533,15.9585615664457,16.5559205076471,17.2067545443003,16.1084735487809,16.4784650739221,16.4429903488352
"Lead",14.9225341535264,15.2210462532872,15.2171731777093,14.9574363527982,15.1715975338696,15.1424849747054,14.8509163697131,15.3068475938971,15.0850305866834,15.393572713378,15.2876474687136,14.4923643340294,14.6099675194322
"Lemborexant",15.4652027466818,15.7046957022656,15.7546999615596,15.2526421521961,15.5297144636541,16.6949951123571,15.5015323024753,15.7653973683219,15.3169402343617,17.0529761204921,15.409918191263,14.8745794663746,15.8331680037123
"Leptin f",16.871964696731,16.6813086631817,17.5684026092407,16.7492667597652,16.3766186213357,15.9390964534618,16.6867066961463,16.7612375147288,16.7629414375664,15.5474750948926,16.1562976591975,17.153317915308,16.6806774752704
"Leu-leu-leu",14.2051338527628,14.4693255712849,13.4684473710782,14.4040267010611,14.1192700854172,14.6110343088199,14.245496485425,13.8967698338228,14.1829821130424,14.5418808169177,14.0563069199158,13.9168952193413,12.9557459995592
"Leucomethylene blue",20.6040618681485,20.8603018521497,20.9423730315417,20.8035470531895,20.8626584657395,20.3378707312863,20.5369745597644,20.5558810584502,20.8167577675027,20.6197555884774,20.5941344169319,20.8607375048325,20.0048228829442
"Leucylphenylalanine",15.5271565911437,15.6536574103741,15.2020779448912,15.0749035837094,14.887969754098,14.4454971864021,15.5007906646128,14.9870676122683,15.0421884040828,14.3783018332652,14.1962239980883,14.7264324254496,13.7188725277136
"Leukotriene c4",16.0094511280322,15.9323831876934,16.5385228800437,16.0889039795817,16.250664305411,15.7802541039022,16.0280770219496,15.7000776194277,15.9409165055498,15.7460975377804,16.0105218496379,15.9574871075443,15.242096103424
"Levofloxacin",15.6678286080424,15.6662742671229,15.7698720040715,16.0479348618734,16.013912046517,17.7676500856653,15.4503444268094,16.1466500700763,15.0820741548523,17.5163124043801,15.8091749675633,16.530960756839,18.4085533572476
"Lidamidine",17.8138328860175,17.7816912073314,18.335276794904,17.3794262115211,16.4870316662239,16.7463063638347,17.7200362875887,17.5132604730627,17.4247704508035,16.6043721879536,17.4442713343376,17.7601806489509,17.0982369199418
"Lificiguat",14.4172463372343,14.656129435308,14.712689794722,14.2788776980824,14.8247917138488,17.0422923139627,14.2813017078331,14.6500008584417,14.1446160185101,17.069544665586,14.3944872399695,14.294822945237,17.8355152519197
"Lignans",13.9830840573582,14.0279994781372,12.9394190194161,14.5696118143161,14.6970150204527,14.7182542437904,13.9498774958977,12.8657976308786,13.3007045286648,15.2684207123132,14.7544237881175,13.2115612721833,14.9564881637035
"Limazocic",12.5648865187246,14.3216484615292,12.6504925991989,12.4937711515727,12.9103141584199,12.5614003927802,12.7088671052975,12.5564838797183,13.2322489598843,12.7105120501111,12.5308802569123,12.6795387932629,13.234579925528
"Linalyl oxide",16.4427859845676,16.2922363725746,14.9981215128136,16.2049204057983,15.4901477791993,15.3269823203341,16.486114818843,15.6180939085084,16.5835824186061,15.2054400017353,15.3094945689735,16.1264542335191,13.1074432667634
"Linotroban",15.3581997845542,14.8069759829809,13.5074309751213,14.7619943977145,14.4235465595572,14.937290638294,15.409990090982,15.2503291074047,15.4957772292278,14.7100063274067,15.377083473692,13.8901712189593,14.6031606625118
"Lipoamide",16.9908348394252,16.9011332251558,16.6997006927364,16.8655298158723,16.8051912560598,17.0436423375853,17.0345625579664,16.7712926444091,16.995625397632,16.9665777961497,16.9881799679968,17.1277389602556,17.497593635029
"Loganoside",14.4140006765811,14.8678724404219,14.1413206525839,15.1381800111327,15.1451089137839,16.0967782357338,14.5172909609681,14.5816458968648,14.951705664767,16.3213874806657,14.4333293664716,14.2956065349132,12.8178580031972
"Lomerizine",14.5340475841973,13.886848579232,14.9621154013194,14.3637256766699,14.4991301988556,13.2578029596149,14.4956463582894,14.7393799443063,14.2676960709835,13.8369370306966,14.1329684709203,14.6872254150836,14.021615804445
"Lomitapide",13.359079160219,13.303393927429,13.9391977115287,13.1811389903494,13.734710803866,14.5121526087608,12.8552512118889,13.5788485215778,13.3953740068477,14.7003004729184,12.4613033246131,13.5438301385071,15.3063984486814
"Lorglumide",14.3785195526564,13.4203585004963,14.8360114171864,14.8562088083395,14.8565241963471,14.5913749496463,14.2651493315889,14.3235186306627,14.368146669415,15.0728131669035,14.6465582773636,14.3095064323484,14.6698278474156
"Lorzafone",13.3017864355771,12.6047493339025,12.8242925262478,12.5998138803243,12.6328438288571,13.9084589249131,12.9505629498472,12.9739699069049,12.6308089420163,13.8767309587649,12.6062670639754,12.7994678696935,12.7443993463156
"Ltc4",15.78310485706,15.8730084663176,16.4762493870241,15.9715762252355,16.0560245267112,15.4030519360597,15.7077887759629,15.7010057499746,15.5908779562342,15.6865002600007,15.7491701192856,15.9275679812183,13.8165973555962
"Lucerastat",17.2132600984985,17.0666617149879,16.0138070064772,16.7965786835795,16.3111325990346,16.0842252642008,17.2049773622397,16.8600606516543,17.0395928043172,15.6946504745583,16.8549563122521,16.5047434568132,16.1534890702687
"Lumacaftor",18.3334326927342,18.9315599692325,17.3819582892703,18.5711201627879,18.646678659673,17.7783381183663,18.4651909785282,18.1319022713227,18.8834291706614,18.2691449009063,17.9675396479345,17.8476506099836,17.15087430248
"Lumazine",17.9165397727502,17.696375578554,18.2797391819304,17.277864948313,18.1243103596344,17.2769747216728,17.6397740238722,17.806021567146,17.4577783550903,17.2434016671155,17.734205178823,18.1147088222919,17.1906806211169
"Luminespib",13.5831826965364,14.4657105097477,14.4869705735454,15.0153027403489,14.356292906963,14.14146695427,14.7414659327378,13.6642240072734,15.0332997866687,14.1508279035153,14.000700032222,14.8268019300237,14.2165157870114
"Lysine",19.0632879908676,18.9585823327776,23.2953233012775,19.0775257658719,22.9478068807388,22.9689002383707,18.8750191694806,23.2025910310769,18.9630043708577,23.0270742011292,23.1406799178114,18.6436959669965,23.2855650195071
"Lysopc(18:1(9z)/0:0)",13.4160008052879,13.0137214109775,13.1509164350484,13.3100593406786,14.4843307816124,14.395085898297,13.3168868563259,14.9717830787512,13.9531152651545,14.4526765056598,14.822201480734,13.0819717389588,14.2519058764243
"Lysopc(22:6(4z,7z,10z,13z,16z,19z)/0:0)",14.1549175332165,13.2424939442571,13.9625892054985,13.7703278551641,14.4815697778294,13.3543450872982,14.1491362136823,14.2442153625959,14.2849001078202,13.80304849736,15.1202479020606,13.3349982182521,14.6159730716802
"Lysopc(p-18:0/0:0)",14.3751444017407,14.4122634559117,14.3311975205348,13.9895250239538,13.7311886368844,14.0331580157368,15.0171990875761,13.0880199388589,14.7445509781758,14.5196276347323,14.7196452318036,13.0752275899158,15.3308495044773
"Lysope(22:6(4z,7z,10z,13z,16z,19z)/0:0)",14.4140312392847,13.0493487268054,12.8379192227889,14.4388180622075,13.9194221941313,13.249307300322,14.829501737102,14.2097264410744,14.8472822085482,13.7840521548388,14.308168496175,14.1357616976422,14.037299285034
"Lysophosphatidylcholine",15.2357902697986,14.3169707783821,15.8795169347446,15.0396031658027,15.0384729980224,14.891432547025,15.0442357789682,14.9377351082966,14.2071515280051,15.1987464558149,15.3209713512697,14.9008244228446,13.3909068780122
"Lysosulfatide",14.0280843229406,14.252517141397,13.7150791704016,14.6176092152373,14.9512285262106,14.2959331680213,13.3866511449026,13.75808699911,13.3115814112589,14.1986582899852,15.0694610747874,14.6011372517617,14.0063862626441
"Lysyl-aspartyl-glutamyl-leucine",15.0675977312787,14.8771258701489,15.2851223958699,15.2192154059362,13.5888692437142,13.8059043572934,15.1576268441225,13.5843237740536,13.3050128679671,13.5163791825088,14.8051559719375,15.2189660438551,14.4577130355017
"Lysylisoleucine",17.3658006330994,17.5007843238957,17.7824970390994,17.2647793503079,17.6895608096208,18.2730622255554,17.1215913942689,17.9610912537119,17.0690051417372,18.315345224534,17.6654807086877,17.021259738246,17.7518821802475
"Lysylproline",16.2394313456012,16.4179568018512,16.889860749238,16.3494186401696,16.481973220368,16.4183619635235,16.0393851591339,16.5231043122004,16.3933543109448,16.5381956243688,16.4095335596962,16.402936445923,15.8526661334407
"Lysyltyrosine",16.4450090272202,16.7997627901849,16.957265005132,16.5057841503678,16.6983128870053,16.7109568329646,16.4546799347634,16.7244346396252,16.4837226776324,16.5776765366572,16.7547492094979,16.4236042706649,16.4766192692793
"Lysylvaline",19.6331991028881,20.1321971438536,20.5916520460185,19.9566199563466,20.6082782328529,20.4639446022741,19.6860160933294,20.5223988436752,20.0042990052619,20.6223732092954,20.3754349494784,19.6719206679735,19.8328287806415
"M-toluamide",15.8510069251232,15.6405745616364,17.2107262144898,15.4550358941198,15.8640313890408,15.5058596374212,15.6834310453535,15.7823990756248,15.9747553104129,15.5059730152631,15.9741894024275,16.8219633771598,16.1098892644245
"M1g-dr",17.5210930470388,17.2691814435067,17.1616855077243,17.8121419383354,17.4892808557916,17.671969546877,17.7296314214272,17.3499975832979,17.601153313491,17.4621690178144,17.6946533327208,17.2953115565829,16.7436944661182
"Maleimide-thiol",13.6082946259889,14.0883219754694,15.0592754525517,13.6346265938074,13.6887961861083,13.6078542638919,13.6099916612618,13.7078646408322,13.6107346914864,14.1614183920104,13.8193706699765,13.2824540957316,14.7543859862858
"Malic acid",20.0801944194307,19.7240475939337,23.5512169813887,19.0714525049676,21.6888709541808,22.2584114967749,20.2499949073215,21.1365243432279,19.5301004820776,20.174024159778,21.8275935392,22.3629419174195,20.0170519393263
"Malonic acid",19.8052735225545,20.0791486366264,18.7614954602399,19.7330400907949,19.802997164742,20.5464470965075,19.569668011393,19.9329273526754,19.9380644820444,21.0312601587836,19.4018201454028,19.4158891819253,20.4433147470302
"Malonylcarnitine",20.00648115208,20.0814945501088,20.0007914858115,19.9524856138103,19.8736754528424,19.2201261679969,19.9786540978915,19.898138811874,19.9624524935017,19.2516404814168,19.8079108671186,20.0572039032255,18.7205382513594
"Malonylglycine",16.43692235362,16.3469058327166,16.384255871689,16.8823019969807,16.2851247252482,16.4035189216727,16.1147040268221,15.6765118021855,16.4362762236685,15.7803932874611,15.7507593794517,15.9674682459694,15.8483568288254
"Malotilate",13.9161843801376,13.7908592750524,14.3581953984105,13.4902199352776,14.4409842667919,14.9585811940532,14.2975859192677,14.0457587597108,13.7921750759038,14.1430364186917,14.0410092201536,14.8358823277184,13.4237948634314
"Maltitol",16.4399461410912,16.2216287009693,16.2614910610616,15.7719638166332,15.0282353372167,18.2878465899799,16.3750774543769,16.6026990777179,16.1838898573351,18.286433191677,16.151847360119,16.1023618650725,18.5441040042147
"Maltotriose",15.6276394923912,16.2604248343648,16.1124894632463,15.0708133342763,14.7482228982622,17.2108088520448,15.3170762038714,15.634428627712,15.3201075696438,17.4613928920647,15.0270046181648,15.4340120398481,17.0003420547728
"Managlinat dialanetil",15.1700333980321,15.3238265962162,13.5668680806644,13.5588746192164,15.085524608987,14.2146564234377,15.1741523841915,14.4934464789966,15.4358026412551,14.2522364575996,14.2231417604734,15.3593254280852,14.4001194440191
"Matairesinol",14.4803042524973,15.7479119808986,13.4825444398871,14.1144188893961,15.0001497833638,15.1355306684251,14.2633259417902,15.4307313455528,15.3429888851117,15.7935007177195,15.3759896125964,14.9367222814081,15.5730605525494
"Matrine 1beta-oxide",14.8576479492164,16.2714654265257,16.208515974481,14.9857303377689,15.9064721064528,14.4507652266178,15.1468477243706,14.8998985907799,14.9136557036831,15.4073660846701,14.8405250448844,17.2181218655323,13.2846381676688
"Mavatrep",15.0772822702786,15.1160169183511,13.3239785644695,14.8675919624913,15.562652064075,13.6211561828787,14.9371031242758,15.2104843294209,15.3086427647821,14.9188072433422,14.6815269873895,14.9208072907823,14.4741168516427
"Mebeverine acid",14.932223901377,14.5253611884542,15.2800120625547,14.9933761452949,14.7521048897589,16.1563629847768,14.7235348694117,14.7853724524286,14.6893391300391,16.1577333253826,15.0662061228209,14.9873160591126,16.582219092091
"Melibiose",19.055056945976,19.30588083277,19.6980933860343,18.7939085656599,17.8894333165561,21.0284811617106,19.0514487438871,19.2685066214183,19.2622985201403,21.1469999370521,18.6883170811058,18.8871066546882,20.8222501893734
"Menadione bisulfite",18.8012585910053,19.0216994705889,18.943342844769,18.7717626508391,17.728723601145,18.7423129923813,19.3719253471229,18.8921324141738,19.3853656716178,18.4004946508023,18.7377742877736,19.1815490125233,18.0800633331045
"Menahydroquinone-4",13.3657882574114,13.4555606333259,13.6372361888103,13.4387004407008,13.3196807087993,13.4061414416802,13.7230670258313,13.7098411359272,13.3469218108537,13.5777651949447,13.4934964079977,13.410502551974,12.6604133824134
"Meproscillarin",12.8483025132645,12.5427333339356,13.814062384272,12.6032500505955,13.06781132772,13.0212311519568,12.3117947846823,13.8475421443476,12.9050246628864,14.0266462002874,14.4190719258702,12.215939019721,14.7867121422423
"Mercaptoacetic acid",18.3611913360782,18.5452638543233,17.7624953782431,18.2542496946433,17.8590351932861,17.8220773440081,18.2541527203922,18.0689524963858,18.301796650271,18.0389398800681,17.9694348126589,18.4086119660543,17.3022861608251
"Mesobilirubinogen",16.806822829682,16.2706219713484,16.0196613082664,16.0443938646946,17.4455882558758,16.1664888915647,16.4693592835599,16.897862532002,17.2715138188644,16.32695330681,16.3097489556569,18.3046014672084,15.5490268628672
"Mesotrione",15.7025214671157,15.8641005230272,15.8781737348582,15.8543931770322,15.7454178977805,16.2162251255232,15.745431624395,12.9865431572611,15.7678924875306,16.240621501692,15.6900276173936,15.7361367950705,17.0563213547464
"Mespirenone",15.7995915477747,15.5639588347687,15.4381673284028,15.7868014963566,15.7242833288315,14.2253173198492,15.9268357064869,15.7769394947521,16.0388603610871,15.1296477963798,15.5388796926946,15.8156091544664,15.1760447191866
"Mesuol",14.4408441113388,13.6594927092222,15.7512362367852,15.4691955350752,15.6451074322626,16.6188215340473,14.9126688512269,16.2789517278443,15.5947902703948,17.1413062075847,16.3145301628129,14.0579127915856,15.8886498676685
"Metamitron",15.7771242736744,15.9935092938183,15.4657861829953,16.0673183327037,16.2690496239516,16.2005946333393,15.8317748500694,16.1852173186935,16.3295402772127,16.4153629693298,16.1650065901581,15.682739003729,15.5644275546456
"Metampicillin",16.5219335218828,16.5958510592603,16.5116269120655,16.511553884002,16.5645395475916,16.6115118478886,16.4860446046118,16.5008162363894,16.5843683993241,16.5868706320673,16.5140266911556,16.3371396285317,16.2086502381414
"Metanephrine",17.9158222205003,18.0427699973316,17.8111534922902,17.84958130988,17.7537121965653,17.6928424747361,17.9986976650389,18.1511446946092,17.9275957131716,17.6723751451733,18.0418810236538,18.0838772251511,16.4342183766098
"Metanephrine sulfate",16.3880583527515,16.9059078534738,16.4411055479111,16.7216474866118,17.2712029620738,16.9457631874234,16.4310932090561,16.8874642776543,16.904797323045,17.4315397265431,16.7647037442336,16.4014653591417,16.7395992466882
"Methanethiosulfonate",17.024280254062,17.2996766046969,16.3815736793949,16.7379553034384,16.3770186020926,17.8038481330811,17.2497645501545,16.9558898242108,17.0201392507112,17.9538087707998,16.5036179497697,15.8815388784467,17.1122294784715
"Methanone, (6-methoxy-1h-indol-3-yl)(3,4,5-trimethoxyphenyl)-",15.2216911852697,15.1995681318175,15.3728987211346,14.844266707887,15.045021703495,15.2130235100365,14.9918083499842,15.4031708797989,15.2429030716747,15.0816577747777,15.2135135016866,15.4127073578588,15.2939947047937
"Methiocarb-sulfoxide",16.7954618652449,16.4467208008831,15.9149422461783,16.4178690186048,16.5222200471698,15.3409191671168,16.7907386341458,16.4296973440297,16.3105246937198,15.2955860285704,16.4523113171343,16.3677084187861,15.6140502502974
"Methionine sulfone",17.8867691511973,17.6285030301977,17.6137275197399,17.8331950781465,17.596231877696,17.8404322498633,17.8384146970328,17.679673256158,17.6123324081657,17.5839302259046,17.5818092871497,17.4496295583118,17.929556025319
"Methionine sulfoxide",17.4809935036224,17.2549579210221,18.1901352823686,17.2882310592775,17.5178874558737,16.0203352041248,17.6018351237923,17.4988789611794,17.4989600849292,16.4113138325274,17.810589287356,17.3116358489694,16.070079124986
"Methotrimeprazine sulfoxide",14.1410341777107,15.9824833663125,16.3942522830804,15.8057928823757,16.2667315801521,16.5391052361688,15.5107498403775,16.4088733132775,15.9632467227507,16.7284009879636,16.7842003963987,15.9490274795021,16.6139925887991
"Methoxycatecholamine",17.8574385667128,17.8904338474801,18.4277525805679,17.9925421755086,17.8899848565653,18.2437450707082,17.8501614863142,17.7369380055358,17.6863923538848,18.08091626337,17.9424948222137,17.7174325004282,18.097053359904
"Methyl (1r,2r)-2-ethyl-2,5,7,10-tetrahydroxy-6,11-dioxo-3,4-dihydro-1h-tetracene-1-carboxylate",16.3008066798706,16.0705407923327,17.2757358889007,16.3504289135025,16.3228249194318,16.7374718266788,16.2225075323614,16.444086688647,15.9848626472417,16.6210327635314,16.3767641506768,16.7054415435262,17.3743700529022
"Methyl (methylthio)methyl disulfide",17.5940732830963,17.8895144572382,18.094571007622,17.4499840641295,17.8416856059681,17.6347337315785,17.6299243853425,18.1565046723335,17.4141796942737,18.1768253346775,18.2446628205683,17.8953388328625,17.9321506699419
"Methyl 3-[(4-anilino-2-methoxyphenyl)sulfamoyl]thiophene-2-carboxylate",13.5468200308288,14.6387959743359,14.2336029434403,13.9732091644084,14.1686289580363,13.9574442260905,13.5452909591434,14.551400185586,13.6248855955403,13.9709863676053,14.1009689369234,14.5638162471283,12.9601968439396
"Methyl 3-[(diethoxyphosphorothioyl)oxy]but-2-enoate",14.7299679808869,14.2634533419055,13.8555907019753,14.2920361814124,14.6570087880047,14.1886587857173,14.3891983328765,14.5002650281093,14.3843454862511,14.4272741725554,13.9098844308809,14.2158337748946,14.5588626610352
"Methyl 4-amino-5-ethyl-3-thiophenecarboxylate",16.0614683739314,16.0778181244147,16.5851512062783,16.077870049802,15.4526700673464,15.6976271002625,15.786040320117,15.9148634166919,15.7850777492044,15.8815117231871,15.9870108819396,15.8996255966631,15.8855361099947
"Methyl 6-methyl-3-(2-methylpropyl)-4-(3-nitrophenyl)-4,7-dihydrothieno[2,3-b]pyridine-5-carboxylate",15.8486440502256,16.0755483701851,15.7855719744529,15.8514411941343,15.9873424132077,15.9126043427868,15.6317437831785,16.0858073414168,15.7496667578618,15.8790055183938,15.8080831865034,15.394408716238,14.6744774813986
"Methyl beta-d-galactoside",20.1775630677576,20.14676467524,20.6145452503332,20.1543154614612,20.7167573435797,20.1114661929306,20.1534743536976,20.3603463145432,20.0474988526428,20.2906824386171,20.1797035719807,20.1890484577704,20.3904307234593
"Methyl bisnorbiotinyl ketone",15.2086700851755,14.7626278635447,14.9715220088902,14.6839426656952,15.0977117055171,16.9720152695005,15.0518828464562,15.6210048197132,15.5524280986316,16.3504515634529,14.5772498141086,15.3193749831889,16.417493270498
"Methyl dihydrojasmonate",19.5704452999705,19.5621115398746,19.623204711034,19.9654001464443,19.7640953025628,19.5056569413289,19.4900773799314,19.6035755289643,19.6434252864816,19.6201131158029,19.6528442928766,19.7652913448053,18.5475475929324
"Methyl thioglycolate",14.4165121094598,14.6828519357513,12.8109672400328,14.5071383182084,14.110176481573,16.1935068476618,14.603555916942,13.5462718936669,14.9517858975324,16.3911484768349,13.2389312581848,14.3089410500492,17.0940986252249
"Methyl-3-[(2-nitrobenzoyl)amino]benzoate",16.4359238662986,16.5492723152841,16.1900524068223,15.9739478630155,16.0141370998373,15.79345090765,16.2893882472834,16.112638599564,16.4066608174165,15.7978918756248,15.9593745728127,16.1130864747913,13.8637628265955
"Methylendiglyoxal",14.7895628318621,14.6738119407296,14.1599594470201,14.4527758171309,14.6753054451701,14.2787004997603,14.5218406514095,14.950173787936,14.677260202099,15.0045016018482,14.7420617319987,14.6379635612544,14.6129097445507
"Methylene diphosphate",15.3909614028235,13.8084713735673,16.1156636117232,15.063306455959,14.2494636595552,13.9885891224836,13.239916756695,15.0420992340558,14.9780906100723,13.1761370362142,16.0556882482802,15.6638236045015,15.5855468007274
"Methylephedrine",14.6999026857442,14.4314990474986,14.1553347995744,14.4970555075144,14.5810516163909,14.1432378224335,14.5107730706488,14.7584132131221,14.262133343603,13.9885227763335,14.7112560206829,14.5644287887702,14.3362988275497
"Methylgallic acid-o-sulphate",14.2326906430674,14.0269746678249,12.3305000733275,13.6957333128971,12.9400779641946,12.5387272700089,13.6090194128554,13.32870235675,13.5604100102488,12.6846173632027,13.0531020508581,13.6115640357924,13.1583872507432
"Methylmalonic acid",21.3423833924436,20.6459058570038,21.5876839164154,20.697587855843,21.4513151043374,21.1176599042747,21.6141150857575,21.6677591521316,20.8449874260925,20.5902883512013,21.8784366495123,21.4092602919212,19.2526390908622
"Methylmalonyl-coenzyme a",14.8284271401705,14.5973871827918,14.8487759205951,14.829144560432,14.8309323133689,14.5109334097641,14.8937387606475,14.8854704986697,15.2195201064428,14.6636988250974,14.8231803923234,15.5932421434371,13.0203267384485
"Methylmalonylcarnitine",15.2005280089508,14.9725523973073,15.028472290077,15.0939135040508,15.6441762629889,15.2147999973041,15.138553119062,15.4111055099349,14.8969540261197,14.5397703572277,14.9961966521262,14.8774484733624,14.2338985009265
"Methylpyrazine",17.3136865809092,17.4700881404783,17.1431248592429,17.566996178035,17.6223613307247,17.2878339674934,17.2266756784649,17.4111722999271,17.5388010405699,17.5713502042296,17.3356220995596,17.2300493946214,16.7347908659592
"Methylpyrogallol sulfate 3",16.4386051372839,16.1811873197443,16.1901991225936,15.9948658919935,15.9944828004026,16.4340155837567,16.303395992785,16.8611874934131,16.0554339929351,16.6525892966052,17.0063262477586,15.5905176741945,16.1979507278785
"Metioprim",19.0144349407843,18.6220299467776,18.0949051605608,18.52355106501,18.5640278409166,18.9043194455852,18.7449472683613,19.0629045766411,18.429752761774,18.7709264111505,18.7928828528375,18.7151684669752,18.7600270772146
"Metipamide",17.0024292770172,16.7915685120867,12.7773403799562,16.7241658683521,13.2541960956545,17.8477889837916,16.7912221897759,15.7776136994333,16.7334003207078,17.8371221629154,13.6802738601575,16.6076539510866,18.6811556232358
"Metolachlor",16.8135092100498,17.0289770413266,16.9712625667888,17.0897550346074,17.126284508541,16.729608013417,16.893952834848,16.8476521324452,17.1127482866136,16.8641565467382,17.1863409530308,16.7886928475886,17.328997661222
"Mevalonic acid",20.3599457094448,20.3608595705112,20.4459787206682,20.2173384872571,20.3331697523256,20.0511640194911,20.2099191467673,20.3201233742828,20.3217566805745,20.1242437978518,20.0717124704474,20.3817898941876,19.6341314609334
"Mevalonolactone",15.977805211974,15.8166273226584,17.0695948928654,16.0712184767921,16.7584450062771,14.3668521814567,15.9277882127176,16.2228742403436,15.5418480896548,14.2078030234337,16.421473778787,16.1482996341861,13.5947317862108
"Midesteine",12.7034046912355,12.5335085492401,12.7883797206944,15.7626221310627,14.3578145949097,17.8797585354853,15.3175430285804,15.2459193590168,12.5676707203236,17.7063580419388,13.9203083591344,16.0738163174902,18.3815401905037
"Miglitol",14.8571873177719,16.023693641059,15.2877321156664,15.3908285958753,15.7501508810567,15.7427326382868,15.0373181954392,15.4910880492597,15.4992518640869,15.3454700642412,15.3992624484246,15.3140251003609,13.9639911666628
"Mimosine",14.8908986491752,15.2254624948162,19.0646980655038,18.7400912031693,18.8534194457947,18.8066840832484,18.5583467926239,14.7954373380819,16.0164907722556,18.7586672648365,18.4798385261964,18.5457000704016,14.0662950478358
"Minoxidil glucuronide",13.01516182371,12.9995550555796,15.2664918205259,14.4746418565667,13.610112038522,14.7400998034767,13.8965458516195,13.7687277731613,13.2443782913056,13.9756251469524,13.6924439193756,14.137768856456,14.5699463074534
"Miricorilant",14.5171728810444,14.8616253968124,14.5468990736921,14.9020760515128,15.2196053948307,15.0316188990083,14.6814341833461,14.1303700014663,14.9502527295999,14.8409893186369,14.7843007170568,14.6586822297198,13.1733342449516
"Mitoflaxone",13.3744503796545,13.6319678834737,13.1416559720383,14.1280177314692,14.2759347565677,15.448777160483,13.6336293502114,12.7016697926177,14.1127620415184,13.4061234862086,13.2497732410094,14.7187884210134,12.9260588630772
"Mitoxantrone dicarboxylic acid",14.1157435577707,14.056645107192,13.4434257196656,14.3409840712007,14.0501168151173,13.504907117903,14.1138812947002,13.9274331449674,14.4605621819295,13.6465707461995,14.0858951885676,13.5922996688337,12.8363976170218
"Mitozolomide",13.3685403241518,13.3785625348234,13.4050593744804,13.8014149319306,13.0717771527115,12.762469710984,14.4993788768764,14.4155243061119,13.9571532786074,13.4273916983556,13.5793681782921,13.5571049980643,13.0693864190965
"Mivebresib",15.2528019969697,15.2445813586024,15.297406317234,15.2115373860513,15.2549718575789,15.5804117537882,15.2177248811213,15.2584270073226,15.2430157751703,15.419275766979,15.2631542151797,15.2991201387042,15.8133564192012
"Monascin",17.2023986149461,17.146069570874,17.2624014231361,14.1782619223902,14.3682279965068,16.8870468917435,13.2359199154158,17.4856578468377,17.3369400769236,14.8536154425204,14.2752475961887,16.5430925469722,13.6253993379718
"Mono-(3-carboxypropyl) phthalate",15.6035801247728,14.7649157751369,12.2704175239749,14.6267272909734,12.2776333651994,13.3597187117367,15.3515172107967,12.3741381328222,15.0155182315589,12.4612243078522,12.3294189491343,12.9262861335223,12.9822427405364
"Monoacetyldapsone hydroxylamine",14.4344951789249,14.8514614478036,16.4555282287173,14.8604717899487,15.9764583810581,17.874395524953,14.3979549267307,15.8601217897243,15.2990325448633,17.9554675243489,15.367702578744,16.0114090870228,18.1020145211641
"Monoacetyldiglyceride",14.4008691856253,14.3756045063092,13.5799940879876,14.3739367221541,14.5368594071452,14.3024154865362,14.3615489063979,14.3603472036173,14.5651492530584,14.385769460896,14.5578657868492,14.1586766430309,14.4764921576432
"Monochlorobimane",13.1955786605902,13.2871134354974,15.7442651369609,13.3504453300004,15.812461928332,18.4187919028407,16.4869499296079,16.1104497346451,12.689799305361,18.205012775059,15.2282769190085,13.2234628211997,19.3626654344689
"Monoisoamyl 2,3-dimercaptosuccinate",17.0711467090937,13.530638866991,15.6767716900379,16.8531931164577,16.7014758385138,18.9264726916299,16.9009227431137,16.3782695741827,16.8116645794039,19.2576499753309,14.6659224461657,14.9556486440041,19.3345308648735
"Monopropionylcadaverine",16.8376001943781,16.836824197592,16.6116253410279,16.7326331434535,16.9506284270583,16.6545081460044,16.6832483545385,16.8118584597775,16.6157854130744,16.8738470661932,16.6222350634074,16.5283712636747,16.3832255028229
"Morinidazole",15.5804548197605,15.5742386379955,15.4354491394659,15.4286167966624,14.7486532483118,14.605671833867,15.422314792853,15.2569256597851,15.3616329837276,14.6665404812254,15.11377883189,15.5592329373549,14.5560819736411
"Morroniside",14.1895233010806,14.6051053632112,14.4882630851907,15.1904190283578,15.2243675851758,14.2537205746986,14.3323697714286,14.4571919588286,14.883992569016,14.3479565582643,14.6234645952102,13.3341381992308,14.5297019554219
"Mosapride",14.5408186596436,14.7338066238391,13.8054183421883,14.5984077080543,14.2603508441745,13.6358266006754,14.3910048081922,14.4867798456101,14.6107842538552,14.3004825835684,13.906176296468,13.6761227920628,14.7258187432375
"Motesanib",13.6920320966002,14.2662492316893,14.4186923976756,14.0214238201562,14.478881949792,15.5461710124021,14.0001457205032,14.6514743437238,14.623637485497,15.6943809786041,14.6085708891363,14.9116589308635,15.3792584875977
"Mulberroside a",15.5663027993293,13.2091231716964,13.6837174289292,15.3998045120781,18.9288930451532,17.767684343641,15.2729033661267,15.5706740831614,13.3938837718442,18.9091646852137,15.2025442694054,13.6861824678869,18.7578783297536
"Myo-inositol glutamate",14.973011045574,14.3119186229525,14.6658338103659,14.4433778306204,14.6918299850925,14.3098651287054,14.8118137665162,15.1345022022132,14.0039760705376,14.944690818364,15.155716168488,14.3973858726826,13.8147865230055
"N(1)-acetylsulfamethoxazole",16.1166177604359,16.3457346185221,15.6665185639297,15.3696662683917,16.0390639154626,15.5595476498293,15.8642214891448,16.361147469963,16.2401807982312,15.564792118933,15.6862576838296,16.1021776854905,17.1697864278007
"N(1)-ethylchlorpropamide",16.7388894624309,16.1741301139972,16.571816311868,16.7843098069972,16.9466566949676,16.512514878346,16.8015970487543,16.4009660592078,16.9760300640712,17.0858738646955,17.0453771111629,16.8252092978736,17.5002218999916
"N(4)-acetylsulfamethazine",12.8489834499751,12.7625254296751,15.8271754218735,12.6046450525994,15.1159335965106,15.7021978758052,12.8443243766415,14.0978187616488,12.5163924408773,14.6141377623974,14.829790928917,15.1812971803111,14.037905724127
"N(4)-acetylsulfisoxazole",14.165283712009,13.7003362342171,13.918362371788,14.1265901556018,14.0518232161611,14.2563320235505,14.2116413040478,13.7936652307281,14.2006860472188,14.1488703431638,13.7630676898326,14.025570384438,14.4404858281061
"N(6),o(2)-dimethyladenosine",15.1342845964455,13.6372137747136,13.7038505994637,13.5716696518881,14.0290949981154,16.150111584224,13.5184847482319,14.0555821049774,13.1779469993971,15.9556272830791,15.8854007149399,15.7404083318629,16.4311600308655
"N(6)-6(r,s)-lipoyl-l-lysine",15.0178701768734,14.8686099301195,14.4193991230201,15.5450497137965,15.0168030046602,15.9617335040794,15.2933299541587,14.4368561461504,15.4751835262014,16.2189664172257,14.9413413163223,14.9864297536544,14.6145645063279
"N(6)-methyllysine",17.7742981145758,17.8134816807099,20.9608948903306,17.9177898840288,21.2092070223445,20.9875091020627,17.8583931999951,21.0853988251192,18.124187553774,21.3499885565027,20.8038511283628,17.190819008599,20.7873575117598
"N(6)-monobutyryladenosine",16.5131460575979,17.3880165162121,16.8401041471753,17.0277318009633,17.1865149129711,17.6205348746782,16.8220361853156,17.268461641476,17.1355010218337,17.4816167890417,17.146144018638,16.7773905138367,15.0767066855526
"N,n-diallylpentobarbital",18.1206760287946,18.3197849189073,15.7865844027475,18.07787392434,16.5627851433793,16.1033480866334,18.2106526994203,17.5779679476382,17.9711551862661,16.7065866657869,17.8593216161323,17.0281866329862,16.3403455777621
"N,n-dimethyl-p-phenylenediamine",13.5159282712027,15.2865466453795,16.6742142000696,15.0861600960927,16.5312121504556,15.4905304360435,13.0015928769057,15.7505587343102,14.2442869605314,16.1905522760321,16.5623897977876,15.3883354437227,13.5733925624802
"N,n-dimethylformamide dimethyl acetal",21.5196109760233,21.4129610016338,22.4519010629231,21.6395346784966,21.527338593154,21.7799147055586,21.4927345096478,21.6641818139558,21.472491551786,21.6596675392978,21.7444145458187,22.2676831427295,21.7668117108134
"N,n-diphenyl-p-phenylenediamine",14.7375377530206,15.7361731864686,16.5580303483004,15.1411166836427,14.6283402985451,16.6562133360049,15.1827575391745,15.4490199676004,15.5964185862678,16.4745041713579,15.4597221795751,15.7428079821278,17.1696002012815
"N-((2'r)-2'-deoxy-2'-fluoro-2'-methyl-p-phenyl-5'-uridylyl)-l-alanine 1-methylethyl ester",14.9580099684263,14.9081291948958,15.7307385381037,14.7538552133409,14.9521245114739,14.5389898007356,14.4922532383464,14.2595594833996,14.1261973636986,13.6019341427112,15.6313951482216,13.4074391011215,13.07558454164
"N-(1-adamantyl)urea",15.1909849822728,14.8880934823239,13.2723360421212,14.5591869611035,15.2612460210163,14.6441192800914,14.9434874436747,14.1313724887782,15.1346050517603,15.0838351047522,14.5512240767477,14.4779525249544,14.7543859862858
"N-(1-pyrenyl)iodoacetamide",13.2567706530265,12.4377899214945,14.9656940876743,12.306555482748,13.0529391183406,14.4559443715683,13.4839379844553,12.6891362368078,12.3451915492098,14.7383865378969,12.5185392749989,14.4445671969048,15.2841844161079
"N-(2(s)-(acetylthiomethyl)-3-(2-methylphenyl)-1-oxopropyl)-l-methionine ethyl ester",16.5514138075865,17.1574578086607,16.0422159613745,17.0733781228761,16.5585527808507,15.9896112507987,16.8579299550783,16.5844967144788,17.003112808386,15.9403580434184,16.3614237515402,16.6390846324941,15.3255235570026
"N-(2,3,4-trihydroxybutyl)-l-valine",15.9434593189295,16.1484763125356,14.2667100405813,15.9540202440987,15.8562002714719,15.2057199002687,15.9156554545124,15.5569198374274,15.9520973451507,15.3259550229591,15.7610905279434,15.1086865515402,14.7252250946897
"N-(2,3-dihydroxypropyl)valine",17.294089858015,18.0200232106675,16.9645583522596,17.1024421175076,17.1540244779511,18.3195063329996,17.250135292338,18.7662618275473,16.6482362395645,17.6599520602107,17.1913633240892,16.5936925798046,15.7023855463012
"N-(2,5-dimethoxybenzyl)-n-(5-fluoro-2-phenoxyphenyl)acetamide",13.7627015325688,14.5338611318221,15.6765754455995,14.3878315336081,14.6620306956993,14.6981636826666,14.4838280536759,14.6746724929238,14.4285456492834,14.2729416155839,13.9397945503486,15.1658452932804,13.6966729378155
"N-(2-(3,4-dichlorophenyl)ethyl)-n-methyl-2-(dimethylamino)ethylamine",17.8423785913516,17.4428293543103,18.1989442216163,17.7184058481914,17.006206162113,17.2311371005737,17.8145450082484,17.7896372578933,17.2002158735019,17.2260467373968,17.9335693798526,17.6643195438976,16.8966507370936
"N-(2-(mercaptomethyl)-3-phenylbutanoyl)-l-alanine",15.4121868878362,16.1583427410781,15.4944509456685,15.5112761322404,15.4062726372048,15.2240211601698,15.0265329575244,15.3628566160476,15.4499644393961,15.1168219873767,15.0134274924375,15.1313746949015,15.1335564538873
"N-(2-cyclohexyloxy-4-nitrophenyl)methanesulfonamide",14.8131512471994,14.0943254188265,15.3216146984255,15.3847767921882,15.1893722434056,13.2613021988977,14.862734325027,14.4143763923807,13.178805930236,14.5035282469337,14.3316061104766,13.0883786454343,14.6636719975609
"N-(2-hydroxy-3,3,3-trifluoropropyl)-2-(2-nitro-1-imidazolyl)acetamide",15.3436092658989,15.1514675633749,15.7496737696244,12.9466864823572,15.4209292360025,16.3314790326283,15.4266111900663,15.6513020388982,13.9719543779132,15.5662571438203,15.7351286851121,13.1684020100147,16.9816466068296
"N-(2-hydroxyethyl)ethylenediaminetriacetic acid",13.6829142364427,14.1048785369798,16.3363370946608,14.8428183339947,15.117036523433,15.6834139365708,13.0594060401903,15.1294613770087,13.8276497690394,15.3222802435293,13.467597808926,15.0313876097457,15.5562480789866
"N-(2-hydroxyphenyl)acetamide glucuronide",16.6129630731108,16.5473533232771,16.168610482731,16.4852874112435,16.3776664578624,16.6951270180413,16.5913623613436,16.5246925030905,16.7328561698516,16.951775981243,16.5637495440799,16.9294344311699,17.8921298282124
"N-(2-hydroxypropyl)valine",20.4975030525871,20.0431940747404,18.3938818589621,19.9811904809028,19.1683765773427,19.0516431426512,20.3106361756213,19.2621120899967,19.9915715417963,18.5392218157107,19.5450486792202,19.0715119936161,19.206360957496
"N-(2-pyrimidinyl)formamide",13.4037198840033,13.5633689080705,12.9078657166166,13.3896331339344,13.1306684208805,13.7163093849232,13.294518751693,13.5883639062363,13.4148263640962,13.8919674290467,13.3229539765206,12.6971527961784,13.2271314654434
"N-(3,5-dichlorophenyl)-2-hydroxysuccinimide",13.7235804969257,13.3130076697399,15.6914081164066,12.7071084091002,13.5670553735243,15.8808865834228,13.7961134675529,14.1740414277388,13.4398265925722,12.5314319924285,14.3986153942602,15.2369037566642,15.9112522117358
"N-(3,5-dichlorophenyl)succinimide",15.8423374334823,16.1901939681314,18.3860472805147,15.4141072011314,16.2328374489828,15.4372323062132,15.79851606765,16.1439526416356,15.3481484558762,15.1211942551841,16.6196727238067,17.5494723669765,12.631953292113
"N-(3-(4-methylpiperazin-1-yl)phenyl)-8-(4-(methylsulfonyl)phenyl)-[1,2,4]triazolo[1,5-a]pyridin-2-amine",14.0960786995941,14.0020203876152,13.7938560123009,14.9864704788898,15.0443344756226,12.9829970025955,14.2238764462236,14.0947139664259,14.6382706778472,13.3937034085996,14.1269891087807,14.2448855180485,13.96210244026
"N-(3-acetamidopropyl)pyrrolidin-2-one",17.7409591741497,17.4842007992373,17.3651236300993,17.6421156834014,16.046989340327,15.9463434783028,17.5546304067165,17.2600156197864,17.5308052983923,16.3697393574016,16.9631368782226,17.7114616971646,15.9888420125606
"N-(3-chloro-2-hydroxypropyl)valine",14.2889936417813,13.8628198539898,12.7299539805247,14.399672072211,14.3476950380516,14.0455527373484,14.5134669156261,14.2100739742735,14.460470393408,14.0559540710673,14.2291190073237,14.3865552561685,13.9911041416742
"N-(3-chloro-4-morpholinophenyl)-n'-hydroxyformimidamide",16.296749151537,16.521372565396,17.2884919467577,15.6957723723857,17.2031297476314,16.5471424810224,16.1757464760245,16.6834019415277,16.2116496343441,16.0742492442874,16.770624559377,16.7776533203434,16.6868637982601
"N-(3-methyl-1,1-dioxo-1,4-thiazinan-4-yl)-1-(5-nitro-2-furanyl)methanimine",12.6611936647652,13.3167483302141,13.0309060821959,13.2213483015073,14.2342852879853,14.8535521570331,13.0566979735827,14.3869114493647,13.6917640921007,14.8898752613913,13.7110830494124,13.150547633131,15.7802206445901
"N-(3-methyl-2-pyridyl)-3-(4-chlorophenyl)succinimide",13.4581811509307,14.3543447141344,12.8174558907595,13.8428838903418,13.8477314626052,14.777539534889,13.3301910387992,13.7717486556809,13.9254639935094,14.9545292324714,13.9961940253255,14.1029626912419,14.5776200869847
"N-(3-phenylpropyl)-3,4-dihydroxybenzylidene cyanoacetamide",15.9567729512224,16.8066142639817,17.2255377572768,16.7750076064545,17.4598592328529,16.9721450072923,16.3546323704287,15.890799236786,16.7309411150094,17.6822896694785,15.9397439159659,17.0693351354607,18.2583381326208
"N-(4-(2-chlorophenyl)-6,7-dimethyl-3-quinolyl)-n'-(2,4-difluorophenyl)urea",15.0064583099034,15.1323622048752,15.9112617088964,15.5170573127582,15.7716487512517,15.4884996694553,15.2034584512716,15.4167872961019,15.3197578442789,15.6878960299226,15.652186440855,15.2209197137178,14.5398615109839
"N-(4-(4-amino-2-ethyl-imidazo(4,5-c)quinolin-1-yl)butyl)methanesulfonamide",19.5331040320753,19.2983102069374,19.2723431003053,18.8941181434746,17.9549009072035,21.259862806675,19.4035970998253,19.584452882449,19.2926756607926,21.2465085853111,19.0495718068972,19.1408292006315,21.4477592888388
"N-(4-aminobenzoyl)-l-glutamic acid",16.0044950534217,15.8478492487406,16.0141765678108,15.9214022891367,15.3760097136249,15.8485110017744,15.8392339927592,15.5241688711158,15.8485715436313,15.8522522347721,15.6770423241209,16.0553574654011,16.7784531820698
"N-(4-methoxybenzyl)-n'-(5-nitro-1,3-thiazol-2-yl)urea",17.2403596479373,17.4311264294133,17.28681699409,16.4636666867914,17.3203672033113,16.736482409078,17.1309331525233,17.4170106765803,17.3907941072675,16.6456860631469,17.0753131537075,17.3853298052971,16.7104112518157
"N-(5-amino-2-methylphenyl)-4-(3-pyridyl)-2-pyrimidineamine",15.8634152630902,15.8982917454949,16.0902547265983,15.8693564635363,15.9395856065084,16.0363766860616,15.9332147550094,16.0439867682944,15.764580376574,16.3321571756096,16.164568034193,16.6444875855502,16.0100057832203
"N-(6,8-difluoro-2-methyl-4-quinolinyl)-n'-[4-(dimethylamino)phenyl]urea",18.3948631371963,18.8697889763082,19.1548170702205,18.526096673806,18.8174069545466,18.6425027598392,18.2282857170309,19.0272066251254,18.9887289672874,16.9899733540608,18.6153879139213,18.8074414762082,16.8214847597165
"N-(6-aminohexyl)-1-naphthalenesulfonamide",16.0795399448838,15.6169884958871,15.9899665838331,16.315956673592,15.8379099665625,16.158837509857,16.3018932496919,15.2576681555652,16.6159065640081,16.9727751571149,16.0315759368771,16.2559951239327,15.2554806680894
"N-(6-aminopyridin-2-yl)-4'-cyanobiphenyl-4-sulfonamide",13.2026638897969,15.3425127654603,13.9017158043085,12.7586997162382,15.3058597892173,15.1593352237956,15.501295707636,15.5101650775533,15.6145151640458,15.1724352372723,15.517338995158,15.3984363304841,16.02758730484
"N-(7-((2r,3r,4s,5r)-3,4-dihydroxy-5-methoxy-6,6-dimethyl-tetrahydro-2h-pyran-2-yloxy)-8-methyl-2-oxo-2h-chromen-3-yl)acetamide",13.2896731994916,13.687368274183,14.1284627508126,13.812182498973,13.8745575406999,13.1346202568042,13.272870356433,13.3535629085545,14.1113311892281,13.3740151611541,13.779149368806,13.8520045670328,13.8451115761357
"N-(carboxymethyl)-n-(2-((carboxymethyl)amino)ethyl)glycine",19.315184674329,20.2042659045346,19.1856248531391,19.1463256497185,19.7183173230836,18.9954605679851,19.4843191319318,19.4216825543667,19.2896078951974,18.7710367227776,19.1380560457222,19.0651117589653,18.9996204791575
"N-(mercaptoacetyl)glycine",15.0273516994542,15.003869796377,14.6183902564245,14.9739464872274,15.5623843037362,15.2380124644025,14.9697158964385,15.2905443310807,15.294997539165,15.5458645433344,14.9861544362591,15.0352194119965,15.9443203436599
"N-(n-(3-amino-3-carboxypropyl)-3-amino-3-carboxypropyl)azetidine-2-carboxylic acid",16.1400804600785,15.5041829895389,17.0292905960643,16.457653312072,16.2664911576269,16.0575859382091,15.959687245269,16.2833267686189,16.0432647121492,16.6283876154018,16.2618968816254,16.5390535567909,17.255242116018
"N-[(1-chloro-4-hydroxyisoquinolin-3-yl)carbonyl]glycine",16.730860482276,16.8927681497998,14.1617441303581,16.7187699278421,16.1320431255586,15.4877949034612,16.6066994009326,15.0907084685032,16.7728228157583,16.2086702289333,15.1357115116046,16.9241435606251,16.5901417653627
"N-[(1r)-2,3-dihydro-1h-inden-1-yl]-adenosine",14.3614585964603,14.8463652022277,15.3400184028462,13.6969825692134,15.6002408081109,13.4015169053796,14.3302337520566,14.3614056246386,14.1891549314747,13.814112859169,14.7594924426064,13.4628016059459,14.3197901051384
"N-[(2s)-1-[[(2s)-1-amino-1-oxopropan-2-yl]amino]-3-naphthalen-2-yl-1-oxopropan-2-yl]-n'-hydroxy-2-(2-methylpropyl)butanediamide",13.0679039981263,13.2287522212321,13.7790726827191,14.5748699955313,15.0866138601364,13.9334842100114,13.4510975766572,13.1566494182357,13.0736147691917,13.9528276248172,14.0687316957435,13.2712047144501,13.9091018248527
"N-[(3s)-2-oxotetrahydrofuran-3-yl]butanamide",20.5118603536362,20.6924636765307,20.6529031428973,20.4948009783021,20.2935530571831,19.746263723395,20.4029933914314,20.4523864837361,20.4648441360316,19.929166913573,20.2754637374598,20.3852593688385,17.6776758232151
"N-[(furan-2-yl)methyl]-2-(n-methyl-2-phenoxyacetamido)benzamide",15.7662139687656,15.8826483446923,16.4850957842388,16.2004228296789,16.0966448817253,15.5013688910587,15.6887310134916,15.8452803090137,15.6619335265667,15.5268419178116,15.8006381910585,16.0423796391526,13.3649743003224
"N-[1-(hydroxymethyl)-2-(4-nitrophenyl)-2-oxoethyl]acetamide",15.2739417792353,15.2161785098813,15.4496523674992,15.1029517951199,15.3899274343345,15.2441594401788,15.1769943809101,15.24026975278,15.3774567585713,15.1705177219242,15.3436688433646,15.7660868906346,16.0929197089585
"N-[2-(3,5-dioxopiperazino)propyl]-n-(2-amino-2-oxoethyl)glycine",17.5845264061829,17.7337801774105,17.9106078859246,17.7484450468489,17.7024614266912,18.1760145518841,17.614345851204,17.6079906528936,17.5483825519032,18.0612975540303,17.7285344040253,17.5074159109778,17.7742218623038
"N-[2-(diacetylamino)-3-(4-isothiocyanatophenyl)propyl]-n-[2-(diacetylamino)propyl]acetamide",14.4050525481918,13.9993806474937,14.1636434016103,15.3495803427032,15.84149471205,14.7520921152661,14.4749837783563,14.0512476920296,14.1763998047927,15.4987115055981,14.7057001898285,14.1527711719714,13.3121893273262
"N-[2-[(r)-[3-methyl-4-(2,2,2-trifluoroethoxy)pyridin-2-yl]methylsulfinyl]-1h-pyrrol-3-yl]benzamide",13.3950056354268,13.8906855829599,13.0815755899751,14.6650117053145,13.6749953663308,13.3365750818868,12.7932750374432,13.5043614898287,14.1081460364133,14.3281583044135,12.6595361935419,12.7717990700178,14.8722909466581
"N-[4'-hydroxy-(e)-cinnamoyl]-l-aspartic acid",16.903650344524,15.3807095955071,15.0881454190458,16.5317352538081,15.0506045475267,17.2639563791535,15.9933273595599,15.1794804359539,17.2223805672102,16.2145417732288,15.5794208850313,14.5722127274489,17.3032787094574
"N-[4-[1-[2-(6-methylpyridin-2-yl)ethyl]piperidine-4-carbonyl]phenyl]methanesulfonamide",15.299928595177,15.5577628622922,15.1787086304746,15.946033073086,15.9083359168363,15.4974642663475,15.3550037805241,15.4441469764186,15.9837692867143,16.0499496250839,15.937587671248,15.0393589413944,14.3801726376938
"N-[4-chloro-3-(trifluoromethyl)phenyl]-2-ethoxybenzamide",15.6753831629221,15.4134235721327,15.5675980621938,15.5752673014684,13.29860426238,16.1002130595232,15.485476225746,13.4019121479031,15.7031411290865,16.6211292284665,15.3153179861623,13.2339923551511,17.4094273930116
"N-[[3-[(2s)-2-hydroxy-3-[[2-[4-[(phenylsulfonyl)amino]phenyl]ethyl]amino]propoxy]phenyl]methyl]-acetamide",14.9997881699868,15.1905409854939,15.393700751423,14.8035283421058,14.0767260472604,13.4239311155,14.1215955135671,15.4250838324828,15.0691412255606,13.5820942772457,15.0592660453472,14.8784815141803,14.3025644220587
"N-a-acetyl-l-arginine",20.3585546152271,21.0022274996197,21.1136068850359,20.3507904961398,20.4969756394685,20.2636545131445,20.1531327178517,20.4437450771505,20.261690174236,20.1770632354695,20.5972399218247,20.7708641365681,20.7195954982099
"N-acetyl-1-methylhistidine",21.874628950037,21.9859733450167,22.0265819482739,21.7269094679763,21.5443990360627,21.0717656531531,21.7152988033013,22.0578138511949,21.4738304611204,19.6983948621527,21.9263830088409,21.8623581036467,20.3858832491605
"N-acetyl-3-(nitrosulfanyl)-l-valine",16.3833818659907,16.4675703600372,16.7335504828825,16.4330631127046,16.4712085548488,17.0070630646568,16.3108770463297,16.4707796327391,16.3011849846525,17.0493385039642,16.5145117880068,16.4250847845636,16.632197671902
"N-acetyl-b-glucosaminylamine",12.5488939209015,14.4045744798921,15.4710052805731,14.1835200108197,15.1856044913877,14.9843177595402,12.3934002104795,15.226551628913,14.2725233036765,15.1122655825063,15.1052053295392,14.6965639409891,14.9770563823636
"N-acetyl-l-aspartic acid",20.2885463059595,19.6909416501083,20.9503990602905,19.6890689622544,21.0290780045622,20.3116404837253,20.461993496846,20.4492473371748,19.7984979405026,19.7603682843532,20.7003794056686,20.8054275114896,20.5001459602219
"N-acetyl-l-glutamate",19.9442106947797,19.7659861004378,20.9964060896735,19.724160274384,20.2919117564427,20.4770158289277,19.9871587736451,19.9897831606602,19.7456080883115,20.0127686797996,20.4683959335208,20.5559219477735,21.0786124351449
"N-acetyl-l-phenylalanine",17.074793692349,17.0568263457683,17.7256417872254,17.1452583022805,16.8611008698201,17.3057497604522,17.017929544052,16.7870766873296,17.0974616480796,17.8757979281056,16.7514273807077,17.2192235770782,15.6446303340419
"N-acetyl-l-tyrosine",18.5393616405079,18.7371659906153,18.8372932562951,18.2697983566608,18.8208029309213,19.7323631639745,18.6431419509747,19.4045943569955,18.4821927881865,19.8349920688645,19.3323035221763,19.109811580724,18.9291284373589
"N-acetyl-s-(3-hydroxypropyl)cysteine",19.0563870187914,19.3472668445605,19.0597927484129,19.1774206054717,19.045609884583,17.270957365155,19.0271451643003,19.1513638542236,19.3157561448932,17.1747370219192,18.9685836105399,19.3268387047614,16.3797629136953
"N-acetyl-s-trans,trans-farnesyl-l-cysteine",15.2157281029328,15.2480293104469,15.7229326639715,15.7183332324048,15.8262711481063,13.3390897635998,15.2666493563701,15.2420401538567,15.5118275810364,13.5914648457915,15.3691582063266,14.3435038139231,14.8795275315509
"N-acetylaspartylglutamic acid",16.6799670406137,17.0084470855992,17.4501484195121,17.0646859507176,17.1361755734276,17.6489490878276,16.8468711223583,16.7924249593934,17.2326295463077,17.7388331205697,16.478090424688,17.0226023639774,16.9803725651145
"N-acetylcadaverine",18.7549529855566,19.4405544564438,20.617045914397,18.8711922722369,18.2480738317729,19.3023525300571,18.7560866457159,20.3414388485553,19.1442857001006,18.6384679234177,18.9063610889935,18.4280914873934,19.0832265621911
"N-acetylcystathionine",16.7819112481375,16.696446244356,16.7959804453885,16.8076896796661,16.7273281773618,16.9561459657804,16.8093001140986,16.710873089104,16.8895438888233,17.0405309756163,16.8585393676554,16.7148490202192,16.8515062984453
"N-acetylgalactosamine",17.0773916180217,17.1992207709888,17.3022125541968,17.2420778185985,17.2915070398999,17.0657367323539,17.135794829556,17.0948552726802,17.2199704135894,17.21897112872,17.4183947556241,17.0496335300179,16.9575471326062
"N-acetylgalactosamine 4-sulphate",16.972950240224,17.4002146127913,17.1544607242743,17.2547377559478,17.4349712407074,16.8253879726328,17.0333573387855,17.1662532930962,17.2983718782461,17.30664030129,17.058829648395,17.1719279006156,16.3320664322069
"N-acetylglutamine",19.6632376070195,19.5368242610648,20.8836500978273,19.7728341390111,20.0933119200247,20.4637315441929,19.66182610769,19.7259957042442,19.4868570879707,20.1115760575762,19.9004257219075,19.8505776847227,19.9105303399017
"N-acetylhistamine",17.689514271327,17.5710519736314,16.2552248767863,17.9338462101121,17.4380653450591,16.6350271495562,18.1417889359185,17.7210144124285,18.1425501812252,16.9709445328917,16.860332440756,17.7058028194814,15.8527840747046
"N-acetylhistidine",18.987020953746,19.0310987965188,19.5655214487579,19.1577733719467,18.9295838366665,19.244231373516,18.9669725321607,18.8602755851656,19.0133281064864,19.3038535771099,18.9103292092985,19.2824543174709,19.5557972964345
"N-acetylimidazole",18.6024114849504,18.3577818470932,18.2275412869488,18.4881045670103,17.6971358162474,17.3208368705601,18.5170320796643,17.816139890588,18.3599598880572,17.4517158820421,17.8926461282762,17.889636155839,18.1086067620829
"N-acetylkynurenine",14.8089961807583,13.3600680935936,13.3640401564361,13.9948630097532,13.3043341459831,13.8839262384019,13.6738867690567,13.5287401146611,13.5417938507954,14.2050381498705,14.9741114915513,13.717401366478,13.578309516613
"N-acetyllactosamine",17.28029278505,17.3674690530736,17.4426290018069,17.2127597646726,15.8528464608406,16.874068392659,17.2507015065857,17.4443595888207,17.1771391328024,16.9421871085348,17.7641903218473,17.0203619646168,16.2902856247104
"N-acetylmethionine sulfoxide",19.5264005327309,19.2419713682417,19.3931550318191,19.7838062489793,19.9543733948559,19.5609527213385,19.3786673267642,19.0244760135211,19.5676176986436,20.1528918027045,19.2453510975152,19.1546335223709,20.3300785885456
"N-acetylmuramate",15.5146151295051,15.8219190796535,15.2664702268289,15.8761752543042,15.7272113696541,15.8320246303257,15.6582269098892,15.6550172028796,15.6790915045385,16.0483306277068,15.4803606860933,15.8389018767977,15.880481500712
"N-acetylneuraminate",15.6664948576994,15.4315377892748,15.2919094438709,15.4621025211423,15.4605339588481,15.5201401850766,15.420499545499,15.5044944044289,15.591564078315,15.5470066445193,15.578169676862,15.401230272818,15.5052145424131
"N-acetylneuraminic acid",18.8965774806317,19.1917254535255,19.2675519486005,19.0908054375636,19.1797346190647,19.1165909624941,18.9785780294423,19.0101393282755,19.1833062074672,19.294600112777,19.1734364976095,19.024880311482,19.0180934952497
"N-acetylputrescine",20.0285167397488,20.6355205874873,20.9445188342306,20.3429506955307,20.3606837484876,20.057054442492,19.9141078048319,20.9860791876042,20.2104788883225,20.304316178047,20.0578565635159,20.1999746171631,19.4603844595787
"N-acetylserine",17.4246799206032,17.4594841835552,19.9128373488067,17.0289115879345,18.0352740948037,18.5056747734906,17.6500743932509,17.5557526786191,17.2479474905347,16.7900952130194,18.491045106702,19.2165791139509,17.1421997642357
"N-acetyltaurine",21.262684228218,21.6092895958221,21.5469309465777,21.3995142133663,21.552661315323,21.7326941538529,21.3361246841122,21.5232250814385,21.4500054532138,21.9744880650307,21.5049064851797,21.390402599284,21.3025717320499
"N-acetyltryptophan",18.5826245258389,18.6142751642388,16.5419683070569,18.7229136461347,18.0423610860753,17.4823259471541,18.5399106172206,17.3529506398857,18.9505415432212,17.2261598750777,17.2261909259256,18.7280719851534,18.083830099733
"N-acetylvanilalanine",14.2390103090589,13.7865877272355,15.823934068525,13.7565325912118,13.1462297959101,16.9293893856165,15.1397504129798,15.34650691825,13.7757724472712,17.3029892137111,15.7490573050121,15.2622078292074,18.0884651121994
"N-alpha-acetyl-l-citrulline",18.8485358341765,18.719566360617,19.9344531243354,19.1990423614158,19.2907527660189,19.4707369227568,18.8880662210594,18.8476309987535,18.8412007235924,19.5816511935979,19.1735063230523,19.0190430769196,19.7502974727034
"N-alpha-acetyllysine",19.2767377333014,19.9806353534894,20.1123143007164,19.3919153479946,19.8174928804262,19.3976709964174,19.2357859920348,19.554884666483,19.3739101866614,19.3602227410232,19.4827715114668,19.9084664874956,19.4917437730302
"N-benzoyl-l-tyrosine ethyl ester",15.2944374340612,15.4169132818424,15.2768557140109,14.7274601627584,14.7898599214132,14.7364343047919,15.1731566310103,15.1435057074316,14.8289533026161,14.5396261193306,15.2580361021258,15.2169172477011,14.2102780626026
"N-benzylglucamine dithiocarbamate",17.9342033886433,18.2744009381909,18.560902059662,18.2207705291531,18.4310908202793,18.2382585718628,18.0030390122289,18.2322185318959,18.197357480271,18.264605949056,18.1501699883518,17.9632002354764,17.8801800709059
"N-carboxyethyl-g-aminobutyric acid",18.1184573979573,18.0260119363518,18.7253757958404,18.1401623411204,18.1503607525863,18.6643230415519,18.239925073425,18.6515047996281,18.3601032883443,19.1646199068796,18.7059095433386,18.348667522392,17.5507958718208
"N-cyclopropyl-1-(3-((1-oxidopyridin-3-yl)ethynyl)phenyl)-1,4-dihydro(1,8)naphthyridin-4-one-3-carboxamide",13.9775732596244,13.0937076162611,13.0601769139822,14.7582785778518,14.5083044309716,14.167380116251,14.2180460219914,13.8247813284622,14.099941704163,12.9560317831208,13.5132083798599,14.1762559061714,14.8442391475034
"N-demethoxylinuron",14.9559932313463,15.1152590575199,16.7347530949403,14.4355125577444,15.0870751179602,15.505188206442,14.6478543984044,15.241605066953,14.4763236597596,15.8097317171804,15.3500271422584,15.3031450602387,12.3618967327013
"N-desmethyl loperamide",16.7920616299402,16.7944444647355,16.3453578237733,16.9553097433633,16.6049962993974,15.8081262559148,16.166816015071,16.4925335734457,16.8231359178796,14.7232267973945,16.1740612324879,16.7183463983792,15.8301187690816
"N-ethyl-7h-purine-6-sulfonamide",15.6235620365368,15.405077656346,13.5806312707618,15.8895332298827,15.5417392296885,13.614449711397,15.5775686259494,15.0711632840423,15.2086601868065,14.3308265177253,15.368425534598,14.4335448920952,13.9029836527587
"N-ethyl-n'-nitro-n-nitrosoguanidine",16.8464032997791,16.4886791534271,14.955494038344,16.5002499819865,15.6407625461766,14.9622581417791,16.7419612953789,15.6659630003919,16.3005700167852,14.259268289054,15.8373336073211,15.4603729926818,15.0095841111365
"N-ethyl-n-(2-hydroxy-3-sulfopropyl)-3-toluidine",18.2259537287978,18.2444381983822,18.0708298494553,18.0203515037034,18.1882992963551,18.9124941993711,18.2394932814599,18.9474800855431,18.0325981876575,18.9271035569829,18.7269513350822,18.6700530119759,18.6953163181017
"N-formyl-l-methionine",19.9260410781213,19.8914327851867,19.9630461095139,19.7697536084544,19.5472222606995,19.1321968579042,19.8612809691841,19.4637232952392,20.1598127276586,19.0884197988235,19.456104886882,19.7385052300015,19.275057056812
"N-formyl-met-leu-phe-lys",13.7544862088667,14.1470269269906,14.1200570520144,14.1880928103464,14.7153726185287,12.869249564978,13.7295493569806,14.5015888458518,14.0883681297793,14.2888962287486,14.9127099757135,13.0338047741194,13.949257265936
"N-heptafluorobutyrylimidazole",14.5418672243755,14.5828837079101,14.3874064634852,14.3747613202927,14.0243117246053,13.5287059567519,14.6907002023416,13.7662376550804,14.0841841382211,13.2091723258589,14.3252769615392,14.4818064295346,14.3040279204647
"N-heptafluorobutyrylproline",15.1217782096694,15.1884622035641,15.9069994949348,15.6021150942288,12.9711776198136,17.356339496379,12.9658387618209,13.3134795307912,12.9584874349201,13.284758452542,15.7304102575454,15.9773668448712,13.5078902491473
"N-heptanoylglycine",19.6676404139028,19.9353555035193,20.2485831248454,19.8697139253926,20.307586987037,20.1277705585356,19.6802903059894,20.0782862555304,19.8798285080787,19.4254795782999,20.1461691704641,20.6255521678153,18.2735877849743
"N-hydroxy-2(r)-[[(4-methoxyphenyl)sulfonyl](3-picolyl)amino]-3-methylbutanamide hydrochloride",14.7419730918492,14.6117864165282,14.788535025864,15.1709104455493,14.6857059337584,15.0138978610523,14.7215194099601,14.7718470730153,14.7198691373473,14.7349868059977,14.7035263817692,14.7900156412248,15.2619756325934
"N-lactoyl-tryptophan",15.5284846122724,16.8729226786079,14.322646111024,16.1660585496616,17.4335826672032,15.3316507491246,16.1277288670145,15.9790457600537,16.1314979525281,15.3510668928739,16.2531932813003,16.3580705692055,15.219568739038
"N-lactoylleucine",18.0055106693888,18.0148881495022,18.4176201393381,17.9323910419418,18.1061799070928,17.8157308805458,17.9306256247515,18.0726695016071,18.0109191035443,17.9845190318249,17.9828405038114,17.876224949809,16.9843732917068
"N-methacryloyl-l-glutamic acid",20.4249653083874,20.2735609265672,19.5357092499399,20.5770661552753,20.4589527467283,18.8722363705241,20.5291686393816,20.194414605255,20.697379658232,19.325055990827,20.2168690054529,19.8932915292017,17.6404756981116
"N-methyl-2-(4'-methylaminophenyl)-6-hydroxybenzothiazole",15.9593272536348,16.6645458219564,17.3467459120373,16.5484892793443,17.541935909408,15.815087814389,16.2752223410124,16.2071077394294,16.591570264335,15.6105035895109,15.7299411070955,16.4576366338577,15.2500525183923
"N-nitrosodiethanolamine",21.8526695602671,21.9247662308965,22.6454671087406,21.9616382209069,22.2234885628902,22.3110231440516,22.0331267842849,22.0525355122039,22.1166751981003,22.2153236973043,22.0325675507563,22.362628873006,21.6928301642139
"N-nitrosofenfluramine",14.7147527357135,15.1905453100094,14.1070759446415,14.2957133933033,14.8621531123527,14.8514734847567,13.6379849505667,15.0032242268695,13.9811878391234,14.6743844778369,14.7526127801696,13.7045429541761,13.0064131361514
"N-octanoyl-l-homoserine lactone",16.9608338152708,16.8640455566077,17.1993563382177,16.8904126889721,16.756847191075,17.2363938804656,16.6619167397404,16.4575116995354,16.6706342110246,17.3648353602055,16.9779968783575,16.9291540030582,16.8099017348321
"N-phenylacetylphenylalanine",15.8710999411695,15.6760648399397,14.7633235465261,15.481686627322,15.4413959376669,15.0213468942696,15.7071121764502,15.6318219020226,15.54117084476,15.2202038299212,15.3558714958577,15.7569006121462,13.3888422227452
"N-propionylmethionine",18.1976327021305,18.087172017225,17.7866676205364,18.1015987962363,17.7323606983445,16.9794601057022,18.0884093814559,17.7837972553983,17.8298422269639,17.3584293765092,17.7969763587041,17.9566794935986,16.7144066916337
"N-propylurea",17.8610672110356,18.2195313951265,16.9940107197749,17.8210481782964,17.2145743105393,17.8430263530794,17.6067340053696,17.1214579376906,17.8095394782541,17.7729821883171,16.7300192312495,17.8382952154538,16.602349591198
"N-ribosylhistidine",16.7767015982685,16.3430150759964,16.4627002788247,16.2122249591254,16.1020482255514,16.2856816967358,16.4057439296028,16.2511843984927,16.3974768299971,16.3157501084177,16.5476943044673,16.6047951357766,16.7330351875348
"N-succinimidyl 6-maleimidohexanoate",16.5145799093551,16.7476501949389,16.5979244567717,16.6200188081994,16.7170551150408,15.944402126563,16.4668030813661,16.6552928211166,16.7214265331232,16.3407403415997,16.5267349606641,16.5391206498652,15.7492465264958
"N-vinyl-2-pyrrolidone",17.2230124498532,16.9768468286555,16.6976432560586,17.0555959668948,16.979682965423,16.5866510173608,17.3269073569593,17.1846174078241,17.5105856478131,16.4159921573341,16.9718226785084,17.3255100449698,16.0377968066885
"N1-[3-(methylthio)phenyl]-2-chloroacetamide",14.9151225852755,14.1066897750071,12.9072693127716,15.0741671816225,14.8607651053993,13.1133383408891,15.1348829312136,14.736878398204,13.8852135386131,14.9607710824461,14.9768439364405,12.7992200950125,13.9137388001085
"N1-methyl-2-pyridone-5-carboxamide",21.511276348532,21.3677144893615,21.8954387512807,21.8551201010311,21.734458043093,21.162903330419,21.2995247260052,21.6791575466129,21.4222089951007,21.6965902362846,21.6994166535654,21.5773963293934,21.423432215486
"N2,n2-dimethylguanosine",18.8574394881902,18.9300700746801,19.6554933544425,19.10564694484,18.997003226856,18.1627769728949,18.8530188749244,18.7894123990627,18.8033849172024,18.3575931576197,18.941135791274,19.2565570177572,17.5555682933656
"N2,n5-diacetylornithine",19.8182175838171,19.7277168546511,19.6712773051162,19.9996660048672,19.2867308899038,19.1105132474432,19.7391548999433,18.9489061489008,19.5777565272024,19.1895849967554,18.8250160260465,19.8653868496967,19.3663476275877
"N2-acetyl-l-lysine",17.2680592867698,17.5838432146095,15.729229811127,17.7363101732696,17.4160998518004,16.7129019157055,17.4735691639907,17.026975501219,17.4773735373505,16.9668933793195,16.9695615785734,17.7735079498288,18.9839245146695
"N2-gamma-glutamylglutamine",15.7062007487944,15.4203544170614,14.8927612881319,15.2391143967498,15.6806629743766,15.5280661717674,15.4703452126666,15.4673456003183,15.0887769795883,15.2644049518601,15.6109442271495,15.4248355258643,15.7409751916706
"N4-acetylcytidine",18.9347725062666,18.9155011151749,19.4297349706148,19.2178148535279,19.0141442079787,18.5625555210548,18.8932939051153,18.9351828398775,18.7441544861037,18.7220527834998,19.0948388913729,18.8215973952659,17.8728752659962
"N6,n6,n6-trimethyl-l-lysine",22.0018782811889,22.1351144658789,22.3732454922001,22.0245987585608,22.414701943117,22.4164254178113,21.9951976085387,22.4188277758498,22.0022903417387,22.4316050873348,22.2290092084981,22.1130501240051,22.0748316912307
"N6-acetyl-l-lysine",14.9837290025847,15.3344823706902,14.7328113805761,14.8790168758385,15.2298039576083,15.452912100093,15.1504296623117,15.3932979121524,15.5082101142199,15.4998337677486,15.5014715596347,15.4432043001572,16.4537656833147
"N6-cyclopentyladenosine",17.1278238764328,17.5913784883177,17.3674941614159,17.2557929540087,18.0176680298399,18.3146459983928,17.1445808256819,17.9677215278193,17.0883062413472,18.1817332547774,17.8813341724921,17.3942525404415,17.7124900872525
"N6-etheno 2'-deoxyadenosine",17.5439693664226,17.8096214646896,16.8753485292493,17.7704008161247,17.6057954015886,17.9391287151804,17.5366571649802,17.5171525414393,17.6826188392521,18.12256395531,17.5134139076215,17.6251243038267,17.6913897322126
"N7-(2-carbamoyl-2-hydroxyethyl)guanine",17.7380974368502,18.140065912656,18.0690317722084,17.5415751622605,18.6190374049634,16.7775423312154,17.4568834112276,18.1242648690847,18.5184427728355,17.4106523563952,17.8416958169422,17.6559220898727,16.2488896667961
"Nafamostat",16.4608643614882,16.5954458621806,16.866900163262,16.857936588579,17.3474918447707,16.618560318087,16.625219554043,17.3533508285437,16.7571013918003,16.779353690113,17.1268928561153,17.318953974094,16.5739157007336
"Nafoxidine",14.8726180036292,13.7793845803232,14.2227745288316,14.5890802335669,15.3978462212008,15.1528076224427,15.038230540831,15.8635531706385,14.1886930791969,15.1338804209251,15.6331962485686,15.5419736604911,15.1504590956505
"Naphth(1,2-b)oxirene",19.1826888198096,19.2646204304368,19.3500043994551,19.1646052172817,18.8937300702469,18.1404492376776,19.1718398210482,17.9354898023431,19.1185808688593,18.4735146073312,18.1759426190623,19.3097183705513,18.4800134820257
"Naringenin",13.6445783265314,13.0830514129252,13.6350196343349,14.3405662921061,13.9705425619,12.7718622523422,13.8239910061845,12.7470311580683,12.7471165561161,13.7426144953946,13.227111496505,12.8849549514165,14.7467092404097
"Ne,ne dimethyllysine",19.9549163210726,19.7503211151305,21.3028836414406,19.7369370716372,21.2472721896852,21.3970085439842,19.7926809093098,21.2937254458273,19.7943283475677,21.4643618190325,21.1260687058158,19.9434705862646,21.078172749784
"Nemifitide",15.2363962624154,15.5569211903575,15.9096851212689,15.3743533703355,15.5647944049957,15.4020107908344,15.4375208719724,15.3405059150871,15.4446012414062,15.411777124158,15.4017408292394,15.4442034903753,15.2995519338351
"Nemiralisib",15.6295162625712,15.703087130982,16.4793944962037,15.7698201541155,16.6926598953565,14.5896782558725,15.796694981675,16.2172563934803,15.4267127775014,15.36680452488,16.451380219812,15.8571012972334,15.6878179590497
"Neocuproine",15.8379992380732,16.4274449801793,15.3557495567023,16.0685727982362,15.6070815989593,16.1227272709513,16.0045843336763,15.1308662126809,16.0754035488021,15.631920481923,14.8208036429324,16.5152851666695,15.4085937253176
"Neomenthol-glucuronide",16.2101527946365,16.3828937640777,15.1932917245046,16.4607269378539,16.1343633819133,15.1179862119783,16.5718746105985,16.4915600714269,16.5960367395854,15.2231916313161,16.1915041666517,15.9917176250362,14.2258193583125
"Neopterin",16.7363968920015,16.2104676004135,15.0035006635676,16.799847553229,16.4063154607644,18.9157925249848,16.7811281498943,16.7356466951585,17.4243851563169,18.6727558632722,15.4595711220116,16.4489583694509,19.1313342933235
"Nep-in-2",18.4699311577594,18.3939200903281,16.0265005289715,18.7167412918276,18.6683069681221,18.0128246201291,18.4460798174627,17.9023656070675,18.5678303935511,18.4305183064903,18.1663982249845,17.4684861401225,18.646611809017
"Neplanocin a",16.0449760580409,16.1219153429692,15.8938370762292,15.8788170832334,16.0739471864768,16.2899581778293,16.0257034413912,16.2245386136193,15.8144286309561,15.9948484009098,16.4279690035237,15.8547701402354,16.1768890321393
"Neuraminic acid",14.8354183486558,14.8666851718615,15.347411709819,14.5068949413202,15.1278274073664,15.0506199217774,14.7660968250514,15.1312624244679,14.833027816349,14.9353427963692,15.0158540371916,14.8982244281847,14.9599489234302
"Niacinamide",18.7155236909289,18.491151139766,18.8044909750166,18.5053316924529,18.1186995980621,17.4234273752556,18.3912258221366,18.5904289427682,18.3856645214233,17.701247732219,18.3907244868402,18.5294692885999,17.3010468534467
"Nicoboxil",20.6464786882554,20.6519421978971,20.0028952489185,20.5044787137856,20.5413116094104,20.6304099103356,20.5770031527878,20.8678074943043,20.5925478398777,20.6949374827912,20.5473453625054,20.6784718721439,19.6747664438896
"Nicosulfuron",14.6132932794124,13.3585822299214,14.1477126859045,14.7194381115839,13.5566229479686,12.904767066845,14.8140578922014,13.0168861591492,14.9178890352963,12.8365314500983,13.0749536842466,14.7058870783706,13.2396657696247
"Nicotinamide d-ribonucleotide",14.7131778713807,12.7079179974022,13.8618850427851,12.7989456604255,12.6440504227468,15.2950866002709,13.213321460964,12.6409428280325,14.3285669843677,12.8184522154842,12.5885235874695,14.2994308203389,14.7642272826193
"Nicotinamide riboside",15.1274237041676,14.999144615172,15.2588184971111,15.0414228977175,14.7158453412107,14.7611552800278,15.099272073633,14.938300097385,15.2886972027439,14.71644082517,15.1586761123315,15.2677496990213,15.4515841104765
"Nicotinamide ribotide",15.0545353808957,14.1965457685912,13.277815101421,14.7567507206743,15.0047885001843,14.1794051376993,14.8407916391215,15.2315275526929,15.0603052755992,15.2184431805972,14.9971648619294,14.0682075732249,14.877894645835
"Nicotinic acid",17.4947429858892,17.0836128824134,17.1056695474361,17.2118765056435,17.5265129526379,17.7248359405881,17.5872405236995,17.5851167001862,17.3287617430218,17.7408818789427,17.6338189089021,17.3833099516702,18.0140144398019
"Nicotinuric acid",18.4128452479482,18.2659427985106,19.2525410984975,18.5147057232037,17.9156260543676,16.8397913697593,18.4010182600905,18.1646607509672,18.2289256957331,17.1672166822143,18.5800691990175,18.6059804222118,16.4450915291451
"Nicotredole",13.723136103924,15.7050017425216,15.691406985532,15.0707059278091,16.0008312388735,15.133350932837,14.3758430807821,15.3903738200096,15.409154721181,15.3773015421363,15.3144538171052,15.0382734547395,14.1503523292223
"Nipradilol",14.9053305825074,14.9605507947476,15.4493306286775,13.9906185562397,15.1459631872605,14.876884018279,14.6255198869861,14.7352111506194,13.5408994944688,15.2724500818331,15.0805325027396,15.1561275303176,13.7951836845967
"Niridazole",15.6943435598756,15.7678515247069,15.171374000461,15.2310406121474,16.1059179927784,15.4988532876299,15.8227695443068,16.1746684415948,15.5965661914054,15.8079093406363,16.227057302245,15.8183884409438,16.0186725362095
"Nitrosyl acetate",13.6249374645779,13.8706708541792,14.1940311652766,14.2290851177619,14.0752017235983,14.9013138049809,14.0069870149853,14.0531863796942,14.4232490814091,15.3657861658946,14.4206090876055,14.2824956396356,14.6188957567909
"Nizatidine sulfoxide",15.3105102765911,14.2690983383107,14.5829717007056,15.2617438587982,15.3162233591147,15.0596643361515,15.4224557596118,14.7180558705006,15.1655120882505,15.1285760343333,15.0090607439627,15.0000211616854,15.733605795918
"Nocodazole",12.619059290225,12.2410291316055,13.1481536911001,12.3404686793237,13.1750223656833,13.9163433574549,12.9803748235384,13.1025696250376,12.4229866169731,12.8271657386903,13.1983591608857,12.6999120767016,12.3912098626444
"Nodakenin",15.9545439430929,16.2236233930746,16.7387858066549,16.0454123741989,16.1896677843235,16.2029891983419,16.0516365460298,15.5502259219347,15.9078389366212,16.2424959166224,15.8971773074917,15.9261233463592,16.410261471849
"Nolomirole",12.4007279597111,12.3679257536933,14.173138765519,12.3932870791517,12.9787844091021,13.4156427969208,12.2252332812274,13.8828587404231,12.330286263722,14.1820061164965,14.4195448422914,13.8007485126645,15.0350710595364
"Norepinephrine",19.2589570022475,17.981962219917,19.0237679193614,18.2426265172608,16.4143706713119,16.1297267519472,18.689476894706,17.6731521158666,18.2474736042969,14.5058589070833,18.2724839316699,18.463564575236,17.1501865957452
"Norepinephrine sulfate",20.056050058302,19.8074744909996,21.7803881218135,19.6704364759308,20.5485701269941,22.2135113307757,20.0250733263744,20.3510519749732,19.5977896733531,20.9415259447083,20.4239405671824,20.5558440768036,20.9772027168577
"Norprochlorperazine",16.1346744498271,17.1633904674711,16.8304190432721,16.325935357535,16.9759293776277,17.3261250629198,16.3980956157081,16.8783786467521,16.5419121226406,17.1937323206317,16.7920568656649,16.145891824713,15.4350838175181
"Norquetiapine",15.3245002158935,13.2734816576087,15.6876579135172,13.3274184164426,15.1730406647928,13.5467622922593,15.4643030481418,13.3402017489763,13.1765327124587,14.3630586118897,15.1894133925949,15.4637097140807,14.065656552413
"Nuclomedone",14.8873841491799,15.4060679034948,14.8827171093964,14.9550437723912,14.239982354957,14.9032798428526,14.851425046192,15.1025040500171,15.2770589456854,15.0332016297202,14.8302902666945,14.605330397324,15.8058043507752
"O,s,s-trimethyl phosphorodithioate",15.5593711633141,15.2963125297902,15.9304306396783,15.0265177140764,14.1453260836734,15.3860281387703,15.3322508591765,15.0303997352373,15.1488864951573,15.1951784380464,14.7707047928534,15.8652012988281,15.3586799585187
"O-(2,3,4,5,6-pentafluorobenzyl)hydroxylamine",15.3591502656147,14.5489443435077,12.8375587223886,15.026463339498,15.1275462960291,15.1397624305678,14.974969139296,15.5791098861209,14.7480028450365,15.3639039092529,15.3575271648284,14.8126889361447,14.8586905939418
"O-(pentafluorobenzyloxycarbonyl)-2,3,4,5-tetrafluorobenzoyl chloride",15.2542737226104,13.129610973977,14.9242975868751,14.4717071505818,14.9291228480293,15.4509712643155,15.2633560085366,14.8624089596221,15.2667887849688,14.8289931749254,15.0944929869561,14.5950214742856,15.4867860620273
"O-benzylfluorescein benzyl ester",16.22527698292,15.0701455843329,14.2975512919679,16.1119511458127,17.2984791076459,16.1023156123792,16.2759727934404,15.8112498756732,15.7474541493583,16.724101889359,15.4987207668331,15.4452817068564,15.8940650320462
"O-demethyl apixaban",16.1015412583148,15.6776654608026,13.3156293721024,15.8716338565902,16.039004509541,14.8780313044075,16.0216987732926,15.1494867842699,15.9920990490307,13.9915301888734,14.4424656367477,15.2084248175108,15.1690064905157
"O-methoxycatechol-o-sulphate",18.3001921958976,18.3758163624882,19.1694417448548,18.1948053689303,18.6624697498522,17.9338838783624,18.3029597448038,18.1005823204121,18.2601286113225,18.0228220560032,18.0876964974857,18.4462575896493,17.9902783087313
"O-phospho-l-serine",13.9017522083554,15.3618108174452,14.6839775183977,13.8740537327236,15.4352355620847,14.4461332642576,14.1075271736802,14.5216249746108,13.9495346252418,15.1033012292903,14.2327152451619,16.2865928696539,14.7707615891404
"O-phosphoethanolamine",14.5628935598855,13.9307882868404,13.4902641738858,14.3344004468588,14.8152486872609,14.2444055071292,14.6798662379638,15.5455738464437,14.6009076377305,15.2922571825464,15.5250842419401,14.4585874994831,14.9630166210647
"O-phosphothreonine",15.109779780121,15.1104524716861,15.5224435198477,15.3454064558926,16.1815311972233,17.1700004915533,14.9963790218262,16.4869603080454,14.7132855349422,17.0250090388481,15.6782207951012,15.3292914645507,14.3066451967933
"O-succinyl-l-homoserine",17.8324661651707,17.9542401644579,16.8478920559325,17.8439913609907,18.3366303752858,17.9185928642902,17.7457806982131,18.1280877039273,18.3004833799562,18.2946623803804,17.9252851152728,17.3486921215682,16.2350103039852
"O6-benzyl-8-oxoguanine",15.5816311189886,16.1206894169556,14.7357538292447,15.517356275116,14.4691472566462,13.2310022589079,15.5068061098536,14.9534833627313,15.9930407067557,14.1317723402075,15.0727515918692,14.9914266388672,13.7988168115313
"Oclacitinib",15.5498322453093,15.4695196398408,15.6744050142581,15.2271468698999,15.1414990936336,15.1062476005919,15.586957677493,15.5736101008012,15.2162600427754,15.4262023430444,15.8894041940839,15.6954586269759,14.7741066582547
"Octanal",17.6096026556821,16.5699517463207,15.980058926219,16.8785502579755,16.813219099463,15.9699775756954,17.460848549821,16.4570841239683,17.1171052056354,16.2484969540694,16.2525394037779,17.733366892209,15.6940418035473
"Octanamide",15.5352343639036,15.5481565414473,15.7922086801342,15.4678158055274,15.7658104728118,15.7083450454267,15.4410285550219,15.752716777235,15.452968828605,15.8677927360514,15.6446737033893,15.5216453256845,15.6185085192686
"Octopine",18.3792746470497,18.2216941983773,18.7191045415187,18.1971908196908,16.4096111748297,18.3126082000198,18.348410174514,18.1489317457386,18.2181969041703,17.9443884591158,17.0493807792321,18.0414109824915,18.305707861741
"Octyl 4-methoxycinnamic acid",15.342077102227,15.1006563624772,15.8407736965763,15.5745664033595,15.1290253098736,16.1680282716328,15.4589720881733,15.2575942465432,15.446845035428,15.8389428654883,14.8632542600322,15.9900415037763,17.0706020143571
"Oenanthic ether",16.4452539040655,16.5673318423588,15.7867113984747,16.3927877663637,16.0248535201364,15.785238969589,16.4912494106646,16.0968183879815,16.5299034094419,15.7018369922453,16.1162079958018,15.9522928046118,15.2871920259983
"Olpadronic acid",17.4443847598043,17.5185459066051,17.6090774690849,17.1295186007145,16.9301023434219,16.5306961585394,17.7910533612708,17.3278074568065,18.1289315504505,17.4625128228452,17.3942918124921,18.4150831559475,15.5038123110275
"Olprinone",14.4332716410486,14.8157189590559,13.5315052858867,14.3565678952952,14.4422993097306,13.326922711277,14.2796867507224,14.6989242961502,14.9305146830502,14.6517239715652,14.4508607148873,13.4738956098555,13.807680385587
"Omeprazole",16.4659229817386,16.4210258429616,16.8883552813505,16.5937278528108,16.8484775163833,16.4862562161236,16.5822693939851,16.5763108132419,16.5751639050112,16.7060161887152,16.7392390943047,16.572890995774,16.3039779345337
"Ornithine",15.1124952579414,14.7760597829591,19.9329055330486,14.8861721644358,20.0583484783066,19.7829542024455,15.4125443852263,20.2119217996948,15.6992086042346,20.0700789800979,20.0818982343416,15.1748723161125,20.4677945857433
"Orotic acid",21.5945713648527,21.6315552085494,20.8709635140256,21.49742292991,21.3574389964077,21.5178445859462,21.5742161784422,21.6294024285314,21.316964714099,21.6800690144011,21.9784270062765,21.0900902147554,22.2049552454304
"Orotidine",17.7882858319664,18.1796578133866,18.2369569005828,17.9803501593164,18.2741251409866,18.0849796816567,17.8071344222379,18.0236159446713,18.0506426494977,18.0778568870808,17.8548948772177,17.970819858094,18.0135837356405
"Ouabain",14.8768045029552,15.0253545124666,14.8084115769649,15.4716293381582,15.1065153116917,14.9783799932747,15.2313161239375,15.1467888740827,14.6218212172143,15.1632119453947,14.3042957949083,15.0957482861807,14.6384550303339
"Oxalacetic acid",16.4115609009325,15.1869972844393,13.6688105869452,15.4870790790962,13.6899891601517,15.6854575466187,15.8222310497788,15.8228604995966,15.5835744904686,15.4006779084533,14.1952849625556,15.4280117689287,16.3701584684669
"Oxathiin carboxanilide",14.8899079272662,15.0246399387333,13.7545943755055,15.0578785103998,13.7746909842594,12.7431232413604,15.2242192748091,14.5388709919392,15.3487438503781,12.8317671112197,14.2428185778831,14.0625727266501,12.7128763898895
"Oxibendazole",16.5050364991384,16.3781073575808,17.7129270076835,16.6296279342019,17.3718139685008,15.763227454128,16.3274640952403,16.58865917764,16.143627417424,15.8617664920145,17.0179144444094,16.5570323758883,14.5113837196463
"Oxisuran",13.4941685967723,14.7382602924553,17.6720940169945,13.3518611463455,17.5431213818719,17.6955660403095,14.04947741389,17.0517112007705,12.993820041327,18.0765395284236,17.2916496086267,14.3124449302815,16.4946974694472
"Oxoadipic acid",19.7112016875697,18.3831950242981,22.7344124805818,19.0055760069859,21.5639174684854,21.3134208301798,20.1124858295589,21.1707980552375,19.2084374078439,20.0267348262387,21.7802715353564,21.4737213434566,19.8069681548609
"Oxodipine",14.7630736296548,14.9065966650753,14.128785410655,14.5184935919023,15.0237763246767,15.4408033617271,14.688660899386,15.221496589224,14.36507697796,15.0134802180091,15.0542905898617,14.6544922294318,14.9905060563894
"Oxoglutaric acid",21.3479277887681,20.5557623794978,23.9054302295886,20.6559543862369,22.5415415591892,22.8355144243778,21.5329528367269,22.0751208667171,20.7400222282976,20.4287786472196,22.5680592233861,22.983398231637,19.4212265265278
"Oxonorfloxacin",16.8677426233953,16.9859798524916,16.7173927050853,17.2420992619831,17.4850377476575,16.9049675418712,16.9644775000812,16.8566289912084,17.218134199772,17.0252439673505,17.2212108647415,16.9316480774069,16.7550421521438
"Oxyterracin",14.7388339484936,14.217054204956,14.6078240103728,14.5568964163654,14.8872487035927,15.1961293890063,14.3159249510225,14.5112045941041,14.5690229777042,15.0667951622895,14.6585146846042,14.1002976484109,13.9077197912064
"P-cresol",15.1393310001345,15.1403969043713,15.3955010323516,15.5436793530211,15.526758018086,15.4576953088404,14.209630370269,15.3167430756092,15.4032488480006,15.7164852252939,15.8528691454213,15.5092543208921,15.0242076743045
"P-cresol glucuronide",20.4268761525387,19.7488033689721,19.6381059330448,20.0623493818165,22.0402229315399,21.4634571658405,20.2451790047537,20.5737909526161,19.8542247615507,21.9327572656593,20.0906123132804,19.6107233497659,21.9186721788555
"P-cresol sulfate",22.4051090814718,21.8176828229497,21.1267136366042,21.8737441094898,23.2991258828809,22.2789341028344,22.0309804566259,22.1099623760427,21.7065874043698,22.6954956521154,21.7432332149255,21.6508746662988,22.4300829815531
"P-cymene",15.2841096716327,15.184882302124,15.0948960169916,15.2899712287602,15.3784393126507,14.1233744355061,15.1818629526393,15.1093842553738,15.3781930360202,14.5914728416587,15.1589272714929,15.4026359882931,14.8762436633377
"P-hydroxyhippuryl-his-leu-oh",12.9724888853701,12.8705280863667,13.7203008228752,13.1460401037396,14.1686177350449,14.0677162571829,13.037620724774,13.5833202255011,13.5261366126892,14.628212853896,13.7022568283761,13.6311177943402,14.0252928742289
"P-hydroxylevamisole",17.1266391255918,15.8725996572853,20.2419561942078,16.0346127823305,18.0295302757646,18.5140868942709,17.3445573185936,17.5236460160337,16.1809613460177,16.1281510875429,18.4330063671694,19.3660640022135,15.4674973284883
"P-hydroxyphenylacetic acid",19.0468948611748,18.9384241957598,17.2796033940884,18.7650881041081,17.8584792947048,17.1212500603873,19.0215646547718,17.8433026899515,19.3817478335791,17.8717052592915,17.5696691520345,19.5690632077481,18.8381115877123
"P-mppf",16.4687929685095,16.6118241309181,15.111236826687,12.766395766003,13.2112523892538,15.4785207459452,16.1229034340158,16.4221470119294,16.1221248919451,15.8656284405915,16.1514843384766,16.3376821972343,14.5455628952487
"P-toluenesulfonyl fluoride",14.856367898312,14.756947061697,14.6838620737004,14.3910125784375,14.6846144719188,13.8976608596078,14.8039388658748,14.89504152441,14.5969117370082,13.7933477346168,14.7597737082594,15.1427565406521,14.5102825275889
"Paclobutrazol",15.9891123515213,16.258726663523,16.0584039868057,16.2214932790068,16.233506099932,16.4495161207342,15.9903843176902,16.4185244462877,16.1672625252328,16.605509766707,16.2772034350167,16.4886203878296,16.1958037539096
"Palosuran",14.5160861267677,14.4428519083944,14.224980145887,14.5899933771666,14.4736379876823,12.6673512718842,14.5422256155579,13.7621361144369,14.5557417763895,14.7245069881365,14.4306095576208,14.5157706754143,15.2781501508325
"Pancopride",18.2456779846195,18.7066252807374,18.4865343943021,18.6731639896242,18.9867602604743,18.5085124196161,18.4441045715069,19.1103565529223,18.6880976727443,18.7724488109177,19.0264840038299,19.362005951544,17.2247863748877
"Panthenol",19.5034639032144,19.4836771473416,17.8623892695138,19.5036278604501,18.8157669406474,17.6578630746697,19.4217679318217,19.2297409404756,19.5139238824732,17.7609631458372,19.0585409993994,18.8506114042223,17.5043464800614
"Pantoprazole",14.6371385353784,14.8114955234347,13.5386055181258,14.63951081054,13.8525887774326,14.1029125517697,14.7346762176849,13.943980303666,14.8693993748366,14.272883233439,13.8888985227309,14.6401632769597,14.2072981038971
"Pantoprazole sulfide",16.9264608741962,16.6618766368684,15.8181000682336,16.9305468176431,15.7496011845727,14.7757149527309,16.9142076124848,12.8195232641575,17.1595967999326,15.4795755615173,13.556882546453,17.4548700990943,16.7742607533762
"Pantothenic acid",21.8770209092378,21.49603493626,21.8526078658035,21.7427565386839,21.195126517422,20.2977585531066,21.830200533004,21.4207750200518,21.4447958982402,20.2373035547115,21.561199988051,21.6171153271959,18.5351506914253
"Parylene c",16.6735532167373,16.923593064466,17.4594632731233,15.4538948770452,16.9866042204967,15.6069500553767,16.4906035311439,17.1683978103606,16.5987301063102,15.6322162840207,16.7818188258119,16.997649218652,15.3951007677515
"Pasakbumin-a",14.0491956561049,13.9248212771614,13.9418968839546,13.960188234365,13.8817711829092,13.7180792618582,13.9215239822319,13.0467688729993,14.5841677360826,13.6435714966093,13.6669733026428,14.3549348184438,13.8138517941531
"Pc(14:0/20:3(5z,8z,11z))",12.3724050209763,14.2068763415422,14.3483626533358,13.9910652067862,14.1641204079794,12.9949778766488,14.0137636049679,15.2654304614046,14.0836395595934,12.7109276062554,14.5608466381338,14.0898072365332,13.9069988894931
"Pc(14:0/p-18:0)",14.41033906375,13.5766497583894,12.9459680458266,14.5579437505477,15.3918165922521,15.6627618177974,15.218675296705,15.5741839251608,14.9269749163626,15.4966856724154,15.3413268120166,14.1069708552532,15.6431545845976
"Pc(16:0/16:0)",13.296691651162,13.9151313811169,14.6199849443261,14.25836304835,14.7744962279587,15.1833833280991,13.4027343185979,15.1090921100385,13.5491224153974,15.2394606575203,14.449748651188,14.6975183342312,14.6212078618304
"Pc(16:0/22:5(4z,7z,10z,13z,16z))",16.3790077227582,15.9973457045936,15.1429017778264,16.3225583059855,15.7369078820368,15.3054139647791,16.504610979524,16.2741629496322,16.6414264199813,15.1248304650628,15.9514309307615,16.1882048393641,14.8904800377249
"Pc(16:0/p-18:1(11z))",16.0840483784495,15.6768996479535,14.7993794922263,15.6041811120725,16.2574306235824,16.147169498244,16.2404683578055,16.0793666536996,16.0950631245659,16.0547617949349,16.1690988289878,15.4440385884926,16.1917907498718
"Pc(18:0/22:5(4z,7z,10z,13z,16z))",17.991426872884,17.8200587901284,16.1707479336821,18.0002635822794,16.8127272723008,15.9845767780527,18.1608900369909,17.0469939716812,18.2202812341084,15.5869434676131,17.0423751107564,17.6479814901539,16.2970242150766
"Pc(18:0/p-18:1(11z))",15.3770618763204,14.9501165778654,13.1938376611829,15.0505201951094,15.1235196669003,15.0423530280181,15.5181734125523,15.3532220412574,15.5351887992331,14.665456166236,15.2975817217682,15.1367822305486,14.9693423803837
"Pc(18:1(11z)/p-18:1(11z))",16.278330259873,16.005209129857,15.0282785618551,16.1116400482709,16.2573559471915,15.916348872706,16.3349250315278,16.1696492513797,16.2299023689435,15.8635505187861,16.2773107204214,15.8416187497212,15.9271589269736
"Pc(18:2(9z,12z)/p-18:1(11z))",17.5936471433987,17.5463343323298,16.5769749199188,17.485778444559,17.4648821839267,17.0435051739959,17.6265485986225,17.5455297725856,17.5841034169304,17.0912681733231,17.5969994925606,17.3170531839783,16.5803159446805
"Pc(18:3(6z,9z,12z)/p-16:0)",13.276480212193,13.4863700698454,13.2585885602741,13.4784956937769,14.0041110036021,13.2868276493312,13.5408584171763,14.2294756682309,13.260023768008,13.7208198038867,14.3115335671282,13.4714192741256,13.2776923291021
"Pc(20:4(5z,8z,11z,14z)/p-18:1(11z))",21.229906918287,21.1848502507792,19.9599992855719,21.1598454705518,20.6852711225032,20.4057993808396,21.3981320344079,20.7198145372843,21.3710393035037,20.4210867308141,20.8807087293253,20.8409475922608,19.8397653357719
"Pc(20:5(5z,8z,11z,14z,17z)/p-18:1(11z))",18.1680434971049,18.1040861691936,17.1269696463896,18.0602184298951,17.8069388609485,17.5914645833892,18.2187559210986,17.825751007316,18.2235223631026,17.7126917310921,17.9884751268986,17.8952377515103,17.4728684604436
"Pc(22:5(4z,7z,10z,13z,16z)/p-18:1(11z))",19.7668950921317,19.6937514205957,18.5653294399093,19.6789526330276,19.4451907794721,19.0478197250019,19.9265258101668,19.3595081624247,19.8807098140811,19.1174844113816,19.5768449494353,19.3353912021871,17.1432584800802
"Pc(o-16:1(9z)/18:0)",17.2796784790896,16.9571642624252,15.6349018805832,17.0564049283996,17.3450646413204,17.4005859900388,17.6047815442643,17.1265870658062,17.363720463099,17.236904401067,17.3373713473212,16.459307010191,17.3764213536808
"Pe(14:0/24:1(15z))",13.1419471701454,13.3558667476393,13.3227476610961,13.277726444233,13.8052919715134,13.0946343149123,13.1760651744719,13.6123527890627,13.2430345254407,12.3448676999233,12.9505371530726,13.2224127752356,13.0323099593477
"Pe(22:4(7z,10z,13z,16z)/p-18:1(11z))",16.939475380119,16.8252407040661,15.6195798469118,16.7931948622681,16.3577677279298,15.9665093855166,17.087293385871,16.4174463864795,17.0415068879865,16.0641167876216,16.5898795700495,16.5705244644322,15.9782742568036
"Pelargonidin",17.8344519938128,16.8060501120085,15.999891832149,17.6217350409557,16.4909527316536,16.1832390368332,17.3394525161631,17.3969983444394,17.323681297851,15.8847360593942,16.5322402666267,17.5835724719137,16.5073808909829
"Pelargonidin 3-glucoside",15.1018421556832,14.3586657789046,13.562310099019,15.3395586541861,14.2951135628486,17.2556334196816,13.2266483176713,14.9944121039314,14.0431054083446,16.3733167744832,14.0369776655437,14.8372231591821,18.2520550983127
"Pelubiprofen",13.3145950418526,15.1979782508347,14.9185919930906,14.0174177675678,13.398427414643,13.7378751415124,13.7547593581685,12.5545236024852,14.3351103104556,13.4859484329821,14.2057645635505,14.4048735993612,13.1466950465882
"Penem",19.3527943072782,19.5988683304426,19.4392354242275,19.4025966761248,19.0578868110921,18.2520546061587,19.3714117207898,18.1691938204309,19.4256010491811,18.8263114240035,18.4099738973157,19.5494930022471,19.0375753407541
"Penicillin f",15.0017674732,15.7737717868495,16.32763687215,15.4816480749566,16.0048918703269,15.7547121310443,15.4608834962334,15.152423703381,15.8328745715433,15.9030798342604,15.3834632959308,16.2164583281367,14.2819058609999
"Penicillin k",17.4764636227104,17.8605949939825,17.932278192268,17.4692102444405,17.8724799195052,17.2062186840659,17.1873314420372,17.8464409045463,17.508204327712,17.6675034796005,17.4951810788073,17.4921590434121,15.7735141869654
"Penilloic acid",13.820526924064,15.3645928792003,15.6335926725319,15.3926190761872,15.4411518204614,15.6632815883219,15.2155351942293,15.0049814999036,15.4697913943628,15.5303215633089,15.1073343111184,14.9291513367816,15.5370002156909
"Pentacyclo[19.3.1.1(3,7).1(9,13).1(15,19)]octacosa-1(25),3(28),4,6,9(27),10,12,15(26),16,18,21,23-dodecaene",14.9657239295964,14.9825489586751,15.1909804602406,15.2186880560386,15.7807358504141,16.7031609138044,14.8340725504164,16.4064623658203,14.8011959724668,17.5562854667652,15.7483457918933,14.6485573734851,14.2842168029327
"Pentaerythritol mononitrate",15.8814742399977,15.8131396756068,16.560914457257,15.9969358931512,14.9521183698261,13.7404613376275,15.5849373125242,15.6019717692571,15.4781939801163,14.4408591836465,15.8159534932246,16.0549470414349,15.184035808199
"Pentafluorobenzaldehyde",12.5849423343144,12.830180883211,12.8890308437358,12.6689277043039,12.6475073720884,14.571964417174,12.7594836536382,13.2753403690752,12.682322523394,14.1904214893431,12.5375281171056,13.6858834964991,16.0470646385572
"Pentanamide",16.9649149825967,16.8122820291676,16.4073545109448,16.8271373743778,16.6411223498736,16.2592343862335,16.8983461996325,16.7533472678372,16.8777707984577,16.3402699462812,16.7046337030536,17.2824381471264,15.6808849230718
"Pentazirinocyclodiphosphathiazene",15.61919991256,14.614535600169,13.8143505201026,14.3969588352986,13.6160899131791,14.4821778442228,15.112330784967,15.2038092461573,15.0770416961191,13.8782975293564,15.0430220767938,13.7750747945566,13.4289037404245
"Perfluoro(methylcyclohexane)",13.1907024108801,13.9160004510435,13.0138763356594,13.5840133975677,13.105677876197,13.1182594755053,13.8193892210494,12.6521161554026,14.0390833648299,12.564864552485,12.5191533932577,14.1537849661088,12.5234473759255
"Perfluorotridecanoic acid",12.9511732084665,13.9771241342079,14.3605502875034,13.132193584131,13.8176522905838,13.6784469006923,14.0469254888942,14.6989330918729,13.8966136547693,15.0392492665923,14.8052518708826,13.0729265072769,15.6252034419388
"Perillic acid",15.6355388219164,15.8011093029847,15.4927172006223,14.6719714740243,15.724176122808,15.8638971461637,14.802341271081,16.0724554126065,15.5919035289706,15.6361521206454,15.8551919209366,15.8835499612452,15.4278513733932
"Perillyl alcohol",16.2955935586346,16.1668919207415,14.6639833238883,16.0794451837744,13.9039789313785,14.7387196283784,16.2932811291338,15.8872548494355,16.2436915089658,14.0163034623553,14.547848789966,15.2801774327153,15.2805121414737
"Perphenazine 4-aminobutyrate",15.577113157014,15.7530766001738,13.3468823844424,15.7745568324718,15.8425137095255,16.421372031596,15.6239253771687,13.815323617264,15.7302778249354,16.4260796946294,15.5658978628774,15.6873530616187,15.5114108683918
"Pevonedistat",13.4154363848565,13.7548490823363,14.8704095707942,14.5110720272155,14.2096351370473,13.298787293364,14.111454977312,13.8755779049225,14.2294061811713,13.7247750351875,13.9774123447504,14.3867981708361,14.1431808459896
"Pg(16:0/18:1(11z))",13.6951014687862,12.9035402300824,12.4686989767751,13.5853074564944,14.3094686143373,13.3044707519211,13.6629630982703,14.7459349614361,13.99174795453,13.2359634270169,14.1418968583862,12.9515677207102,13.1550110615943
"Pg(16:0/18:2(9z,12z))",12.3150147284999,12.4152777898426,12.47963317734,12.6734230163039,13.4053607907953,13.6140247088015,13.1022592636683,13.7991701818018,13.1436908670239,14.1031944947698,13.3131161196293,12.399167615435,14.3196416905181
"Pg(18:1(11z)/22:6(4z,7z,10z,13z,16z,19z))",13.3588329586326,12.9584284248083,13.0890516702482,13.4482900022392,13.2235532878897,13.2501947395358,13.1737280706975,13.4243738009318,13.5921688137462,12.8804892881112,12.5319017063379,12.7655443628087,13.7382231803252
"Pg(18:3(6z,9z,12z)/22:6(4z,7z,10z,13z,16z,19z))",14.2769811664291,14.2906677322517,13.2343517002931,14.4342528854907,14.1589904371143,14.1481838051405,14.5888147988709,14.163956442918,14.7456732361791,14.435162289604,14.1500438946599,14.174578609438,14.5389762527186
"Pgd2 ethanolamide",15.5463064039914,14.4980261002999,14.6138599842132,15.2139444543437,14.9217408389056,14.4363762064042,15.622390083965,14.35235323959,15.3805203585663,14.2687649306446,13.7377063311203,15.1458074560883,14.6269442272425
"Pgf2a ethanolamide",16.6471652209152,16.609043864718,16.1668873820839,16.6375777495208,16.6342650898251,15.765220956751,16.7201181464713,15.921662227777,16.5590574687277,13.3661549994988,15.6537583217957,16.4369410044739,15.93290919058
"Phenazine-2,3-diamine",14.9627086859549,15.6697976025816,14.9268753620678,14.8168007496273,15.0251993819583,13.4543831107162,15.1272867723135,15.4593524154448,15.1544629181749,13.5740146903716,15.3325466937615,15.4515378079356,13.7272903433504
"Phenol",17.6212057506889,18.1203373551662,16.2702260318956,17.523718971459,18.1649251688286,18.011058962081,17.7279350023048,18.3439086699044,18.0524984454273,18.042424498558,18.3924563215793,17.4563957472434,18.3426013457432
"Phenol sulphate",21.9472236120238,22.4745296914359,20.5664289449534,21.8578440219518,22.5328542767642,22.4008215119535,22.073224977369,22.7071513410789,22.4674656279853,22.4254450260651,22.7532088587061,21.8876365845922,22.7182237529059
"Phenthoate",13.7638553817146,14.0843972466516,16.9898160258095,13.6627276645528,14.8948691504699,14.0508965120147,13.5721556242003,13.924667951105,13.7616801409562,13.2744766279845,13.6951468001259,16.2207945765663,13.7781997822343
"Phenyl acetate",16.4563631316881,16.3719903413923,16.6251431012762,16.286070525621,15.9349887070411,16.2736978466969,16.1574964444335,15.8369645127643,16.326575736092,16.3096066655341,15.8313721813338,16.6892788785659,16.3898406643155
"Phenyl phosphonothioate",16.6025836512296,16.7387321092356,16.4553521681147,16.2523251206152,16.3545620124585,16.5103853368332,16.511641698113,16.728189513075,16.4354037489758,16.2233668262091,16.3653602278904,16.508019456302,14.7348846751445
"Phenylacetic acid",16.2752615163729,16.0060935983318,13.6728566050124,15.7494284786863,13.7224852622921,14.1968723069395,16.0344138215314,14.2827599416755,16.7866472435077,13.9119116246005,13.5719280024998,16.4021188430419,15.836107735311
"Phenylacetylglycine",22.3821257546349,22.3639921321124,22.83433872892,22.3616417186981,22.9479435985424,22.3279059504116,22.3677062681335,22.5589676860641,22.2900207628645,22.5020556009816,22.395127209182,22.429752154554,22.6077880174389
"Phenylalanine betaine",15.6986943824016,15.2826499746517,15.6067019596843,15.7236419212325,15.5155110119651,13.6556615043669,15.5298003396534,15.3201998726658,15.2014514763032,13.5387509939962,15.3849310216074,15.1306528150977,14.8446822219161
"Phenylalanylproline",18.2565824691727,18.4686515399794,18.6470101542138,18.0221181614337,17.8576533659049,17.6795882220531,18.1424932629973,18.0643906472166,18.0544686619531,17.7793518751523,18.1220236795109,18.245235009932,17.227720039237
"Phenylalanylthreonine",17.8273933318495,17.8340744886893,17.7939516444089,17.5869684132631,17.1077713103869,15.8643136648922,17.6292623420759,17.0714347871932,17.6216798352912,15.8356441492765,17.1300504270283,18.0731112656141,16.5240750687763
"Phenylalanyltyrosine",12.6360370561992,12.6349551232655,12.6113627306486,12.6263984377182,12.8295347779382,13.5228659113263,12.570333423668,12.890045645582,12.6016382563391,12.6286948991642,12.5246058283441,12.9933359848717,13.0399767550953
"Phenylethylmalonamide",18.5389813763356,18.4201727941141,17.5985905677151,18.2679633085544,18.6775419516224,19.0648437783368,18.7968552928403,18.6331710086425,18.7348197648946,18.9692555823098,18.5462653342077,18.8223271984666,17.7115413831864
"Phenylglucuronide",18.4542091276285,18.9973345645357,17.6306243736467,18.6679899595085,19.8879253397885,19.8746593951648,18.8943634782359,19.5479266475156,19.3473931404965,19.9473822940805,19.8703175362672,18.5870376043185,20.8760422272333
"Phenylglyoxal",16.0413765034383,15.9222774700988,16.3365196621506,16.363427301118,16.5013203763478,16.4440006434197,16.163772830414,16.2246423345287,16.2999980958834,16.5635940425232,16.6967838025936,16.3045797309306,15.9993233577622
"Phenylglyoxylic acid",17.5364994152679,17.7745711387824,17.8758620085873,17.51220571334,18.2790053378225,18.1231046935277,17.4744643120579,18.1400369626761,17.3588153869003,18.1881351292219,18.044282561396,17.4139963557294,17.9870558429013
"Phenylphosphonic acid",15.1101313203668,15.6799434630765,14.0955024903248,15.2580107382315,15.2657559394294,13.0156428023868,15.5782023905218,13.9968193309695,15.7728359371457,13.1372247622122,14.2469594645586,15.6584271966257,13.312193068829
"Phenylpyruvic acid",17.4305578569944,16.999705086508,19.0165892326769,17.0324223880669,17.2556652577811,17.0223323850097,17.3240960501472,16.3649353507287,17.530838117317,15.5726542520652,16.3476905476535,20.1060452973951,17.5436616431562
"Phloretin",14.9114788406073,15.0260473601076,15.5353876360043,15.1752629569527,15.0853187363304,15.0544016221504,14.5815735097069,14.623000327695,15.224682380787,15.2939576997212,15.2777109474373,14.9332660559278,14.8427483769456
"Phosphate",19.3416719088383,19.1158704809209,18.8161839777167,19.1113063640947,18.9884355778833,19.0663410909813,19.2459655388996,19.2713944125096,18.9890467691254,18.91850317638,19.2369543869679,19.238594344471,19.2631529406077
"Phosphatidylethanolamine alkenyl 16",13.8280456737657,13.5493902433006,13.5233545350687,13.9557309195347,13.9209165620685,13.6359712342576,14.0657407735534,14.3745106351408,14.024757331283,13.7362802139269,14.1310547834642,13.6382521484229,13.4715755428898
"Phosphatidylethanolamine alkenyl 18",14.7453724133639,15.3000332013424,15.1235575801891,15.558485461305,14.8101521794379,15.3953750106803,15.9791391468545,14.9450760739038,15.8147498779333,15.4309213016314,15.181302525881,15.3102254601084,15.2955063751775
"Phosphatidylglyceride 16",14.9738042367866,14.7637709939302,14.4528455329578,15.0119404153609,14.8461126866166,15.1702525402732,15.317024014768,15.0895331411855,15.1813132040092,15.3817853999232,14.8278349280077,14.7385396907514,15.3348107147163
"Phosphatidylglyceride 18",13.9776028620763,13.8853089942453,12.5427661168333,14.0411555852171,13.7141178020667,14.9290150279933,14.3055167183777,14.1124487669866,14.6692296510663,15.2335725512421,13.6293889434065,13.6338263710242,15.0079000922653
"Phosphatidylglyceride 20",15.2685820437409,15.2878297524703,14.2595450376726,15.3901380150145,15.0188757842283,14.7348705059087,15.5328576686732,15.1025954476828,15.5492352795545,14.8540877697168,15.1324660997979,15.0892858403923,15.1153301658937
"Phosphatidylglyceride 22",17.8906043951636,17.8761566493054,17.2090214142756,17.9802773189728,17.9565976601309,17.0707382184428,18.0874131715317,17.9604522857652,17.9558529529434,17.3546218854455,18.1415383443738,17.6061700035551,17.3133327353657
"Phosphatidylinositol 16",12.391665054302,12.3539188925891,12.3537470611313,12.2883619649814,12.3504918542677,12.3594098795006,12.3441802129491,12.4463087958795,12.3516235481079,12.3410116384589,12.3645512823581,12.3543999268065,12.343154517788
"Phosphatidylinositol lyso 20",14.3012461689635,14.3590294157264,14.4396573638886,14.1463823662897,14.0479074802092,14.1489472446076,13.9886655275697,14.1105660721207,14.105675571995,13.9938740373072,14.0865477950106,14.1314855098441,14.0288365288671
"Phosphatidylserine 16",12.7413563590862,12.5130009831199,12.6461559539789,12.6864765572976,12.993507976379,13.1609691989744,12.7269171934777,12.9100244864459,12.7294546255557,13.4355262234275,12.6883871378824,12.7116692185515,12.9227595969395
"Phosphatidylserine 18",13.5139889074488,14.1030285069135,14.5016141307475,14.105478838331,14.2164402255099,14.5576303196794,13.477693314752,13.9011671953895,13.7882784775522,14.771578403069,14.0931790940156,13.7379280296966,14.1760906217324
"Phosphocreatine",17.5076606906651,17.3943977430786,18.4892581374031,17.3569928823978,15.817705273717,16.987988044358,17.2693176941838,15.9699392391748,17.3715092361143,16.8388717837028,15.8514640958384,17.5151632807726,16.459696032249
"Phosphoenolpyruvic acid",17.9794041738013,16.9303162704793,16.6308052329609,17.4669242575484,17.1792648383828,17.4296985505757,18.1564204813383,17.6364264956449,17.9783636733927,18.0997003133856,17.4816819285913,18.0246816166265,17.3360779479247
"Phosphohexose",17.7031300596478,16.9762050188547,18.1911328780579,17.1184593651575,17.4264859759729,17.9249552426938,17.6980429104413,17.2205861664242,17.628927489632,17.2613256735592,17.3972797546642,17.1024037564452,17.6103414482661
"Phosphomethylphosphonic acid adenosyl ester",17.2909920811675,16.9861247772855,16.8389564449641,16.8036978783119,17.5167056310291,17.8607118659178,17.3217010794254,17.4415314634222,17.1991915098766,17.8172046618774,17.3361821918037,17.1706144220597,17.8150748414371
"Phosphonoacetate",15.5216733418291,15.2843373031512,12.9023499594453,15.6333823899465,13.206013334826,13.9488388913191,15.3291140178582,13.5488127213509,15.6590792111549,14.4615921351027,13.2258612059,14.3839536498449,15.0737431977439
"Phosphoric acid hydroxymethyl ester",14.7464872905278,14.482468054545,15.1422314903913,14.0886176803452,13.5023159623347,14.4639434092909,14.6434902417837,14.1584318347636,14.0325638052931,14.4768041695486,14.0572298106967,15.0467748919692,14.5500663337095
"Phosphoserine",15.4591286513238,14.3321247335738,12.9609520134658,14.9622275793316,14.9648711939458,15.0247150294675,15.5967352226998,15.2310411867433,15.4296573717496,15.5621527627338,14.9803506421534,15.5183377734793,14.7092307957236
"Phthalic acid",18.6773101882467,18.8145813856965,18.4926948669257,18.6644298167604,18.5826487417968,18.3858457830563,18.5219783725987,18.5814429868738,18.6911867676212,18.5514821457342,18.4225835056177,18.7165352128287,18.2522332388621
"Pi(16:0/18:1(11z))",13.4932099371694,13.7147734092198,13.0921453867481,12.3633742985912,14.0545555745505,12.8298863188478,13.5516070570682,14.5643295686194,13.5156552551202,13.2071842971706,13.6228998983336,13.4936959853664,12.4496949569075
"Pi(16:0/22:4(10z,13z,16z,19z))",14.7023307528653,14.7501448621229,14.0059679620577,14.5833983297308,13.8683760748105,13.3975472407903,14.8509846111473,14.7299721773305,14.804369117231,14.3859666361223,14.7660266410805,14.5047137064645,14.3306462996162
"Piclamilast",15.5084256048255,16.5163083831296,16.593510793354,15.2700894354819,16.2568976480562,17.3657368580651,15.3479884409014,17.0044210681258,15.1337380587193,17.6576769284997,16.0048323291891,16.3974242416533,17.0631577314493
"Pimelylcarnitine",18.2382120228906,17.7657489982372,17.8993536890648,17.8564031476665,18.0805935318957,18.5274206899637,17.9864357146303,18.1090710240271,17.5326961569099,18.1321766045615,18.1557742619803,17.9867410625374,17.5244012164247
"Pioglitazone",12.6236694644384,14.1792633525265,14.4577360379357,14.0038769212362,14.8850439052245,14.6464879289592,12.5801444211603,14.1132993490644,14.8128099425541,15.4596461478803,14.7528591544349,14.2920285866599,13.4361883526954
"Pip2(16:2(9z,12z)/18:0)",15.2779156919232,15.4844921956359,14.0426020105384,14.5100125229846,15.1370912194546,14.5422149218616,15.2223864271955,15.4695406337683,15.3275111022694,14.3839434549734,15.0699630246364,15.0663029230628,14.4308342737105
"Pipecolic acid",19.3197392629881,19.4045480290242,19.7120934655186,19.209088717881,18.6646153737489,18.2277720841996,19.2296085954591,19.5641255338138,19.3733083999538,18.4814707809855,18.4249243184829,19.5213024810534,18.7306810501345
"Piperacillin",15.6556253413669,15.1412079829379,15.2559037797107,14.9077904266968,14.7048718900018,17.6156061856547,15.4192718417134,15.8582958529132,15.5909782555945,17.7926673055177,15.3765598088176,15.3361649774716,17.4739375616877
"Piperidine",15.9135563114115,15.651227256678,17.1645127195238,15.9550957059801,16.4876606298782,16.011684554462,15.989683255672,16.6277397340078,15.9186073734928,16.114656954053,16.8335019177155,15.9145270388473,16.205718656321
"Piperidine-1-carboxamide",19.0361015423233,19.0446829384937,19.206265891231,19.1634030478137,18.9361735556396,18.8632697144856,18.9909863116092,18.8266211605861,19.158095410397,18.976079600445,18.8257102971276,19.1349794134539,18.6209261226979
"Piridronic acid",14.9168476851348,14.8292442925529,13.1439111171496,15.0160038687235,15.628254654329,14.3318164531757,15.2512891302144,14.8726657719931,15.7308983859213,14.2065651693794,14.9160105519796,13.7549012613973,15.7998563748828
"Piroxantrone",17.7894438494824,17.6746498016248,16.7676611080045,17.7115438186142,17.9557133786132,16.7289043328559,17.7273677480064,16.3029416768938,17.5093305969739,17.2447528260609,17.8121446302551,16.9227958858255,16.0016342125869
"Polyanethole-sulfate",15.4491665221135,15.477866270555,15.0696198721944,15.49689564412,14.5249270353843,13.876645305998,15.4769479632471,14.40408820406,15.6112025389141,14.064071323684,14.433370715936,15.3732002517694,14.9835730028239
"Polyribosylribitolphosphate",16.491476852837,16.789080909666,16.7622214361115,16.1278190360652,16.1931060404607,16.7019607174473,16.2741211183651,16.632992940385,15.8919059786214,16.0634536944193,15.8878091764708,16.8118926463537,15.0471603656208
"Pomaglumetad methionil",12.5066695729759,12.3454643139142,12.8265090842319,12.3680457524143,12.4157692640347,14.2769706484224,12.3592343136718,12.6816816549096,12.5533972891123,14.7554913014266,12.3866012129498,12.3827682847888,14.4004482375398
"Popop",15.8580443767085,16.1505820199461,16.138189797567,15.574174932925,15.9815132243201,16.590776506069,15.5670943386901,16.1482951717548,15.6105142672779,16.3778115782378,15.9273730227124,15.994286484511,16.080457501288
"Porphobilinogen",16.927252380248,17.1184365033934,17.6118603236284,17.0438331585635,17.1249416718268,16.8032451860195,16.7113233584215,17.0582566419865,16.8299079125891,17.0339412128978,16.9750309843934,16.7995245537563,16.3184517113315
"Posatirelin",13.7813534426308,14.8803743532394,13.8757149890044,14.7581121633762,13.1431831444046,13.6583017280078,14.368849244867,13.9202806380994,14.2722833190355,13.498941579805,13.1389094634207,13.3457385025995,13.863780174499
"Prednisolone metasulfobenzoate",12.7865183213614,12.5512747596161,12.3391136628351,12.6587757156738,14.3692028207846,13.3662120139817,12.927091865979,14.0269759353196,13.0961051609077,13.2659830060763,14.5224774299812,12.2071925447033,13.7942101710877
"Prenalterol",21.1048239708048,20.8760555133314,21.1171466242804,21.4444599799432,21.0955863171629,19.6064486196292,21.0349391718317,20.835182857002,20.9268042643516,20.1197581097488,20.9248251312213,20.7056669387703,18.3853807825164
"Prenylcysteine",18.8922705370493,18.8375947758105,15.865275201899,18.7444258661701,17.7005463327016,17.5509669860954,18.6886895709125,17.5923956372553,18.3513812908941,17.1122664496031,18.5156514676899,18.618115734847,16.7721233231387
"Preparation 11",16.6346126683935,15.9584619668796,13.8624158493425,16.5912116372457,15.6262286818221,16.5731656702556,16.9247317280328,15.4753366070265,16.8967994464923,13.0598615469197,15.5543299921254,15.1147905940281,13.7671569219389
"Primisulfuron-methyl",14.8880401861375,14.941288744886,14.7897685163886,14.9252379719496,14.8489165367505,14.6915254724402,14.906178776996,14.9281186580645,14.9023614852068,14.818928207379,14.8946338715806,14.8232116238212,15.7600438815647
"Prizidilol",16.0722638668072,15.9585182584084,15.7877827657423,16.0236716646168,15.3713038802695,14.9627749883057,15.967324491107,16.1017353340486,15.6748562576669,13.8019187417003,15.8357664897488,15.8886715633106,15.1238902879818
"Prochlorperazine sulfoxide",14.195295314688,14.8656149376695,15.3089489918602,13.4182484633254,14.0502155784057,13.4005926348954,14.2063605558629,14.3438372815746,14.2233019045602,12.9388844624784,14.1937142079245,15.0770705442059,13.7651202989836
"Procymidone",15.9180161364741,16.3309491664986,15.3024915480936,15.9583201333558,16.2787996917617,15.7529965956766,15.9704535654189,15.7482167253803,16.1658397254218,16.0104729643849,16.0035451094556,15.858887291066,15.9613774964463
"Proglumide",12.2304706205921,12.211626755288,15.2159422601079,12.2608609656052,13.3958263618442,13.3919759890953,12.2118653990753,13.0425251639888,13.2465086615275,13.3412153891137,13.7316586031226,13.5507050132521,14.3568625439741
"Proline amide",16.3030565118476,16.1882739425519,19.4443186031059,16.2316717655252,19.2979370281288,19.0291391703477,16.5240726820143,19.2974819480963,16.5794950049789,19.1858773554362,19.2965820108201,16.0966812224616,19.5121053457555
"Proline betaine",19.4042141139923,19.0375189085289,17.8864921770081,18.8557572484712,18.317254619033,18.5886719703528,19.3141034764501,18.49308005924,18.8814321966018,18.1761626475205,18.4897993196732,18.3357939087093,18.7922524171051
"Proline glutamate",15.9552761656385,16.5990137842097,16.9698088235528,16.3991452361258,17.1008133557923,16.390933444562,16.236956931103,16.6852082161841,16.3041327705966,16.4677729101564,16.4536228964907,16.797878855713,15.1146410061155
"Prolyl-serine",18.8143272943214,18.6360012390866,19.0978494842546,18.4855865604691,18.1056512864514,18.7082470041573,18.5166450596794,18.3768089095657,18.425148903773,18.825478023482,18.5614346878541,18.7535945982554,19.7711917950396
"Prolyl-tryptophan",16.5389224940343,16.3920330532792,17.1142708907115,16.4116107123061,15.8647587467187,16.1867755041818,16.3057133573429,16.2487489865757,15.9986850468849,16.1630812526601,16.3264195923795,16.5643410742119,14.9793864145465
"Prolylhydroxyproline",20.0039067899548,20.2821889644678,20.6148192930226,19.8992127778197,20.576895281228,20.3238543940458,19.6452328518683,20.3116675273711,19.8072913282744,20.5835061316719,20.2621743779051,20.3529463075458,19.6804424688727
"Promethazine sulfoxide",18.0418136643865,18.0153935258254,17.3818547483202,17.9821258652709,17.6956442420144,16.5856829486936,17.863500098982,18.2028057108377,17.6886129918528,17.0705755218007,17.964548474156,17.7726544685004,16.8367604303196
"Propamidine",15.3481843057696,15.5675775319563,15.7988895679751,15.3801097963355,15.4702442586758,13.2393938926524,13.1944116214972,15.7233654863038,15.3719178939625,14.821147899178,15.797946988899,14.0245252511809,14.8744797469718
"Propanil",16.6447592358518,16.2199975174245,16.1897565046705,16.2739556494736,16.2346892942026,15.9810475109583,16.6144397268495,16.3940924015843,16.8960995916224,16.1963722047222,16.4945350046668,15.2034377727976,16.4537241083672
"Propargite",18.9636746569911,18.9665114821069,18.8176947936254,19.0309744447669,18.88931035347,17.7094531582333,18.8083423102371,19.1888567173458,18.733126820405,17.9535092288152,18.9798450425343,19.1231353913126,16.2925469734233
"Propenoylcarnitine",19.8785940485822,20.5672226379643,20.1990907935481,20.0206397411974,19.8341592617479,19.88037375395,19.8778917538429,20.3133847314644,20.1277745927694,19.8114856063793,19.9933471593625,19.9565971481225,17.809376834615
"Propiconazole",13.627718603106,16.0029434127195,14.74457806504,13.2340833286585,14.7984432346203,16.2668690182533,13.5466458469104,14.2691983890111,13.227415451794,15.9543003169596,13.9990908450328,13.9957007609423,13.1325618691622
"Propylenediamine tetra-acetic acid",15.2718403436716,17.3312951003154,16.6003708646705,17.420101852786,17.8321335522243,15.9873040263692,17.660149137001,17.4281672981872,17.6883691542883,17.1103211158095,17.0823834485088,17.0541960652369,17.7287113792668
"Propylparaben sulfate",15.43571810796,15.7382849417948,16.4331314329725,15.3281370843656,16.0645225580359,16.5249551227033,15.9477094976813,16.4288288732818,15.3673283247415,16.6146467369619,16.2039164589352,16.1095458652104,15.6200172768737
"Propyzamide",17.6569285387395,16.0977170013915,18.67364573578,15.4331035453036,17.0763176381556,16.7668194605172,16.5600389141421,17.0312356593377,16.0451654632826,16.4034618993544,18.0133445879269,18.4286886768992,17.4636830178267
"Prostaglandin e2",15.0626221347946,14.8779480650274,14.9315780073828,14.260577467105,13.6381853003457,14.9079508204652,15.2882601697129,15.3064415071223,14.8989592937535,15.4452802962453,15.3221799098969,15.4519074556552,14.7484145576226
"Protocatechuic acid 3-o-sulfate",16.4915581835068,17.0160419659484,15.8542835011055,16.2573593720329,16.2569019000287,15.5244002023087,16.3543805422838,15.9204928919209,16.2931479324475,15.6114047098061,15.9605204203103,16.7735563241461,15.7025324479599
"Proxyphylline",13.7381217970172,13.6408542594305,13.5091716421122,13.3083311026285,14.0786099892855,13.8285228149061,13.6419932786657,14.1338058223613,13.6060335213573,14.0719083516624,14.1890023747109,13.6675506907424,13.9112554084698
"Ps(16:0/18:2(9z,12z))",12.9687337929772,12.9573778171445,12.8549398169933,13.0867868324862,12.5093852909519,12.8502365237044,12.9958218164978,12.8692079370447,13.2448072239444,12.7977046906045,13.1377594959103,12.6486400989011,12.7081114684231
"Ps(16:0/20:4(5z,8z,11z,14z))",12.8164343535123,12.4859452191741,12.90276354288,13.1110148835871,13.0507771828227,13.034990795051,12.8476448574587,12.9083287620805,12.8940733554385,13.5748536734907,12.7323652660921,12.6328276333488,12.8791732980614
"Ps(18:0/18:1(9z))",12.8367752276831,12.5087154439224,13.5149271174913,12.5407739947665,14.2103515432042,13.3017038610002,12.3617985719483,13.7193417471762,12.3684215087785,13.1961821942868,13.9812441807089,13.10920680178,12.5379287084921
"Ps(18:0/18:2(9z,12z))",13.0078005367109,14.0259370219269,13.5872106447033,13.6236766202291,13.551631975382,14.2819783213576,13.8340705335752,13.5986069714009,13.7560691041748,14.6481769101098,13.2500621232469,13.7468325200452,14.3652852876986
"Ps(18:0/22:6(4z,7z,10z,13z,16z,19z))",15.4933382670842,15.4567955652066,14.6676187742398,15.7301842581894,15.3440842308373,15.5467823455853,15.7333264307179,15.3123840387616,15.7047057816039,15.7696467687864,15.3441690225794,15.1530216218643,15.864997326158
"Ps(18:1(9z)/22:6(4z,7z,10z,13z,16z,19z))",14.1016392344721,14.3161908012822,13.9676840799371,14.4358122512804,14.0993577797388,14.4656647998649,14.3200470316187,14.1774753798659,14.4583482780694,14.5691872942175,14.1824227619909,13.9380037993077,14.5476594115068
"Ps(19:1(9z)/22:4(7z,10z,13z,16z))",14.9409018257499,14.6719927868607,14.7313259272795,14.9892664938826,14.711688548161,14.7185538157766,15.0032253524325,14.5838586691349,14.8711596840695,14.9391124801039,14.8723933185543,14.7827754625476,14.9372089987684
"Ptaquiloside",14.7408381155241,14.9977470845235,14.5399192281139,14.9473289249995,14.8523516097396,14.1661720014971,14.6264939223083,14.1010521771499,14.9362683718091,14.4632015557852,14.1213127254489,15.1834987215697,14.7225966307019
"Pterin",16.0684808352418,16.0342517229315,16.0508642951254,16.0251837034244,15.9841148735127,16.1640506914325,16.0781505626138,15.9506081534813,16.295936069984,16.0670779700643,15.8641265866908,15.8946142839199,16.292029352497
"Pugnac",13.4189482770129,13.6699229792597,13.4726282539691,13.1079749712364,14.1074223532109,14.044871197433,13.33053979009,13.7424470724362,13.4771947608902,14.1441895495133,14.3048685495145,13.8900806633049,13.9711991993
"Pymetrozine",17.362760754774,17.2213649789982,16.6556393454279,17.5599202936357,17.6595755393844,18.0563326761197,17.1598093429802,17.6370483105037,17.5622386011416,18.4417868830709,17.5878563701042,16.8022887961416,15.9578401746381
"Pyraclostrobin",14.245451997052,13.5429231907212,12.6576664221232,13.3548029693082,13.8982866594436,14.4117573917349,14.2472516400758,14.212024026347,13.9201093212937,14.7652974809158,14.3673310380657,13.6804390636953,14.7670926787947
"Pyrano(2,3-c)pyrazol-6(2h)-one, 3,4-dimethyl-2-(2-thienylmethyl)-",16.5877790659198,16.8205605632125,16.6493396627991,16.7191359650045,16.9331000488282,16.9495216379351,16.6571851007928,16.8024556147783,16.8362117584245,17.1215078729183,16.8573514188412,16.734974718509,17.0346871081692
"Pyridine-2,3-dicarboxylate",16.229169206889,16.4479653665026,16.0654768149205,16.1953366568692,16.1246009897358,16.080774790747,16.1590776805917,16.143972204943,16.3036575561555,16.0738845683247,15.9912943217132,16.2995871556247,15.806156596885
"Pyridinin",14.976126591202,14.4246905755157,17.0745450097032,15.5497083110808,13.8469447769032,16.1526635072727,14.0606776587832,13.991615574319,16.3970240696521,15.7603361234861,15.7237677831416,13.4662067536396,13.337553496917
"Pyrido(3,4-d)pyridazine-1,4-dione, 8-amino-5-chloro-2,3-dihydro-7-phenyl-",14.9844029727222,16.2695010868341,16.2288902625701,15.1577760141461,15.7321739609776,15.705403768311,15.1695547901817,15.6894603496484,15.8308808719523,16.1234305335516,15.0610368519873,15.9294073853606,14.8720116352975
"Pyridoxamine",15.9587745841043,15.7161093464166,14.57105916441,15.4670175426019,15.1327596632484,14.174072005226,15.8539723598963,15.3698952430944,15.7006733619926,15.0248209279813,15.3465562640958,15.3805689038696,14.1655559522988
"Pyridoxine 5'-phosphate",16.1441008798475,16.2955627562038,16.3691642473266,15.5198258245262,14.9675018339268,15.7817604021063,15.9590336785719,15.5801822311264,16.3067666601966,15.3152128768374,15.1314206572894,16.4149738136242,15.2013642898576
"Pyrimethamine",16.9112507496311,16.8772926786013,17.4453441361218,16.8647533400344,16.1134453880586,15.2011363996343,16.8102145758414,16.2125091932622,16.5094349702021,14.9709076541762,16.4896501806538,16.8054458145263,14.2101735019212
"Pyrimidine-2,4,6-triol",13.2645323941916,14.7213075887953,16.2959463578555,14.5835484964261,14.3167816271289,14.7368484011429,14.254612542297,14.6180437143705,14.5342152931991,14.4743983065827,14.5176475413554,13.6779312419423,15.0110370877426
"Pyrocatechol sulfate",18.9274882645798,19.5241431346743,17.7720259300732,18.844948290998,19.2114106191698,17.6738348232261,19.0865639822499,18.9596554844511,19.3690996551513,18.537687187605,19.1395787786889,19.1975076968138,18.2109735956142
"Pyrogallol-1-o-sulphate",18.3131494587237,18.0996499265415,17.7250859955013,17.7707844074205,17.1588750456,17.9165429128815,17.985593949527,17.7705570974874,17.7111012897976,18.2831420302701,17.6305274774212,17.4319305106371,18.4269434683907
"Pyrogallol-2-o-glucuronide",17.5114023194989,17.7717962550036,17.9819188071779,17.6606949623492,17.7997573343147,17.9251155686686,17.7390699187159,17.6550196459513,17.7856538802008,18.2387308992648,17.8875284850251,17.7711166691634,17.4107444918958
"Pyroglutamic acid",20.8839479776391,21.1615108457272,21.2980487583578,21.1263285506217,21.1267035297179,21.5537908327144,21.0024482655714,20.8974656822765,21.1243150645336,21.3647091759686,20.7554499955952,21.0492642158013,21.1358428016385
"Pyroglutamyl-histidyl-glycine",15.6992893052137,15.6078440789062,16.0719553561302,15.2026707776422,14.5582278747917,16.1431970830774,15.2622778297127,15.3818710651517,15.3171650204693,15.8233488563139,15.408007131708,15.5052347706884,16.7370710534675
"Pyroglutamyl-phenylalanyl-prolinamide",15.4602219651493,15.2766848532882,16.1287979990933,15.9319654251859,15.607952635603,16.7382565152583,15.4141658376597,16.4278258992544,15.49943753139,16.8377574412483,16.6468866930805,15.6046602164093,14.4953246903562
"Pyroglutamylglycine",14.7053438525442,14.6510124424645,14.884525182349,14.7347716501432,15.260993841845,14.5908535433724,14.4040794921263,14.9345980500722,14.5128120854716,14.9749200968177,14.9092158519517,14.7661165817975,13.607060047549
"Pyrophosphate",19.107367253068,17.217374850785,17.0178803787274,18.7788750420648,18.769886390926,18.65681165832,19.657183608543,19.3351297195316,19.2495236342764,19.6259955719791,19.3219005592775,19.3509708623974,19.8392797628377
"Pyrraline",16.727309885901,16.9374091709682,16.5861762778129,16.4168530627731,16.6811432158399,16.5787377905079,16.5636140578072,16.5106448134294,16.4361607953129,16.3403432317221,16.7139285997393,16.7755794742546,16.629752285016
"Pyrrole-2,3,5-tricarboxylic acid",14.5448756970603,14.4068646916921,12.565759963038,14.3918300860427,14.1088495649341,14.2922046638547,14.1535193812264,14.1852667549493,14.2087307253615,14.5306863309303,14.1989370514914,13.9327434131625,14.9438428794259
"Pyrrole-2-carboxylic acid",16.3209985039967,16.1818903643239,14.9284695197815,16.2182289649442,16.233187069214,16.3634712698922,16.0516691929389,16.5026991910116,16.2586391511534,16.5498606664773,16.3589376337541,15.8200202872749,15.2095281633778
"Pyrrolidin-1-yl n,n-bis(sulfanyl)carbamate",19.9640660274228,19.8959548184296,19.4782200722756,20.0167046351978,19.9785805140124,19.7964667109418,19.9990573911737,19.950373572282,20.022209028205,19.9037853987036,20.0207303473333,19.9541059924528,19.8556687272168
"Pyruvic acid",16.4514835937526,16.1352843644616,18.6510897480697,15.8921389168736,17.1834888339316,17.0371325740941,16.5690202840525,16.9317184929938,16.2334926925189,16.4585314664641,17.401587487404,17.67636034506,14.9246055004422
"Quercetin 3-(6-o-acetyl-beta-glucoside)",15.5318742962601,15.5058402341125,15.4131041603019,15.5003659787642,15.4938681037213,14.6835206112328,15.5235846067572,15.3982844823129,15.5030345015493,14.7059515497048,15.4454723772544,15.4775566292612,12.9445805348232
"Quercetin-3-(6''-malonyl)-glucoside",15.1159838888918,15.2326791293755,13.6397485508622,15.1339104927104,15.2659584757197,14.4965239920116,15.3226918525789,14.8841660576697,15.6493529453832,15.1717470817186,14.7549862386601,14.8084171074249,14.8352808288594
"Questiomycin a",17.4844547199599,17.6918514336927,17.5096505159803,17.2189766712052,17.2326802211093,18.0836492236453,17.4447165839296,17.6712510281187,17.1238415090775,18.3234665981174,17.7254575211211,17.2550289610909,16.9545260681745
"Quetiapine",14.9846048384295,15.0985363791205,15.3253702636931,15.7186796028798,15.9032925885984,15.1863722796274,14.2225562640301,15.3947868005321,14.6668644519048,15.6864821491228,15.416848552739,16.0221467189849,15.4908402606097
"Queuine",15.405093604083,15.4118091421462,15.074575825088,15.4445633783331,15.7366181779794,14.1660440052997,15.2087277626325,15.7380300865553,15.387495379259,14.6347035180843,15.6140060223049,15.9609827847875,15.4215469935474
"Quinclorac",13.4832747194781,13.6901029134464,12.58496486445,13.4583488422756,13.4288253712392,12.730767341922,13.5501873549249,13.350611067903,13.5877512295791,12.63046123412,12.3689907046545,13.2894989059855,12.3337010887309
"Quinic acid",17.0872626154392,17.4270695242497,17.2953367430574,17.2012308855966,17.2281824837409,17.4778208987913,16.9838610436431,17.2577822708186,16.9626687166068,17.5131339252804,17.1265346578067,16.7468153177134,17.1333255217627
"Quinolinic acid",16.1656325935366,15.7644278716526,16.7638322609716,15.8939517651623,16.5664237338095,17.0460711435917,16.2811888723271,16.4616488908386,15.8524542126885,16.5764737274684,16.6158910618608,16.1672186313986,16.3938648583034
"Quinoxaline-6-sulfonamide",14.6780770610219,15.2477127468559,15.7439947670473,15.4014533026638,15.282262948952,14.7535301883954,14.0260370073296,15.1798538547775,15.4958541592641,14.863343999506,14.8715015075961,15.4729726759591,15.5275313193178
"Quinoxyfen",15.0738362185047,15.3049385787417,15.6612967164264,13.1442381893632,15.4454359866442,15.4279689934159,14.8040099674841,13.1872629700659,15.4224094560482,16.1748016095512,15.2274335536275,15.4797740128761,16.9702522661645
"Quisqualic acid",16.4184327083556,15.9854953264591,15.0830124121916,16.0825729551392,16.1754194205576,16.3566119550486,16.512394945045,16.2394070230934,16.3741276022063,16.4707947866679,16.3275385845763,16.1630702779555,16.2088693145984
"R-limonene",19.4960707477662,19.4304274966148,18.1562569590691,19.2680505427081,19.1603270715767,18.7747441336472,19.4460143039811,19.011930321327,19.6685382000515,18.8599108632198,18.518374732115,19.7828440806813,18.2608272256637
"Racemetirosine",14.4044974348459,14.7796851056394,15.0957183680088,13.8047255701966,14.3719532225937,15.3863956042683,14.613700170244,14.1732849476716,13.9178169535966,13.5270894853695,14.4773470863397,13.8999583541128,13.3834815196193
"Racemic mixture",15.3234762134161,15.9665006301799,13.2090772903531,15.5007608251001,13.842465822853,13.1831055632231,15.2666367806666,12.909715333958,15.4518943431838,13.4213433739342,13.5925298473933,13.5701102320014,18.2217380427236
"Rebamipide",13.0347425872711,13.1710008124816,14.3422109464302,12.6585412016899,13.2109140481714,13.8186461768089,12.6122701683436,12.6890942584693,13.1538095361237,13.527098469085,12.6384182374757,13.3603395671054,13.0483782650635
"Renzapride",15.1397157894798,13.8070593595034,13.5000085529614,13.3117431170929,13.3210639855528,15.26131008326,14.8953412692383,15.1988987548654,13.3917000967037,14.9085802453526,15.1960927066553,13.4645420846128,15.6701625546309
"Reparixin",16.1209429487297,16.3503467190036,16.1460856161396,16.5645809866372,16.137214683517,16.0026469810692,16.0909901825429,15.9800445463374,16.1622351043053,16.3745675645576,15.9374021861042,15.6850201225151,15.3589232826945
"Resveratrol",14.575886021444,15.5008457427729,16.4299542941663,15.1538538327536,14.6756672122167,14.0625885637359,14.9497908685313,12.8305941405133,15.3126789221931,12.8434875401955,12.6557540947423,15.837476558456,12.8071405862602
"Rhodamine 6g",15.0730092795469,14.204997542627,15.0552413806351,13.2569429055231,13.6670106166101,15.127407891943,12.7489422023965,16.6382715418234,13.2572475385346,14.9671440042485,16.1149158929757,15.0694583864992,15.2777966503054
"Ribitol",19.9403081372671,19.9356779366301,19.9006226278122,19.7691073857432,19.7168779729802,19.9970927896511,19.7867827966237,19.8515745545071,19.8233999431938,19.9293124961964,19.6919060297185,20.0965640126403,20.2887149442307
"Riboflavin",19.1762891305742,18.8859706412186,18.0176103475409,19.0730478818626,18.9673095311524,16.8562865341749,19.1646551756887,18.2903890084227,18.7304042644194,17.7006183278707,18.4211287791373,18.8575843239686,14.4423141303487
"Ribostamycin",15.938450418244,15.8011845831675,16.3164292719175,16.0935020356189,16.5290524839303,15.1029601880641,15.7018521453063,16.0100824395158,15.7070244693244,14.3826269841693,15.8487419578785,15.2826006374556,15.313800952208
"Ribothymidine",21.5192552169186,21.7605582099497,22.1665282963571,21.6343937958406,21.6007168218267,20.6885080246753,21.4494948960079,21.6872020711352,21.4444216975004,20.7385911902181,21.6477386891879,21.408039438291,20.9367795079165
"Ritanserin",13.8784854826856,12.6969317274205,13.57907799588,13.2747151274839,13.1167160670106,14.2049446848713,13.8379863217174,13.9561188372818,13.5621909298337,14.3886375065435,14.0301425354692,12.9468999148549,14.4760808505731
"Ritipenem acetoxymethyl ester",15.1354586339795,15.2400645557258,15.403014621173,15.1947511608441,15.6349225681661,16.3196718353378,15.0292806495684,15.4654477665007,15.485143427005,15.309249895439,15.3166840638878,15.3711799726989,17.3579211979416
"Rosavin",14.3759881494937,14.8616253968124,13.0102261922246,14.9020760515128,15.2196053948307,15.0316188990083,14.8462503494321,14.3893114490734,14.9502527295999,14.8409893186369,14.8089964597565,14.6586822297198,13.1733342449516
"Rosmarinic acid",13.4819563449113,14.2764087400018,15.4451581235658,14.1101424113326,14.202263681313,13.8085355311641,14.0140029836254,14.3699478210108,13.7385112347837,14.0342618620776,13.6904640520335,14.3914468813176,15.057858117025
"Roxadustat",15.5972452522786,15.2942520128461,13.2315232516087,15.5126192938457,14.6546501787519,13.2929868181921,15.2510435791802,14.9273239909386,15.2362322382099,13.1729283952705,15.3793461580431,15.4642406233544,14.1194403780184
"Roxifiban",14.8190050871459,15.3454062144964,15.9440033943005,15.8138044490488,15.7104200171185,15.2721152104816,14.9454865233714,15.4244420594339,15.1020218438545,15.4522636879724,15.2346088506209,15.0872560220207,14.6010871265036
"Russian vx",18.1376127504278,17.9025582522239,17.243139265095,17.3110627155434,17.7160519096076,16.9368985470279,17.3917464070859,17.8777469234811,18.0852691138093,16.9779624450149,17.3073573965406,17.7995720380225,16.228041431082
"S-(2-carboxyethyl)-l-cysteine",17.7726589159265,17.1919698114979,17.4169685855452,17.6951721644562,16.8453272658865,18.5170540065228,17.7444609195107,16.9744133583144,17.5790617800759,18.3964716124237,17.0472649269885,18.0227935715773,19.4094788076855
"S-(2-carboxypropyl)-cysteamine",19.8674327281005,20.1251469636453,20.5152033828756,19.8824330535394,20.3864847149209,20.3817329166238,19.9185553627537,20.4181724328347,19.9256621577677,20.6458852502778,20.3088660803459,20.0869958452001,20.0545256778729
"S-(3-oxo-3-carboxy-n-propyl)cysteine",15.8206043842965,15.5827966834383,15.4973112297434,15.9019681293236,15.8553986306208,16.2628215928183,15.7275627637653,15.7053348557166,15.8807579779865,15.8222591724924,15.5335823896744,15.7575404425638,16.13597314653
"S-(6-purinyl)cysteine",16.0713574246067,16.0413341618365,15.525494097789,15.9641211111186,16.0385784960033,15.4499928518475,15.9998958030019,15.990275772587,16.1606116755584,15.6232973249415,16.3064430758621,15.2497147076262,15.5289201990894
"S-3-oxodecanoyl cysteamine",17.4541040935152,17.6092424934567,17.5272857682591,17.3248999223902,17.7459764188263,16.9088974906176,17.3838816523032,17.6188741384944,17.3667210232612,17.0085153254576,17.7460118244009,17.3030673208149,16.4264822644214
"S-adenosylhomocysteine",12.7839278557776,12.8448053261529,14.234510967594,12.7721126479378,14.5729666407793,12.8391228885548,13.7351661479562,12.8324243246476,12.7333914760847,13.1553444899402,12.6977580975796,12.772313201376,15.0395297388355
"S-allyl cysteine sulfoxide",17.0029792298303,16.8760044810183,14.7861278241709,16.8525290523828,14.2160573785197,13.3899857500734,16.5899639788795,14.9566040507147,16.8252115260518,13.6439675401761,14.9088753980513,16.4087400995636,13.9762272284886
"S-carboxymethyl-l-cysteine",16.0686288638982,16.0298670104388,15.9142943077225,16.0718396562075,15.7610028497167,15.2884821840611,15.9483800523599,16.0180717311499,16.0555708179788,15.3625870340183,15.7300771626095,16.033940367017,15.1508618747681
"S-ethyl dipropylthiocarbamate",17.2435961260351,17.0983657085044,15.4494443647071,17.1538635534194,15.1926323721,14.6315047662914,17.0305485639703,15.2229433898767,17.0972229729304,14.7471265062575,15.3988928458185,16.9206791612231,15.4776458704116
"S-methyl 3-methylthiobutyrate",15.9673047821623,15.8475030363387,15.6677078987835,15.9359321162295,16.2339023109546,16.1459492885384,12.924007004259,13.3124372264527,16.1410474483383,15.5713590204787,15.9296230371405,17.0207907657855,16.7378650801194
"S-nitrosomercaptoethanol",17.2206217343312,17.3979741135512,17.2066570130231,17.1611525306315,16.7939658290198,15.9692144886804,17.1788383951832,15.7082589373448,17.2391171164627,16.4250242721939,16.1032725278982,17.3486767634501,16.48652860754
"S-oxide",13.7358517368043,12.6707247700672,13.2422641388292,13.776987168341,13.7595697758249,14.9517610571895,13.768937887528,13.4965389426467,13.5777002651322,14.4370141675496,13.6879305150009,12.6112907987213,15.3883160076116
"S-petasin",17.7774093456515,17.7233763730876,17.7535095723861,18.0974785999149,18.1959702171687,17.1519903844274,17.6625753285014,18.0448115744352,17.9419697244834,17.0151509539314,17.9166471376883,17.3405857794271,15.2580362798846
"S-phenyl thioacetate",17.1948285477522,15.2331172262131,16.8595647700033,13.1151283964379,17.2309514858196,19.7535288804712,13.2121261009803,17.5149642063369,13.6011507931868,19.5803601513733,16.4732566586241,13.1723660659449,19.9814393178521
"Sabeluzole",15.4120472094778,15.8241045436619,15.8479908325347,15.4861098517666,15.9170404351784,14.9384701257198,15.2750529166467,15.5391699998059,15.6677486191948,15.5156214273323,15.5549914730693,15.8653075681395,14.6107695646457
"Saccharin",16.6863618774963,17.2299767403124,17.3452029526583,16.0983515509185,16.8289177447684,16.0971540748752,17.1853674406199,17.7270164700264,16.6019877471743,16.3375850789059,17.5619096666136,17.6402842748401,16.0465767103801
"Saccharopine",12.8347826263708,15.3799882463289,16.0818171093377,15.2751172230566,16.1091654379247,16.232388623521,15.3041780609268,16.3985537553124,15.3604132968973,16.1623441238153,16.4461724884248,13.0356379851428,16.0684791368269
"Salicylamide glucuronide",16.6307661557631,16.7581768747102,17.1055005836723,17.0642095414846,17.0809808550077,17.3492628609356,16.8110823573834,16.7487954481877,17.0659821381069,17.4260606107847,16.65180567683,16.9070229229741,18.2732083181805
"Salicyluric acid",17.6135682540317,17.4339857250043,18.3626813119714,17.7852911214771,17.4952587545811,16.2021809826229,17.432972319606,17.3510274395882,17.4174545919117,16.6509977111573,17.4450087002504,17.4126743337169,16.1005561697894
"Salidroside",15.5048451588336,15.470074101847,14.5713377900308,15.4383437704598,16.0556203050792,15.9475437087211,15.5622521340216,16.0680080424943,15.5188628137704,15.8365921124643,15.9778250201856,15.7799993775623,15.8933848343456
"Sampatrilat",15.4655785226757,15.1785200047095,15.4065539876088,15.6269678446271,14.0483230962719,14.8855212667122,15.4871620793081,15.034997806647,15.5249846698504,14.8345162224497,14.2796270088138,14.790734825161,14.9289033407108
"Saroglitazar",14.7718480780511,14.5384255300538,13.693579604179,15.4134172850963,15.344860548822,15.8083706258604,14.6377753195318,14.5024655470708,15.4682403521754,15.6817105575185,15.4028168884055,14.7228002753712,15.9502999450706
"Sebacic acid",20.3653162053271,20.0774860189651,19.7254637575882,20.6375520047659,20.8003132518221,20.2255939206208,20.2091019138571,20.3544538791614,20.6333397382562,20.5295409492006,20.3665569847778,20.1253965854526,19.2611791537403
"Sebacoyl-l-carnitine",16.4891700847332,16.4099298361016,16.2571720953915,16.2507601619345,16.0285115702631,16.5059733093108,16.4997074275688,15.9205493042908,16.0929445480263,16.0991239684563,16.0180421168274,16.3435999688947,14.270366839732
"Secnidazole",15.7969736655105,15.8291603245158,15.4101490335524,15.868032921066,15.8479784606958,15.8762570727184,15.7921053880244,15.9517257901019,15.8431805052257,15.951291030834,16.0198660028041,15.3227199451797,15.7017779722114
"Secoisolariciresinol",15.0663650765593,14.5351316852438,15.1528844644747,14.6749503955895,14.9909587769328,14.3611038264415,14.8208477470686,14.9842828849312,15.0352457223655,14.9398854049918,15.1645248082685,14.9986533864416,14.7503342599939
"Sedoheptulose 7-phosphate(2-)",16.6654908969816,16.575454680627,16.5747334172524,16.5457912422264,16.5393331706705,16.3218884881222,16.6129926662683,16.6261294430296,16.4716034942385,16.1580352349418,16.6850488380354,16.5767627375005,17.7153080196436
"Semidehydroascorbic acid",15.7374860832006,16.1092865576805,15.8599411493938,15.9405698094133,15.9273956588136,15.9962891644119,15.8702591285869,16.0345382778973,16.0326009016001,16.081486099774,15.8033035944781,15.7516374570147,15.5852426131954
"Senecioic acid",16.7550596655041,16.9440853627261,16.6141552370424,16.709969552196,16.9752374378474,17.5645438569357,16.6568014585764,17.0298146810153,16.8463334909707,17.8185206368557,17.0473216950286,16.3948153472656,14.7565784162226
"Senegenin",15.3775235612871,15.4436750063631,15.0376973225636,15.3786833579239,15.3540281046061,15.0519465831852,15.596265765557,15.3082300649726,15.5770231424198,15.1315934499504,15.3533680421134,15.3544089736899,14.6209644374436
"Sepiapterin",16.0715208323003,16.4934494470442,15.7352662868264,16.1514648556316,16.2553189181071,15.606949221259,15.7176598477059,16.2863381578626,16.0299338653748,16.0442400945547,15.9298494572118,15.4541605974991,15.6247186851609
"Serine glutamate",15.5498868085175,15.3788016536808,14.5658683073626,15.3750149771581,15.8539978468973,14.3538227196125,15.2508374557344,15.3815361073907,15.9368523574779,14.9023301807288,15.2353664052762,14.7958836408358,13.0677224288195
"Serotonin",13.558402402015,13.2080638052226,14.8830610316252,15.0266870929834,13.4616998359613,12.8442077632483,13.037123320787,14.5880552393613,13.6500631131372,13.6925889428002,14.1150426967643,13.1533733281346,12.8459638307329
"Serotonin sulfate",14.3634847525495,14.373961087194,16.0618935326699,14.3811671209776,13.5131332757483,15.4218895540548,13.9909691662197,13.8969417776057,14.3547554285603,14.3413970715942,13.5528270518497,13.0643012665937,13.9760217490914
"Serylvaline",16.0250005164912,16.2236640124848,16.0539999774076,15.731056022285,15.5015047687124,14.9407003156458,16.0180094901987,15.6748283222428,16.0511550158069,15.2122843700755,15.5773981578467,16.4036077269582,15.2640141742887
"Shanzhiside",15.2413151112428,14.8197269715133,12.6297496021653,15.039769670097,14.2789687407835,13.2782790235635,15.1175411196019,14.801058850398,15.8192275323758,13.9827984701446,14.6161292797784,13.8486536188527,14.4498622226752
"Shikimic acid",15.7237811187466,15.9174193259876,16.0242908622083,15.6245072371218,15.8754701436257,15.9233227995744,15.6236418725903,15.9754586474515,15.8043495555762,15.901024575333,16.0936672136661,15.8129521101449,15.9776803828261
"Sialosyl-tn saccharide",14.2983785827615,14.4172517960522,14.2416660539255,14.5965644026541,14.8918894513759,13.1626572983012,14.575037047509,14.3037860138633,15.0081501659046,13.725836430817,12.6891636944128,14.6644308867265,12.8540810510438
"Simazine-2-hydroxy",16.6020369926309,16.1871331151108,16.8471212441643,16.8405151182642,16.3823960516192,16.0844370616323,16.5387019458348,16.0818118557381,16.2258723314623,15.9336965294518,16.2911222434617,16.5744150576782,16.4481876564407
"Sinapic acid",15.6608494181413,15.8059568354206,15.6692641239367,15.8854478865855,15.7910780822202,16.1339335178091,15.6733553825148,15.8820388313554,15.8169463463123,16.0143825866487,15.8562496126976,15.7869968814242,15.3875471799293
"Sirtinol",15.776694666462,15.731861065938,15.5604757789579,15.796707931193,15.3943998878869,15.4074881967442,15.4795895149042,15.8143712161395,14.844346578551,14.8308947919722,15.6617568125925,14.4423012323548,15.1232293074425
"Sm(d18:1/16:0)",15.3665778931421,15.7205699739613,15.8090960769492,15.5431072603258,15.4359279453026,15.9642445729102,15.2074431876306,15.3833407656873,15.390070089266,16.2215382907505,14.9704680831409,16.0428290155739,15.5247754215274
"Solgol",17.4330461964977,17.2820254062233,15.9037783804593,16.9927370973705,16.31133242683,16.4801392549906,17.4141397983504,16.7391680175596,17.0819709936191,16.4037574707161,16.9829963925157,16.5498760944414,15.1812827170027
"Sotalol",18.1773929923031,17.8365584850499,17.3132356852534,18.1205536059161,17.6001297165983,16.3203383900381,18.2191852144837,17.7370406065051,18.2560439617531,15.8789600759132,17.3432990688325,17.7594965263388,15.0780483389092
"Sparsomycin",16.0129530110984,15.5910608307389,14.8645551603332,15.9485012443756,15.8262524684914,15.7325055575101,15.9198772545641,15.87442627708,15.9588918306026,15.706909453288,16.0857578970989,15.7756823044266,15.8776649150841
"Stachyflin",13.5682427935333,14.5323325663978,13.1179957733377,14.3155634562607,14.4788866943702,15.2582487510573,14.3233633595042,15.2380473628972,14.3618981565427,14.9183634630521,14.8891369522069,14.3713374385195,14.7702493750917
"Streptidine",18.9364212603888,16.1378827587323,17.2311224635336,18.2481847409325,14.0104010480789,16.3781106041538,19.0843878286652,15.5005261466734,18.8829261573645,16.6248538746897,15.7194804032127,16.3760253788343,16.4915822570322
"Styrylacetic acid",13.5032671758772,14.200307644892,13.57307638222,14.934909919579,15.1382521823698,15.537827252779,13.4948045450105,14.3919911924176,15.3095255057037,15.7711291387144,15.0829014370974,14.0140865013758,13.8892157296992
"Suberic acid",17.2943136969259,17.3371965847905,17.3184316919818,17.2131535402733,17.5561990332849,18.1029739383827,17.2280348160759,17.5639510225327,17.3955373217882,18.1975772375119,17.5676711981104,17.4350834875273,18.0889201602913
"Suberoyl-l-carnitine",16.7537595842685,15.7891187845267,15.836673657941,16.203360731909,15.1118410773936,15.3531557988416,16.7596599208927,15.2980721360012,16.2161194201183,15.2047776682358,15.3710302064782,15.7918077061937,14.2071249932401
"Suberylglycine",18.8475816969399,18.8190160858432,18.6586722050826,19.0088336743,19.036122904558,18.9113144452866,18.8071307690544,18.896808432622,18.6935931256104,19.0223478952833,19.0060803288425,18.6839486443671,18.8472481142329
"Succinimide",15.8290875961286,15.5984474677474,16.3988292979973,15.675982483339,16.042298726453,16.0801499337886,15.8293502098836,15.6039440255152,15.8676851315325,15.9990986017967,15.8947285952276,16.2649510460554,16.623677025918
"Succinimidyl acetate",19.2445918843311,19.2633315070677,18.3385880108383,19.3768668437889,19.6356560319525,19.5340879404507,19.1806182452222,19.6605525001691,19.411780264347,19.8770509751411,19.5153647292029,18.8550115711153,18.3973918984332
"Succinyl-trialanine-4-nitroanilide",13.1680778366493,13.5809563931662,14.1276212501024,15.4895115382879,13.3183926325541,17.5768332027848,13.1944156220328,15.1983212826628,13.3909278509816,17.1878501937628,13.2753165132586,13.465233365952,16.041286028659
"Succinylacetone",17.2922612142158,17.2316455397758,17.4891175677601,17.1899965309009,17.0175369840448,16.6012216905264,17.3324792253237,17.3168566004735,17.0652645354083,16.797446847517,17.3406622390758,17.2895411475008,16.9502344997592
"Succinyladenosine",16.0209485564397,16.6821730623992,16.6510920409199,16.3084555151246,16.7182990749941,16.5852062533058,15.7940605035531,16.6384337030213,16.168579048229,16.5523796870993,16.6702464080177,16.7022489928655,16.675175779301
"Succinylaminoimidazole carboxamide",14.8710405900411,14.4673752624889,14.482967535402,14.6651941323482,14.9791573814246,16.6117142335817,14.231293078636,15.2171706100351,14.3775041806784,16.7305785910665,14.0657532743297,13.6970343614379,16.3806751824062
"Succinylaminoimidazole carboxamide riboside",16.5283573129006,17.2904948938538,17.3747263559572,16.8757196768503,17.2871762157487,17.1993580263051,16.5796937882054,17.0853131276773,16.8947264406898,17.5195490311374,16.7888709832991,16.0517069307787,16.0219536376804
"Succinylcarnitine",19.3390173159723,19.474853706624,19.2198369263022,19.2368828255843,19.0052978433107,19.1999783219485,19.3055626159457,19.199793720226,19.2067520894186,18.8346869430098,19.2025467160016,19.1515736075862,18.549494371733
"Sucralose",15.117361252958,15.2478516386496,13.8079472476125,14.6003943063966,15.4766040200076,15.5859674211686,15.1566745278486,15.570727256307,15.110112067132,15.499008788996,13.2904385941296,14.988993885725,16.501251723336
"Sucrose phosphate",15.1994947678662,15.225752719875,15.0534099421153,14.8923389841556,13.81896716544,15.6232743473265,15.0049978814642,15.183981752731,15.1698178614381,15.4795464822843,14.9765926128015,15.1472472653026,15.4850244709466
"Sudan black b",13.552342801207,13.6601568368351,13.5211585826356,13.68714118811,13.5617779309872,13.0535739405129,12.9874433700984,14.3835069266921,13.5813748887987,13.8654180601206,14.5050665199546,13.0271793474811,12.8737609158923
"Sufotidine",13.6698725379707,13.8702554958044,13.5946404322534,13.8913949332356,13.701453765322,13.4279975374895,13.5679115524873,13.7330420709293,13.7012728678969,13.360200480687,13.434793787785,13.619891420383,13.0605089741525
"Sulfachlorpyridazine",14.7748583765764,15.0677151709302,14.6518178971058,15.0407495609053,14.709323391661,13.8900482803926,14.8219737828661,14.4553945350794,14.9532373895,14.2252554536247,14.4288316979034,15.0777539913469,15.0225912872317
"Sulfanegen",12.5574414032342,14.3954991257456,13.7471101248257,14.4106533898758,14.6541599335293,15.1914248577077,12.4665223753831,14.52245716172,12.9911791840864,15.8835163092287,12.9414389008809,14.517598169564,16.7203598584481
"Sulfanilic acid",15.1450422183285,15.3061719407018,15.4126296973166,14.879680745899,15.0045809681029,17.148180191973,14.8725199147577,15.1897881161733,15.0834736766513,16.3122714324316,15.2704052916369,15.179278411573,17.1743657301184
"Sulfate",19.8266991632249,19.968384506621,19.8920513575494,19.4462701461963,19.4942869252482,19.9361565894364,19.6974976000639,20.2798575070948,19.4538336293288,19.9443504926074,19.8755330713369,19.202292419126,20.1789888982786
"Sulfisomidine",13.3805411470896,12.9840878391144,15.6995977022592,12.8421854568254,14.3039351563535,15.9561324958341,12.7997453706485,14.1635245260651,13.006633601036,15.0697799659767,13.7434792615386,13.5654790851293,14.5738498163897
"Sulfo-ciprofloxacin",14.2110973794785,14.2346325646126,16.3124719738893,14.3585999933105,17.6711411548779,16.7235361296503,14.3146384374322,16.4540272286284,14.469909836077,17.0714340046846,15.9472867470694,14.3922854225842,16.7119522340555
"Sulfo-phospho-vanillin",16.3209513244942,15.3269033382546,16.7066167174974,16.0609281221478,15.8381548869844,15.0382979610805,16.5381345038591,16.1308668626285,15.8247570433088,15.2946047590283,16.2429297325619,16.127727428949,15.9649015341506
"Sulforaphane",14.2768144844199,14.2075365845796,14.8668470445904,13.2465905762446,14.139802501449,14.1660336265393,14.0166008055492,14.6638313947917,14.0176765688581,14.4614849993885,14.489061678836,14.2885652849135,14.3034032726828
"Sulofenur",17.0860985125867,17.3762550233345,17.4312707138318,16.9056546554334,13.308865067022,18.4284283113507,17.0088670868362,15.5106953847526,12.8971139763968,18.0119103264143,12.7623998118623,17.4122574367171,19.1240436205749
"Sulotroban",14.6232449574986,14.6348651040195,14.7497508255692,14.9399056141326,14.7320830597944,15.1886705020402,14.5945974150801,14.5319787996542,15.664015645117,15.2559877574338,14.9222850146873,13.9490336370723,15.0086640448443
"Sumarotene",15.9301652373246,16.1088382945428,15.7308064942992,15.6799728020664,15.5930049124264,16.3958649392216,15.8999330707646,15.880504314138,15.7543199606795,16.2213199416243,15.6793430417176,15.8204070181055,16.1493290985781
"Suvorexant",14.1347992679143,14.0258647998258,13.4549430840893,13.9438039144049,14.5038323866969,14.0957873179095,14.2314231113951,14.4640635684554,14.1836072164662,14.3222689023286,14.216369086147,14.3324050300833,13.9904757166671
"Swertiamarin",15.7770930030501,15.4071303717386,14.5146872900244,15.5503991341029,15.3525614175725,14.9374749987878,15.6188265187357,15.1340979788698,15.5138880491913,13.8158978536439,15.2866511169639,14.0040637609327,13.973317749258
"Taisho",14.0594917444722,14.4659200432337,14.9276086488784,14.7247361779732,14.8645260374335,13.7322918842064,14.2025278038878,14.3498899238981,14.8997013926188,14.4081537063516,14.3868164704671,14.575176463168,13.4761620977282
"Talactoferrin alfa",14.5670347813256,14.1816541087443,14.0755515968511,14.0527109626272,14.3350509260811,13.3632399689051,14.2824026023343,14.3360837279087,14.2348368283864,13.90262561215,14.0671901573423,13.9220862269902,13.1100526230653
"Talarozole",14.8662214113958,15.1609783333713,14.9992442585423,15.2899363614579,14.0273879988851,15.6571732547924,14.9286038579948,14.7433033122337,14.6952497212362,14.5828438792362,15.3322610681792,14.5424724793504,15.409402025693
"Taurine",22.3315624735493,22.5658664708001,22.4530626272273,22.3703548258017,22.0239013043119,21.2517811630658,22.3572730305452,21.1629077356514,22.4050095481698,21.7799391543961,21.3822407023388,22.5308871414382,22.0102635864599
"Taurine lactate",18.1855904920971,18.3109511985758,18.3240030739584,18.1964109458275,17.9988987306694,18.2141321774791,18.2468335569251,17.9850504093568,18.3612159666709,18.2462530600527,18.0852742013413,18.2927633100159,18.8709379668391
"Taurocyamine",17.9420913802747,18.4131572281157,17.7617732496344,18.3218051784401,17.7508327917374,16.6782258160306,18.4019870166957,16.7563461154418,18.4886661453045,17.4655925193059,17.1162070517343,18.3542200622265,17.3683628628576
"Tauromustine",14.4468956191969,14.2157899510041,14.4409734438797,14.1601247229502,14.2477107218714,14.2611944007634,13.9939586024075,13.2539725174903,13.4929497372336,14.7776079194247,14.7727965860119,13.632322081128,14.8240400424869
"Tebupirimfos",14.5867777860596,14.6459585429617,14.7399308994736,14.6819729410543,14.6968915330256,12.6069666266002,13.461605184305,14.6674897364167,12.9664235689158,13.8566376319818,14.8077492079176,13.8944210907498,15.5775892780765
"Tecarfarin",16.3822098607805,16.46726973273,16.8788262385817,17.1322357467115,16.813290153428,16.3979792100632,16.7184231997358,16.1353648246348,16.1638769002275,16.5589189626274,16.7811909755669,16.1458667827725,16.4146907877976
"Telmisartan",14.4092617359486,14.8093093051358,15.1852000115402,14.2440977576235,15.2848141286319,13.3327401049413,14.4676762259351,13.2716106611674,14.2934409780363,14.4988771929012,14.1347285216377,15.0965397623971,13.1773754472592
"Temephos",14.0382085791225,14.0363435871778,13.9377818985193,13.9125060266954,14.0317498364407,14.0933068301246,14.0124315448795,14.0515020682488,14.0259342203027,14.3443957812594,13.8503841529023,14.0784382115964,14.5353186776352
"Tenatoprazole",16.7717077540433,16.2251288080379,17.2841174555881,16.4525904061885,15.9141022723172,16.3309127541367,16.7033694880552,15.8892353710784,16.5054229206282,16.757850298146,16.4990268343138,16.9736679278037,17.1595569860769
"Tenidap",15.4523915611504,15.5807165358179,15.1725013891872,16.1159642912485,14.4526703878346,14.1820367760455,15.4089250782502,14.3275389683549,16.4419830240513,14.9381014963259,13.4271037391951,14.8646319895603,12.7823556292455
"Tenocyclidine",18.4284581502353,17.2846350655336,15.3719372658702,17.5248505595133,15.9980991500973,14.4862314535356,18.2553639235385,16.0655237628999,17.7313859192983,14.4221277633033,16.556369250611,15.8974887610332,14.7673496184583
"Tert-butyl 4-(1h-pyrazolo[3,4-d]pyrimidin-4-yl)piperazine-1-carboxylate",16.3408932091203,16.6511572721379,15.711827440593,16.3763095728394,16.5171576850066,17.0718663396739,16.4934064458423,16.4709026810346,16.7120790805389,17.3056333615052,16.5086487976648,16.1652404257712,16.103209094011
"Tert-butyl n-[(2s,3r)-3-hydroxy-4-[(4-methoxyphenyl)sulfonyl-propan-2-yloxyamino]-1-phenylbutan-2-yl]carbamate",13.58498150993,13.3376802056491,13.2685807116191,13.1030717651216,14.2683382167339,14.8977216680982,13.0708750937488,13.9377885666748,13.2690436717378,15.1156019119892,13.0827595874694,13.34565751822,13.5651068009472
"Tert-butyl n-[2-(prop-2-enamido)ethyl]carbamate",18.7856700065295,18.7937453935516,18.9382537001999,18.8199798299155,18.8881658249734,18.6407687567181,18.7781528120191,18.8773560964854,18.7531747605494,18.6864619518358,18.7920030375754,18.8153404560396,18.3421831597777
"Tesofensine",14.6749290905123,14.5037843493392,15.1446863999593,14.4916412163369,13.5346905969682,16.2415061423786,14.6461635289777,13.3372096931561,13.462368288023,16.77394272477,14.9103262010424,13.0288348311281,16.2773195066089
"Tetrahydro-2,5-furan-diacetic acid",18.5749145903321,18.4556414328536,18.4787515287978,18.8558742994814,18.9148195727366,18.9220624181553,18.6198187699906,18.473599224864,18.8153856833882,18.9356807497192,18.9620203472592,18.750577381661,18.5747391585729
"Tetrahydrobiopterin",17.2460534931271,14.7948586730209,17.0945993350377,17.0197298884738,17.1215294115851,17.6391731245132,16.329208637346,13.5771780148158,17.7553951331239,16.4729553239422,16.7676865641156,17.1145497998178,18.0394324465018
"Tetrahydrocoptisine",14.1530622888353,14.3123094498756,13.8706268754865,13.3670428595833,13.9314534993449,15.6451300160337,13.2571385197503,14.965151036051,14.3210599148884,15.8800955196732,14.8469480028178,14.4768057189225,15.4700125164947
"Tetrahydrocortisone",15.1361697530142,13.3716870130187,15.8273803119605,14.2914644270342,14.6566413012506,17.440017411301,15.0310018350744,16.1055782303968,13.6631082015415,16.9221187648758,16.4854410259084,15.3864071510133,16.0159356426773
"Tetrahydrofolic acid",16.0006678887649,15.9169804106372,16.5892581163959,15.7495902802237,14.8618538677351,15.0368531141829,15.8974137841479,16.0127698762015,14.9805135470896,14.1066314578556,14.3083451113696,15.4157086237649,15.4613543102422
"Tetrahydrothiazine",14.9298565615183,14.4117797728058,16.8099273833784,14.5578772851601,15.2940316915012,14.6108044269803,14.850900820387,15.5348731376844,14.97634104135,14.7925883851976,15.7006936180738,15.1721049156502,14.8164452576634
"Tetrahydrothiophene-3-ol 1,1-dioxide",16.863453496494,16.9935390799798,16.9284153382589,16.8164769767445,17.3844091536471,17.1028097546957,16.938076798125,16.7186497673225,17.0640265845276,17.0218837654356,16.7920619316261,16.9960043926667,16.6593372170018
"Tetrahydrotriazine",16.6228364354364,16.7960734417954,16.958868859397,16.5229908651636,16.4185058838548,16.6432872351215,16.5645222370484,16.6156244613263,16.6337244032588,16.6666842908104,16.6108837684797,16.6212821976937,16.4974582740931
"Tetramine",15.0156513914485,15.7265018140291,14.7610680852905,13.9551521139939,14.4607410135825,12.9213442112636,14.8436478056233,15.5663149396987,15.0875818141412,14.3280788462879,15.3486072157494,14.6268952790199,14.2541117754727
"Tetranor-pgem",16.7895775187277,17.0248090240684,16.827304818899,16.6564336529194,16.6721927424213,16.9803974508134,16.925735167168,17.2475418508489,16.8204455092229,16.8634140950289,17.1879463563654,17.0960859230912,15.9110971964559
"Tetranorprostanedioic acid",13.1402791511393,13.2311496936933,13.5288698536298,12.5505104068924,13.5477505062808,13.7534341759164,12.7252281720533,13.3359637917036,12.9303963553681,13.8327873187307,13.5215182724917,13.571432239302,15.1238472900028
"Tetroxoprim",16.8772978829879,17.0200264119885,17.6784121955631,17.462186775643,17.2597147912491,16.7761747228777,16.8324702975054,17.3074147829411,17.2898227055652,16.9655992565142,17.2175713729733,17.3606147461758,14.0528970372622
"Theodrenaline",14.9240894710557,14.6254345798817,15.3330804124929,14.921274177502,15.2887408183215,13.9243353944468,14.5968888533241,15.3222259594131,14.5926189869081,14.3756588728896,15.6763384185097,14.4205341461005,14.0495840610778
"Therafectin",14.3532562798619,14.7729276545203,15.6260544372802,14.3086586589471,14.5168244758783,14.1253890329633,15.2071769783101,14.3074994449316,14.4264177418343,13.2670018296278,15.5681214319841,13.9584023045995,14.0992933052166
"Thiacloprid",18.1893539962726,18.3441919322522,18.1872848643199,18.2059841845868,17.8201673818399,16.5736543289046,18.2193185029306,16.2064818415663,18.2345882562239,17.2695451406758,16.7670796222437,18.4188331815519,17.6469163178974
"Thiafentanil",14.9605238107068,14.7993826414008,15.3232608136774,15.7900398372551,16.1436277166731,15.3444782006518,15.0858124288479,14.9973024074963,15.5860143550887,15.8532606548299,15.8546282864565,15.4952184033212,14.8087781973369
"Thiamin monophosphate",15.3407787626804,15.1084977380686,14.1247609009761,15.2645915629121,15.168169347686,14.0531227985236,15.8159262432534,15.3924720055208,15.7354142851718,14.7230582307354,15.2982641425266,15.1452815164139,13.3592618957227
"Thiamine",19.1844558056805,19.2831127845099,20.3883524689784,19.5322552842378,20.1243546156942,20.2406755071923,19.6031315844615,19.6325223545968,19.8687985862434,20.1058442275869,19.6367545149718,20.2233903423268,19.0826830341332
"Thiamine monophosphate",13.4348577139203,13.5477821467416,15.2445860645488,14.6898620629926,15.888741040372,14.7089314500418,14.6826865925628,14.6906002087107,14.5744628048279,15.055608925762,13.1479265118934,13.1862705472018,16.5294525261848
"Thiazolidine",15.3021020164581,15.5910371360777,15.0576044388541,15.1424488744757,15.4685070836747,14.9227545936643,15.298170989227,14.4217528685996,15.2851114713801,15.0401187015341,15.0618029571712,15.2937605431683,14.3325454311199
"Thiazoline",12.5627062068401,13.2172671907264,13.7264952110298,12.6119620086715,13.9230408045551,15.0320078816788,12.3738115616478,13.6749456072021,12.5458275926118,14.4194572085202,13.3794964742047,12.4444901209319,14.7347714032672
"Thiencynonate",16.8772968056382,17.0197580354103,17.0199954104479,17.0645642040377,16.888880486943,17.3328680260391,16.8813788483127,17.1131275607008,16.7725898526767,17.1110145193131,17.1627573115359,16.7850408363427,16.4429640833061
"Thioapfelsaure",14.1313253402447,13.107977232712,16.1051417366267,13.5321797227601,15.2970214654559,13.4858769758995,13.779817049274,14.5592077806351,14.3579726186234,13.8332603011598,14.5421708471796,16.8062876157417,14.2629962474145
"Thiochrome",15.5725760251212,14.0755802869216,17.7393782868636,14.2417572500591,16.4400303204732,16.7618806193921,15.7438151251763,16.5118887226106,14.7460348688157,15.5939191691874,17.0577908975689,17.4206464974433,15.7985629371824
"Thiocyclam",14.9464480662328,15.0837632701192,14.7403192520494,14.8526171258886,14.9547038303259,15.069469858986,15.024052080594,15.146260419836,14.993006145973,15.389775091346,14.9410663768411,14.0356493125843,15.2274482749322
"Thiodi-glycolic acid",13.7768069842998,13.5378777260358,14.4653239983044,13.7199213829342,14.2851103705903,13.8466924099956,13.7046118926497,14.0955296200186,13.8239609703193,12.7422396519297,14.2055340481655,14.2895441267191,13.2469753599012
"Thiodiacetic acid",17.6433467032488,18.4041587822557,16.5341316763221,17.851778390855,17.3782276126908,17.2008746470893,17.2809984580598,17.5128320778193,17.864211247187,17.0313722446041,17.1747771780608,17.5320550365851,17.3048088488509
"Thiol-maleimide",18.0972509540188,18.3682796160783,17.7453660304592,18.137088064078,17.9086712885837,17.9562522129005,17.9018991963025,17.9113139611543,17.9965856267323,18.2584862199034,17.7841847232448,18.3361919529878,17.8284871536446
"Thiometon",16.3033068422251,16.7227914465458,15.0009001650381,15.9563995799881,16.1196598123077,15.9617826693361,16.3564937386791,16.4962193125865,16.1967361182951,16.2171504824893,16.3338396650447,16.105642289555,16.2138916921094
"Thiophene-2-carboxylic acid",18.8775452022877,18.8974692258971,18.5927051632067,18.9192619176716,18.8655583872068,19.015026723539,18.8039550734656,18.9112345664502,18.8678291437032,19.2546392442892,19.0074547375742,18.5236029278415,19.3429555904892
"Thioproline",17.2632010105712,17.0113217273935,17.2325657427459,17.4631495526219,17.1751320845675,16.5321007965786,17.2211678465611,16.868084047798,17.1759322043342,16.6304819648434,17.127759216723,16.7806056242522,16.6768971393354
"Thioquinone",13.3980941293222,15.1887150992835,12.9023499594453,15.6333823899465,13.9011903219136,13.3225425434348,13.7547568714239,13.4520566560455,15.6590792111549,14.0445163001174,13.620018655831,12.9376059699982,15.0889918971037
"Thioridazine 5-sulfoxide",17.4640372407864,17.4983566719906,18.0676702456771,17.9871095576235,18.6153745778278,16.5588776369408,17.6134122220082,17.5365943692669,17.5842743754612,16.9536784599538,17.6369010627929,17.3428927414422,15.9138629060332
"Thiosulfate",18.7769971509472,18.4204988260836,20.3968192709615,18.1531422374292,17.6620581399985,16.9241225995418,18.6976563196664,17.2633093796169,18.4892894409885,16.3464373012561,17.5496128336405,20.2388373308142,17.5841047018159
"Thiosulfinate",14.891568139194,13.8433893807349,19.2513563348463,14.0274313415233,17.1892851692849,16.3835480202778,15.1451919455545,16.1632690389759,14.1438203248707,14.0745077348631,16.9985971749544,17.3110183524838,13.5305927287026
"Thiourea, (5-phenyl-1,2,4-thiadiazol-3-yl)-",15.1165999092749,15.095525864176,15.2409069613675,14.8666170748275,15.3541956465732,15.8665903228498,15.3451653460687,15.5487704193958,15.1723889556194,15.7521929917948,15.5699999966138,15.2948627405607,16.4391517184859
"Thioxanthen-9-one",15.7482564067977,16.0525716923171,15.4163578287956,15.2655126240745,15.7059406269744,15.4340658271551,15.5427110915176,15.8383937473072,16.1013923213814,15.3235714236961,15.6575513634425,15.7156817004982,15.1358284658309
"Thioxanthene",16.988391935284,16.5726892319444,17.1069637598095,17.0778704299753,17.1300336356904,15.9253324307465,17.0244134977746,16.6754639019914,17.0850509949117,15.9654774207998,16.6285678931708,17.3317097041037,15.8212936932991
"Thorium",16.7608075091746,16.6938630394408,16.1761680156903,16.2562188680404,15.125109832417,15.8160939380772,16.5529923361845,16.0549119905194,16.3872251348257,15.6311458316806,16.0063547588713,16.6127165148269,16.3878306158159
"Thymidine",18.2554819892282,17.9815634080153,17.4957411037733,17.8579880711336,17.1040237507332,16.3349637164754,18.3854615286503,17.5920671163574,18.3048170190653,15.8666932657705,17.5059292609431,18.6799721947534,13.9885205044715
"Thymine",18.6639945088619,18.5222833264824,18.4067370436608,18.3895623773509,17.7180423413268,17.3445084131347,18.7214329012523,18.3016757846324,18.6327722855673,17.1473673545922,18.1035288339665,18.9707375075574,16.0765312183486
"Thymol",16.4562048510228,16.5675256519055,16.4501133906912,16.8466929958455,16.630217564078,16.4579259721357,16.5031134277602,16.5452245490197,16.5694459066202,16.630687604736,16.6053922966464,16.6281349008171,15.727156639906
"Thymol sulfate",16.1066941060935,16.2822870933507,14.699832617546,16.0380298291747,14.8152631657272,15.2203737441204,15.7682384315269,15.4335217524704,15.8498522407625,15.2796386124799,15.3038407095368,15.8717151208118,14.1221335425811
"Thymolphthalein",14.995230594976,15.0828242860232,14.6228497439708,14.7833350828285,14.6851976349639,14.3937712489006,15.1541395499872,13.9460985617367,14.6557376643432,14.3751768229904,14.5352677997191,15.2980898936632,14.4639396671006
"Tiaramide",14.0845855328789,14.2784846624581,13.8103560356922,13.6153874286952,14.6971164794839,12.8883297226982,13.884259295207,14.513017383001,14.037897258762,14.3382238104372,13.4483878480008,13.9203386197866,12.9133792330832
"Tibalosin",16.8248380880469,16.6598328689508,15.5511030992832,16.5252188692576,15.6643981227903,17.09410925555,16.9615191806205,15.9707992361661,16.4991649399834,16.8672464863678,16.0533810975472,15.955907143274,16.0480983785882
"Tibric acid",16.4810467771443,17.0092527106666,16.6082150144606,16.5082205304974,16.6212802827109,16.8967941603363,16.5170767684169,16.8319092609211,16.5248724426464,16.7677182080835,16.3795183266339,16.5514763937978,16.3132515958248
"Tiflorex",14.5209671866215,14.9538392102964,15.9593652847467,14.5305502582932,14.2177683731864,15.0050523204157,13.6217731054714,13.8327438322967,13.9725619972786,15.1556438016296,14.5539913646868,13.4373212982995,16.1124845796887
"Tiglylcarnitine",18.1422695298737,17.9305550846737,18.2318879422253,18.4260783598263,18.1822784707435,17.1074077165582,18.025230203131,17.8797658812301,18.0244133429671,17.3113300745926,17.9715620710977,17.7107350914751,16.0950960398973
"Tiletamine",19.2990756912409,19.6477637849783,20.0147208265433,19.542453383743,19.8147385038006,19.6712676905862,19.2919026929146,19.6027638212238,19.4124043025229,19.6754607476541,19.5722505226397,19.3955280242441,19.1214877600348
"Tilisolol",17.9866823482908,18.325754203974,15.2361715529362,17.7433043845691,16.0189216853604,16.0761597536021,18.186096623244,17.8240636054952,17.7221164280392,16.6335340111802,18.7739444635179,17.04301131428,16.1787120608675
"Timegadine",18.0414062094694,18.0366107235954,18.8654383811417,18.336036662227,18.1027306009002,18.0103368014423,17.9947892453562,18.3022942751509,17.7159859313617,18.1118882997299,18.3919964671641,18.178802664648,16.852082032353
"Topiramate",15.5190634290351,16.298377218854,14.5772654108677,16.0434168090522,15.7486603560253,16.1544748847436,15.9394964494262,15.9774657731674,15.9250253867502,16.0499539958162,16.3460465432857,14.9803522415871,14.6520084640755
"Tramiprosate",16.2204238439503,16.0434743975071,15.8810607678604,16.2076977119709,15.6606065339903,14.3657093593259,16.2515448457188,15.5749010892965,16.0380271102728,15.2432195938328,15.9448024088753,16.1120474239924,14.457522517247
"Trans-2-dodecenoylcarnitine",14.9894257064336,15.6585294927576,14.8535352771349,15.0996479529969,15.3069996967235,16.1047258548697,15.0726210578351,15.4392291100412,15.1442696977821,16.1891653146448,15.3452032300906,14.9712687038094,15.3885678264231
"Trans-jasmone",16.7533016833612,16.0896539184599,16.0365193147194,16.4346801486872,15.7471804122095,17.0276314735966,16.7261684943797,17.0818169196065,16.2701544299638,16.5778965080749,16.5383479558278,16.0524676364616,14.7934605880318
"Trans-trans-muconic acid",16.4606819192576,16.5935431775155,14.5029942974525,16.4509563065895,16.1187685521774,16.0821730666841,16.2511604165103,16.3013034315138,16.5451105576058,16.5453934979029,16.1099457728402,15.959476446077,15.697139932469
"Trans-zeatin-riboside-o-glucoside",16.4345923643281,16.2106069541612,16.6994064421231,15.9623537384212,13.2863812703524,15.9456681265432,15.9528973969024,15.9844786149367,16.0512929377925,15.7591052213377,15.6257778015848,15.6600024932213,15.9438379758657
"Transfluthrin",13.8413269023056,12.6991245248196,14.5485042552558,13.3281218810518,12.8338400006069,12.5881684148119,12.5334081150146,13.5061689915034,12.3127944452376,13.5552907779749,14.4906254911388,13.7375494912174,13.6575154492282
"Triadimenol",16.9829998530382,16.9919217907573,16.8105372408431,17.3022127475896,17.1717679495276,16.4889016178791,16.8140938707576,16.8541404549748,17.3022642265556,16.7717460229339,16.79020830205,16.9828065324118,16.0442133679802
"Triaminophenyl phosphate",15.5195464500049,12.8559120817996,13.4454716069329,13.79769011781,14.5545825600825,14.3422229812509,15.2831247357693,14.9218684259795,13.0043734410328,12.817942801807,15.2000222784206,15.3181254107801,15.064392232614
"Triazolo-benzophenone",13.3510909133962,14.1283343539396,14.5454519909651,14.4149196427399,13.7840737798367,14.536563036007,13.1118097058871,14.2386810449651,13.8817085307538,15.808121811208,14.165743885698,12.6721689674527,14.9074881303302
"Triazolophthalazine",18.0361374544557,17.9217783530986,17.8031862419932,18.1300994979275,17.9248670559238,17.7741421358539,17.8027705876569,17.9530892551851,18.1339376140538,17.8935638104124,17.9965015605393,17.6190640400197,17.30129055268
"Tribufos",14.0973098018994,13.5565537114269,15.3428585171474,12.5467419677711,13.3809121236584,13.0247814902258,13.3500623714536,12.9986661058043,12.979204202837,12.5018727162987,14.1437000870688,15.2804579206407,14.3978991210304
"Trichlormethine",15.9483393816533,15.7524076529426,16.4458967789552,15.5607104884851,15.6455497609897,14.6540339008488,15.89785212497,15.7983281719669,15.6085407970533,14.7894690849154,16.0188262919765,15.7093172482008,14.110453466749
"Triethanolamine",16.436133207097,16.5020604680821,15.3974891404136,16.3787304981018,16.0413915615765,15.5864081121196,16.4731161669767,16.0748965762639,16.7489936892584,15.4099646571335,15.8126046581848,16.003729978371,15.47369434647
"Triethylene glycol dimethacrylate",16.0819047322605,15.1152334231452,14.673651130483,16.1709622981644,15.6477804315266,13.5885732012873,15.9763348262125,16.0531529840033,15.9169780940225,14.8914023296117,16.0497697429361,15.3611273091853,14.6109828874597
"Triethylenetetramine",16.0382050595146,16.0323908300801,17.2806324465122,12.5206478633786,17.0066651828935,16.926194428963,12.7425884543782,17.2089661370352,15.9016101224526,16.7847186412247,16.9943450582675,12.677041005245,17.2057441075504
"Trifloxystrobin",16.3417112459216,16.1898794491156,16.609400461201,15.7811550126603,17.1312166708633,13.6618797841049,16.3866990750296,16.3496647336193,16.3967588250159,14.0654336505635,16.0283786020371,16.4333855817568,13.788343284829
"Triflumizole",14.437954850165,15.7016886053359,14.7082934448129,14.6029696105735,14.7722583756018,13.5008578049079,14.3984741225551,14.6808583114694,14.6959369196865,12.4836530371188,14.1317334541949,15.2411841862922,14.3141162398245
"Triflumuron",14.9944755941345,15.0177497872138,15.1284445000944,15.0278068439212,15.0657440382511,15.8331852703033,14.9726527771071,13.007616056515,15.0113500471207,15.921562497771,14.9419452414568,15.0493602466604,15.9430380934976
"Trifluoroacetyl-l-lysyl-l-alaninanilide",16.05522272196,16.0477129912398,16.379390886075,16.1953768562365,15.0596296159157,15.6827811708994,15.5226044159159,16.0395969656653,16.33737771414,15.6079832489273,16.0501664035277,15.166050482313,14.7532909149076
"Trigonelline",18.3820743817018,18.1615039525381,18.7111679831006,18.6947328820194,18.5917240231711,18.0738878619555,18.1543577819447,18.498193250339,18.1682470656046,18.5865373490621,18.5299022790031,18.3970878422104,18.4207934811842
"Trimellitic anhydride",13.7088227124348,16.8748499739454,13.0877334971033,16.5890993700298,14.1954646094146,18.2983126095393,13.0188632853733,14.7015979764942,16.7629274487905,17.8281915118127,17.2536209835835,13.3846531564217,19.7370258081464
"Trimidox",14.7798841604682,14.9783892426987,14.8019992510317,14.8703246271617,14.6115242617927,14.0746994477905,14.6084053100401,14.6508185725662,14.7863850857493,14.3753296176992,14.7238129588957,14.6982299212915,13.2457612954535
"Triphenylphosphine",16.758616798828,15.5095631615512,18.8960268559381,15.9079366064585,17.6971033851627,17.5936846039163,16.8050311301491,17.7925144335054,15.9166088541981,16.7053947777196,18.0504375195775,17.9577345077607,15.7954553826835
"Tris(2-butoxyethyl) phosphate",16.4879477473376,18.0498958353577,15.889762156188,16.3637362285242,17.6502787468041,13.0446363274756,16.4985942415391,17.7962704080144,17.7936291934172,13.4902224551105,18.0754438391587,17.8808155866926,12.929272496554
"Triticonazole",16.5018681266502,16.4102242999769,16.6558613369856,16.2087657871137,16.4130999548268,17.2945420061631,16.3519262917768,16.3041654914594,16.3085390193998,17.3693650420375,16.5106650093806,16.5646372067024,17.7938045743303
"Tritiozine",14.7135992477219,14.6309478186531,13.7448567329759,14.9002912568023,14.5946000057292,15.0284912292849,14.6335238667571,14.978190810619,14.9050769542641,15.0812491692986,14.9908525656914,14.6407753886265,15.0933564097757
"Tryptophan 2-c-mannoside",16.4998809964766,16.9273953039006,16.7587312137414,16.7563738807094,16.7478395285218,16.0118538149017,16.486010426263,16.5487058411037,16.7677796501362,16.0532746015491,16.467230702123,16.500264440901,15.1998067309185
"Tryptophol",13.5603704695179,13.6227780646624,15.3767469656446,13.3617867596999,13.9922790277018,15.778613073322,13.2029490356929,13.9106532411251,13.9832572172548,15.8081178830394,13.4956563125886,15.9741041552693,18.3371337954164
"Tws119",13.0807439140085,12.7550228911336,12.7074255954518,12.7140288060198,12.9309919475947,15.6934995129157,12.6672143873515,13.6257554530204,15.7928679251864,13.6257395334135,13.0006057036483,15.628738189983,16.0553192282625
"Tyramine",12.4532950176116,12.7679241479184,14.7747132415442,12.6736136591517,15.6144719680798,14.8101372809652,12.3481047867251,14.404210085933,12.8651611598956,14.9163572693824,13.9503960335803,12.8520064186198,14.6062794113605
"Tyramine-o-sulfate",16.0796823617594,16.337407102288,15.4483237184772,15.9860862720831,15.578487325899,17.6715226273217,15.9509985857627,16.077961414664,16.0030662336095,17.2233769120325,15.9486971268365,15.6514528659438,17.9316639174216
"Tyrosinamide",13.2920765271445,14.7182647913942,15.9743087350435,14.2238991799241,16.6907373855087,15.8881132461528,13.298483148152,16.2809097496954,13.558275609921,16.550464357158,16.2483365234492,13.8796225898148,13.2924166782027
"Tyrosol",13.3759551108426,14.0513492377611,13.122816647237,14.0972866850953,14.120170739203,15.575735516624,13.9213407282705,14.510656952959,13.5887817537034,15.4957440972,15.2414086902139,13.4648319137241,15.5271615305005
"Tyrosol 4-sulfate",19.7558614689006,19.6807078908353,21.0004876332679,19.7119772436513,19.9647402597315,19.809866530372,19.764359240033,19.922332597326,19.5904708233248,19.9970200343142,19.7104987366316,19.6756359033323,19.3383603023078
"Tyrosol glucuronide",16.6514179713829,16.307056572614,16.2452383937129,16.8825123654065,16.5059796167691,16.1223307537834,16.6682000945029,15.9323092734438,16.3592419305372,16.2746577322007,16.3023393060841,16.4221485939144,15.7611345700911
"Tyrosyl-prolyl-leucyl-glycinamide",15.2347191796807,14.4416237919367,14.9343117258199,15.7143532853145,15.3692135902758,14.8742930473015,15.019101164008,15.1310890562384,15.1225546825578,14.5635094915067,14.9381761558772,15.413270779546,14.9798908830509
"Tyrosyl-tyrosine",14.8702199274133,15.240413030459,15.9229847557158,14.2778647932179,14.4733955428537,14.259566139465,14.4720031102715,14.9552142891219,15.6536048255242,14.5029298440302,15.258677361734,14.7363386968607,14.543511239899
"Tyrosyl-valine",16.4876599109585,16.8083442209428,16.520196635757,16.7591491223612,16.5781862540386,16.2290373420111,16.4099233566137,16.5411500665622,16.5933591294866,16.4427172720353,16.4348102118201,16.7661366458284,15.9115110306754
"Tyrphostin b42",15.036846999587,14.3498434737219,14.4025431166572,15.2880571013598,15.1877435012287,15.2344204165575,15.102258706934,14.7597880515732,14.6461262728939,15.2868019304351,14.6916257617228,14.000607087865,15.4127954696307
"Udp-glucose",15.8102640078906,13.2591855715301,15.468283634861,13.4346115213742,15.5129937890181,15.4863241466454,15.0392794361527,15.3218479720152,14.3497289570961,15.3523602777407,16.1730704890701,15.9268227893716,16.38085368145
"Ulimorelin",14.8247621558626,15.083332777298,15.0638652051438,14.6789860878442,13.8772281881232,14.7882330089545,14.9024338138833,14.3731705572701,14.6935188324217,14.4660668402058,14.8865586623084,14.8297215652029,14.811642780822
"Undecanedioic acid",17.8058567236762,18.0098179187956,17.364653308889,18.0940576261787,17.6460567564301,16.6293745710237,17.9026715910989,17.538364774011,18.6204166696359,17.0687983104985,17.2061586038916,17.9401169818368,15.7772352447948
"Undecylenic acid",16.2901994355937,16.2222972152275,15.0146485445645,16.1838939640635,14.9027949170124,15.0639582214796,16.0362683699193,15.7782923366277,16.1745362559031,15.1351686337643,15.559104116713,16.0288419726491,12.613749242552
"Uracil",19.2512018175331,19.2878926641538,19.6779318684726,19.4072723267037,19.8911630070208,19.7861350556514,19.3573111146928,19.8648048770752,19.5130359726975,19.5779538797016,19.5998937563925,20.0048480617412,18.741189274692
"Urapidil",16.9414840132252,16.0949667439282,16.6328568111142,16.7228853048624,16.8159020600634,16.3680954467744,17.0362712843209,16.136870960141,16.6446506238215,16.385895379945,15.7793375263711,16.5743154661001,16.4274599699934
"Ureidopropionic acid",19.8392082436226,19.9299410783566,20.6720184318385,20.0183117101706,20.6310718364517,20.9900429946173,20.1225880417632,20.2754047231927,20.4382802403455,20.873279129414,20.1739128807084,20.8361613085983,20.0322806724752
"Ureidosuccinic acid",15.7707135510255,15.3037491518279,18.0430487567509,15.4420772108457,17.2927589929178,18.1112000286637,16.0837433590468,16.8209801837052,15.5711603013481,17.7958776767517,16.7129222290829,16.2448565636806,16.9495182997427
"Uric acid",20.8385026891701,20.835715021371,21.1755226627899,20.8994329952993,20.9835627346768,20.6611094423086,20.8848763549763,20.8641305943588,21.0634266188459,21.0163705611262,20.9834695388352,21.1664367669063,20.9848684773176
"Uric acid bicarbonate",14.4618794804794,14.4233763421496,14.1131089559743,14.0168867147773,14.0613928414722,14.2127744812759,13.9936918896807,13.9389554224492,14.240955053925,14.7226699390928,14.1874105939557,14.4333948963767,14.8636407764135
"Uric acid lactate",14.0987618477994,15.242725812381,12.8222821467329,14.4433146222776,14.2425474810917,16.5105417768411,15.2052902694245,13.5254594936488,15.4953600144563,16.6858572261139,14.7238858048071,13.2042549098221,16.9029195438453
"Uridine",20.8981137709521,21.0088871163055,21.0007057540931,21.0413555699559,21.0912555744595,20.6930186067754,20.8617985143906,21.0055089469598,21.0204328550112,20.8706505370862,20.9298519740972,21.0163922412874,20.4050538177113
"Urocanic acid",17.1152177094799,17.2006055862872,17.1819804052926,17.3655136005437,17.5127443868802,17.4672081412152,16.8467531567678,17.6643007691822,17.1501951863658,17.9941025832306,17.3505426820723,16.8977042386051,17.308888253064
"Urocortisol",14.7109988291592,13.5965877259516,12.78409641837,13.6447664239925,13.5912734206106,13.2483720751792,14.1559419776446,16.1314581461626,12.6149375024626,13.6008651795539,16.1389610075416,16.2202379632245,16.0921645770822
"V-pyrro/no",17.5831998259366,18.4621610499228,18.8696936327671,17.6269457754986,18.6666977830671,18.5208362152455,17.3772398072766,18.5652795994922,17.6288661369858,18.3065484934891,18.4950707664504,18.4451281911158,18.5290161906828
"Val-cit",13.9275575269924,16.81314990981,16.3014049400299,13.0894747068984,16.3718261932607,13.2384118024058,14.5675572979649,14.9931976222165,16.3431156394224,13.2512945702509,15.0827258490888,17.5974989074291,16.0623811083034
"Val-val-val",13.9927787679777,15.0834033362258,13.8336365930721,15.3647704792429,13.3613923873993,13.8896953434186,15.1986342875976,13.4221053148751,15.2937033186646,14.272407071148,13.7383548329977,15.2929468589429,13.3853862044252
"Valerylcarnitine",17.3686652812704,17.7472247933007,18.4665487050778,16.647668140608,18.3072293412243,18.0531811381438,17.3015235857925,18.0529407894968,17.295901758068,18.1716666975755,18.1677479732747,16.6160537174856,16.6178005729538
"Valproic acid beta-d-glucuronide",19.7027157532398,19.8318248894996,19.6737211988114,19.7793639283667,20.0983126628947,19.3467344638061,19.5881339071995,20.0904060948521,19.6136764451155,19.4022726939007,20.076074343928,20.1530741732599,18.6441538845421
"Valproylcarnitine",15.0032099673309,16.1637209052308,14.4287639425907,15.2063374201659,15.6582820416708,14.6264914010524,15.1776941023101,15.0623210520269,15.5111117878754,15.1276720732942,15.3933883634737,14.9336654562152,15.0450717294234
"Valsartan",15.8017240053735,16.0656380986366,16.9252639997637,15.8553219488525,15.8621768901515,14.1924381311293,16.0719726663792,16.0571937458276,15.7892236577063,15.3142056085909,16.2598624329294,16.4223403389968,13.7628419507751
"Valylaspartic acid",15.7764486828155,15.3491982912477,16.9161825549537,16.0037644459691,16.0982718683733,17.9500160711264,15.8538406200409,16.670542276934,15.7064119631409,17.9402174594695,16.651537813059,16.0516263749721,18.3403845921419
"Valylvaline",19.9972841730945,20.2089193126409,19.7447023999248,20.089020089872,19.9980566706509,19.6601438006556,19.95846827098,19.8324757741659,20.0391778686331,19.8709513524845,19.8988106570868,19.9699408762102,18.8810252668169
"Vanillactic acid",16.7259271110399,16.5537264569555,15.7871369995137,16.6587631941078,16.8889148255165,17.1765203792281,16.7077765457427,16.7940776783833,16.6967721027703,16.916011599722,16.713675799069,16.5592276089032,16.5179663056093
"Vanillic acid 4-o-glucuronide",14.3426524535413,14.3664394762136,13.4789941386725,13.9967005522599,13.5713390843929,13.2098288237086,14.0359747984339,13.368918213221,13.788796946756,14.1511405855136,12.8035661826286,13.0141551403487,13.3340846662871
"Vanillic acid 4-o-sulfate",18.0135073409523,18.3448565847725,17.9256068141726,17.9952999376639,18.1249740268538,18.421760896558,18.0579421115361,18.3348606268113,18.1551154735533,18.5075844724102,18.1281719139726,18.358918251985,18.3532592787555
"Vanilloylglycine",15.0810668499815,15.2454366812425,14.9117992528879,15.0596007804309,15.1197407094819,15.5314962262421,15.0886167935441,15.2258294521528,15.1105376858922,15.4278809746546,15.03035561427,14.8387255536485,14.8383234507098
"Vanillylmandelic acid",16.66483695412,16.5421762439789,16.5465021990173,16.3899991532344,16.1539360851161,16.5014434435366,16.5773487779962,16.5947496516369,16.4223804920904,16.2851922063704,16.5392224012949,16.4445433414295,15.9995685646809
"Vanilpyruvic acid",14.9338700810357,15.3572813904244,15.5304587142387,14.9790189144064,15.460795373366,15.3292980707491,14.9328652321382,15.9664610102166,15.0380018883165,15.4254108897772,15.9922014197416,15.1581185878179,14.7060504834174
"Vanylglycol",15.7273797640716,15.9496384553166,16.2365692600385,15.9039644848318,16.57788514813,16.232071915533,15.6195372707527,16.3969950499136,15.9689767949076,16.3970391032104,16.2911556777235,16.1272299180954,15.7357656589546
"Veliparib",16.1415688445547,16.3785613099913,16.1782880113464,16.5819215801964,16.6207188664508,16.3728548324169,16.2284406279278,15.492722640397,16.3860792616027,16.5887802921042,16.2019288006886,15.9797532256024,15.7672348071321
"Verdamicin",14.2286618104175,14.075023939774,13.6359067824097,14.1456113547124,12.8706329303277,13.2021522393268,14.2115845205112,13.5991710575546,14.161865526044,14.0682240926261,14.3236648466115,14.1841363158008,14.950557806541
"Vibegron",14.9015910765922,14.423533216542,13.4394969945942,15.1286363159352,14.8270662360293,14.7128731149966,14.5769994562694,14.0562438762415,14.6913807165325,13.6601739665371,14.9945605924069,13.3194766463222,14.3651576492312
"Vibunazole",16.1582393367073,16.3941491283504,15.7893269083272,16.4974236572428,16.1995760196685,16.0151467435496,16.1136303270991,16.6815009520411,16.4041303215407,15.9518177846953,16.1372653465839,16.0315619938536,15.3151676914328
"Viloxazine",19.3680181060056,19.2376520082562,18.8956944259409,19.5753272395528,19.1002102331158,17.0946623329517,19.3492367925346,18.6613121597696,19.4664881300802,17.5268930672428,18.4955483806852,19.3088196242979,16.2526410752727
"Vinclozolin m2",16.1809350796953,16.6775070233113,16.0437912785495,14.8318173892169,15.8345958120062,15.4744164813616,15.955068202197,16.5044219731647,16.3417994180501,15.0781783120823,15.7409777534421,16.3338613351443,13.2270794508561
"Vinylsulfonic acid",15.7701722495471,15.6738314201027,15.2626173995645,15.8320959777029,15.8264386264192,15.8789420488619,15.6939993590226,15.7535323105027,15.7416254309676,16.2134124050949,15.9018020854653,15.348007242322,16.2335796755251
"Violacein",13.7108228125612,13.6604651103522,14.7478638135673,14.0043786002428,14.9170778422042,18.108172842186,13.7703489121799,15.3730625543698,13.6029637383918,17.8634305263331,14.4950800222634,14.7469156319887,19.1215695170655
"Vitamin c oxalate",17.4361049800305,17.3742820610429,15.4624742541035,17.7524743131355,16.1505477011746,14.7961064747049,17.3073968298409,16.0222174418199,18.0209215237177,13.9863049324673,15.0373091958519,17.0425042900164,13.9422186304572
"Voreloxin",14.984000704003,15.7309615052782,15.2536019470615,15.3982724382243,15.4303486473213,13.2581267892214,15.5466339784413,15.2771540382983,15.4805459182341,14.3545518884032,15.2268436808788,15.6452327331143,13.5135825414915
"Vorozole",15.4775388196686,15.7097010184435,15.6166256798713,15.4296268410417,15.520401536159,15.2488272122213,15.1897882208659,15.417097757948,15.4103815144428,15.2564713582407,15.2352506153731,15.5610742985075,14.7380719539367
"Xanthine",18.697100216027,18.3769937248847,18.3218882444655,18.5996040223831,18.5821431836626,17.7966908061822,18.7202939641275,18.6126200686797,18.6318211874565,17.9515712121891,18.6928887578417,18.1873014758692,18.020671304878
"Xanthohumol(random configuration)",13.6251187989662,14.1495997820826,14.6110176533783,13.8043422455313,14.4648439532697,14.1603843499242,13.9962626644395,14.4495984144015,14.3412305272321,14.3879055174894,13.9950078351815,14.4478723481011,12.9576218367546
"Xanthosine",17.0548626621561,17.1632632551531,17.5862455240286,17.2273504011583,17.4019153432049,17.1923274173261,17.1186276245986,17.1642703868792,17.2875334631617,17.3979883828082,17.2573341074852,17.0375173764487,17.0002760630369
"Xanthotoxin",16.9026666350908,15.8330504678188,15.9495422898912,16.5770326550687,15.7785179163985,16.9431720709169,16.8355322513911,16.1929576608207,15.7634054074687,15.7046859024915,16.2144661740044,15.7734478627055,19.4819452301747
"Xanthurenic acid",19.8257412358456,19.8965898232356,19.0849120533567,19.7211744554303,19.1853111106322,19.1079469456044,19.9247941740492,19.2965025765727,20.2168576711221,19.1349945308499,19.0408962683439,19.8817973955973,19.2763719121085
"Xanthurenic acid 8-o-sulfate",15.7436560540244,16.2706489533059,15.9919295331898,16.0638929471972,15.4101482762457,15.7981439597224,15.8391490640552,15.9472804389661,16.1963325468449,15.8442210476132,16.0251659684847,15.582795256032,15.2904774893534
"Xipamide",13.2036450499515,13.9849166767369,13.4731202776989,13.4780591931921,14.2189268163309,15.3852199690557,14.3903269034669,13.3789045564987,14.3542918615366,14.5604127782566,14.5967911612926,13.3123813910542,16.1873687696986
"Zaltoprofen",13.1186069038549,13.2953233540122,13.2708443597942,14.1122708833212,15.6073589875732,15.5386281055578,13.2278694010655,14.3459577428494,13.0368824530447,16.2958297027658,15.0429257818865,12.7674749897318,15.4767894899237
"Zearalenone",15.6623462928722,15.7870404590154,15.3509895873853,15.8780909019376,15.5931534359036,14.9310095994105,15.6579343971603,15.607615366884,15.5853024600126,14.6127640394877,16.2401838080503,15.2303302936748,14.215916986523
"Zibotentan",15.6612352456751,15.8690824880596,13.9942170623181,15.3870656545689,15.8285080016522,15.3941490094814,15.5488244363218,15.6282492484236,15.6987903309243,15.3823877770311,15.1804085884612,15.05851160665,15.1842663466408
"Zopolrestat",13.8654744317343,15.7249553227616,16.2126078715258,13.9747363014229,13.3486920346828,15.8908558745436,15.6859310637639,13.6124240096229,15.5982333374762,16.0690670786434,15.4811830829687,15.6907225155315,18.0410542196918
"Zosuquidar",14.6872505434523,15.4293304990088,14.3210879255725,14.620408037476,15.1051478307272,14.6600850381463,14.0026495408751,14.9465160166521,14.3635700449523,14.7326711080198,14.6280565763574,15.0291596601574,14.6040943022186
"[(1r,5r)-5-(6-aminopurin-9-yl)cyclohex-3-en-1-yl]methanol",17.3800286851859,17.5672133636414,17.9696229903089,17.7066719890457,17.9738334393014,17.8570986005675,17.4159106860417,17.6471930794506,17.2345643392525,17.9308134751348,17.7939402000185,17.5439645537869,17.0357106846853
"[(1s,2s,4s,5s)-2-(6-aminopurin-9-yl)-5-(hydroxymethyl)-4-bicyclo[3.1.0]hexanyl]methanol",17.274298171317,15.5300856718582,15.2749877940421,16.4257799069792,17.1591647643861,16.5353572731789,15.4316879128018,16.9393252722015,17.510557561129,14.9497359531,15.9163924954932,15.451033711083,13.9681232109811
"[(2r,3r,4r,5s)-3,4-diacetyloxy-5-(2,4-dioxopyrimidin-1-yl)oxolan-2-yl]methyl acetate",15.16879162796,15.2246107577593,14.0221193589556,15.2480313811452,15.6510554122132,14.6552057942525,15.1379055323238,15.2519440358556,15.718953533972,14.8301697567413,15.1502379111172,15.0362769686732,13.9934630296364
"[(2s,5s)-5-(2,4-dioxopyrimidin-1-yl)-3-hydroxyoxolan-2-yl]methyl dihydrogen phosphate",14.6246854973284,14.3823825399355,13.7550113828444,15.3869570577201,15.1328261667848,14.5830866423184,14.7437543071315,14.1984233170686,14.9927222524336,15.4755779004073,15.1697337327538,12.8859472553673,16.0745719712835
"[3h]pemetrexed",12.9268769149908,13.0751337779757,12.9393973607397,13.6422889826924,15.9997571525014,15.8377369173211,13.1083052551067,14.0699340390594,14.0733636240973,16.9490801052915,13.8784241293739,14.7502025153175,13.4773532284424
"[4-(3-benzyl-4-hydroxybenzyl)-3,5-dimethylphenoxy]acetic acid",15.0019129826997,15.1938948185875,13.2101228286395,15.1811234293349,16.6503981767377,14.7282175177356,15.1921691185,16.1191549578538,15.5591549970919,14.6785138801348,15.8695929574369,15.1525564717587,14.6664308700199
"[4-amino-2-(4-methoxyanilino)-1,3-thiazol-5-yl]-phenylmethanone",14.6625615589183,15.1639556003746,14.5930677685344,14.7855679891661,14.9670131877088,14.6440248532574,14.5492241811873,14.7464764171252,14.7448239222886,14.5494052118598,14.6938992468405,14.9301041799363,13.1467758243096
"[Pc (10:0)] 1,2-didecanoyl-sn-glycero-3-phosphocholine",15.4123156850879,14.7864074033757,14.1537198267509,15.1115304285278,15.1319656318969,14.4065615186744,15.5969116751366,14.9745933065112,15.7296307421797,14.6882590810573,15.6333276120305,14.7797933532872,12.7708990495725
"[St hydroxy(2:0)] 17,21-dihydroxypregn-4-ene-3,20-dione",16.2665893084164,15.997493957213,15.8927998996377,16.0411376905767,16.0973105278153,16.588231561146,16.1813313195731,16.1602040081194,15.8682875152413,16.5256737115326,16.028986513848,16.4024980637431,15.5676826585864
"[[(3r,4r,5s,6r)-3-acetamido-4,5-dihydroxy-6-(hydroxymethyl)oxan-2-yl]amino] n-phenylcarbamate",14.0032473493845,14.234715710721,13.7848478847753,14.2955144571745,13.9173517991255,13.9983840524882,13.8637176549233,13.9371908616219,13.533304759602,14.0238399988377,14.1731600244268,13.9974493280312,13.585660113546
