"","MetabID","shortname","Fill..","S.N.average","Ontology","Metabolite.name","Formula","HMDB","KEGG","HMDB_accession","CHEBI_ID","PubChem_ID","BiGG_ID","INCHIKEY","SMILES","Serum","Urine","SUB_CLASS","CATEGORY","MAIN_CLASS"
"(+)-1-(9-fluorenyl)ethyl chloroformate","7100_neg","(+)-1-(9-fluorenyl)ethyl chloroformate",0.38,72.92,NA,"Unknown","null","(+)-1-(9-Fluorenyl)ethyl chloroformate","","HMDB0242239","NA","115102","NA","null","null",TRUE,TRUE,NA,NA,NA
"(+)-diacetyl-l-tartaric anhydride","4555_pos","(+)-diacetyl-l-tartaric anhydride",0.47,2450.17,NA,"Unknown","null","(+)-Diacetyl-L-tartaric anhydride;Diacetyl-L-tartaric Anhydride","","HMDB0242250;HMDB0251121","NA;NA","95411;13725948","NA;NA","null","null",TRUE,TRUE,NA,NA,NA
"(+)-praeruptorin a","12942_pos","(+)-praeruptorin a",0.22,521168.3,NA,"S-Adenosyl-L-homocysteine","null","(+)-Praeruptorin A;Wushanicaritin","","HMDB0242259;HMDB0257872","NA;NA","73189387;NA","NA;NA","null","null",TRUE,TRUE,NA,NA,NA
"(-)-Epigallocatechin","9166_pos","(-)-Epigallocatechin",0.44,1546423,NA,"Unknown","null","(-)-Epigallocatechin;(+)-Gallocatechin","C12136;C12127","HMDB0038361;HMDB0038365","42255;31018","72277;65084","NA;NA","null","null",TRUE,TRUE,"Epigallocatechins","Flavonoids","Flavans"
"(-)-Slaframine","3698_pos","(-)-Slaframine",0.2,23.75,NA,"Unknown","null","(-)-Slaframine","","HMDB0243523","NA","9794202","NA","null","null",TRUE,FALSE,"Indolizidines","Indolizidines",NA
"(1ar,3s,4as,7s,8as)-3-[(1s,2r,3r)-3-[(2r,5s)-5,6-dimethylheptan-2-yl]-2-(2-hydroxyethyl)-2-methylcyclopentyl]-7-hydroxy-4a-methyl-2,3,5,6,7,8-hexahydro-1ah-naphtho[4,4a-b]oxiren-4-one","15295_neg","(1ar,3s,4as,7s,8as)-3-[(1s,2r,3r)-3-[(2r,5s)-5,6-dimethylheptan-2-yl]-2-(2-hydroxyethyl)-2-methylcyclopentyl]-7-hydroxy-4a-methyl-2,3,5,6,7,8-hexahydro-1ah-naphtho[4,4a-b]oxiren-4-one",0.11,776690.1,NA,"Unknown","null","(1Ar,3S,4aS,7S,8aS)-3-[(1S,2R,3R)-3-[(2R,5S)-5,6-dimethylheptan-2-yl]-2-(2-hydroxyethyl)-2-methylcyclopentyl]-7-hydroxy-4a-methyl-2,3,5,6,7,8-hexahydro-1aH-naphtho[4,4a-b]oxiren-4-one","","HMDB0242305","NA","73837310","NA","null","null",TRUE,FALSE,NA,NA,NA
"(1r,4r,5s,6r)-4-amino-2-oxabicyclo[3.1.0]hexane-4,6-dicarboxylic acid","2999_neg","(1r,4r,5s,6r)-4-amino-2-oxabicyclo[3.1.0]hexane-4,6-dicarboxylic acid",0.49,131.92,NA,"Unknown","null","(1R,4R,5S,6R)-4-Amino-2-oxabicyclo[3.1.0]hexane-4,6-dicarboxylic acid","","HMDB0242337","NA","10130273","NA","null","null",TRUE,TRUE,NA,NA,NA
"(1s,4ar,5r,8s,8as)-2,5-dimethyl-8-propan-2-yl-4,4a,6,7,8,8a-hexahydro-1h-naphthalene-1,5-diol","5513_neg","(1s,4ar,5r,8s,8as)-2,5-dimethyl-8-propan-2-yl-4,4a,6,7,8,8a-hexahydro-1h-naphthalene-1,5-diol",0.84,1023034,NA,"Unknown","null","(1S,4Ar,5R,8S,8aS)-2,5-dimethyl-8-propan-2-yl-4,4a,6,7,8,8a-hexahydro-1H-naphthalene-1,5-diol;Methyl 9-tetradecynoate","","HMDB0250424;HMDB0254572","NA;NA","NA;557205","NA;NA","null","null",TRUE,TRUE,NA,NA,NA
"(2,5-dihydroxypyrrol-1-yl) 5-[(3as,4s,6ar)-2-oxo-1,3,3a,4,6,6a-hexahydrothieno[3,4-d]imidazol-4-yl]pentanoate","10930_pos","(2,5-dihydroxypyrrol-1-yl) 5-[(3as,4s,6ar)-2-oxo-1,3,3a,4,6,6a-hexahydrothieno[3,4-d]imidazol-4-yl]pentanoate",0.04,154444.1,NA,"Unknown","null","(2,5-Dihydroxypyrrol-1-yl) 5-[(3aS,4S,6aR)-2-oxo-1,3,3a,4,6,6a-hexahydrothieno[3,4-d]imidazol-4-yl]pentanoate;(2,5-Dioxopyrrolidin-1-yl) 5-(2-oxo-1,3,3a,4,6,6a-hexahydrothieno[3,4-d]imidazol-4-yl)pentanoate","","HMDB0242491;HMDB0242494","NA;NA","54153932;434213","NA;NA","null","null",TRUE,TRUE,NA,NA,NA
"(2,5-dioxopyrrolidin-1-yl) 5-(2-hydroxyethoxy)-4-oxopentanoate","7476_pos","(2,5-dioxopyrrolidin-1-yl) 5-(2-hydroxyethoxy)-4-oxopentanoate",0.47,18.49,NA,"Unknown","null","(2,5-Dioxopyrrolidin-1-yl) 5-(2-hydroxyethoxy)-4-oxopentanoate","","HMDB0242493","NA","127583","NA","null","null",TRUE,TRUE,NA,NA,NA
"(2,6-dioxo-3h-purin-9-yl) pyridine-3-carboxylate","7143_neg","(2,6-dioxo-3h-purin-9-yl) pyridine-3-carboxylate",0.51,71.19,NA,"Unknown","null","(2,6-Dioxo-3H-purin-9-yl) pyridine-3-carboxylate;6-Imidazol-1-yl-7-nitro-1,4-dihydroquinoxaline-2,3-dione","","HMDB0242495;HMDB0259953","NA;NA","57002623;5486548","NA;NA","null","null",TRUE,TRUE,NA,NA,NA
"(2-carbamoyl-7-oxo-1,6-diazabicyclo[3.2.1]octan-6-yl) hydrogen sulfate","7072_pos","(2-carbamoyl-7-oxo-1,6-diazabicyclo[3.2.1]octan-6-yl) hydrogen sulfate",0.13,18.64,NA,"Unknown","null","(2-Carbamoyl-7-oxo-1,6-diazabicyclo[3.2.1]octan-6-yl) hydrogen sulfate","","HMDB0242465","NA","9838180","NA","null","null",TRUE,TRUE,NA,NA,NA
"(2-ethylcrotonoyl)urea","1931_pos","(2-ethylcrotonoyl)urea",0.84,55.44,NA,"Unknown","null","(2-Ethylcrotonoyl)urea","","HMDB0242468","NA","7214","NA","null","null",TRUE,TRUE,NA,NA,NA
"(2e)-3-[3-(sulfooxy)phenyl]prop-2-enoic acid","5784_neg","(2e)-3-[3-(sulfooxy)phenyl]prop-2-enoic acid",0.16,160.12,NA,"Unknown","null","(2E)-3-[3-(sulfooxy)phenyl]prop-2-enoic acid;p-Coumaric acid sulfate;O-Coumaric acid sulfate;cis-p-Coumaric acid sulfate","","HMDB0124975;HMDB0125166;HMDB0240549;HMDB0240710","NA;NA;NA;NA","6443141;6070438;59950526;NA","NA;NA;NA;NA","null","null",TRUE,TRUE,NA,NA,NA
"(2r)-2-acetamido-3-[[(2r)-2-acetamido-2-carboxyethyl]disulfanyl]propanoic acid","10050_pos","(2r)-2-acetamido-3-[[(2r)-2-acetamido-2-carboxyethyl]disulfanyl]propanoic acid",0.58,117968,NA,"Unknown","null","(2R)-2-Acetamido-3-[[(2R)-2-acetamido-2-carboxyethyl]disulfanyl]propanoic acid;Ribavirin monophosphate;2-Amino-3-[[(2R)-2-carboxy-2-(diacetylamino)ethyl]disulfanyl]propanoic acid","","HMDB0242531;HMDB0257208;HMDB0257578","NA;NA;NA","306129;321727;19364518","NA;NA;NA","null","null",TRUE,FALSE,NA,NA,NA
"(2r)-2-amino-3-methyl-3-(2-nitrosoacetyl)sulfanylbutanoic acid","4762_pos","(2r)-2-amino-3-methyl-3-(2-nitrosoacetyl)sulfanylbutanoic acid",0.42,48.42,NA,"Unknown","null","(2R)-2-Amino-3-methyl-3-(2-nitrosoacetyl)sulfanylbutanoic acid;s-Nitroso-n-acetyl-d-penicillamine","","HMDB0242714;HMDB0250051","NA;NA","22242589;NA","NA;NA","null","null",TRUE,TRUE,NA,NA,NA
"(2r)-3-sulfanylpropane-1,2-diol","375_pos","(2r)-3-sulfanylpropane-1,2-diol",0.87,136.93,NA,"Unknown","null","(2R)-3-Sulfanylpropane-1,2-diol","","HMDB0242566","74537","7291","NA","null","null",TRUE,TRUE,NA,NA,NA
"(2r,3s,4r,5r)-2-fluoro-3,4,5,6-tetrahydroxyhexanal","2917_pos","(2r,3s,4r,5r)-2-fluoro-3,4,5,6-tetrahydroxyhexanal",0.87,347.26,NA,"3-(4-HYDROXYPHENYL)LACTATE","null","(2R,3S,4R,5R)-2-Fluoro-3,4,5,6-tetrahydroxyhexanal;2-Deoxy-2-fluoro-alpha-D-galactopyranose;3-Deoxy-3-fluoro-D-glucose;Imidazobenzodiazepine;(3R,4S,5R)-3,4,5,6-Tetrahydroxyhexanoyl fluoride","","HMDB0242548;HMDB0245096;HMDB0245854;HMDB0253416;HMDB0258135","NA;49140;NA;NA;NA","13715114;315411;4386393;66618719;NA","NA;NA;NA;NA;NA","null","null",TRUE,TRUE,NA,NA,NA
"(2r,3s,4s,5r,6s)-2-(hydroxymethyl)-6-[4-(3-hydroxyprop-1-enyl)-2,6-dimethoxyphenoxy]oxane-3,4,5-triol","11790_neg","(2r,3s,4s,5r,6s)-2-(hydroxymethyl)-6-[4-(3-hydroxyprop-1-enyl)-2,6-dimethoxyphenoxy]oxane-3,4,5-triol",0.04,7.12,NA,"Unknown","null","(2R,3S,4S,5R,6S)-2-(Hydroxymethyl)-6-[4-(3-hydroxyprop-1-enyl)-2,6-dimethoxyphenoxy]oxane-3,4,5-triol","","HMDB0242525","NA","323959","NA","null","null",TRUE,FALSE,NA,NA,NA
"(2r,4r,5s,6s)-2,4-dihydroxy-5-[(2-hydroxyacetyl)amino]-6-[(1s,2s)-1,2,3-trihydroxypropyl]oxane-2-carboxylic acid","9608_neg","(2r,4r,5s,6s)-2,4-dihydroxy-5-[(2-hydroxyacetyl)amino]-6-[(1s,2s)-1,2,3-trihydroxypropyl]oxane-2-carboxylic acid",0.87,21637.69,NA,"Unknown","null","(2R,4R,5S,6S)-2,4-Dihydroxy-5-[(2-hydroxyacetyl)amino]-6-[(1S,2S)-1,2,3-trihydroxypropyl]oxane-2-carboxylic acid","","HMDB0242723","NA","4603312","NA","null","null",TRUE,TRUE,NA,NA,NA
"(2r,4s)-1-tert-butyl 2-methyl 4-aminopyrrolidine-1,2-dicarboxylate","6024_pos","(2r,4s)-1-tert-butyl 2-methyl 4-aminopyrrolidine-1,2-dicarboxylate",0.6,2478.85,NA,"Unknown","null","(2R,4S)-1-Tert-Butyl 2-methyl 4-aminopyrrolidine-1,2-dicarboxylate","","HMDB0242584","NA","4913064","NA","null","null",TRUE,TRUE,NA,NA,NA
"(2s)-1-[(2s)-3-(4h-imidazol-4-yl)-2-[[(2s)-5-oxopyrrolidine-2-carbonyl]amino]propanoyl]pyrrolidine-2-carboxylic acid","12014_pos","(2s)-1-[(2s)-3-(4h-imidazol-4-yl)-2-[[(2s)-5-oxopyrrolidine-2-carbonyl]amino]propanoyl]pyrrolidine-2-carboxylic acid",0.42,361107.3,NA,"Unknown","null","(2S)-1-[(2S)-3-(4H-Imidazol-4-yl)-2-[[(2S)-5-oxopyrrolidine-2-carbonyl]amino]propanoyl]pyrrolidine-2-carboxylic acid;N-((Tetrahydro-5-oxo-2-furanyl)carbonyl)-L-histidyl-L-prolinamide;Pglu-his-pro","","HMDB0250908;HMDB0252610;HMDB0256375","NA;NA;NA","20564081;10007863;4968","NA;NA;NA","null","null",TRUE,TRUE,NA,NA,NA
"(2s,3r,4s,5r)-3,4,5-trihydroxy-6-oxopiperidine-2-carboxylic acid","3201_neg","(2s,3r,4s,5r)-3,4,5-trihydroxy-6-oxopiperidine-2-carboxylic acid",0.87,39.34,NA,"Unknown","null","(2s,3r,4s,5r)-3,4,5-Trihydroxy-6-oxopiperidine-2-carboxylic acid;6-Formylpterin;Isosorbide 2-nitrate;Nitrilotriacetic acid","C14695","HMDB0242545;HMDB0247066;HMDB0253694;HMDB0255635","NA;70981;NA;44557","451784;NA;2724484;8758","NA;NA;NA;NA","null","null",TRUE,TRUE,NA,NA,NA
"(3r,4r)-3-amino-1-hydroxy-4-methylpyrrolidin-2-one","1020_pos","(3r,4r)-3-amino-1-hydroxy-4-methylpyrrolidin-2-one",0.42,19.68,NA,"Unknown","null","(3R,4R)-3-Amino-1-hydroxy-4-methylpyrrolidin-2-one;(2S,4R)-4-Aminopyrrolidine-2-carboxylic acid;Morpholine-4-carboxamide;4-Amino-5-oxopentanamide","","HMDB0243603;HMDB0244734;HMDB0254895;HMDB0258161","NA;NA;NA;NA","14804746;124558;75088;18968136","NA;NA;NA;NA","null","null",TRUE,FALSE,NA,NA,NA
"(3r,4s)-2-[6-(cyclohexylamino)purin-9-yl]-5-(hydroxymethyl)oxolane-3,4-diol","11321_pos","(3r,4s)-2-[6-(cyclohexylamino)purin-9-yl]-5-(hydroxymethyl)oxolane-3,4-diol",0.47,13830.33,NA,"Unknown","null","(3R,4S)-2-[6-(Cyclohexylamino)purin-9-yl]-5-(hydroxymethyl)oxolane-3,4-diol;Cyclohexyladenosine","","HMDB0243620;HMDB0250660","108287;NA","2692;17891077","NA;NA","null","null",TRUE,TRUE,NA,NA,NA
"(4-aminophenyl)phosphonic acid","2411_neg","(4-aminophenyl)phosphonic acid",0.42,26.62,NA,"Unknown","null","(4-Aminophenyl)phosphonic acid","","HMDB0243614","NA","53590","NA","null","null",TRUE,TRUE,NA,NA,NA
"(4-carbamimidoylphenyl)methanesulfonyl fluoride","4398_neg","(4-carbamimidoylphenyl)methanesulfonyl fluoride",0.11,12.91,NA,"Unknown","null","(4-Carbamimidoylphenyl)methanesulfonyl fluoride","","HMDB0243615","NA","1719","NA","null","null",TRUE,FALSE,NA,NA,NA
"(4-sulfamoylphenyl) 4-(diaminomethylideneamino)benzoate","10054_neg","(4-sulfamoylphenyl) 4-(diaminomethylideneamino)benzoate",0.18,9.8,NA,"Unknown","null","(4-Sulfamoylphenyl) 4-(diaminomethylideneamino)benzoate","","HMDB0246580","NA","127139","NA","null","null",TRUE,FALSE,NA,NA,NA
"(5s,6r)-methyl 5,6,7-trihydroxyheptanoate","3262_neg","(5s,6r)-methyl 5,6,7-trihydroxyheptanoate",0.42,147.54,NA,"Unknown","null","(5S,6R)-Methyl 5,6,7-trihydroxyheptanoate","","HMDB0247393","NA","12898083","NA","null","null",TRUE,TRUE,NA,NA,NA
"(8r)-3-[(4s,5r)-4-hydroxy-5-(hydroxymethyl)oxolan-2-yl]-7,8-dihydro-4h-imidazo[4,5-d][1,3]diazepin-8-ol","7254_pos","(8r)-3-[(4s,5r)-4-hydroxy-5-(hydroxymethyl)oxolan-2-yl]-7,8-dihydro-4h-imidazo[4,5-d][1,3]diazepin-8-ol",0.8,31.51,NA,"Unknown","null","(8R)-3-[(4S,5R)-4-Hydroxy-5-(hydroxymethyl)oxolan-2-yl]-7,8-dihydro-4H-imidazo[4,5-d][1,3]diazepin-8-ol;Razoxane, (R)-;N-Acetylcarnosine","","HMDB0245535;HMDB0245675;HMDB0255058","NA;50225;NA","4739;NA;91814","NA;NA;NA","null","null",TRUE,TRUE,NA,NA,NA
"(S)-3,4-dihydroxybutyric acid","624_neg","(S)-3,4-dihydroxybutyric acid",0.87,1738.22,NA,"PURINE","null","(S)-3,4-Dihydroxybutyric acid;2,4-Dihydroxybutanoic acid;4-Deoxyerythronic acid;Purine;4-Deoxythreonic acid;A,b-Dihydroxyisobutyric acid;Erythrose;(2-Hydroxyethoxy)acetic acid;1H-Pyrazolo[4,3-d]pyrimidine;2,3-Dihydroxybutanoic acid;5-Aminopyrimidine-2-carbonitrile;D-Erythrose;1,3-Dihydroxypropan-2-yl formate;pyrazolopyridazine","C15587;C01796","HMDB0000337;HMDB0000360;HMDB0000498;HMDB0001366;HMDB0002453;HMDB0002601;HMDB0002649;HMDB0242471;HMDB0244901;HMDB0245394;HMDB0246753;HMDB0250746;HMDB0254858;HMDB0256954","86371;86348;NA;17258;86391;36532;23956;NA;50092;86347;NA;NA;NA;NA","150929;192742;13120901;1044;10964471;560781;439574;25935;21083976;250402;12215995;101561;17756737;54448404","NA;NA;NA;NA;NA;NA;NA;NA;NA;NA;NA;NA;NA;NA","null","null",TRUE,TRUE,NA,NA,NA
"(Z)-n-feruloyl-5-hydroxyanthranilic acid","9786_neg","(Z)-n-feruloyl-5-hydroxyanthranilic acid",0.11,48.37,NA,"Unknown","null","(Z)-N-Feruloyl-5-hydroxyanthranilic acid","","HMDB0038575","167489","10087955","NA","null","null",TRUE,FALSE,NA,NA,NA
"1,1'-thiocarbonyldiimidazole","2844_pos","1,1'-thiocarbonyldiimidazole",0.36,29.69,NA,"Unknown","null","""1,1'-Thiocarbonyldiimidazole""","","HMDB0244051","NA","80264","NA","null","null",TRUE,TRUE,NA,NA,NA
"1,1-diethyl-2-hydroxy-3-oxotriazane","1055_pos","1,1-diethyl-2-hydroxy-3-oxotriazane",0.89,19413.58,NA,"CREATINE","null","1,1-Diethyl-2-hydroxy-3-oxotriazane","","HMDB0250561","NA","135503456","NA","null","null",TRUE,TRUE,NA,NA,NA
"1,2,3-trihydroxybenzene","834_pos","1,2,3-trihydroxybenzene",0.76,60.57,NA,"Unknown","null","1,2,3-Trihydroxybenzene;1,3,5-Trihydroxybenzene;Methyl 2-furoate;Maltol;5-Methylfuran-2-carboxylic acid;2,3-Dimethylmaleic anhydride;3-(Hydroxymethyl)furan-2-carbaldehyde","C01108;C02183;C11918","HMDB0013674;HMDB0013675;HMDB0029750;HMDB0030776;HMDB0059735;HMDB0245404;HMDB0246148","16164;16204;NA;142577;NA;NA;NA","1057;359;11902;8369;74710;13010;16730373","NA;NA;NA;NA;NA;NA;NA","null","null",TRUE,TRUE,NA,NA,NA
"1,2-benzenedithiol","1364_pos","1,2-benzenedithiol",0.38,86.64,NA,"Unknown","null","1,2-Benzenedithiol","","HMDB0244056","NA","69370","NA","null","null",TRUE,TRUE,NA,NA,NA
"1,3,7-trimethyluric acid","4139_neg","1,3,7-trimethyluric acid",0.8,23.42,NA,"Unknown","null","1,3,7-Trimethyluric acid;Sedoheptulose;Caffeinol;d-Glycero-d-galacto-heptose;MANNOHEPTULOSE;(3R,5R,6R)-1,2,3,5,6,7-Hexahydroxyheptan-4-one","C16361;C08355","HMDB0002123;HMDB0003219;HMDB0249533;HMDB0253107;HMDB0254327;HMDB0255327","691622;27520;NA;NA;NA;NA","79437;441483;53630515;219662;102926;53928572","NA;NA;NA;NA;NA;NA","null","null",TRUE,TRUE,NA,NA,NA
"1,3-dimethyluric acid","3603_pos","1,3-dimethyluric acid",0.4,45.1,NA,"Unknown","null","1,3-Dimethyluric acid;3,7-Dimethyluric acid;1,9-Dimethyluric acid;7,9-Dimethyluric acid;1,7-Dimethyluric acid;3,9-Dimethyluric acid;Alafosfalin","C16360;C16356","HMDB0001857;HMDB0001982;HMDB0002026;HMDB0004308;HMDB0011103;HMDB0059704;HMDB0248096","68447;68531;173963;NA;68449;NA;NA","70346;83126;108712;87909;91611;108713;171375","NA;NA;NA;NA;NA;NA;NA","null","null",TRUE,FALSE,NA,NA,NA
"1,4-diacetoxy-2,3-dicyanobenzene","6003_pos","1,4-diacetoxy-2,3-dicyanobenzene",0.16,13.44,NA,"Unknown","null","1,4-Diacetoxy-2,3-dicyanobenzene","","HMDB0244205","NA","134319","NA","null","null",TRUE,TRUE,NA,NA,NA
"1,4-diamino-2,3-dicyano-1,4-bis(o-aminophenylmercapto)butadiene","12189_neg","1,4-diamino-2,3-dicyano-1,4-bis(o-aminophenylmercapto)butadiene",0.51,19887.15,NA,"Unknown","null","1,4-Diamino-2,3-dicyano-1,4-bis(o-aminophenylmercapto)butadiene","","HMDB0259375","NA","NA","NA","null","null",TRUE,TRUE,NA,NA,NA
"1,5-benzothiazepin-4(5h)-one, 2,3-dihydro-3-hydroxy-2-(4-methoxyphenyl)-5-(2-(methylamino)ethyl)-, (2s,3s)-","11766_pos","1,5-benzothiazepin-4(5h)-one, 2,3-dihydro-3-hydroxy-2-(4-methoxyphenyl)-5-(2-(methylamino)ethyl)-, (2s,3s)-",0.53,12003.72,NA,"Unknown","null","1,5-Benzothiazepin-4(5H)-one, 2,3-dihydro-3-hydroxy-2-(4-methoxyphenyl)-5-(2-(methylamino)ethyl)-, (2S,3S)-","","HMDB0247530","NA","162440","NA","null","null",TRUE,TRUE,NA,NA,NA
"1,n6-ethenoadenosine","8397_pos","1,n6-ethenoadenosine",0.51,23.54,NA,"Unknown","null","1,N6-Ethenoadenosine;2-Deoxy-2,3-dehydro-n-acetyl-neuraminic acid;Carprazidil;Ethenoadenosine","","HMDB0244260;HMDB0245680;HMDB0249688;HMDB0252011","NA;NA;NA;NA","3260;1553;NA;NA","NA;NA;NA;NA","null","null",TRUE,TRUE,NA,NA,NA
"1-((1-(4-chlorophenyl)-1h-1,2,3-triazol-4-yl)methyl)-4-phenylpiperazine","10882_neg","1-((1-(4-chlorophenyl)-1h-1,2,3-triazol-4-yl)methyl)-4-phenylpiperazine",0.42,11.69,NA,"Unknown","null","1-((1-(4-Chlorophenyl)-1H-1,2,3-triazol-4-yl)methyl)-4-phenylpiperazine","","HMDB0250044","NA","NA","NA","null","null",TRUE,TRUE,NA,NA,NA
"1-(1-methylindol-5-yl)-3-(3-methyl-1,2-thiazol-5-yl)urea","8145_pos","1-(1-methylindol-5-yl)-3-(3-methyl-1,2-thiazol-5-yl)urea",0.36,133750.7,"Coumarans","no MS2: Ethofumesate; LC-ESI-ITFT; MS2; CE","C13H18O5S","1-(1-Methylindol-5-yl)-3-(3-methyl-1,2-thiazol-5-yl)urea","","HMDB0257511","140936","NA","NA","IRCMYGHHKLLGHV-UHFFFAOYNA-N","CCOC1OC2=C(C=C(OS(C)(=O)=O)C=C2)C1(C)C",TRUE,FALSE,NA,NA,NA
"1-(1-naphthyl)ethyl isocyanate","3643_pos","1-(1-naphthyl)ethyl isocyanate",0.24,6.29,NA,"Unknown","null","1-(1-Naphthyl)ethyl isocyanate;""[1,1'-Biphenyl]-2-carboxamide"";Benzanilide","","HMDB0243773;HMDB0245291;HMDB0248973","NA;NA;NA","602753;83254;7168","NA;NA;NA","null","null",TRUE,FALSE,NA,NA,NA
"1-(1-phenylcyclohexyl)-3-methylpiperidine","6690_pos","1-(1-phenylcyclohexyl)-3-methylpiperidine",0.31,14295.65,NA,"Unknown","null","1-(1-Phenylcyclohexyl)-3-methylpiperidine","","HMDB0250006","NA","150980","NA","null","null",TRUE,TRUE,NA,NA,NA
"1-(2,4-dichlorobenzyl)-1h-indazole-3-carbohydrazide","10045_neg","1-(2,4-dichlorobenzyl)-1h-indazole-3-carbohydrazide",0.27,17.39,NA,"Unknown","null","1-(2,4-Dichlorobenzyl)-1H-indazole-3-carbohydrazide;Salacinol","","HMDB0248018;HMDB0257455","NA;NA","9819086;18730125","NA;NA","null","null",TRUE,FALSE,NA,NA,NA
"1-(3-(4-phenylbenzyl)-4-hydroxychroman-7-yl)cyclopentane-1-carboxylic acid","14431_neg","1-(3-(4-phenylbenzyl)-4-hydroxychroman-7-yl)cyclopentane-1-carboxylic acid",0.07,215172,NA,"Unknown","null","1-(3-(4-Phenylbenzyl)-4-hydroxychroman-7-yl)cyclopentane-1-carboxylic acid","","HMDB0250507","NA","15235356","NA","null","null",TRUE,FALSE,NA,NA,NA
"1-(4-chlorophenyl)-3-((4-methylphenyl)sulfonyl)urea","9553_neg","1-(4-chlorophenyl)-3-((4-methylphenyl)sulfonyl)urea",0.24,29.48,NA,"Unknown","null","1-(4-Chlorophenyl)-3-((4-methylphenyl)sulfonyl)urea;Dulofibrate","","HMDB0246250;HMDB0251637","NA;NA","NA;68812","NA;NA","null","null",TRUE,FALSE,NA,NA,NA
"1-(7z-hexadecenoyl)-2-(4z,7z,10z,13z,16z,19z-docosahexaenoyl)-sn-glycero-3-phosphocholine","24210_pos","1-(7z-hexadecenoyl)-2-(4z,7z,10z,13z,16z,19z-docosahexaenoyl)-sn-glycero-3-phosphocholine",0.04,135.09,NA,"Unknown","null","1-(7Z-Hexadecenoyl)-2-(4Z,7Z,10Z,13Z,16Z,19Z-docosahexaenoyl)-sn-glycero-3-phosphocholine","","HMDB0260236","NA","NA","NA","null","null",TRUE,FALSE,NA,NA,NA
"1-[3,4-dihydroxy-5-(hydroxymethyl)-2-oxolanyl]-1,2,4-triazole-3-carboxamide","5805_neg","1-[3,4-dihydroxy-5-(hydroxymethyl)-2-oxolanyl]-1,2,4-triazole-3-carboxamide",0.31,35.83,NA,"Unknown","null","1-[3,4-Dihydroxy-5-(hydroxymethyl)-2-oxolanyl]-1,2,4-triazole-3-carboxamide;""5'-Azacytidine"";arabinofuranosyl-5-azacytosine;4-Amino-1-(6-aminopurin-9-yl)pyrimidin-2-one","","HMDB0243988;HMDB0246880;HMDB0248552;HMDB0257570","94463;NA;NA;NA","5064;NA;1805;56974816","NA;NA;NA;NA","null","null",TRUE,TRUE,NA,NA,NA
"1-[3,4-dihydroxy-5-(hydroxymethyl)oxolan-2-yl]-4-hydroxyhydropyridin-2-one","5946_pos","1-[3,4-dihydroxy-5-(hydroxymethyl)oxolan-2-yl]-4-hydroxyhydropyridin-2-one",0.18,20.7,NA,"Unknown","null","1-[3,4-Dihydroxy-5-(hydroxymethyl)oxolan-2-yl]-4-hydroxyhydropyridin-2-one","","HMDB0243807","NA","54676525","NA","null","null",TRUE,TRUE,NA,NA,NA
"1-benzothiepin","1998_pos","1-benzothiepin",0.24,50.08,NA,"Unknown","null","1-Benzothiepin","","HMDB0243832","NA","9834037","NA","null","null",TRUE,FALSE,NA,NA,NA
"1-benzylimidazole","2018_pos","1-benzylimidazole",0.56,21.33,NA,"Unknown","null","1-Benzylimidazole;1,2-Diaminonaphthalene;1,5-Naphthalenediamine;2,3-Diaminonaphthalene;Nicotyrine","C19463;C10161","HMDB0243836;HMDB0244064;HMDB0244231;HMDB0245385;HMDB0255591","NA;NA;53003;NA;NA","77918;13648;16720;69872;10249","NA;NA;NA;NA;NA","null","null",TRUE,TRUE,NA,NA,NA
"1-chlorodibenzo-p-dioxin","4659_pos","1-chlorodibenzo-p-dioxin",0.49,45.48,NA,"Unknown","null","1-Chlorodibenzo-p-dioxin;1,4-Butanediphosphonic acid","","HMDB0243849;HMDB0244204","NA;NA","37207;437082","NA;NA","null","null",TRUE,FALSE,NA,NA,NA
"1-deoxy-1-morpholino-d-fructose","6267_pos","1-deoxy-1-morpholino-d-fructose",0.38,32.44,NA,"Unknown","null","1-Deoxy-1-morpholino-D-fructose","","HMDB0243858","NA","220877","NA","null","null",TRUE,TRUE,NA,NA,NA
"1-hydroxy-2-naphthoic acid","3052_neg","1-hydroxy-2-naphthoic acid",0.49,285.21,NA,"1-Hydroxy-2-Naphthoate","null","1-Hydroxy-2-naphthoic acid;Plumbagin","C03203;C10387","HMDB0243892;HMDB0256646","36108;8273","6844;NA","NA;NA","null","null",TRUE,FALSE,NA,NA,NA
"1-iodobutane","2866_neg","1-iodobutane",0.69,107.44,NA,"Unknown","null","1-Iodobutane;Glycerolphosphate","","HMDB0243906;HMDB0252846","NA;NA","10962;129628127","NA;NA","null","null",TRUE,FALSE,NA,NA,NA
"1-iodoheptane","5049_pos","1-iodoheptane",0.09,9.28,NA,"Unknown","null","1-Iodoheptane;Methyl 3,5-dinitrobenzoate","","HMDB0243907;HMDB0254567","NA;NA","20274;NA","NA;NA","null","null",TRUE,TRUE,NA,NA,NA
"1-iodopentane","3511_neg","1-iodopentane",0.49,169.82,NA,"Unknown","null","1-Iodopentane","","HMDB0243909","NA","12335","NA","null","null",TRUE,TRUE,NA,NA,NA
"1-methoxyphenazine","4141_neg","1-methoxyphenazine",0.04,13.71,NA,"Unknown","null","1-Methoxyphenazine;2-Aminoacridone;Pyocyanin;C1=CC=CC2=CC3=C(O)C(N)=CC=C3N=C21","C12143","HMDB0243918;HMDB0245005;HMDB0256934;HMDB0258097","NA;NA;8653;NA","76137;121965;NA;136174278","NA;NA;NA;NA","null","null",TRUE,FALSE,NA,NA,NA
"1-methyl-1,2-dihydropyridine-3-carboxamide","1219_pos","1-methyl-1,2-dihydropyridine-3-carboxamide",0.49,4976.36,"Dihydropyridines","no MS2: 1-Methyl-2-pyridinium aldoxime; LC-ESI-QTOF; MS2; CE","C7H9N2O","1-Methyl-1,2-dihydropyridine-3-carboxamide;2,4-Diaminoanisole;3-Hydroxybenzylhydrazine","C19218","HMDB0243919;HMDB0245445;HMDB0245893","NA;NA;NA","17944990;11976;NA","NA;NA;NA","JBKPUQTUERUYQE-VOTSOKGWSA-O","CN1C=CC=CC1=C[NH+]=O",TRUE,TRUE,NA,NA,NA
"1-methyl-2-(2-thiophen-2-ylethenyl)-5,6-dihydro-4h-pyrimidine","4059_pos","1-methyl-2-(2-thiophen-2-ylethenyl)-5,6-dihydro-4h-pyrimidine",0.31,86.74,NA,"Unknown","null","1-Methyl-2-(2-thiophen-2-ylethenyl)-5,6-dihydro-4H-pyrimidine;(2S)-2-Amino-3-[(2S,3R)-2-amino-3-hydroxybutanoyl]oxypropanoic acid;(2S,3R)-2-Amino-3-[(2S)-2-amino-3-hydroxypropanoyl]oxybutanoic acid","","HMDB0247786;HMDB0257561;HMDB0257621","94685;NA;NA","4989;NA;NA","NA;NA;NA","null","null",TRUE,TRUE,NA,NA,NA
"1-methyl-2-hydroadenosine","7905_pos","1-methyl-2-hydroadenosine",0.89,263851.4,NA,"N6-Methyladenosine","null","1-Methyl-2-hydroadenosine","","HMDB0243923","NA","138114954","NA","null","null",TRUE,TRUE,NA,NA,NA
"1-methylhistidine","2267_neg","1-methylhistidine",0.87,229.74,"Histidine and derivatives","no MS2: alpha-Methyl-DL-histidine; LC-ESI-QTOF; MS2; CE","C7H11N3O2","1-Methylhistidine;3-Methylhistidine;Ipronidazole;N-Methyl-L-histidine;4-[(2R)-2-Aminopropyl]imidazole-1-carboxylic acid","C01152;C01152","HMDB0000001;HMDB0000479;HMDB0253571;HMDB0255176;HMDB0258056","50599;27596;NA;137683;NA","92105;64969;26951;5186528;NA","NA;NA;NA;NA;NA","HRRYYCWYCMJNGA-UHFFFAOYNA-N","CC(N)(CC1=CN=CN1)C(O)=O",TRUE,TRUE,NA,NA,NA
"1-naphthalenesulfonic acid","4008_neg","1-naphthalenesulfonic acid",0.87,510.25,"2-naphthalene sulfonates","no MS2: 2-Naphthalenesulfonic acid; LC-ESI-ITFT; MS2; CE","C10H8O3S","1-Naphthalenesulfonic acid;2-Naphthalenesulfonic acid","C16201;C16202","HMDB0243955;HMDB0255446","30895;44229","6812;8420","NA;NA","KVBGVZZKJNLNJU-UHFFFAOYSA-N","OS(=O)(=O)C1=CC2=CC=CC=C2C=C1",TRUE,TRUE,NA,NA,NA
"1-naphthyl isocyanate","2447_pos","1-naphthyl isocyanate",0.07,17.11,NA,"Unknown","null","1-Naphthyl isocyanate","","HMDB0243960","NA","66589","NA","null","null",TRUE,FALSE,NA,NA,NA
"1-naphthylamine","1346_neg","1-naphthylamine",0.33,12.34,NA,"Unknown","null","1-Naphthylamine;1-Benzazepine;8-Methylquinoline","C14790","HMDB0243964;HMDB0244865;HMDB0247450","50450;38430;48984","8640;15559658;11910","NA;NA;NA","null","null",TRUE,TRUE,NA,NA,NA
"1-nitropyrene","6148_pos","1-nitropyrene",0.49,20.42,NA,"Unknown","null","1-Nitropyrene;Fluoroazomycin arabinoside","C14421","HMDB0243967;HMDB0259428","34107;NA","NA;56671599","NA;NA","null","null",TRUE,TRUE,NA,NA,NA
"1-nitrosopiperazine","473_pos","1-nitrosopiperazine",0.91,5370.91,NA,"CREATININE","null","1-Nitrosopiperazine","","HMDB0243969","NA","21845","NA","null","null",TRUE,TRUE,NA,NA,NA
"1-o-hexadecyl-sn-glycero-3-phosphocholine","17048_pos","1-o-hexadecyl-sn-glycero-3-phosphocholine",0.11,2178371,NA,"Unknown","null","1-O-Hexadecyl-sn-glycero-3-phosphocholine","C13903","HMDB0243890","NA","NA","NA","null","null",TRUE,FALSE,NA,NA,NA
"1-propanol, hexafluoro-","2214_neg","1-propanol, hexafluoro-",0.09,13.17,NA,"Unknown","null","1-Propanol, hexafluoro-;1,1,1,2,3,3-Hexafluoro-2-propanol","","HMDB0244003;HMDB0244036","NA;NA","148644;13350568","NA;NA","null","null",TRUE,FALSE,NA,NA,NA
"1-pyrenecarboxaldehyde","5135_neg","1-pyrenecarboxaldehyde",0.33,12.66,NA,"Unknown","null","1-Pyrenecarboxaldehyde;Benzanthrone","","HMDB0244005;HMDB0248974","NA;NA","232848;6697","NA;NA","null","null",TRUE,TRUE,NA,NA,NA
"1-pyrroline-5-carboxylic acid","423_neg","1-pyrroline-5-carboxylic acid",0.73,135.75,NA,"Unknown","null","1-Pyrroline-5-carboxylic acid;2,3-Dihydro-1H-pyrrole-2-carboxylic acid;2,5-Dihydro-1H-pyrrole-2-carboxylic acid;(2s)-5-Oxopyrrolidine-2-carbaldehyde;2-(Prop-2-ynylamino)acetic acid;DL-Propargylglycine;Glutarimide;N-Methylsuccinimide;1-Methylpyrrole-2,5-diol","C03912;C07275","HMDB0001301;HMDB0244902;HMDB0245496;HMDB0246837;HMDB0246989;HMDB0251529;HMDB0252816;HMDB0255192;HMDB0255337","371;NA;NA;NA;NA;NA;5435;NA;NA","440162;13419849;97858;3033056;185909;NA;70726;70717;21326740","NA;NA;NA;NA;NA;NA;NA;NA;NA","null","null",TRUE,TRUE,NA,NA,NA
"1-salicylate glucuronide","9123_neg","1-salicylate glucuronide",0.58,92.24,NA,"Unknown","null","1-Salicylate glucuronide;Beta-D-Glucopyranuronic acid;6-(3-carboxyphenoxy)-3,4,5-trihydroxyoxane-2-carboxylic acid;6-(4-carboxyphenoxy)-3,4,5-trihydroxyoxane-2-carboxylic acid;5-Hydroxy-3-[[5-(4-nitrophenyl)furan-2-yl]methylideneamino]-1H-imidazol-2-one","","HMDB0010313;HMDB0010314;HMDB0124994;HMDB0125174;HMDB0260376","73961;NA;NA;NA;NA","3084023;168876;131831545;131637326;53924553","NA;NA;NA;NA;NA","null","null",TRUE,TRUE,NA,NA,NA
"1-{2-[(3-ethylphenyl)amino]-2-oxoethyl}-6-oxo-1,6-dihydropyridine-3-carboxylic acid","8465_neg","1-{2-[(3-ethylphenyl)amino]-2-oxoethyl}-6-oxo-1,6-dihydropyridine-3-carboxylic acid",0.47,28718.84,NA,"Unknown","null","1-{2-[(3-Ethylphenyl)amino]-2-oxoethyl}-6-oxo-1,6-dihydropyridine-3-carboxylic acid;Bcl-2 Inhibitor;Desmedipham;5-Nitro-2-(3-phenylpropylamino)benzoic acid;Phenmedipham","C18417;C13705;C18420","HMDB0243809;HMDB0248902;HMDB0251050;HMDB0255766;HMDB0256405","NA;NA;81733;NA;81734","71700183;11822705;24743;4549;NA","NA;NA;NA;NA;NA","null","null",TRUE,TRUE,NA,NA,NA
"10-(phosphonooxy)decyl methacrylate","9491_neg","10-(phosphonooxy)decyl methacrylate",0.36,2322894,NA,"Unknown","null","10-(Phosphonooxy)decyl methacrylate","","HMDB0247525","NA","NA","NA","null","null",TRUE,FALSE,NA,NA,NA
"10-acetyl-3,7-dihydroxyphenoxazine","6390_neg","10-acetyl-3,7-dihydroxyphenoxazine",0.4,29236.21,NA,"Unknown","null","10-Acetyl-3,7-dihydroxyphenoxazine","","HMDB0244436","NA","167453","NA","null","null",TRUE,FALSE,NA,NA,NA
"10z-nonadecenoic acid","8281_neg","10z-nonadecenoic acid",0.16,172.71,NA,"Unknown","null","10Z-Nonadecenoic acid;Methyl cis-9-octadecenoate;Methyl octadec-11-enoate","","HMDB0013622;HMDB0254581;HMDB0254604","83051;NA;NA","5312513;8202;74738","NA;NA;NA","null","null",TRUE,FALSE,NA,NA,NA
"11-beta-hydroxyandrosterone-3-glucuronide","16644_neg","11-beta-hydroxyandrosterone-3-glucuronide",0.31,2114686,NA,"Unknown","null","11-beta-Hydroxyandrosterone-3-glucuronide","C05643","HMDB0010351","2198","1864","46185","null","null",TRUE,TRUE,NA,NA,NA
"11-hydroxyyohimbine","11689_neg","11-hydroxyyohimbine",0.16,163758,NA,"Unknown","null","11-Hydroxyyohimbine;Samidorphan","","HMDB0244362;HMDB0257474","NA;NA","18412807;11624889","NA;NA","null","null",TRUE,TRUE,NA,NA,NA
"11z-eicosenoic acid","8969_neg","11z-eicosenoic acid",0.76,1526191,NA,"Unknown","null","11Z-Eicosenoic acid;Paullinic acid;9Z-Eicosenoic acid;Icos-2-enoic acid;Ethyl octadec-9-enoate","C16526","HMDB0002231;HMDB0035159;HMDB0062436;HMDB0247671;HMDB0252058","32425;134479;32419;NA;NA","5282768;5312518;5282767;3035221;8123","NA;NA;NA;NA;NA","null","null",TRUE,FALSE,NA,NA,NA
"13-hode","8280_neg","13-hode",0.91,126.11,"Long-chain fatty acids","no MS2: 12,13-EODE; LC-ESI-QIT; MS2; CE","C18H32O3","13-HODE;alpha-Dimorphecolic acid;9,10-Epoxyoctadecenoic acid;12,13-EpOME;(13S)-13-hydroxyoctadeca-9,11-dienoic acid;13-Hydroxyoctadeca-9,12-dienoic acid;18-Hydroxyoctadecadienoic acid;13-Hydroxyoctadeca-2,4-dienoic acid;9-Hydroxyoctadeca-2,4-dienoic acid;9-Hydroxylinoleic acid;11-(3-Pentyloxiran-2-yl)undec-9-enoic acid;9,10-Epoxy-12-octadecenoic acid;Octadeca-9,12-dieneperoxoic acid;hydroxyoctadecadienoic acid","C14762;C14767;C14825;C14826","HMDB0004667;HMDB0004670;HMDB0004701;HMDB0004702;HMDB0242324;HMDB0244510;HMDB0244806;HMDB0245746;HMDB0247353;HMDB0247599;HMDB0247613;HMDB0247616;HMDB0247622;HMDB0253281","34154;34496;34494;38299;NA;NA;NA;NA;NA;NA;NA;NA;NA;NA","6443013;5312830;6246154;5356421;1424;125660;NA;54440129;53740616;73226949;1416;1929;53775225;73746259","NA;NA;NA;NA;NA;NA;NA;NA;NA;NA;NA;NA;NA;NA","CCPPLLJZDQAOHD-DHZHZOJONA-N","CCCCCC1OC1C\C=C\CCCCCCCC(O)=O",TRUE,FALSE,NA,NA,NA
"13-l-hydroperoxylinoleic acid","9053_neg","13-l-hydroperoxylinoleic acid",0.11,269.83,"Lineolic acids and derivatives","no MS2: 13-HPODE; LC-ESI-QIT; MS2; CE","C18H32O4","13-L-Hydroperoxylinoleic acid;9(S)-HPODE;12,13-DiHODE;15,16-DiHODE;9,10-DiHODE;9-Hpode;18-Hydroperoxyoctadeca-2,4-dienoic acid","C04717;C14827","HMDB0003871;HMDB0006940;HMDB0010201;HMDB0010208;HMDB0010221;HMDB0242602;HMDB0257631","15655;NA;88461;88465;88440;NA;NA","5280720;6439847;16061067;16061068;16061066;1928;53636117","NA;NA;NA;NA;NA;NA;NA","JDSRHVWSAMTSSN-KDFHGORWNA-N","CCCCCC(OO)\C=C\C=CCCCCCCCC(O)=O",TRUE,FALSE,NA,NA,NA
"13-oxoode","8172_neg","13-oxoode",0.69,304365.2,"Lineolic acids and derivatives","no MS2: 13-HOTrE(r); LC-ESI-QIT; MS2; CE","C18H30O3","13-OxoODE;9-OxoODE;A-12(13)-EpODE;13-HOTE;15(16)-EpODE;9(10)-EpODE;9-HOTE;(9S,10E,12Z,15Z)-9-Hydroxy-10,12,15-octadecatrienoic acid;(9Z,11E,13S,15Z)-13-Hydroxyoctadeca-9,11,15-trienoic acid;2-{2-[4-(1,1,3,3-Tetramethylbutyl)phenoxy]ethoxy}ethanol;13-Oxo-9,11-octadecadienoic acid;9-Oxo-10,12-octadecadienoic acid;9(S)-HOTrE","C14765;C14766","HMDB0004668;HMDB0004669;HMDB0010200;HMDB0010203;HMDB0010206;HMDB0010220;HMDB0010224;HMDB0031934;HMDB0244523;HMDB0245640;HMDB0246143;HMDB0247609;HMDB0247705","68947;72842;88462;72641;88460;88441;88438;89388;NA;NA;136531;NA;NA","6446027;9839084;16061061;10469728;16061062;16061060;53480359;13917187;53394276;NA;160205;193923;53394275","NA;NA;NA;NA;NA;NA;NA;NA;NA;NA;NA;NA;NA","HNBLUNXZQNJFRB-KYLWABQHSA-N","CCCCC[C@H](O)\C=C\C=C/C\C=C/CCCCC(O)=O",TRUE,FALSE,NA,NA,NA
"14-deoxy-11,12-didehydroandrographolide","9961_neg","14-deoxy-11,12-didehydroandrographolide",0.22,15726.62,NA,"Unknown","null","14-Deoxy-11,12-didehydroandrographolide;Glaucocalyxin A;Dehydroandrographolide","","HMDB0244578;HMDB0252739;HMDB0259665","NA;NA;NA","4262071;14193397;53394883","NA;NA;NA","null","null",TRUE,TRUE,NA,NA,NA
"15(s)-hydroxyeicosatrienoic acid","9500_neg","15(s)-hydroxyeicosatrienoic acid",0.2,595379.6,NA,"Unknown","null","15(S)-Hydroxyeicosatrienoic acid;8-HETrE;20-Hydroxyeicosatrieneoic acid;12(r)-Hydroxyeicosatrienoic acid","","HMDB0005045;HMDB0060052;HMDB0245565;HMDB0258142","88348;NA;NA;NA","5283145;35025143;53763823;54236449","NA;NA;NA;NA","null","null",TRUE,FALSE,NA,NA,NA
"15-deoxy-d-12,14-pgj2","9686_pos","15-deoxy-d-12,14-pgj2",0.09,50.69,NA,"Unknown","null","15-Deoxy-d-12,14-PGJ2;19-Nordeoxycorticosterone;(5Z)-11-Oxoprosta-5,9,12,14-tetraene-1-oic acid;Neopetasin","C14717","HMDB0005079;HMDB0244837;HMDB0247553;HMDB0255528","34159;NA;95176;NA","5311211;5069272;1444;3504628","NA;NA;NA;NA","null","null",TRUE,FALSE,NA,NA,NA
"16,16-dimethylprostaglandin e2","12214_neg","16,16-dimethylprostaglandin e2",0.02,4140026,NA,"Unknown","null","16,16-Dimethylprostaglandin E2;20a,20b-Dihomo-9-oxo-11R,15S-dihydroxy-5Z,13E-prostadienoic acid;7-[(1R,2R,3R)-3-Hydroxy-2-[(3R)-3-hydroxy-4,4-dimethyloct-1-enyl]-5-oxocyclopentyl]hept-2-enoic acid;Enisoprost;Limaprost;Prostalene","","HMDB0244730;HMDB0245563;HMDB0247164;HMDB0251811;HMDB0254093;HMDB0256858","NA;NA;NA;NA;NA;NA","1445;53394171;77836160;NA;3927;73859796","NA;NA;NA;NA;NA;NA","null","null",TRUE,FALSE,NA,NA,NA
"17-hdohe","10499_neg","17-hdohe",0.49,1912460,"Very long-chain fatty acids","no MS2: 17-HDoHE; LC-ESI-QIT; MS2; CE","C22H32O3","17-HDoHE;19(20)-EpDPE;16(17)-EpDPE;Anacardic acid;10-HDoHE;11-HDoHE;16-HDoHE;20-HDoHE;4-HDoHE;7-HDoHE;8-HDoHE;14-Hydroxydocosahexaenoic acid;17(R)-HDoHE;Epoxydocosapentaenoic acid;metenolone acetate;methoxyprogesterone;(8R,9S,10R,13S,14S,16R,17S)-16-Ethyl-17-(2-hydroxyacetyl)-13-methyl-2,6,7,8,9,10,11,12,14,15,16,17-dodecahydro-1H-cyclopenta[a]phenanthren-3-one","","HMDB0010213;HMDB0013620;HMDB0013621;HMDB0033896;HMDB0060037;HMDB0060040;HMDB0060047;HMDB0060048;HMDB0060049;HMDB0060050;HMDB0060051;HMDB0244585;HMDB0244779;HMDB0251880;HMDB0254510;HMDB0254554;HMDB0260172","72637;72653;72855;NA;NA;NA;NA;NA;NA;NA;NA;NA;NA;NA;NA;NA;NA","6439179;11631565;14392758;11824131;88553636;131769802;131769806;131769807;131769808;131769809;131769810;135204;130173;129846313;4088;21941129;NA","NA;NA;NA;NA;NA;NA;NA;NA;NA;NA;NA;NA;NA;NA;NA;NA;NA","SWTYBBUBEPPYCX-BQRHHIOENA-N","CC\C=C\CC(O)\C=C\C=C/C\C=C/C\C=C/C\C=C/CCC(O)=O",TRUE,FALSE,NA,NA,NA
"17-hydroxyandrostane-3-glucuronide","16563_pos","17-hydroxyandrostane-3-glucuronide",0.16,169098.1,NA,"Unknown","null","17-Hydroxyandrostane-3-glucuronide;3alpha-Androstanediol glucuronide;Androstanediol-17g","","HMDB0010359;HMDB0246252;HMDB0248414","88730;NA;NA","53480454;22248615;4381937","NA;NA;NA","null","null",TRUE,FALSE,NA,NA,NA
"17beta-estradiol 3-sulfate","10853_neg","17beta-estradiol 3-sulfate",0.42,18.94,NA,"Unknown","null","17beta-Estradiol 3-sulfate;Estradiol 17-sulfate;1-(2-Chlorophenyl)-N-methyl-N-(1-methylpropyl)-3-isoquinolinecarboxamide;[(8R,9S,13S,14S)-13-Methyl-17-oxo-4,6,7,8,9,11,12,14,15,16-decahydro-3H-cyclopenta[a]phenanthren-3-yl] hydrogen sulfate","C08357","HMDB0004448;HMDB0251958;HMDB0256625;HMDB0257854","4866;NA;73290;NA","66416;NA;NA;NA","NA;NA;NA;NA","null","null",TRUE,TRUE,NA,NA,NA
"19,20-dihdpa","11313_neg","19,20-dihdpa",0.11,341188,NA,"Unknown","null","19,20-DiHDPA;Diheptyl phthalate","C14575","HMDB0010214;HMDB0251285","72657;34677","16061148;19284","NA;NA","null","null",TRUE,FALSE,NA,NA,NA
"19-norandrosterone","7320_neg","19-norandrosterone",0.42,101469,NA,"Unknown","null","19-Norandrosterone;19-Noretiocholanolone;Stearidonic acid;Octadeca-6,9,12,15-tetraenoic acid;9,12-Octadecadiynoic acid;cis-Parinaric acid;Bolandiol;Octadeca-2,4,6,8-tetraenoic acid","C16300","HMDB0002697;HMDB0005886;HMDB0006547;HMDB0247114;HMDB0247623;HMDB0248240;HMDB0249338;HMDB0255898","36412;36412;32389;NA;142250;32408;NA;NA","9548753;14009228;5312508;163841;1931;NA;25440;53438755","NA;NA;2218006;NA;NA;NA;NA;NA","null","null",TRUE,FALSE,NA,NA,NA
"1b,3a,12a-trihydroxy-5b-cholanoic acid","13527_neg","1b,3a,12a-trihydroxy-5b-cholanoic acid",0.64,24679870,NA,"3A,7A,12B-Trihydroxy-5B-Cholanoic Acid","null","1b,3a,12a-Trihydroxy-5b-cholanoic acid;3a,6b,7b-Trihydroxy-5b-cholanoic acid;Cholic acid;Hyocholic acid;Ursocholic acid;3,6,7-Trihydroxycholan-24-oic acid;Bile acid;Butaprost","C17726;C00695;C17644","HMDB0000326;HMDB0000415;HMDB0000619;HMDB0000760;HMDB0000917;HMDB0246290;HMDB0249206;HMDB0249457","89219;81298;16359;NA;81240;NA;NA;NA","53477683;5283853;221493;131750324;122340;NA;303;53394153","NA;NA;35720;NA;NA;NA;NA;NA","null","null",TRUE,FALSE,NA,NA,NA
"1h-indole-2,3-dione","1596_pos","1h-indole-2,3-dione",0.38,30.59,"Indolines","no MS2: Isatin; LC-ESI-QTOF; MS2; [M+H]+; CE","C8H5NO2","1H-Indole-2,3-dione;Phthalimide","C11129","HMDB0061933;HMDB0256502","27539;38817","7054;NA","NA;NA","JXDYKVIHCLTXOP-UHFFFAOYSA-N","O=C1NC2=CC=CC=C2C1=O",TRUE,TRUE,NA,NA,NA
"2,2,6,6-tetramethyl-4-piperidinol","1821_neg","2,2,6,6-tetramethyl-4-piperidinol",0.51,14851.96,NA,"Unknown","null","2,2,6,6-Tetramethyl-4-piperidinol;2,2,6,6-Tetramethylpiperidin-1-ol;Isovaleryl diethylamide;Sec-Butylpropylacetamide","","HMDB0245344;HMDB0245345;HMDB0253703;HMDB0257395","NA;NA;NA;NA","NA;NA;NA;44550483","NA;NA;NA;NA","null","null",TRUE,FALSE,NA,NA,NA
"2,2-dichloro-12-(4-chlorophenyl)dodecanoic acid","12075_neg","2,2-dichloro-12-(4-chlorophenyl)dodecanoic acid",0.73,270663.6,NA,"Unknown","null","2,2-Dichloro-12-(4-chlorophenyl)dodecanoic acid","","HMDB0249301","NA","9929731","NA","null","null",TRUE,TRUE,NA,NA,NA
"2,3,4-trinitrotoluene","4955_neg","2,3,4-trinitrotoluene",0.42,116.1,NA,"Unknown","null","2,3,4-Trinitrotoluene;2,4,6-Trinitrotoluene","C16391","HMDB0245426;HMDB0245483","NA;46053","11763;8376","NA;NA","null","null",TRUE,FALSE,NA,NA,NA
"2,3-bis(3,4-dihydroxyphenyl)butanedioic acid","10052_neg","2,3-bis(3,4-dihydroxyphenyl)butanedioic acid",0.09,10.83,NA,"Unknown","null","2,3-Bis(3,4-dihydroxyphenyl)butanedioic acid","","HMDB0250004","NA","3011689","NA","null","null",TRUE,TRUE,NA,NA,NA
"2,3-diaminosalicylic acid","2416_pos","2,3-diaminosalicylic acid",0.87,966.26,NA,"Unknown","null","2,3-Diaminosalicylic acid;Dephostatin","","HMDB0013159;HMDB0251017","88769;NA","53481699;2990","NA;NA","null","null",TRUE,TRUE,NA,NA,NA
"2,3-dihydroxy-5-methylthio-4-pentenoic acid","2624_neg","2,3-dihydroxy-5-methylthio-4-pentenoic acid",0.58,1701.8,NA,"Unknown","null","2,3-Dihydroxy-5-methylthio-4-pentenoic acid;""1,1'-Thiocarbonyldiimidazole"";4-Amino-7-chloroquinoline;Dimethyl mercaptosuccinate","","HMDB0240388;HMDB0244051;HMDB0247242;HMDB0251387","NA;NA;NA;NA","154603736;80264;NA;95335","NA;NA;NA;NA","null","null",TRUE,TRUE,NA,NA,NA
"2,3-dinitrosobutanbildung","492_pos","2,3-dinitrosobutanbildung",0.89,1684.14,NA,"5,6-DIHYDROURACIL","null","2,3-Dinitrosobutanbildung;3-Amino-1-hydroxypyrrolidin-2-one;Biacetyl dioxime;N-NITROSOMORPHOLINE;3-Amino-4-oxobutanamide;Succinamide","C19283","HMDB0245409;HMDB0245803;HMDB0249176;HMDB0255208;HMDB0258109;HMDB0258539","NA;NA;NA;76326;NA;NA","13141646;1232;135459645;6046;22284063;NA","NA;NA;NA;NA;NA;NA","null","null",TRUE,TRUE,NA,NA,NA
"2,3-methyleneglutaric acid","1785_neg","2,3-methyleneglutaric acid",0.6,155.08,NA,"Unknown","null","2,3-Methyleneglutaric acid","","HMDB0059731","89910","123510533","NA","null","null",TRUE,FALSE,NA,NA,NA
"2,4,6-tris(dimethylaminomethyl)phenol","6786_neg","2,4,6-tris(dimethylaminomethyl)phenol",0.33,189568,NA,"Unknown","null","2,4,6-Tris(dimethylaminomethyl)phenol","","HMDB0247627","NA","7026","NA","null","null",TRUE,FALSE,NA,NA,NA
"2,4-bis(2-methoxyethoxy)-1,3,5-triazine","5122_pos","2,4-bis(2-methoxyethoxy)-1,3,5-triazine",0.69,101.89,NA,"Deoxycytidine","null","2,4-Bis(2-methoxyethoxy)-1,3,5-triazine","","HMDB0245444","NA","126305","NA","null","null",TRUE,TRUE,NA,NA,NA
"2,4-bis(methylthio)butyric acid","2712_neg","2,4-bis(methylthio)butyric acid",0.38,224.33,NA,"Unknown","null","2,4-Bis(methylthio)butyric acid","","HMDB0257800","NA","54110821","NA","null","null",TRUE,TRUE,NA,NA,NA
"2,4-diamino-6-dimethylamino-1,3,5-triazine","1731_neg","2,4-diamino-6-dimethylamino-1,3,5-triazine",0.07,40.19,NA,"Unknown","null","2,4-Diamino-6-dimethylamino-1,3,5-triazine;2-Nonenal, 4-oxo-","","HMDB0244854;HMDB0245270","NA;NA","16134;216297","NA;NA","null","null",TRUE,FALSE,NA,NA,NA
"2,4-thiazolidinedicarboxylic acid, 2-methyl-","3367_pos","2,4-thiazolidinedicarboxylic acid, 2-methyl-",0.87,148.81,NA,"Unknown","null","2,4-Thiazolidinedicarboxylic acid, 2-methyl-","","HMDB0244750","NA","98342","NA","null","null",TRUE,TRUE,NA,NA,NA
"2,5-dioxopyrrolidin-1-yl 4-(pyren-1-yl)butanoate","12433_neg","2,5-dioxopyrrolidin-1-yl 4-(pyren-1-yl)butanoate",0.16,71.84,NA,"Unknown","null","2,5-Dioxopyrrolidin-1-YL 4-(pyren-1-YL)butanoate","","HMDB0244410","NA","NA","NA","null","null",TRUE,FALSE,NA,NA,NA
"2,6-di-tert-butyl-4-hydroxymethylphenol","5428_neg","2,6-di-tert-butyl-4-hydroxymethylphenol",0.91,140.58,NA,"Unknown","null","2,6-Di-tert-butyl-4-hydroxymethylphenol;2,6-Di-tert-butyl-4-hydroxy-4-methyl-2,5-cyclohexadienone;3,7,11-Trimethyldodeca-2,6,10-trienoic acid;1-O-Hexyl-2,3,5-trimethylhydroquinone","","HMDB0032048;HMDB0166723;HMDB0252169;HMDB0253220","NA;NA;36969;NA","6929;146102;93051;119193","NA;NA;NA;NA","null","null",TRUE,FALSE,NA,NA,NA
"2,6-dimethylpyrazine","379_pos","2,6-dimethylpyrazine",0.51,172.49,NA,"Unknown","null","2,6-Dimethylpyrazine;2,5-Dimethylpyrazine;2-Amino-4-methylpyridine;Adiponitrile;m-Phenylenediamine;o-Phenylenediamine;p-Phenylenediamine;Phenylhydrazine","C02454;C14402;C19499;C02304","HMDB0035248;HMDB0035289;HMDB0246517;HMDB0248015;HMDB0254282;HMDB0255864;HMDB0256055;HMDB0256439","NA;NA;NA;NA;8092;34043;51403;27924","7938;31252;NA;8128;NA;7243;NA;NA","NA;NA;NA;NA;NA;NA;NA;NA","null","null",TRUE,TRUE,NA,NA,NA
"2,7-difluoro-4-methoxyspiro[fluorene-9,5'-imidazolidine]-2',4'-dione","9210_neg","2,7-difluoro-4-methoxyspiro[fluorene-9,5'-imidazolidine]-2',4'-dione",0.07,11.68,NA,"Unknown","null","""2,7-Difluoro-4-methoxyspiro[fluorene-9,5'-imidazolidine]-2',4'-dione""","","HMDB0248091","NA","159501","NA","null","null",TRUE,TRUE,NA,NA,NA
"2-(1-adamantyl)-1,3-dioxetane","3347_neg","2-(1-adamantyl)-1,3-dioxetane",0.87,460766.9,NA,"Unknown","null","2-(1-Adamantyl)-1,3-dioxetane","","HMDB0257906","NA","57178134","NA","null","null",TRUE,TRUE,NA,NA,NA
"2-(1h-indazol-3-yl)acetic acid","2788_pos","2-(1h-indazol-3-yl)acetic acid",0.84,56.02,NA,"Unknown","null","2-(1H-Indazol-3-yl)acetic acid;4-Quinolinamine, N-hydroxy-, 1-oxide;5-Phenylhydantoin;Pemoline","C07899","HMDB0244912;HMDB0246310;HMDB0246838;HMDB0256214","NA;NA;NA;7953","12470263;20753;1002;NA","NA;NA;NA;NA","null","null",TRUE,TRUE,NA,NA,NA
"2-(2-aminophenyl)-2-oxoacetaldehyde","1553_neg","2-(2-aminophenyl)-2-oxoacetaldehyde",0.07,24.62,NA,"Unknown","null","2-(2-Aminophenyl)-2-oxoacetaldehyde;5-Hydroxyoxindole;Dopaminechrome;Benzoxazinone;5-Hydroperoxy-1H-indole","","HMDB0244917;HMDB0246809;HMDB0248311;HMDB0249036;HMDB0260025","NA;NA;NA;NA;NA","54035853;76955;170262;19937448;46835348","NA;NA;NA;NA;NA","null","null",TRUE,TRUE,NA,NA,NA
"2-(2-cyclopropylhydrazinyl)-9-[(2r,5r)-3,4-dihydroxy-5-(hydroxymethyl)oxolan-2-yl]-1h-purin-6-one","10765_pos","2-(2-cyclopropylhydrazinyl)-9-[(2r,5r)-3,4-dihydroxy-5-(hydroxymethyl)oxolan-2-yl]-1h-purin-6-one",0.78,519548.3,NA,"Unknown","null","2-(2-Cyclopropylhydrazinyl)-9-[(2R,5R)-3,4-dihydroxy-5-(hydroxymethyl)oxolan-2-yl]-1H-purin-6-one;N-[[(2S,3S,4R,5R)-5-(6-Aminopurin-9-yl)-3,4-dihydroxyoxolan-2-yl]-hydroxymethyl]-N-ethylformamide","","HMDB0255354;HMDB0257719","NA;NA","NA;NA","NA;NA","null","null",TRUE,TRUE,NA,NA,NA
"2-(2-hydroxyethyl)-4-oxohexanedioic acid","3803_neg","2-(2-hydroxyethyl)-4-oxohexanedioic acid",0.44,22.27,NA,"Unknown","null","2-(2-Hydroxyethyl)-4-oxohexanedioic acid","","HMDB0258156","NA","54171967","NA","null","null",TRUE,TRUE,NA,NA,NA
"2-(2-oxopropanoyloxy)butanedioic acid","3797_neg","2-(2-oxopropanoyloxy)butanedioic acid",0.31,15.36,NA,"Unknown","null","2-(2-Oxopropanoyloxy)butanedioic acid","","HMDB0258031","NA","53644070","NA","null","null",TRUE,FALSE,NA,NA,NA
"2-(2-phenylacetoxy)propionylglycine","6774_neg","2-(2-phenylacetoxy)propionylglycine",0.42,94.86,NA,"Unknown","null","2-(2-Phenylacetoxy)propionylglycine;N-Phenylacetylglutamic acid;Nigerloxin","","HMDB0059732;HMDB0059772;HMDB0255600","89911;89860;NA","124202120;11579826;NA","NA;NA;NA","null","null",TRUE,TRUE,NA,NA,NA
"2-(3,7,11-trimethyldodeca-2,6,10-trienylsulfanyl)benzoic acid","11779_pos","2-(3,7,11-trimethyldodeca-2,6,10-trienylsulfanyl)benzoic acid",0.44,13.87,NA,"Unknown","null","2-(3,7,11-Trimethyldodeca-2,6,10-trienylsulfanyl)benzoic acid;""4,4'-Thiobis(6-tert-butyl-m-cresol)""","","HMDB0244927;HMDB0247683","NA;NA","389644;7308","NA;NA","null","null",TRUE,TRUE,NA,NA,NA
"2-(4,4-difluoro-1-piperidinyl)-6-methoxy-n-[1-(1-methylethyl)-4-piperidinyl]-7-[3-(1-pyrrolidinyl)propoxy]-4-quinazolinamine","19255_pos","2-(4,4-difluoro-1-piperidinyl)-6-methoxy-n-[1-(1-methylethyl)-4-piperidinyl]-7-[3-(1-pyrrolidinyl)propoxy]-4-quinazolinamine",0.13,288523.7,NA,"Unknown","null","2-(4,4-Difluoro-1-piperidinyl)-6-methoxy-N-[1-(1-methylethyl)-4-piperidinyl]-7-[3-(1-pyrrolidinyl)propoxy]-4-quinazolinamine","","HMDB0259403","NA","NA","NA","null","null",TRUE,FALSE,NA,NA,NA
"2-(4-(methylamino)phenyl)benzo[d]thiazol-6-ol","6609_pos","2-(4-(methylamino)phenyl)benzo[d]thiazol-6-ol",0.69,50.01,NA,"Unknown","null","2-(4-(Methylamino)phenyl)benzo[d]thiazol-6-ol","","HMDB0244929","NA","10171487","NA","null","null",TRUE,FALSE,NA,NA,NA
"2-(5-chloro-2-fluorophenyl)-n-(pyridin-4-yl)pteridin-4-amine","10845_neg","2-(5-chloro-2-fluorophenyl)-n-(pyridin-4-yl)pteridin-4-amine",0.42,264.22,NA,"Unknown","null","2-(5-Chloro-2-fluorophenyl)-N-(pyridin-4-yl)pteridin-4-amine","","HMDB0258189","NA","NA","NA","null","null",TRUE,TRUE,NA,NA,NA
"2-(5-fluoropentyl)-2-methylmalonic acid","3918_neg","2-(5-fluoropentyl)-2-methylmalonic acid",0.33,10.14,NA,"Unknown","null","2-(5-Fluoropentyl)-2-methylmalonic acid","","HMDB0254798","NA","57514438","NA","null","null",TRUE,FALSE,NA,NA,NA
"2-(6-(5-chloro-2-methoxyphenyl)-4-oxo-2-thioxo-3,4-dihydropyrimidin-1(2h)-yl)acetamide","9597_neg","2-(6-(5-chloro-2-methoxyphenyl)-4-oxo-2-thioxo-3,4-dihydropyrimidin-1(2h)-yl)acetamide",0.09,11.63,NA,"Unknown","null","2-(6-(5-Chloro-2-methoxyphenyl)-4-oxo-2-thioxo-3,4-dihydropyrimidin-1(2H)-yl)acetamide","","HMDB0256364","NA","NA","NA","null","null",TRUE,TRUE,NA,NA,NA
"2-(6-hydroxy-4-oxo-2-sulfanylidene-1h-pyrimidin-5-yl)propanedial","4298_neg","2-(6-hydroxy-4-oxo-2-sulfanylidene-1h-pyrimidin-5-yl)propanedial",0.6,42.22,NA,"Unknown","null","2-(6-Hydroxy-4-oxo-2-sulfanylidene-1H-pyrimidin-5-yl)propanedial","","HMDB0255358","NA","54314512","NA","null","null",TRUE,TRUE,NA,NA,NA
"2-(methylsulfonyl)pyridine","1801_neg","2-(methylsulfonyl)pyridine",0.49,121.19,NA,"Unknown","null","2-(Methylsulfonyl)pyridine;Benzenesulfonamide","","HMDB0244947;HMDB0248984","NA;NA","NA;7370","NA;NA","null","null",TRUE,FALSE,NA,NA,NA
"2-({6-amino-3,5-dicyano-4-[4-(cyclopropylmethoxy)phenyl]pyridin-2-yl}sulfanyl)acetamide","12130_neg","2-({6-amino-3,5-dicyano-4-[4-(cyclopropylmethoxy)phenyl]pyridin-2-yl}sulfanyl)acetamide",0.11,2.55,NA,"Unknown","null","2-({6-Amino-3,5-dicyano-4-[4-(cyclopropylmethoxy)phenyl]pyridin-2-yl}sulfanyl)acetamide","","HMDB0248893","131358","11717831","NA","null","null",TRUE,TRUE,NA,NA,NA
"2-[(2-amino-2-oxoethyl)-[(2s)-2-[(2-amino-2-oxoethyl)-(carboxymethyl)amino]propyl]amino]acetic acid","9070_pos","2-[(2-amino-2-oxoethyl)-[(2s)-2-[(2-amino-2-oxoethyl)-(carboxymethyl)amino]propyl]amino]acetic acid",0.62,352264.2,NA,"Unknown","null","2-[(2-Amino-2-oxoethyl)-[(2S)-2-[(2-amino-2-oxoethyl)-(carboxymethyl)amino]propyl]amino]acetic acid;Desmethyl Fluvoxamine","","HMDB0247365;HMDB0251053","NA;NA","126521;71433886","NA;NA","null","null",TRUE,TRUE,NA,NA,NA
"2-[(2s)-2-amino-3-carboxypropanoyl]oxybutanedioic acid","6248_pos","2-[(2s)-2-amino-3-carboxypropanoyl]oxybutanedioic acid",0.47,185.06,NA,"Unknown","null","2-[(2S)-2-Amino-3-carboxypropanoyl]oxybutanedioic acid","","HMDB0258136","NA","NA","NA","null","null",TRUE,TRUE,NA,NA,NA
"2-[(3s,5r)-5-[6-(2,4-dichlorophenyl)hexyl]-3-hydroxy-2-oxooxolan-3-yl]acetic acid","12570_neg","2-[(3s,5r)-5-[6-(2,4-dichlorophenyl)hexyl]-3-hydroxy-2-oxooxolan-3-yl]acetic acid",0.27,8.71,NA,"Unknown","null","2-[(3S,5R)-5-[6-(2,4-Dichlorophenyl)hexyl]-3-hydroxy-2-oxooxolan-3-yl]acetic acid","","HMDB0257512","NA","19387341","NA","null","null",TRUE,TRUE,NA,NA,NA
"2-[(4s)-6-(4-chlorophenyl)-8-methoxy-1-methyl-4h-[1,2,4]triazolo[4,3-a][1,4]benzodiazepin-4-yl]-n-ethylacetamide","14196_neg","2-[(4s)-6-(4-chlorophenyl)-8-methoxy-1-methyl-4h-[1,2,4]triazolo[4,3-a][1,4]benzodiazepin-4-yl]-n-ethylacetamide",0.07,6.91,NA,"Unknown","null","2-[(4s)-6-(4-Chlorophenyl)-8-Methoxy-1-Methyl-4h-[1,2,4]triazolo[4,3-A][1,4]benzodiazepin-4-Yl]-N-Ethylacetamide","","HMDB0244491","NA","52934829","NA","null","null",TRUE,TRUE,NA,NA,NA
"2-[(6-aminopurin-9-yl)methoxy]ethyl dihydrogen phosphate","7889_neg","2-[(6-aminopurin-9-yl)methoxy]ethyl dihydrogen phosphate",0.22,29715.39,NA,"Unknown","null","2-[(6-Aminopurin-9-yl)methoxy]ethyl dihydrogen phosphate","","HMDB0244961","NA","501025","NA","null","null",TRUE,TRUE,NA,NA,NA
"2-[3-(sulfooxy)phenyl]acetic acid","5210_neg","2-[3-(sulfooxy)phenyl]acetic acid",0.87,6343.67,NA,"Unknown","null","2-[3-(sulfooxy)phenyl]acetic acid;2-[4-(sulfooxy)phenyl]acetic acid;2-Hydroxyphenylacetic acid sulfate","","HMDB0125163;HMDB0132500;HMDB0240441","NA;NA;NA","131831698;70223057;141909252","NA;NA;NA","null","null",TRUE,TRUE,"Phenylsulfates","Organic sulfuric acids and derivatives","Arylsulfates"
"2-[4-(dimethylamino)phenyl]benzothiazole-6-ol","6992_neg","2-[4-(dimethylamino)phenyl]benzothiazole-6-ol",0.4,54.88,NA,"Unknown","null","2-[4-(Dimethylamino)phenyl]benzothiazole-6-ol","","HMDB0250064","NA","10956585","NA","null","null",TRUE,TRUE,NA,NA,NA
"2-amino-1,3-propanediol","91_pos","2-amino-1,3-propanediol",0.87,640.05,NA,"BETA-ALANINE","null","2-Amino-1,3-propanediol","","HMDB0244971","NA","68294","NA","null","null",TRUE,TRUE,NA,NA,NA
"2-amino-2-thiazoline-4-carboxylic acid","1550_pos","2-amino-2-thiazoline-4-carboxylic acid",0.62,76.41,NA,"Unknown","null","2-Amino-2-thiazoline-4-carboxylic acid","","HMDB0245615","64777","NA","NA","null","null",TRUE,TRUE,NA,NA,NA
"2-amino-3-sulfanylpropanal","279_neg","2-amino-3-sulfanylpropanal",0.6,38.43,NA,"Unknown","null","2-Amino-3-sulfanylpropanal","","HMDB0244781","NA","19900077","NA","null","null",TRUE,FALSE,NA,NA,NA
"2-amino-4,6-dinitrotoluene","3632_pos","2-amino-4,6-dinitrotoluene",0.07,5.41,NA,"Unknown","null","2-Amino-4,6-dinitrotoluene;4-Amino-2,6-dinitrotoluene;2-Amino-5-phosphonopentanoic acid","C16395;C16394;C13734","HMDB0245219;HMDB0246344;HMDB0247376","19452;77424;138644","37182;29574;NA","NA;NA;NA","null","null",TRUE,TRUE,NA,NA,NA
"2-amino-4-[(2-amino-2-carboxyethyl)disulfanyl]butanoic acid","6509_pos","2-amino-4-[(2-amino-2-carboxyethyl)disulfanyl]butanoic acid",0.42,185.64,NA,"Unknown","null","2-Amino-4-[(2-amino-2-carboxyethyl)disulfanyl]butanoic acid;Djenkolic acid","","HMDB0246700;HMDB0251505","NA;NA","193401;253305","NA;NA","null","null",TRUE,TRUE,NA,NA,NA
"2-amino-5-((1-((carboxymethyl)amino)-3-(methylthio)-1-oxopropan-2-yl)amino)-5-oxopentanoic acid","9427_neg","2-amino-5-((1-((carboxymethyl)amino)-3-(methylthio)-1-oxopropan-2-yl)amino)-5-oxopentanoic acid",0.13,16773.37,NA,"Unknown","null","2-Amino-5-((1-((carboxymethyl)amino)-3-(methylthio)-1-oxopropan-2-yl)amino)-5-oxopentanoic acid;Glycine, L-g-glutamyl-L-cysteinyl-, 3-methyl ester","","HMDB0244993;HMDB0260312","NA;NA","NA;13960592","NA;NA","null","null",TRUE,TRUE,NA,NA,NA
"2-amino-5-[[1-[carboxymethyl(sulfo)amino]-1-oxo-3-sulfanylpropan-2-yl]amino]-5-oxopentanoic acid","12520_neg","2-amino-5-[[1-[carboxymethyl(sulfo)amino]-1-oxo-3-sulfanylpropan-2-yl]amino]-5-oxopentanoic acid",0.51,693.19,NA,"Unknown","null","2-Amino-5-[[1-[carboxymethyl(sulfo)amino]-1-oxo-3-sulfanylpropan-2-yl]amino]-5-oxopentanoic acid","","HMDB0257661","NA","54398503","NA","null","null",TRUE,FALSE,NA,NA,NA
"2-aminobicyclo[3.1.0]hexane-2,6-dicarboxylic acid","3110_pos","2-aminobicyclo[3.1.0]hexane-2,6-dicarboxylic acid",0.87,91.75,NA,"Unknown","null","2-Aminobicyclo[3.1.0]hexane-2,6-dicarboxylic acid","","HMDB0244794","NA","114827","NA","null","null",TRUE,TRUE,NA,NA,NA
"2-aminosulfonyl-benzoic acid methyl ester","4497_pos","2-aminosulfonyl-benzoic acid methyl ester",0.38,28.66,"Benzoic acid esters","no MS2: 2-Aminosulfonyl-benzoic acid methyl ester; LC-ESI-ITFT; MS2; CE","C8H9NO4S",NA,NA,NA,NA,NA,NA,"VSOOBQALJVLTBH-UHFFFAOYSA-N","COC(=O)C1=CC=CC=C1S(N)(=O)=O",TRUE,TRUE,NA,NA,NA
"2-benzyl-4-chlorophenol","4508_neg","2-benzyl-4-chlorophenol",0.02,49.61,NA,"Unknown","null","2-Benzyl-4-chlorophenol","","HMDB0245035","NA","8425","NA","null","null",TRUE,TRUE,NA,NA,NA
"2-chloro-n-[(z)-[3-hydroxy-5-(hydroxymethyl)-2-methylpyridin-4-yl]methylideneamino]benzamide","9335_neg","2-chloro-n-[(z)-[3-hydroxy-5-(hydroxymethyl)-2-methylpyridin-4-yl]methylideneamino]benzamide",0.07,5,NA,"Unknown","null","2-Chloro-N-[(Z)-[3-hydroxy-5-(hydroxymethyl)-2-methylpyridin-4-yl]methylideneamino]benzamide;Sarmazenil","","HMDB0255835;HMDB0257499","NA;NA","3272499;NA","NA;NA","null","null",TRUE,TRUE,NA,NA,NA
"2-chloroaniline","834_neg","2-chloroaniline",0.11,561.87,NA,"Unknown","null","2-Chloroaniline;3-(Chloromethyl)pyridine;3-Chloroaniline;4-Chloroaniline;n-chloroaniline","C14450","HMDB0245064;HMDB0245786;HMDB0245839;HMDB0246391;HMDB0255099","NA;NA;NA;20331;NA","NA;18358;7932;7812;258030","NA;NA;NA;NA;NA","null","null",TRUE,TRUE,NA,NA,NA
"2-ethyl-2-methyl-n-(6-chloro-4-sulfamoyl-o-tolyl)succinimide","10472_neg","2-ethyl-2-methyl-n-(6-chloro-4-sulfamoyl-o-tolyl)succinimide",0.36,76136.44,NA,"Unknown","null","2-Ethyl-2-methyl-N-(6-chloro-4-sulfamoyl-o-tolyl)succinimide","","HMDB0256147","NA","204937","NA","null","null",TRUE,FALSE,NA,NA,NA
"2-furancarboxaldehyde","126_neg","2-furancarboxaldehyde",0.44,52.78,NA,"Unknown","null","2-Furancarboxaldehyde;2H-Pyran-2-one","C14279","HMDB0032914;HMDB0245765","34768;37965","7362;68154","NA;NA","null","null",TRUE,FALSE,NA,NA,NA
"2-furoic acid","396_neg","2-furoic acid",0.93,591.59,NA,"3-Furoic Acid","null","2-Furoic acid;Citraconic anhydride","C01546","HMDB0000617;HMDB0250302","30845;NA","6919;12012","NA;NA","null","null",TRUE,TRUE,NA,NA,NA
"2-hepteneoylglycine","2924_neg","2-hepteneoylglycine",0.78,557.81,NA,"Unknown","null","2-Hepteneoylglycine;3-Hepteneoylglycine;4-Hepteneoylglycine;5-Hepteneoylglycine;3h-Adrenaline","","HMDB0094728;HMDB0094729;HMDB0094730;HMDB0094731;HMDB0246263","NA;NA;NA;NA;NA","NA;NA;NA;NA;129636259","NA;NA;NA;NA;NA","null","null",TRUE,TRUE,NA,NA,NA
"2-hexadec-7-enylicosa-8,11-dienedioic acid","19361_neg","2-hexadec-7-enylicosa-8,11-dienedioic acid",0.36,2411829,NA,"Unknown","null","2-Hexadec-7-enylicosa-8,11-dienedioic acid","","HMDB0255383","NA","53801146","NA","null","null",TRUE,FALSE,NA,NA,NA
"2-hexadec-7-enyloctadecanedioic acid","18588_neg","2-hexadec-7-enyloctadecanedioic acid",0.04,1322820,NA,"Unknown","null","2-Hexadec-7-enyloctadecanedioic acid","","HMDB0255384","NA","53868662","NA","null","null",TRUE,FALSE,NA,NA,NA
"2-hydrazinopyridine","395_pos","2-hydrazinopyridine",0.6,345.51,NA,"Unknown","null","2-Hydrazinopyridine;3,4-Diaminopyridine","","HMDB0245139;HMDB0246022","NA;NA","NA;NA","NA;NA","null","null",TRUE,TRUE,NA,NA,NA
"2-hydroxy-3-methylpentanoic acid","1009_neg","2-hydroxy-3-methylpentanoic acid",0.93,158.22,NA,"Mevalonolactone","null","2-Hydroxy-3-methylpentanoic acid;5-Hydroxyhexanoic acid;Leucinic acid;Hydroxyisocaproic acid;2-Hydroxycaproic acid;6-Hydroxyhexanoic acid;Threo-3-Hydroxy-2-methylbutyric acid;3-Hydroxyhexanoic acid;1-Methoxy-2-propyl acetate;2-Ethoxyethyl acetate;3-Hydroxybutyl acetate;Diethylene glycol monovinyl ether;methoxypyrimidinyl piperazine;1,4-Dihydroxy-3,3-dimethylbutan-2-one;Solketal","C06103","HMDB0000317;HMDB0000525;HMDB0000665;HMDB0000746;HMDB0001624;HMDB0012843;HMDB0059770;HMDB0061652;HMDB0243916;HMDB0245111;HMDB0245894;HMDB0251247;HMDB0254555;HMDB0257729;HMDB0258367","89228;131434;59783;44510;86542;17869;NA;37049;NA;NA;NA;NA;NA;NA;NA","10796774;170748;92779;83697;99824;14490;642248;11829482;NA;NA;102703;13581;3033863;57248394;NA","NA;NA;NA;NA;NA;NA;NA;NA;NA;NA;NA;NA;NA;NA;NA","null","null",TRUE,TRUE,NA,NA,NA
"2-hydroxy-4-methylthiobutanoate","1581_neg","2-hydroxy-4-methylthiobutanoate",0.58,49.99,NA,"2-hydroxy-4-methylthiobutanoate","null",NA,NA,NA,NA,NA,NA,"null","null",TRUE,FALSE,NA,NA,NA
"2-hydroxy-4-methylthiobutyric acid","1062_neg","2-hydroxy-4-methylthiobutyric acid",0.53,27.95,NA,"Unknown","null","2-Hydroxy-4-methylthiobutyric acid;Dimethylpropiothetin","C04022","HMDB0245145;HMDB0251405","NA;16457","11491941;23736","NA;NA","null","null",TRUE,TRUE,NA,NA,NA
"2-hydroxyacetaminophen sulfate","6139_pos","2-hydroxyacetaminophen sulfate",0.93,53.66,NA,"Unknown","null","2-Hydroxyacetaminophen sulfate;HHPAA sulfate","","HMDB0062547;HMDB0240380","82942;NA","NA;NA","NA;NA","null","null",TRUE,TRUE,NA,NA,NA
"2-hydroxyadipic acid","2002_neg","2-hydroxyadipic acid",0.87,2108.34,"Hydroxy fatty acids","no MS2: 3-Hydroxy-3-methylglutaric acid; LC-ESI-QTOF; MS2; CE","C6H10O5","2-Hydroxyadipic acid;3-Hydroxyadipic acid;3-Hydroxymethylglutaric acid;Levoglucosan;2-Hydroxy-2-ethylsuccinic acid;1,2,4-Benzotriazin-3-amine 1-oxide;2,5-Anhydro-D-mannose;3-Deoxyglucosone;(2S)-2-[(2S,3S,4R)-3,4-Dihydroxyoxolan-2-yl]-2-hydroxyacetaldehyde;""1,1'-Carbonyldiimidazole"";2-(2-Hydroxy-1-oxopropoxy)propionic acid;Conduritol epoxide;Glycerol pyruvate;1,5,6-Trihydroxyhexane-2,3-dione","C02360;C03761;C02488","HMDB0000321;HMDB0000345;HMDB0000355;HMDB0000640;HMDB0059758;HMDB0243493;HMDB0245490;HMDB0245856;HMDB0246074;HMDB0246922;HMDB0247139;HMDB0247281;HMDB0252845;HMDB0255346","17023;89205;16831;30997;89897;NA;NA;NA;NA;NA;NA;67235;NA;NA","193530;151913;1662;2724705;439736;NA;4243512;15120156;5229255;NA;69241;2859;22168925;18951586","NA;NA;NA;NA;NA;NA;NA;NA;NA;NA;NA;NA;NA;NA","NPOAOTPXWNWTSH-UHFFFAOYSA-N","CC(O)(CC(O)=O)CC(O)=O",TRUE,TRUE,NA,NA,NA
"2-hydroxybutyric acid","276_neg","2-hydroxybutyric acid",0.82,110.27,NA,"3-Hydroxybutyric Acid","null","2-Hydroxybutyric acid;3-Hydroxybutyric acid;(S)-3-Hydroxyisobutyric acid;(R)-3-Hydroxyisobutyric acid;(S)-3-Hydroxybutyric acid;4-Hydroxybutyric acid;alpha-Hydroxyisobutyric acid;(1,2-Dihydroxyethyl)oxirane;Methyl lactate","C05984;C01089;C06001;C03197;C01991","HMDB0000008;HMDB0000011;HMDB0000023;HMDB0000336;HMDB0000442;HMDB0000710;HMDB0000729;HMDB0243558;HMDB0254599","50613;17066;37373;NA;17290;30830;50129;NA;83221","440864;92135;440873;11217234;94318;10413;11671;108199;NA","NA;36784;37034;NA;NA;NA;NA;NA;NA","null","null",TRUE,TRUE,NA,NA,NA
"2-hydroxydodecyl methacrylate","7005_neg","2-hydroxydodecyl methacrylate",0.04,179.98,NA,"Unknown","null","2-Hydroxydodecyl methacrylate","","HMDB0245155","NA","114522","NA","null","null",TRUE,FALSE,NA,NA,NA
"2-hydroxyethanesulfonate","783_neg","2-hydroxyethanesulfonate",0.87,5528.36,NA,"2-Hydroxyethanesulfonate","null","2-Hydroxyethanesulfonate;Ethyl hydrogen sulfate","C05123","HMDB0003903;HMDB0031233","1157;NA","7866;6004","NA;NA","null","null",TRUE,TRUE,NA,NA,NA
"2-hydroxyhexadecanoic acid","7124_neg","2-hydroxyhexadecanoic acid",0.84,177.22,"Long-chain fatty acids","no MS2: 16-Hydroxyhexadecanoic acid; LC-ESI-QTOF; MS2; CE","C16H32O3","2-Hydroxyhexadecanoic acid","","HMDB0031057","75977","12575964","NA","UGAGPNKCDRTDHP-UHFFFAOYSA-N","OCCCCCCCCCCCCCCCC(O)=O",TRUE,FALSE,NA,NA,NA
"2-hydroxymyristic acid","5824_neg","2-hydroxymyristic acid",0.51,351,NA,"Unknown","null","2-Hydroxymyristic acid;3-Hydroxytetradecanoic acid","","HMDB0002261;HMDB0061656","59270;37374","1563;5312869","NA;NA","null","null",TRUE,FALSE,NA,NA,NA
"2-hydroxymyristoylcarnitine","13088_pos","2-hydroxymyristoylcarnitine",0.29,736256.3,NA,"Unknown","null","2-Hydroxymyristoylcarnitine;3-Hydroxytetradecanoyl carnitine;Deoxyspergualin;Tresperimus","","HMDB0013166;HMDB0061640;HMDB0243514;HMDB0259122","NA;73063;NA;NA","53481642;71464541;55362;NA","NA;NA;NA;NA","null","null",TRUE,FALSE,NA,NA,NA
"2-indolecarboxylic acid","2141_pos","2-indolecarboxylic acid",0.44,63.43,"Indolecarboxylic acids and derivatives","no MS2: 1H-indole-3-carboxylic acid; LC-ESI-QTOF; MS2; CE","C9H7NO2","2-Indolecarboxylic acid;Indole-3-carboxylic acid;4,6-Dihydroxyquinoline;Quinoline-4,8-diol;2,8-Quinolinediol;1,5-Isoquinolinediol;2,4-Quinolinediol;3-Hydroxyquinolin-2(1h)-One;Indole-5-carboxylic acid","C19837;C05639;C05637;C06342;C16716","HMDB0002285;HMDB0003320;HMDB0004077;HMDB0060289;HMDB0240311;HMDB0244237;HMDB0245468;HMDB0245908;HMDB0253469","130363;24809;28799;28883;17715;64044;75926;NA;131778","72899;69867;440738;440737;NA;1340;6864;818159;74280","NA;NA;46176;NA;NA;NA;NA;NA;NA","KMAKOBLIOCQGJP-UHFFFAOYSA-N","OC(=O)C1=CNC2=CC=CC=C12",TRUE,TRUE,NA,NA,NA
"2-ketobutyric acid","234_neg","2-ketobutyric acid",0.87,200.55,NA,"2-Ketobutyric Acid","null","2-Ketobutyric acid;Acetoacetic acid;Succinic acid semialdehyde;Acetic anhydride;2-Oxoethyl acetate;Methyl pyruvate;Propylene carbonate","C00109;C00164;C00232","HMDB0000005;HMDB0000060;HMDB0001259;HMDB0031646;HMDB0245285;HMDB0254610;HMDB0256840","30831;15344;16265;36610;NA;51850;NA","58;96;1112;7918;11115995;11748;NA","33889;NA;34331;NA;NA;NA;NA","null","null",TRUE,TRUE,NA,NA,NA
"2-methoxyacetaminophen sulfate","6578_neg","2-methoxyacetaminophen sulfate",0.87,67762.04,NA,"Unknown","null","2-Methoxyacetaminophen sulfate;O-Sulfotyrosine","","HMDB0062550;HMDB0155722","82944;46215","NA;514186","NA;NA","null","null",TRUE,TRUE,NA,NA,NA
"2-methyl-3-hydroxybutyric acid","585_neg","2-methyl-3-hydroxybutyric acid",0.91,2054.59,NA,"3-Hydroxyisovaleric Acid","null","2-Methyl-3-hydroxybutyric acid;2-Ethylhydracrylic acid;2-Hydroxy-3-methylbutyric acid;3-Hydroxyvaleric acid;3-Hydroxyisovaleric acid;2-Hydroxyvaleric acid;2-Hydroxy-2-methylbutyric acid;4-Hydroxyisovaleric acid;5-Hydroxypentanoic acid;2-Methoxyethyl acetate;Ethyl 3-hydroxypropanoate","C02804","HMDB0000354;HMDB0000396;HMDB0000407;HMDB0000531;HMDB0000754;HMDB0001863;HMDB0001987;HMDB0002011;HMDB0061927;HMDB0245204;HMDB0252030","37051;82956;60645;139272;37084;60647;68454;384411;45564;NA;NA","160471;188979;99823;107802;69362;98009;95433;131760;25945;8054;12870589","NA;NA;NA;NA;NA;NA;NA;NA;NA;NA;NA","null","null",TRUE,TRUE,NA,NA,NA
"2-methyl-3-ketovaleric acid","951_neg","2-methyl-3-ketovaleric acid",0.87,1498.4,NA,"Unknown","null","2-Methyl-3-ketovaleric acid;3-Methyl-2-oxovaleric acid;Ketoleucine;2-Ketohexanoic acid;Mevalonolactone;4-Acetylbutyrate;2H-Pyran-2-one, tetrahydro-4-hydroxy-4-methyl-, (R)-;2-Hydroxyethyl methacrylate;2-Methyl-2-hydroxypentane-1,5-dial;Diglycidyl ether;hydroxyethyl methacrylic acid;ketomethylvalerate;ketomethylvaleric acid;2-(Hydroxymethyl)pentanedial;Propionic anhydride;4-Methoxy-2-methylidenebutanoic acid;3-Hydroxy-3-methylpentanedial","C00671;C00233;C00902;C02129;C14530","HMDB0000408;HMDB0000491;HMDB0000695;HMDB0001864;HMDB0006024;HMDB0061881;HMDB0244840;HMDB0245159;HMDB0245213;HMDB0251282;HMDB0253265;HMDB0253790;HMDB0253791;HMDB0255360;HMDB0256826;HMDB0257691;HMDB0257911","86365;15614;48430;17308;NA;15888;NA;34288;NA;NA;NA;NA;NA;NA;NA;NA;NA","189028;439286;70;159664;5325923;18407;10428;NA;54303135;NA;53782531;17998011;19743428;21914504;NA;10441724;15575779","NA;NA;34334;NA;NA;NA;NA;NA;NA;NA;NA;NA;NA;NA;NA;NA;NA","null","null",TRUE,TRUE,NA,NA,NA
"2-methylbutyroylcarnitine","6067_pos","2-methylbutyroylcarnitine",0.76,128.95,NA,"Valerylcarnitine","null","2-Methylbutyroylcarnitine;Isovalerylcarnitine;Pinacidil","","HMDB0000378;HMDB0000688;HMDB0256556","73026;73025;NA","6426901;NA;NA","NA;NA;NA","null","null",TRUE,TRUE,NA,NA,NA
"2-methylbutyrylglycine","1889_neg","2-methylbutyrylglycine",0.89,1513.03,NA,"Unknown","null","2-Methylbutyrylglycine;Isovalerylglycine;Valerylglycine;N-Acetylvaline;3-Dehydrocarnitine;Betonicine;2-Pivalamidoacetic acid","C02636;C08269","HMDB0000339;HMDB0000678;HMDB0000927;HMDB0011757;HMDB0012154;HMDB0029412;HMDB0245297","86366;70984;NA;21565;57885;85533;NA","193872;546304;4737557;66789;6991982;164642;NA","NA;NA;NA;NA;NA;NA;NA","null","null",TRUE,TRUE,NA,NA,NA
"2-methylcitric acid","3902_neg","2-methylcitric acid",0.87,284.01,NA,"Lipoic Acid","null","2-Methylcitric acid;(R)-Lipoic acid;Homocitric acid;2-Methoxypropane-1,2,3-tricarboxylic acid;Thioctic acid;Glucose ketone","C16241;C01251;C00725","HMDB0000379;HMDB0001451;HMDB0003518;HMDB0245209;HMDB0251530;HMDB0252777","30835;30314;52222;NA;16494;NA","515;6112;439459;15788107;864;141057530","39369;35801;NA;NA;NA;NA","null","null",TRUE,TRUE,NA,NA,NA
"2-methylthiazolidine-4-carboxylic acid","1599_pos","2-methylthiazolidine-4-carboxylic acid",0.73,48.69,NA,"Unknown","null","2-Methylthiazolidine-4-carboxylic acid","","HMDB0246657","NA","160736","NA","null","null",TRUE,TRUE,NA,NA,NA
"2-octenoylcarnitine","8108_pos","2-octenoylcarnitine",0.53,20.87,NA,"Unknown","null","2-Octenoylcarnitine;Octenoyl-L-carnitine;5-(4-Methylphenyl)-7-tert-butyl-4,5,6,7-tetrahydro-1H-pyrazolo[3,4-d]pyrimidine-4-amine","","HMDB0013324;HMDB0240723;HMDB0257964","71012;NA;NA","70679121;129692230;57157766","NA;NA;NA","null","null",TRUE,FALSE,NA,NA,NA
"2-oxazolidinone, 3-[[(5-nitro-2-furanyl)methylene]amino]-","5006_pos","2-oxazolidinone, 3-[[(5-nitro-2-furanyl)methylene]amino]-",0.42,109.86,NA,"Unknown","null","2-Oxazolidinone, 3-[[(5-nitro-2-furanyl)methylene]amino]-","","HMDB0247183","5195","3435","NA","null","null",TRUE,FALSE,NA,NA,NA
"2-oxido-1,2,5-oxadiazol-2-ium","1_neg","2-oxido-1,2,5-oxadiazol-2-ium",0.44,98.43,NA,"Unknown","null","2-Oxido-1,2,5-oxadiazol-2-ium;Diazoacetic acid","","HMDB0246696;HMDB0251151","NA;NA","5325374;53438496","NA;NA","null","null",TRUE,FALSE,NA,NA,NA
"2-oxoarginine","2618_pos","2-oxoarginine",0.87,1942.84,NA,"Unknown","null","2-Oxoarginine","C03771","HMDB0004225","28116","558","42500","null","null",TRUE,TRUE,NA,NA,NA
"2-phosphoglyceric acid","3137_pos","2-phosphoglyceric acid",0.76,15.4,"Sugar acids and derivatives","no MS2: 3-Phospho-D-glycerate; LC-ESI-ITFT; MS2; m/z","C3H7O7P","2-Phosphoglyceric acid;3-Phosphoglyceric acid;2-Phospho-D-glyceric acid;D-Glycerate 3-phosphate;Diethyldithiophosphate","C00597;C00631;C00197","HMDB0000362;HMDB0000807;HMDB0003391;HMDB0060180;HMDB0061736","24344;17050;17835;17794;NA","59;724;439278;439183;9274","NA;34230;35542;NA;NA","OSJPPGNTCRNQQC-UWTATZPHSA-N","O[C@H](COP(O)(O)=O)C(O)=O",TRUE,TRUE,NA,NA,NA
"2-phosphonopropionic acid","1711_neg","2-phosphonopropionic acid",0.87,472.97,NA,"Unknown","null","2-Phosphonopropionic acid","","HMDB0245296","NA","73187","NA","null","null",TRUE,TRUE,NA,NA,NA
"2-pyrrolidinone","20_pos","2-pyrrolidinone",0.84,24.14,NA,"Unknown","null","2-Pyrrolidinone;2-Methyl-2-oxazoline;METHACRYLAMIDE;N-Vinylacetamide","C11118","HMDB0002039;HMDB0245215;HMDB0254513;HMDB0255246","36592;53614;51759;NA","12025;70713;6595;NA","NA;NA;NA;NA","null","null",TRUE,TRUE,NA,NA,NA
"2-thenoyltrifluoroacetone","4682_neg","2-thenoyltrifluoroacetone",0.71,65.1,NA,"Unknown","null","2-Thenoyltrifluoroacetone","","HMDB0245319","NA","5601","NA","null","null",TRUE,FALSE,NA,NA,NA
"2-thiouracil","860_neg","2-thiouracil",0.09,23.24,NA,"Unknown","null","2-Thiouracil;Thiazole-4-carboxamide","C19304","HMDB0245323;HMDB0258976","348530;NA","1586;NA","NA;NA","null","null",TRUE,FALSE,NA,NA,NA
"2-thiouric acid","2870_neg","2-thiouric acid",0.44,122.87,NA,"Unknown","null","2-Thiouric acid","","HMDB0245324","NA","NA","NA","null","null",TRUE,TRUE,NA,NA,NA
"20-epi-eldecalcitol","16368_neg","20-epi-eldecalcitol",0.33,138283.3,NA,"Unknown","null","20-Epi-Eldecalcitol","","HMDB0245562","NA","73113358","NA","null","null",TRUE,FALSE,NA,NA,NA
"2h-benzo[f]isoindole-1-carbonitrile","3258_neg","2h-benzo[f]isoindole-1-carbonitrile",0.02,6.36,NA,"Unknown","null","2H-Benzo[F]isoindole-1-carbonitrile","","HMDB0245761","NA","14275443","NA","null","null",TRUE,FALSE,NA,NA,NA
"3',5'-cyclic amp","9779_neg","3',5'-cyclic amp",0.22,7.2,NA,"3',5'-CYCLIC AMP","null",NA,NA,NA,NA,NA,NA,"null","null",TRUE,FALSE,NA,NA,NA
"3',5'-dideoxythymidine","4156_pos","3',5'-dideoxythymidine",0.44,26.03,NA,"Kynurenine","null","""3',5'-Dideoxythymidine""","","HMDB0246113","NA","168859","NA","null","null",TRUE,FALSE,NA,NA,NA
"3',6'-dihydroxy-6-isothiocyanatospiro[isobenzofuran-1(3h),9'-[9h]xanthen]-3-one","12618_neg","3',6'-dihydroxy-6-isothiocyanatospiro[isobenzofuran-1(3h),9'-[9h]xanthen]-3-one",0.4,84.69,NA,"Unknown","null","""3',6'-Dihydroxy-6-isothiocyanatospiro[isobenzofuran-1(3H),9'-[9H]xanthen]-3-one"";Fluorescein-5-isothiocyanate;Fluoresceine isothiocyanate","","HMDB0246164;HMDB0246165;HMDB0252364","NA;37918;NA","15764346;18730;129651159","NA;NA;NA","null","null",TRUE,TRUE,NA,NA,NA
"3'-(1-butylphosphoryl)adenosine","13268_neg","3'-(1-butylphosphoryl)adenosine",0.02,4.94,NA,"Unknown","null","""3'-(1-Butylphosphoryl)adenosine""","","HMDB0246085","NA","13672004","NA","null","null",TRUE,TRUE,NA,NA,NA
"3'-hydroxyamobarbital","5903_pos","3'-hydroxyamobarbital",0.18,23.21,NA,"Unknown","null","""3'-Hydroxyamobarbital"";2,4,6(1H,3H,5H)-Pyrimidinetrione, 5-ethyl-5-(3-hydroxy-1-methylbutyl)-","","HMDB0246097;HMDB0246099","NA;NA","121454;94288","NA;NA","null","null",TRUE,TRUE,NA,NA,NA
"3'-o-methyl-(-)-epicatechin-5-o-sulphate","10844_neg","3'-o-methyl-(-)-epicatechin-5-o-sulphate",0.87,3272.41,NA,"Unknown","null","""3'-O-Methyl-(-)-epicatechin-5-O-sulphate"";""4'-O-Methyl-(-)-epicatechin-5-O-sulphate"";""4'-O-Methyl-(-)-epicatechin-7-O-sulphate"";2-(5-Chloro-2-fluorophenyl)-N-(pyridin-4-yl)pteridin-4-amine","","HMDB0029176;HMDB0029182;HMDB0029184;HMDB0258189","145963;175492;175493;NA","131834117;131834220;131834262;NA","NA;NA;NA;NA","null","null",TRUE,TRUE,NA,NA,NA
"3'-thiacytidine","5843_neg","3'-thiacytidine",0.04,16.6,NA,"Unknown","null","""3'-thiacytidine""","","HMDB0246108","NA","NA","NA","null","null",TRUE,FALSE,NA,NA,NA
"3,3'-dichlorobenzidine","6131_neg","3,3'-dichlorobenzidine",0.51,120.96,NA,"Unknown","null","""3,3'-Dichlorobenzidine"";Thiacloprid","C19225","HMDB0245999;HMDB0258967","NA;39175","NA;115224","NA;NA","null","null",TRUE,TRUE,NA,NA,NA
"3,4,5,4'-tetramethoxystilbene","8857_pos","3,4,5,4'-tetramethoxystilbene",0.29,10.31,NA,"Unknown","null","""3,4,5,4'-Tetramethoxystilbene"";""2,3',4,5'-Tetramethoxystilbene"";3-(4-Carboxybenzylidene)-6-hydroxycamphor","","HMDB0244555;HMDB0245669;HMDB0245779","NA;92804;NA","125922;5491;91106693","NA;NA;NA","null","null",TRUE,FALSE,NA,NA,NA
"3,4-dephostatin, ethyl-","2808_neg","3,4-dephostatin, ethyl-",0.44,75.92,NA,"Nicotinuric Acid","null","3,4-Dephostatin, Ethyl-","","HMDB0246019","NA","NA","NA","null","null",TRUE,TRUE,NA,NA,NA
"3,4-didehydroretinol acetate","10187_pos","3,4-didehydroretinol acetate",0.44,335767.7,NA,"Unknown","null","3,4-Didehydroretinol Acetate;6-Methylene-4-pregnene-3,20-dione;Anordiol;Promegestone","","HMDB0245853;HMDB0247087;HMDB0248450;HMDB0256802","NA;NA;NA;NA","167863;12951776;21953304;23276343","NA;NA;NA;NA","null","null",TRUE,FALSE,NA,NA,NA
"3,4-dihydro-9-hydroxy-[1]benzothieno[2,3-f]-1,4-thiazepin-5(2h)-one","6340_pos","3,4-dihydro-9-hydroxy-[1]benzothieno[2,3-f]-1,4-thiazepin-5(2h)-one",0.38,143.12,NA,"Unknown","null","3,4-Dihydro-9-hydroxy-[1]benzothieno[2,3-f]-1,4-thiazepin-5(2H)-one","","HMDB0253770","NA","NA","NA","null","null",TRUE,FALSE,NA,NA,NA
"3,4-methylene suberic acid","3534_neg","3,4-methylene suberic acid",0.58,340.49,NA,"Unknown","null","3,4-Methylene suberic acid;2,3-Methylene suberic acid;1,2,4,5-Tetramethoxybenzene;1,4-Butanediol diacrylate;Ethylene glycol dimethacrylate;Paeonimetabolin I;(Carbamoylamino)peroxyurea","","HMDB0059768;HMDB0059779;HMDB0244146;HMDB0244202;HMDB0252072;HMDB0256079;HMDB0257890","89887;89869;NA;NA;53436;NA;NA","124202118;124202116;97686;70613;NA;127381;21862929","NA;NA;NA;NA;NA;NA;NA","null","null",TRUE,TRUE,NA,NA,NA
"3,5-dimethyl-2-(3-pyridyl)thiazolidin-4-one","4152_pos","3,5-dimethyl-2-(3-pyridyl)thiazolidin-4-one",0.33,6.48,NA,"Unknown","null","3,5-Dimethyl-2-(3-pyridyl)thiazolidin-4-one","","HMDB0246060","NA","9837183","NA","null","null",TRUE,FALSE,NA,NA,NA
"3,5-dimethyl-3'-isopropyl-l-thyronine","11029_pos","3,5-dimethyl-3'-isopropyl-l-thyronine",0.69,430320.9,NA,"Unknown","null","""3,5-Dimethyl-3'-isopropyl-L-thyronine"";Cilomilast;TETRAHYDROPAPAVERINE","","HMDB0246061;HMDB0250246;HMDB0258902","NA;94683;NA","10360080;151170;NA","NA;NA;NA","null","null",TRUE,TRUE,NA,NA,NA
"3,5-dinitrobenzoic acid","4205_neg","3,5-dinitrobenzoic acid",0.87,66.04,NA,"Unknown","null","3,5-Dinitrobenzoic acid","","HMDB0246067","73914","7433","NA","null","null",TRUE,TRUE,NA,NA,NA
"3,5-dinitrosalicylic acid","4994_neg","3,5-dinitrosalicylic acid",0.71,455.62,NA,"Unknown","null","3,5-Dinitrosalicylic acid;3-Nitro-2-nitrooxybenzoic acid","C11319","HMDB0246071;HMDB0257673","53648;NA","11873;21864131","NA;NA","null","null",TRUE,TRUE,NA,NA,NA
"3-(((4,7-dichloro-1,3-benzoxazol-2-yl)methyl)amino)-5-ethyl-6-methylpyridin-2(1h)-one","10795_neg","3-(((4,7-dichloro-1,3-benzoxazol-2-yl)methyl)amino)-5-ethyl-6-methylpyridin-2(1h)-one",0.4,11993.36,NA,"Unknown","null","3-(((4,7-Dichloro-1,3-benzoxazol-2-yl)methyl)amino)-5-ethyl-6-methylpyridin-2(1H)-one","","HMDB0253854","NA","65002","NA","null","null",TRUE,FALSE,NA,NA,NA
"3-(2-hydroxyethyl)histidine","3642_pos","3-(2-hydroxyethyl)histidine",0.87,1778.92,NA,"N-Acetylhistidine","null","3-(2-Hydroxyethyl)histidine","","HMDB0245773","NA","21120587","NA","null","null",TRUE,TRUE,NA,NA,NA
"3-(3-hydroxyphenyl)propanoic acid","2155_neg","3-(3-hydroxyphenyl)propanoic acid",0.84,78.77,NA,"3-(3-Hydroxyphenyl)Propanoic Acid","null","3-(3-Hydroxyphenyl)propanoic acid;D-Phenyllactic acid;L-3-Phenyllactic acid;Phenyllactic acid;4-Methoxyphenylacetic acid;Desaminotyrosine;Ethyl salicylate;Ethylparaben;3-(2-Hydroxyphenyl)propanoic acid;4-Hydroxyphenyl-2-propionic acid;3-Methoxyphenylacetic acid;3-Methyltetrahydrophthalic anhydride;Acetovanillone;1,2,3,6-Tetrahydromethylphthalic anhydride;Paeonol;3a,4,5,6,7,7a-Hexahydroindene-1,2,3-trione","C11457;C05607;C05607;C01479;C01744;C01198;C03080;C11380;C10712","HMDB0000375;HMDB0000563;HMDB0000748;HMDB0000779;HMDB0002072;HMDB0002199;HMDB0029817;HMDB0032573;HMDB0033752;HMDB0041683;HMDB0059969;HMDB0245936;HMDB0247918;HMDB0254937;HMDB0256081;HMDB0260012","1427;43065;32978;25998;55501;32980;NA;31575;16104;NA;NA;NA;2781;55466;NA;NA","91;444718;643327;3848;7690;10394;8365;8434;873;102526;15719;12726603;2214;198243;NA;51381126","NA;NA;NA;NA;NA;NA;NA;NA;NA;NA;NA;NA;NA;NA;NA;NA","null","null",TRUE,TRUE,NA,NA,NA
"3-[3-(sulfooxy)phenyl]propanoic acid","5883_neg","3-[3-(sulfooxy)phenyl]propanoic acid",0.69,977.69,NA,"Unknown","null","3-[3-(Sulfooxy)phenyl]propanoic acid;3-[4-(sulfooxy)phenyl]propanoic acid;Ethylparaben sufate","","HMDB0094710;HMDB0125171;HMDB0240706","64414;NA;133704","187488;49844036;22908099","NA;NA;NA","null","null",TRUE,TRUE,NA,NA,NA
"3-[[(2r)-2-acetamido-2-carboxyethyl]disulfanyl]-2-aminopropanoic acid","7571_neg","3-[[(2r)-2-acetamido-2-carboxyethyl]disulfanyl]-2-aminopropanoic acid",0.51,97.26,NA,"Unknown","null","3-[[(2R)-2-Acetamido-2-carboxyethyl]disulfanyl]-2-aminopropanoic acid","","HMDB0247775","NA","65352","NA","null","null",TRUE,TRUE,NA,NA,NA
"3-amino-2-piperidone","458_pos","3-amino-2-piperidone",0.51,54.13,NA,"Unknown","null","3-Amino-2-piperidone;N-Nitrosopiperidine;L-prolinamide","C19284","HMDB0000323;HMDB0243970;HMDB0253910","76341;76324;NA","5200225;7526;550774","NA;NA;NA","null","null",TRUE,FALSE,NA,NA,NA
"3-amino-4-hydroxybenzoic acid","1748_neg","3-amino-4-hydroxybenzoic acid",0.42,14.87,NA,"3-AMINO-4-HYDROXYBENZOIC ACID","null",NA,NA,NA,NA,NA,NA,"null","null",TRUE,FALSE,NA,NA,NA
"3-amino-6-{4-[(4-methylpiperazin-1-yl)sulfonyl]phenyl}-n-pyridin-3-ylpyrazine-2-carboxamide","15486_neg","3-amino-6-{4-[(4-methylpiperazin-1-yl)sulfonyl]phenyl}-n-pyridin-3-ylpyrazine-2-carboxamide",0.33,10.48,NA,"Unknown","null","3-Amino-6-{4-[(4-Methylpiperazin-1-Yl)sulfonyl]phenyl}-N-Pyridin-3-Ylpyrazine-2-Carboxamide","","HMDB0248784","167652","10138980","NA","null","null",TRUE,TRUE,NA,NA,NA
"3-azido-7-hydroxycoumarin","3914_pos","3-azido-7-hydroxycoumarin",0.04,12.15,NA,"Unknown","null","3-Azido-7-hydroxycoumarin","","HMDB0245825","NA","NA","NA","null","null",TRUE,FALSE,NA,NA,NA
"3-chloro-2-hydroxypropanoic acid","779_pos","3-chloro-2-hydroxypropanoic acid",0.87,578874.4,NA,"Unknown","null","3-Chloro-2-hydroxypropanoic acid;phosphonoacetaldehyde","C03167","HMDB0244784;HMDB0256485","77855;18124","92899;NA","NA;NA","null","null",TRUE,TRUE,NA,NA,NA
"3-dehydroquinic acid","3157_neg","3-dehydroquinic acid",0.73,2071.91,NA,"Unknown","null","3-Dehydroquinic acid;2-O-Methylascorbic acid;""1,1'-Oxalyldiimidazole""","C00944","HMDB0012710;HMDB0240294;HMDB0244820","17947;NA;NA","439351;54726398;NA","NA;NA;NA","null","null",TRUE,TRUE,NA,NA,NA
"3-diphosphoglyceric acid","5095_neg","3-diphosphoglyceric acid",0.84,215.68,NA,"Unknown","null","3-Diphosphoglyceric acid","","HMDB0245860","NA","129635475","NA","null","null",TRUE,TRUE,NA,NA,NA
"3-feruloylquinic acid","11564_neg","3-feruloylquinic acid",0.38,103716.9,NA,"Unknown","null","3-Feruloylquinic acid;4-Feruloylquinic acid;""5-(3'-Hydroxyphenyl)-\xce\xb3-valerolactone 3'-glucuronide"";""5-(4\xe2\x80\x99-hydroxyphenyl)-\xce\xb3-valerolactone 4'-glucuronide"";5-Feruloylquinic acid","C02572","HMDB0030669;HMDB0240453;HMDB0240471;HMDB0240475;HMDB0240478","86388;18013;88746;NA;NA","9799386;NA;132472300;NA;NA","NA;NA;NA;NA;NA","null","null",TRUE,FALSE,NA,NA,NA
"3-hydroxy-3-carboxymethyl-adipic acid","4606_neg","3-hydroxy-3-carboxymethyl-adipic acid",0.47,321.53,NA,"Unknown","null","3-Hydroxy-3-carboxymethyl-adipic acid","","HMDB0059775","89858","88181051","NA","null","null",TRUE,TRUE,NA,NA,NA
"3-hydroxy-cis-5-tetradecenoylcarnitine","13005_pos","3-hydroxy-cis-5-tetradecenoylcarnitine",0.31,87299.41,NA,"Unknown","null","3-Hydroxy-cis-5-tetradecenoylcarnitine;hydroxytetradecenoylcarnitine","","HMDB0013330;HMDB0253296","NA;NA","53481699;129849063","NA;NA","null","null",TRUE,TRUE,NA,NA,NA
"3-hydroxy-l-aspartic acid","1550_neg","3-hydroxy-l-aspartic acid",0.62,228.43,NA,"Unknown","null","3-Hydroxy-L-aspartic acid;Diethyldithiocarbamic acid;Nereistoxin;6-Aminopurin-8-one;threo-hydroxyaspartic acid","C19150;C11474","HMDB0245891;HMDB0251244;HMDB0255542;HMDB0258004;HMDB0259046","83981;NA;7521;NA;NA","NA;8987;NA;22134339;10313218","NA;NA;NA;NA;NA","null","null",TRUE,TRUE,NA,NA,NA
"3-hydroxybenzoic acid-3-o-sulphate","4485_neg","3-hydroxybenzoic acid-3-o-sulphate",0.84,263.94,NA,"Unknown","null","3-hydroxybenzoic acid-3-O-sulphate;4-hydroxybenzoic acid-4-O-sulphate","","HMDB0059968;HMDB0059982","88717;88700","21126437;18690341","NA;NA","null","null",TRUE,TRUE,NA,NA,NA
"3-hydroxycapric acid","3079_neg","3-hydroxycapric acid",0.53,252.29,NA,"10-Hydroxydecanoic acid","null","3-Hydroxycapric acid;2-Hydroxydecanoate;10-Hydroxydecanoic acid;Methyl 9-hydroxynonanoate","C02774","HMDB0002203;HMDB0094656;HMDB0244272;HMDB0254571","37371;NA;17409;NA","5312799;5312797;74300;292983","NA;NA;NA;NA","null","null",TRUE,FALSE,NA,NA,NA
"3-hydroxydecanoyl carnitine","10447_pos","3-hydroxydecanoyl carnitine",0.31,49.73,NA,"Unknown","null","3-hydroxydecanoyl carnitine","","HMDB0061636","NA","121454166","NA","null","null",TRUE,FALSE,"Acyl carnitines","Fatty acyls","Fatty acid esters"
"3-hydroxydodecanoic acid","4425_neg","3-hydroxydodecanoic acid",0.51,199172.4,NA,"12-Hydroxydodecanoic acid","null","3-Hydroxydodecanoic acid;2-Hydroxydodecanoic acid","","HMDB0000387;HMDB0245154","36210;36211","5312805;97783","NA;NA","null","null",TRUE,FALSE,NA,NA,NA
"3-hydroxydodecanoyl carnitine","11843_pos","3-hydroxydodecanoyl carnitine",0.13,18.72,NA,"Unknown","null","3-hydroxydodecanoyl carnitine","","HMDB0061638","73056","71464535","NA","null","null",TRUE,FALSE,"Acyl carnitines","Fatty acyls","Fatty acid esters"
"3-hydroxyisovalerylcarnitine","6901_pos","3-hydroxyisovalerylcarnitine",0.84,48.92,NA,"Unknown","null","3-Hydroxyisovalerylcarnitine;hydroxyisovaleroyl carnitine;2-Hydroxyisovalerylcarnitine;Pinacidil pyridine N-oxide","","HMDB0061189;HMDB0062555;HMDB0240421;HMDB0256557","NA;NA;NA;NA","53915061;57357187;NA;64775","NA;NA;NA;NA","null","null",TRUE,TRUE,NA,NA,NA
"3-hydroxyoctanoyl carnitine","9032_pos","3-hydroxyoctanoyl carnitine",0.69,53.18,NA,"Unknown","null","3-hydroxyoctanoyl carnitine","","HMDB0061634","84100","86583357","NA","null","null",TRUE,FALSE,"Acyl carnitines","Fatty acyls","Fatty acid esters"
"3-hydroxysebacic acid","4518_neg","3-hydroxysebacic acid",0.69,3143.26,NA,"Unknown","null","3-Hydroxysebacic acid;2-Hydroxydecanedioic acid","","HMDB0000350;HMDB0000424","NA;89312","124350389;128458","NA;NA","null","null",TRUE,TRUE,NA,NA,NA
"3-hydroxytetradecanedioic acid","7211_neg","3-hydroxytetradecanedioic acid",0.69,6062.2,NA,"Unknown","null","3-Hydroxytetradecanedioic acid","","HMDB0000394","NA","20848956","NA","null","null",TRUE,TRUE,NA,NA,NA
"3-methoxytyramine","2309_pos","3-methoxytyramine",0.82,988.48,NA,"Phenylalanine","null","3-Methoxytyramine;Phenylephrine;p-Synephrine;4-Methoxytyramine;(-)-4-Hydroxynorephedrin;1,2-Diethyl-3-hydroxypyridin-4-one;3-(2-Amino-1-hydroxypropyl)phenol;8-Azaspiro[4.5]decane-7,9-dione;3h-Phenylalanine;Anhydroecgonine;4-[2-(Methoxyamino)ethyl]phenol;DL-2,5-Dihydrophenylalanine;dl-Mesatone;l-Tyrosinol;2-Methyldopamine","C05587;C07441;C04548","HMDB0000022;HMDB0002182;HMDB0004826;HMDB0012162;HMDB0243504;HMDB0244071;HMDB0245769;HMDB0245995;HMDB0246272;HMDB0248435;HMDB0249968;HMDB0251507;HMDB0251522;HMDB0253925;HMDB0259535","742324;8093;29081;89641;NA;NA;NA;NA;NA;NA;NA;NA;NA;NA;NA","1669;6041;7172;1748;11099;86322;4087;136843;77552485;101709;20476240;204298;4782;548190;68384","46076;NA;NA;NA;NA;NA;NA;NA;NA;NA;NA;NA;NA;NA;NA","null","null",TRUE,TRUE,NA,NA,NA
"3-methyl sulfolene","1103_pos","3-methyl sulfolene",0.87,138.04,NA,"Unknown","null","3-Methyl sulfolene","","HMDB0059667","NA","70941","NA","null","null",TRUE,TRUE,NA,NA,NA
"3-methylcrotonylglycine","1816_neg","3-methylcrotonylglycine",0.89,720.61,"N-acyl-alpha amino acids","no MS2: N-Tigloylglycine; LC-ESI-QTOF; MS2; CE","C7H11NO3","3-Methylcrotonylglycine;Tiglylglycine;N-Acetylproline;Glycine, N-[(2E)-2-methyl-1-oxo-2-butenyl]-","","HMDB0000459;HMDB0000959;HMDB0094701;HMDB0247952","68499;73018;21560;NA","169485;6441567;66141;169720","NA;NA;NA;NA","WRUSVQOKJIDBLP-HWKANZROSA-N","C\C=C(/C)C(O)=NCC(O)=O",TRUE,TRUE,NA,NA,NA
"3-methylglutaconic acid","1377_neg","3-methylglutaconic acid",0.87,106.51,NA,"3-Hexenedioic Acid","null","3-Methylglutaconic acid;(E)-2-Methylglutaconic acid;trans-2-Hexenedioic acid;2-Ethylbut-2-enedioic acid;2,3-Dimethylbut-2-enedioic acid;3,6-Dimethyl-1,4-dioxane-2,5-dione;4-Ethoxy-4-oxobut-2-enoic acid;2-Oxopropyl 2-oxopropanoate;1,1-Cyclobutanedicarboxylic acid;Dimethyl but-2-enedioate;Triacetic acid","C01757","HMDB0000522;HMDB0002266;HMDB0013311;HMDB0245118;HMDB0245400;HMDB0246077;HMDB0246416;HMDB0247914;HMDB0250639;HMDB0251383;HMDB0259137","37245;NA;49296;NA;NA;NA;NA;NA;35691;NA;16558","1551553;6368126;10877230;NA;10262;7272;41331;10149004;2568;NA;NA","NA;NA;NA;NA;NA;NA;NA;NA;NA;NA;NA","null","null",TRUE,TRUE,NA,NA,NA
"3-methylglutarylcarnitine","8313_pos","3-methylglutarylcarnitine",0.87,175.61,NA,"Unknown","null","3-Methylglutarylcarnitine;6,7-Dimethoxy-2-(piperazin-1-yl)quinazolin-4-amine;Etazolate","","HMDB0000552;HMDB0247128;HMDB0251990","NA;NA;138502","NA;NA;NA","NA;NA;NA","null","null",TRUE,TRUE,NA,NA,NA
"3-methylhistamine","821_pos","3-methylhistamine",0.84,700.4,NA,"3-METHYLHISTAMINE","null",NA,NA,NA,NA,NA,NA,"null","null",TRUE,TRUE,NA,NA,NA
"3-methylhistidine","2458_pos","3-methylhistidine",0.87,2600.96,NA,"3-Methylhistidine","null",NA,NA,NA,NA,NA,NA,"null","null",TRUE,TRUE,NA,NA,NA
"3-methylindole","972_neg","3-methylindole",0.36,51.6,NA,"3-Methylindole","null","3-Methylindole;1-Methylindole;1,2-Dihydroisoquinoline;1,2-Dihydroquinoline;2-Methylindole","C08313","HMDB0000466;HMDB0243941;HMDB0244075;HMDB0244077;HMDB0245234","9171;NA;NA;NA;49402","6736;11781;422511;5231402;NA","NA;NA;NA;NA;NA","null","null",TRUE,FALSE,NA,NA,NA
"3-methylthiopropionic acid","606_pos","3-methylthiopropionic acid",0.87,47.29,NA,"3-Methylthiopropionic Acid","null","3-Methylthiopropionic acid;Allyl methyl sulfone;4-Mercaptobutyric acid;Sulfobetaine;Sulfolane","C08276","HMDB0001527;HMDB0112255;HMDB0246487;HMDB0258591;HMDB0258594","1438;NA;138400;16471;74794","563;NA;25700;NA;NA","NA;NA;NA;NA;NA","null","null",TRUE,TRUE,NA,NA,NA
"3-methylthymidine","6616_pos","3-methylthymidine",0.76,9179.01,NA,"Unknown","null","3-Methylthymidine;""5'-o-Methylthymidine"";Edoxudine;Methyl-3H-thymidine;2-(2-Aminopropanoylamino)bicyclo[3.1.0]hexane-2,6-dicarboxylic acid","","HMDB0245937;HMDB0246885;HMDB0251705;HMDB0254620;HMDB0255353","NA;NA;NA;NA;NA","1675;3371855;1814;18623805;72751113","NA;NA;NA;NA;NA","null","null",TRUE,TRUE,NA,NA,NA
"3-methyluric acid","2802_neg","3-methyluric acid",0.58,107.24,NA,"Unknown","null","3-Methyluric acid;1-Methyluric acid;7-Methyluric acid","C16359;C16355","HMDB0001970;HMDB0003099;HMDB0011107","149031;68441;NA","11804;69726;69160","NA;NA;NA","null","null",TRUE,TRUE,NA,NA,NA
"3-oxotetradecanoic acid","5707_neg","3-oxotetradecanoic acid",0.49,906.33,NA,"Unknown","null","3-Oxotetradecanoic acid","","HMDB0010730","NA","NA","NA","null","null",TRUE,FALSE,NA,NA,NA
"3-propoxy-1h-pyrazole-4,5-diol","2016_pos","3-propoxy-1h-pyrazole-4,5-diol",0.87,991.36,NA,"Unknown","null","3-Propoxy-1H-pyrazole-4,5-diol;N-Nitrosobis(2-oxopropyl)amine;Oxiracetam","","HMDB0245976;HMDB0255200;HMDB0255986","NA;134609;NA","53442608;43371;NA","NA;NA;NA","null","null",TRUE,TRUE,NA,NA,NA
"33fta10","5678_neg","33fta10",0.22,68.62,"Medium-chain fatty acids","no MS2: 33FTA; LC-ESI-QQ; MS2; CE10; [M-H]-","C6H5F7O2",NA,NA,NA,NA,NA,NA,"ISFKSWMQWIRDNC-UHFFFAOYSA-N","OC(=O)CCC(F)(F)C(F)(F)C(F)(F)F",TRUE,FALSE,NA,NA,NA
"4'-azidocytidine","7668_neg","4'-azidocytidine",0.76,68.79,NA,"Unknown","null","""4'-Azidocytidine"";Benzo[a]pyrene diol","","HMDB0246625;HMDB0248999","NA;NA","129317836;85971926","NA;NA","null","null",TRUE,TRUE,NA,NA,NA
"4,5dimethyl-3-(2-oxo-2-phenyl-ethyl)-thiazole","5264_neg","4,5dimethyl-3-(2-oxo-2-phenyl-ethyl)-thiazole",0.38,29.51,NA,"Unknown","null","4,5Dimethyl-3-(2-oxo-2-phenyl-ethyl)-thiazole","","HMDB0257730","NA","57239676","NA","null","null",TRUE,TRUE,NA,NA,NA
"4,6-bis(methylthio)hexanoic acid","4018_neg","4,6-bis(methylthio)hexanoic acid",0.76,34.92,NA,"Unknown","null","4,6-Bis(methylthio)hexanoic acid","","HMDB0257963","NA","57516541","NA","null","null",TRUE,TRUE,NA,NA,NA
"4-(7-hydroxy-6,7-dihydro-5h-cyclopenta[d]pyrimidin-4-ylamino)benzonitrile","6158_neg","4-(7-hydroxy-6,7-dihydro-5h-cyclopenta[d]pyrimidin-4-ylamino)benzonitrile",0.51,14.6,NA,"Unknown","null","4-(7-Hydroxy-6,7-dihydro-5H-cyclopenta[d]pyrimidin-4-ylamino)benzonitrile;3-Phenoxypropylene di(acetate);Trinexapac-ethyl","C18541","HMDB0244317;HMDB0245968;HMDB0259248","NA;NA;81817","NA;95697;NA","NA;NA;NA","null","null",TRUE,TRUE,NA,NA,NA
"4-(7h-purin-6-ylsulfanyl)but-3-en-2-one","4602_neg","4-(7h-purin-6-ylsulfanyl)but-3-en-2-one",0.42,39.16,NA,"Unknown","null","4-(7H-Purin-6-ylsulfanyl)but-3-en-2-one","","HMDB0246295","NA","667520","NA","null","null",TRUE,FALSE,NA,NA,NA
"4-(n,n-dimethylsulfamoyl)-7-hydrazino-benzofurazan","6387_neg","4-(n,n-dimethylsulfamoyl)-7-hydrazino-benzofurazan",0.22,10.65,NA,"Unknown","null","4-(N,N-Dimethylsulfamoyl)-7-hydrazino-benzofurazan","","HMDB0244540","NA","131382","NA","null","null",TRUE,TRUE,NA,NA,NA
"4-amino-4-deoxyarabinose","1603_pos","4-amino-4-deoxyarabinose",0.47,185.09,NA,"Glutamic Acid","null","4-Amino-4-deoxyarabinose","","HMDB0246348","NA","71437049","NA","null","null",TRUE,TRUE,NA,NA,NA
"4-aminobenzohydrazide","1620_neg","4-aminobenzohydrazide",0.42,104.24,NA,"Unknown","null","4-Aminobenzohydrazide","","HMDB0246354","NA","21450","NA","null","null",TRUE,TRUE,NA,NA,NA
"4-dihydrocollidine","705_neg","4-dihydrocollidine",0.51,270.13,NA,"Unknown","null","4-Dihydrocollidine","","HMDB0246411","NA","70028787","NA","null","null",TRUE,FALSE,NA,NA,NA
"4-fluoro-3-phenoxybenzoic acid","5220_neg","4-fluoro-3-phenoxybenzoic acid",0.07,91.89,NA,"Unknown","null","4-Fluoro-3-phenoxybenzoic acid","","HMDB0246421","NA","NA","NA","null","null",TRUE,FALSE,NA,NA,NA
"4-formylaminoantipyrine","5226_pos","4-formylaminoantipyrine",0.33,18.76,NA,"Ergothioneine","null","4-Formylaminoantipyrine;(2S)-2-Amino-7-(1-aminoethylideneamino)-5-sulfanylideneheptanoic acid;TRIAZIQUONE","C19542","HMDB0246429;HMDB0252980;HMDB0259153","83526;NA;27090","NA;11333713;NA","NA;NA;NA","null","null",TRUE,TRUE,NA,NA,NA
"4-guanidinobutanoic acid","1510_pos","4-guanidinobutanoic acid",0.91,7909.32,NA,"4-Guanidinobutanoic Acid","null",NA,NA,NA,NA,NA,NA,"null","null",TRUE,TRUE,NA,NA,NA
"4-hydroperoxycyclophosphamide","8029_neg","4-hydroperoxycyclophosphamide",0.04,12.73,NA,"Unknown","null","4-Hydroperoxycyclophosphamide","","HMDB0246437","196991","NA","NA","null","null",TRUE,FALSE,NA,NA,NA
"4-hydroxy duloxetine","9526_pos","4-hydroxy duloxetine",0.78,791475.3,NA,"Unknown","null","4-Hydroxy Duloxetine","","HMDB0246438","NA","46781788","NA","null","null",TRUE,TRUE,NA,NA,NA
"4-hydroxy-5-(3',4'-dihydroxyphenyl)-valeric acid-o-glucuronide","13228_neg","4-hydroxy-5-(3',4'-dihydroxyphenyl)-valeric acid-o-glucuronide",0.38,16.36,NA,"Unknown","null","""4-Hydroxy-5-(3',4'-dihydroxyphenyl)-valeric acid-O-glucuronide"";""4-Hydroxy-5-(3',5'-dihydroxyphenyl)-valeric acid-O-glucuronide"";6-[4-(4-carboxy-2-hydroxybutyl)-2-hydroxyphenoxy]-3,4,5-trihydroxyoxane-2-carboxylic acid;6-[5-(4-carboxy-2-hydroxybutyl)-2-hydroxyphenoxy]-3,4,5-trihydroxyoxane-2-carboxylic acid","","HMDB0059971;HMDB0059973;HMDB0127743;HMDB0127744","88690;88688;NA;NA","124202072;124202070;131834072;131834073","NA;NA;NA;NA","null","null",TRUE,TRUE,NA,NA,NA
"4-hydroxy-5-(dihydroxyphenyl)-valeric acid-o-sulphate","8748_neg","4-hydroxy-5-(dihydroxyphenyl)-valeric acid-o-sulphate",0.04,7.05,NA,"Unknown","null","4-Hydroxy-5-(dihydroxyphenyl)-valeric acid-O-sulphate;4-hydroxy-5-[4-hydroxy-3-(sulfooxy)phenyl]pentanoic acid;""4-Hydroxy-5-(3',4'-dihydroxyphenyl)-valeric acid 4'-sulfate"";Dictyostelium","","HMDB0059978;HMDB0127746;HMDB0240454;HMDB0251253","NA;NA;NA;64598","131769796;131834075;NA;123886","NA;NA;NA;NA","null","null",TRUE,TRUE,NA,NA,NA
"4-hydroxy-5-(phenyl)-valeric acid-o-glucuronide","11679_neg","4-hydroxy-5-(phenyl)-valeric acid-o-glucuronide",0.02,8.29,NA,"Unknown","null","4-Hydroxy-5-(phenyl)-valeric acid-O-glucuronide","","HMDB0059980","88704","124202082","NA","null","null",TRUE,TRUE,NA,NA,NA
"4-hydroxybenzoate","1206_pos","4-hydroxybenzoate",0.58,94.57,NA,"4-HYDROXYBENZOATE","null",NA,NA,NA,NA,NA,NA,"null","null",TRUE,TRUE,NA,NA,NA
"4-hydroxybenzoic acid","1188_neg","4-hydroxybenzoic acid",0.87,337.26,NA,"3-HYDROXYBENZOATE","null","4-Hydroxybenzoic acid;Salicylic acid;3-Hydroxybenzoic acid;3,4-Dihydroxybenzaldehyde;3,6-Dihydroxycyclohepta-2,4,6-trien-1-one","C00156;C00805;C00587;C16700","HMDB0000500;HMDB0001895;HMDB0002466;HMDB0059965;HMDB0260262","30763;16914;30764;50205;NA","135;338;7420;8768;53734048","34069;NA;NA;NA;NA","null","null",TRUE,TRUE,NA,NA,NA
"4-hydroxynonenal","1794_neg","4-hydroxynonenal",0.67,469.5,NA,"Unknown","null","4-Hydroxynonenal;Dihydro-5-pentyl-2(3H)-furanone;Ethyl cyclohexanecarboxylate;2-Nonenal, 4-hydroxy-, (2E,4R)-;Hexyl acrylate;hydroxynonenal;9-Hydroxynon-2-enal","","HMDB0004362;HMDB0031531;HMDB0033167;HMDB0245269;HMDB0253165;HMDB0253280;HMDB0257844","58968;NA;88965;32585;NA;NA;NA","5283344;7710;18686;NA;17259;87399614;54408708","NA;NA;NA;NA;NA;NA;NA","null","null",TRUE,TRUE,NA,NA,NA
"4-hydroxyphenylpyruvic acid","2714_neg","4-hydroxyphenylpyruvic acid",0.84,1221.9,NA,"4-Hydroxyphenylpyruvic Acid","null","4-Hydroxyphenylpyruvic acid;Aspirin;Caffeic acid;Monomethyl phthalate;3-Hydroxyphenylpyruvic acid;3,5-Dihydroxycinnamic acid","C01179;C01405;C01481","HMDB0000707;HMDB0001879;HMDB0001964;HMDB0002130;HMDB0011663;HMDB0032131","15999;15365;16433;491486;167870;NA","979;2244;689043;20392;5318321;6443769","37006;45400;NA;NA;NA;NA","null","null",TRUE,TRUE,NA,NA,NA
"4-hydroxyproline","951_pos","4-hydroxyproline",0.87,3558.32,NA,"CIS-4-HYDROXY-D-PROLINE","null","4-Hydroxyproline;N-Acetyl-L-alanine;Propionylglycine;5-Aminolevulinic acid;5-Amino-2-oxopentanoic acid;N-Acetyl-beta-alanine;N-Hydroxy-L-proline;1-Hydroxypyrrolidine-3-carboxylic acid;2-Amino-4-oxopentanoic acid;3-Hydroxyproline;4-Amino-5-oxo-pentanoic acid;Glutaramic acid;5-Hydroxyproline;N-Acetyl-DL-alanine","C01157;C00430;C01110;C01073","HMDB0000725;HMDB0000766;HMDB0000783;HMDB0001149;HMDB0006272;HMDB0061880;HMDB0243901;HMDB0243902;HMDB0244991;HMDB0245903;HMDB0246349;HMDB0246746;HMDB0246811;HMDB0255053","18095;40992;89836;17549;49268;16682;NA;NA;15914;64368;NA;24326;NA;NA","5810;88064;98681;137;439402;76406;269023;53983521;423;559314;742;168356;499910;7345","36935;NA;NA;34963;36830;NA;NA;NA;NA;NA;NA;NA;NA;NA","null","null",TRUE,TRUE,NA,NA,NA
"4-methyl-1h-pyrrole-3-carboxamide","726_pos","4-methyl-1h-pyrrole-3-carboxamide",0.98,830.06,NA,"2-Acetylpyrazine","null","4-Methyl-1H-pyrrole-3-carboxamide","","HMDB0246501","NA","90790023","NA","null","null",TRUE,TRUE,NA,NA,NA
"4-methyl-2-oxo-2h-chromen-7-yl sulfamate","6269_neg","4-methyl-2-oxo-2h-chromen-7-yl sulfamate",0.38,18.67,NA,"Unknown","null","4-Methyl-2-oxo-2H-chromen-7-yl sulfamate;Propyzamide","C14333","HMDB0250495;HMDB0256847","NA;34935","9859866;NA","NA;NA","null","null",TRUE,TRUE,NA,NA,NA
"4-methyl-l-glutamate","2147_pos","4-methyl-l-glutamate",0.56,137.78,NA,"4-Methyl-L-Glutamate","null",NA,NA,NA,NA,NA,NA,"null","null",TRUE,TRUE,NA,NA,NA
"4-methylbenzenecarbothioamide","1740_pos","4-methylbenzenecarbothioamide",0.87,125.07,NA,"Unknown","null","4-Methylbenzenecarbothioamide;Thioacetanilide","","HMDB0245645;HMDB0258998","NA;NA","92179;NA","NA;NA","null","null",TRUE,TRUE,NA,NA,NA
"4-methylthioamphetamine","2884_pos","4-methylthioamphetamine",0.73,66.98,NA,"Glucosamine","null","4-Methylthioamphetamine;D-Glucamine","","HMDB0246519;HMDB0246693","NA;NA","NA;10266","NA;NA","null","null",TRUE,TRUE,NA,NA,NA
"4-methylthiobenzamide-s-oxide","2370_pos","4-methylthiobenzamide-s-oxide",0.6,16.22,NA,"Unknown","null","4-Methylthiobenzamide-S-oxide","","HMDB0243616","NA","150642","NA","null","null",TRUE,TRUE,NA,NA,NA
"4-methylumbelliferone glucuronide","10850_neg","4-methylumbelliferone glucuronide",0.2,83.51,NA,"Unknown","null","4-Methylumbelliferone glucuronide;4-Methyl-2-oxo-2H-1-benzopyran-7-yl alpha-L-ido-pyranosiduronic acid","C11584","HMDB0240464;HMDB0247182","1904;NA","91553;3683393","NA;NA","null","null",TRUE,TRUE,NA,NA,NA
"4-nitro-7-piperazinobenzofurazan","6258_pos","4-nitro-7-piperazinobenzofurazan",0.42,23.67,NA,"5'-DEOXYADENOSINE","null","4-Nitro-7-piperazinobenzofurazan;""2',3'-Didehydro-2',3'-dideoxyguanosine""","","HMDB0244572;HMDB0245542","NA;NA","NA;360780","NA;NA","null","null",TRUE,TRUE,NA,NA,NA
"4-o-alpha-d-galactopyranuronosyl-d-galacturonic acid","11668_neg","4-o-alpha-d-galactopyranuronosyl-d-galacturonic acid",0.22,4.05,NA,"Unknown","null","4-O-alpha-D-Galactopyranuronosyl-D-galacturonic acid;rebamipide","C02273","HMDB0039721;HMDB0257127","33809;NA","4532283;NA","NA;NA","null","null",TRUE,TRUE,NA,NA,NA
"4-oxo-2-azetidinecarboxylic acid","472_neg","4-oxo-2-azetidinecarboxylic acid",0.56,145.54,NA,"Unknown","null","4-Oxo-2-azetidinecarboxylic acid;MALEAMIC ACID;N-Hydroxysuccinimide;1-Hydroxypyrrole-2,5-diol","","HMDB0246560;HMDB0254310;HMDB0255159;HMDB0255335","NA;NA;NA;NA","3488064;11187;80170;53887891","NA;NA;NA;NA","null","null",TRUE,TRUE,NA,NA,NA
"4-pyridoxic acid","2841_neg","4-pyridoxic acid",0.87,846.83,NA,"4-PYRIDOXATE","null","4-Pyridoxic acid;3,5-Dihydroxyphenylglycine;2-((3,5-Dihydroxyphenyl)amino)acetic acid;triazolobenzodiazepine","C00847","HMDB0000017;HMDB0243702;HMDB0244908;HMDB0259157","17405;NA;NA;NA","6723;108001;9920555;66714960","36190;NA;NA;NA","null","null",TRUE,TRUE,NA,NA,NA
"4-trimethylammoniobutanoic acid","1512_pos","4-trimethylammoniobutanoic acid",0.87,683.59,NA,"4-Trimethylammoniobutanoic Acid","null",NA,NA,NA,NA,NA,NA,"null","null",TRUE,TRUE,NA,NA,NA
"4-{[(5,5,8,8-tetramethyl-5,6,7,8-tetrahydronaphthalen-2-yl)carbonyl]amino}benzoic acid","10810_neg","4-{[(5,5,8,8-tetramethyl-5,6,7,8-tetrahydronaphthalen-2-yl)carbonyl]amino}benzoic acid",0.38,204582.7,NA,"Unknown","null","4-{[(5,5,8,8-Tetramethyl-5,6,7,8-tetrahydronaphthalen-2-yl)carbonyl]amino}benzoic acid","C15619","HMDB0248270","64210","2126","NA","null","null",TRUE,FALSE,NA,NA,NA
"5'-s-methylthioadenosine","8312_neg","5'-s-methylthioadenosine",0.38,7.63,"5'-deoxy-5'-thionucleosides","no MS2: 5'-S-Methylthioadenosine; LC-ESI-QTOF; MS2; CE","C11H15N5O3S",NA,NA,NA,NA,NA,NA,"WUUGFSXJNOTRMR-IOSLPCCCSA-N","CSC[C@H]1O[C@H]([C@H](O)[C@@H]1O)N1C=NC2=C(N)N=CN=C12",TRUE,TRUE,NA,NA,NA
"5,5-diphenyl-2-thiohydantoin","6897_neg","5,5-diphenyl-2-thiohydantoin",0.42,61.45,NA,"Unknown","null","5,5-Diphenyl-2-thiohydantoin;Alconil;zardaverine","","HMDB0246851;HMDB0248121;HMDB0259989","NA;NA;46548","30476;NA;NA","NA;NA;NA","null","null",TRUE,TRUE,NA,NA,NA
"5,6-dichloro-1h-benzimidazole","2938_neg","5,6-dichloro-1h-benzimidazole",0.82,82.17,NA,"Unknown","null","5,6-Dichloro-1H-benzimidazole","","HMDB0247168","NA","331775","NA","null","null",TRUE,TRUE,NA,NA,NA
"5,6-dimethoxynaphtol[2,3-b]furan-4,9-dione","6713_pos","5,6-dimethoxynaphtol[2,3-b]furan-4,9-dione",0.27,30.34,"Naphthofurans","no MS2: 5,6-Dimethoxynaphtol[2,3-b]furan-4,9-dione; LC-ESI-QTOF; MS2; [M+H]+; CE","C14H10O5",NA,NA,NA,NA,NA,NA,"VMGYORRTCREVTB-UHFFFAOYSA-N","COC1=C(OC)C2=C(C=C1)C(=O)C1=C(C=CO1)C2=O",TRUE,TRUE,NA,NA,NA
"5,6-epoxy-8,11,14-eicosatrienoic acid","9393_neg","5,6-epoxy-8,11,14-eicosatrienoic acid",0.53,10080960,"Hepoxilins","no MS2: 11,12-EET; LC-ESI-QIT; MS2; CE","C20H32O3","5,6-Epoxy-8,11,14-eicosatrienoic acid;8,9-Epoxyeicosatrienoic acid;14R,15S-EpETrE;15-HETE;14,15-Epoxy-5,8,11-eicosatrienoic acid;11,12-Epoxyeicosatrienoic acid;8-HETE;16(R)-HETE;11(R)-HETE;20-Hydroxyeicosatetraenoic acid;12-HETE;18-Hydroxyarachidonic acid;9-HETE;5-HETE;17-HETE;(12S)-12-Hydroxyicosa-2,4,6,8-tetraenoic acid;(14R,15S)-14,15-Epoxy-5,8,11-icosatrienoic acid;(5E,8E,11E,14E)-19-Hydroxyicosa-5,8,11,14-tetraenoic acid;11-Hydroxy-5Z,8Z,11E,14Z-eicosatetraenoic acid;11,12-Epoxyeicosantrienoic acid;11R,12S-EpETrE;12(S)-Hydroxy-5,8,10,14-eicosatetraenoic acid;15-Hydroxy-5,8,11,13-eicosatetraenoic acid;Eicosatetraenoic acid, 15-hydroxy-;18-Hydroxyeicosatetraenoic acid;19-Hydroxyeicosatetraenoic acid;20-Hydroxyarachlidonic acid;4-[3-(Tetradeca-2,5,8-trien-1-yl)oxiran-2-yl]butanoic acid;20-Hydroxyeicosatetraenic acid;8-Hydroxy-5E,9Z,11Z,14Z-eicosatetraenoic acid;(Z)-7-((2S,3R)-3-((2Z,5Z)-Undeca-2,5-dienyl)oxiran-2-yl)hept-5-enoic acid;arachidonic acid hydroperoxide;Epoxyeicosatrienoic acid;Isocupressic acid;Mutilin;13-(3-Pentyloxiran-2-yl)trideca-2,4,6-trienoic acid;3-Heptadeca-1,3-dienyloxirene-2-carboxylic acid;5-Oxoicosa-3,6,8-trienoic acid","C14768;C14769;C04742;C14771;C14776;C14778;C14780;C14748;C14777;C04805","HMDB0002190;HMDB0002232;HMDB0002283;HMDB0003876;HMDB0004264;HMDB0004673;HMDB0004679;HMDB0004680;HMDB0004682;HMDB0005998;HMDB0006111;HMDB0006245;HMDB0010222;HMDB0011134;HMDB0012598;HMDB0242323;HMDB0242325;HMDB0243622;HMDB0244355;HMDB0244371;HMDB0244445;HMDB0244455;HMDB0244669;HMDB0244671;HMDB0244805;HMDB0244833;HMDB0246872;HMDB0246887;HMDB0247209;HMDB0247437;HMDB0247485;HMDB0248557;HMDB0251881;HMDB0253626;HMDB0254962;HMDB0255349;HMDB0257627;HMDB0260375","34450;34490;132275;15558;34157;132276;34486;34162;34126;34306;34146;91132;72785;28209;63995;NA;171866;NA;NA;NA;NA;19138;NA;NA;175097;NA;NA;NA;NA;NA;NA;NA;NA;NA;NA;NA;NA;NA","5283202;5283203;5283201;5280724;5283205;40490664;5283154;9548884;5312981;5283157;5283155;11141754;5312978;5280733;6442740;3035034;1431;133226;1406;54342223;1407;NA;1436;3035053;183135;54340460;123803;1778;155225;1898;1901;53767586;129627825;73678322;596074;53762083;54290132;53922620","NA;NA;NA;NA;NA;NA;NA;NA;NA;NA;NA;2300206;NA;NA;NA;NA;NA;NA;NA;NA;NA;NA;NA;NA;NA;NA;NA;NA;NA;NA;NA;NA;NA;NA;NA;NA;NA;NA","DXOYQVHGIODESM-KROJNAHFNA-N","CCCCC\C=C/CC1OC1C\C=C/C\C=C/CCCC(O)=O",TRUE,FALSE,NA,NA,NA
"5,9:7,10a-dimethano-10ah-[1,3]dioxocino[6,5-d]pyrimidine-4,7,10,11,12-pentol, octahydro-12-(hydroxymethyl)-2-imino-,(4r,4ar,5r,7s,9s,10s,10ar,11s,12s)-","9810_pos","5,9:7,10a-dimethano-10ah-[1,3]dioxocino[6,5-d]pyrimidine-4,7,10,11,12-pentol, octahydro-12-(hydroxymethyl)-2-imino-,(4r,4ar,5r,7s,9s,10s,10ar,11s,12s)-",0.42,214297.7,NA,"Unknown","null","5,9:7,10a-Dimethano-10aH-[1,3]dioxocino[6,5-d]pyrimidine-4,7,10,11,12-pentol, octahydro-12-(hydroxymethyl)-2-imino-,(4R,4aR,5R,7S,9S,10S,10aR,11S,12S)-","","HMDB0246673","NA","4490623","NA","null","null",TRUE,FALSE,NA,NA,NA
"5-((7-(benzyloxy)quinazolin-4-yl)amino)-4-fluoro-2-methylphenol","12545_pos","5-((7-(benzyloxy)quinazolin-4-yl)amino)-4-fluoro-2-methylphenol",0.02,11.23,NA,"Unknown","null","5-((7-(Benzyloxy)quinazolin-4-yl)amino)-4-fluoro-2-methylphenol","","HMDB0260032","91185","NA","NA","null","null",TRUE,TRUE,NA,NA,NA
"5-((p-hydroxybenzylidene)amino)-3-methylisothiazolo(5,4-d)pyrimidine-4,6(5h,7h)-dione","8940_pos","5-((p-hydroxybenzylidene)amino)-3-methylisothiazolo(5,4-d)pyrimidine-4,6(5h,7h)-dione",0.09,130245.1,NA,"Unknown","null","5-((p-Hydroxybenzylidene)amino)-3-methylisothiazolo(5,4-d)pyrimidine-4,6(5H,7H)-dione","","HMDB0253558","NA","137203016","NA","null","null",TRUE,TRUE,NA,NA,NA
"5-(1h-indol-3-ylmethyl)-3-methyl-2-thioxo-4-imidazolidinone","6488_neg","5-(1h-indol-3-ylmethyl)-3-methyl-2-thioxo-4-imidazolidinone",0.2,5.89,NA,"Unknown","null","5-(1H-Indol-3-ylmethyl)-3-methyl-2-thioxo-4-Imidazolidinone;1-[3,4-Dihydroxy-5-(hydroxymethyl)oxolan-2-yl]-5-hydroxyimidazole-4-carboxamide;Pyrazofurin;4-Amino-1-[(2R,3S,4S,5R)-3,4-dihydroxy-5-(hydroxymethyl)oxolan-2-yl]oxypyrimidin-2-one;1-(6-Aminopurin-9-yl)-5-methylpyrimidine-2,4-dione","","HMDB0255500;HMDB0255794;HMDB0256946;HMDB0257637;HMDB0257910","NA;NA;NA;NA;NA","NA;4213;135447984;18505434;57262882","NA;NA;NA;NA;NA","null","null",TRUE,TRUE,NA,NA,NA
"5-(3',5'-dihydroxyphenyl)-gamma-valerolactone-o-sulphate-o-methyl","8554_neg","5-(3',5'-dihydroxyphenyl)-gamma-valerolactone-o-sulphate-o-methyl",0.31,19.5,NA,"Unknown","null","""5-(3',5'-Dihydroxyphenyl)-gamma-valerolactone-O-sulphate-O-methyl"";{2-methoxy-4-[(5-oxooxolan-2-yl)methyl]phenyl}oxidanesulfonic acid;5-((p-Hydroxybenzylidene)amino)-3-methylisothiazolo(5,4-d)pyrimidine-4,6(5H,7H)-dione","","HMDB0060031;HMDB0127769;HMDB0253558","89538;NA;NA","124202097;131834093;137203016","NA;NA;NA","null","null",TRUE,TRUE,NA,NA,NA
"5-(hydroxymethyl)piperidine-3,4-diol","1609_pos","5-(hydroxymethyl)piperidine-3,4-diol",0.91,92.32,NA,"Unknown","null","5-(Hydroxymethyl)piperidine-3,4-diol;Daunosamine;3,4-Pyrrolidinediol, 2-(hydroxymethyl)-1-methyl-, (2R,3R,4R)-","","HMDB0246730;HMDB0250880;HMDB0254400","NA;NA;NA","4452693;419075;10130032","NA;NA;NA","null","null",TRUE,TRUE,NA,NA,NA
"5-[(azetidin-2-yl)methoxy]-2-chloropyridine","3682_pos","5-[(azetidin-2-yl)methoxy]-2-chloropyridine",0.84,297.76,"N-phenylureas","no MS2: Monuron; LC-ESI-ITFT; MS2; CE","C9H11ClN2O","5-[(Azetidin-2-yl)methoxy]-2-chloropyridine;Monuron","C19087","HMDB0246740;HMDB0254876","NA;38214","21851774;8800","NA;NA","BMLIZLVNXIYGCK-UHFFFAOYSA-N","CN(C)C(=O)NC1=CC=C(Cl)C=C1",TRUE,TRUE,NA,NA,NA
"5-[[5-[[5-(pyrrol-2-ylidenemethyl)pyrrol-2-ylidene]methyl]-1h-pyrrol-2-yl]methylidene]pyrrole-2-carboxylic acid","10402_neg","5-[[5-[[5-(pyrrol-2-ylidenemethyl)pyrrol-2-ylidene]methyl]-1h-pyrrol-2-yl]methylidene]pyrrole-2-carboxylic acid",0.31,55.01,NA,"Lactose","null","5-[[5-[[5-(Pyrrol-2-ylidenemethyl)pyrrol-2-ylidene]methyl]-1H-pyrrol-2-yl]methylidene]pyrrole-2-carboxylic acid","","HMDB0260427","NA","91392212","NA","null","null",TRUE,TRUE,NA,NA,NA
"5-acetylamino-6-formylamino-3-methyluracil","5065_pos","5-acetylamino-6-formylamino-3-methyluracil",0.6,101.26,NA,"Unknown","null","5-Acetylamino-6-formylamino-3-methyluracil;N-(2,4-Dinitrophenyl)ethylenediamine;lysine phosphoester","C16365","HMDB0011105;HMDB0245740;HMDB0254265","NA;NA;NA","108214;168833;76500745","NA;NA;NA","null","null",TRUE,FALSE,NA,NA,NA
"5-amino-1-[carboxy(methyl)amino]pentane-1,1,2,2,3,3,4,4,5-nonacarboxylic acid","19512_pos","5-amino-1-[carboxy(methyl)amino]pentane-1,1,2,2,3,3,4,4,5-nonacarboxylic acid",0.07,277561.5,NA,"Unknown","null","5-Amino-1-[carboxy(methyl)amino]pentane-1,1,2,2,3,3,4,4,5-nonacarboxylic acid","","HMDB0260380","NA","54001566","NA","null","null",TRUE,FALSE,NA,NA,NA
"5-chloro-2'-deoxyuridine","6627_neg","5-chloro-2'-deoxyuridine",0.84,34.06,NA,"Unknown","null","""5-Chloro-2'-deoxyuridine""","","HMDB0250110","NA","351382","NA","null","null",TRUE,TRUE,NA,NA,NA
"5-hepe","9315_neg","5-hepe",0.51,2178568,"Hydroxyeicosapentaenoic acids","no MS2: 12-HEPE; LC-ESI-QIT; MS2; CE","C20H30O3","5-HEPE;12-HEPE;14,15-EpETE;15-HEPE;15-KETE;17,18-EpETE;5-KETE;18R-HEPE;12-KETE;9-HEPE;(+/-)-18-Hydroxy-5Z,8Z,11Z,14Z,16E-eicosapentaenoic acid;(+/-)-8-Hydroxy-5Z,9E,11Z,14Z,17Z-eicosapentaenoic acid;(1R,4R,5R,9S,10R,13S)-5,9,13-Trimethyl-14-oxotetracyclo[11.2.1.01,10.04,9]hexadecane-5-carboxylic acid;12S-Hepe;5,8,11,14-Hexadecatetraenoicacid, 16-[(2R,3S)-3-ethyl-2-oxiranyl]-, (5Z,8Z,11Z,14Z)-rel-;15-Deoxyprostaglandin J2;5-Oxo-6,8,11,14-eicosatetraenoic acid;2-Oxahexacyclo[15.3.1.03,20.06,19.09,18.010,15]henicosane-16,21-diol;18-Hydroxyeicosapentaenoic acid;4-Oxahexacyclo[11.6.2.02,8.03,5.010,20.017,21]henicosane-6,7-diol","C04577;C13843;C14732;C14807","HMDB0005081;HMDB0010202;HMDB0010205;HMDB0010209;HMDB0010210;HMDB0010212;HMDB0010217;HMDB0012611;HMDB0013633;HMDB0060053;HMDB0242270;HMDB0242271;HMDB0242336;HMDB0244454;HMDB0244538;HMDB0244664;HMDB0246835;HMDB0255391;HMDB0257623;HMDB0260287","72801;72645;137269;NA;15559;72853;52449;NA;34151;89570;NA;NA;NA;NA;NA;NA;NA;NA;NA;NA","6439678;10041593;16061088;53480357;5280701;16061089;5283159;53481496;5283162;122164870;53394254;53394250;314424;189826;131367;76443520;1831;54087594;73866844;53753909","NA;NA;NA;NA;NA;NA;NA;NA;NA;NA;NA;NA;NA;NA;NA;NA;NA;NA;NA;NA","MCRJLMXYVFDXLS-UOLHMMFFSA-N","CC\C=C/C\C=C/C[C@H](O)\C=C\C=C/C\C=C/CCCC(O)=O",TRUE,FALSE,NA,NA,NA
"5-hydroxyindole","1136_pos","5-hydroxyindole",0.87,784.08,NA,"Unknown","null","5-Hydroxyindole;1,3-Dihydro-(2H)-indol-2-one;Fluciclovine;1H-Indol-2-ol;4h-Benzoxazine;Benzoxazine;Isoindolin-1-one;p-Tolyl isocyanate","C12312","HMDB0059805;HMDB0061918;HMDB0244302;HMDB0244886;HMDB0246705;HMDB0249034;HMDB0253647;HMDB0256059","89649;31697;NA;NA;NA;NA;74235;53732","16054;321710;10820564;NA;22055063;17845026;10199;NA","NA;NA;NA;NA;NA;NA;NA;NA","null","null",TRUE,TRUE,NA,NA,NA
"5-hydroxyindoleacetic acid","3285_pos","5-hydroxyindoleacetic acid",0.78,132.82,NA,"Kynurenate","null","5-Hydroxyindoleacetic acid;xi-2,3-Dihydro-2-oxo-1H-indole-3-acetic acid;5-Methoxyindole-2-carboxylic acid;Noroxyhydrastinine;2-(3-Hydroxy-1H-indol-2-yl)acetic acid;2-(5-Hydroxy-1H-indol-2-yl)acetic acid;1H-Indol-3-yl 2-hydroxyacetate","C05635","HMDB0000763;HMDB0035514;HMDB0246823;HMDB0255749;HMDB0257584;HMDB0257587;HMDB0257908","27823;133221;133222;NA;NA;NA;NA","1826;3080590;20401;89047;54052793;15919788;68646059","46167;NA;NA;NA;NA;NA;NA","null","null",TRUE,TRUE,NA,NA,NA
"5-hydroxypyrazine-2-carboxylic acid","1244_neg","5-hydroxypyrazine-2-carboxylic acid",0.44,77.46,NA,"Unknown","null","5-Hydroxypyrazine-2-carboxylic acid","","HMDB0246812","NA","161825","NA","null","null",TRUE,FALSE,NA,NA,NA
"5-methylcytidine","6398_neg","5-methylcytidine",0.42,374.31,NA,"Unknown","null","5-Methylcytidine;Pyro-L-glutaminyl-L-glutamine;3-Methylcytidine;""2'-C-Methylcytidine"";benserazide;4-Amino-1-[(2R,5R)-3,4-dihydroxy-5-(hydroxymethyl)oxolan-2-yl]-5-methylpyrimidin-2-one","","HMDB0000982;HMDB0039229;HMDB0240577;HMDB0245530;HMDB0248960;HMDB0257731","20607;88956;NA;NA;64187;NA","92918;11010621;NA;13871033;2327;262543","NA;NA;NA;NA;NA;NA","null","null",TRUE,TRUE,NA,NA,NA
"5-methylcytosine","814_pos","5-methylcytosine",0.87,41.17,NA,"5-Methylcytosine","null",NA,NA,NA,NA,NA,NA,"null","null",TRUE,TRUE,NA,NA,NA
"5-tetradecenoic acid","4939_neg","5-tetradecenoic acid",0.69,27137.38,NA,"Unknown","null","5-Tetradecenoic acid;5Z-Tetradecenoic acid;Myristoleic acid;Heptyl cyclohexane carboxylic acid;2,4,7,9-Tetramethyl-5-decyne-4,7-diol;Loxanast;9-Tetradecenoic acid","C08322","HMDB0000499;HMDB0000521;HMDB0002000;HMDB0094671;HMDB0245484;HMDB0254179;HMDB0258881","89393;70716;27781;NA;NA;NA;NA","5282740;5312400;5281119;229794;31362;68890;NA","NA;NA;NA;NA;NA;NA;NA","null","null",TRUE,FALSE,NA,NA,NA
"5alpha-tetrahydrocortisol","11488_neg","5alpha-tetrahydrocortisol",0.53,1614237,NA,"Urocortisol","null","5alpha-Tetrahydrocortisol;Tetrahydrocortisol;Cortolone;Arbaprostil;Prostaglandin E2 methyl ester","C05465;C05481","HMDB0000526;HMDB0000949;HMDB0003128;HMDB0248565;HMDB0256853","89627;16525;3899;NA;NA","92748;387316;160499;20981549;53394160","NA;45864;NA;NA;NA","null","null",TRUE,TRUE,NA,NA,NA
"5z-dodecenoic acid","3542_neg","5z-dodecenoic acid",0.89,5821.22,NA,"Unknown","null","5Z-Dodecenoic acid","","HMDB0000529","86595","5312378","NA","null","null",TRUE,TRUE,NA,NA,NA
"6-[(1z,2z)-3-hydroxy-3-phenyl-2-propene-1-ylidene]-2,4-cyclohexadiene-1-one","4864_pos","6-[(1z,2z)-3-hydroxy-3-phenyl-2-propene-1-ylidene]-2,4-cyclohexadiene-1-one",0.84,98.47,NA,"L-CYSTATHIONINE","null","6-[(1Z,2Z)-3-Hydroxy-3-phenyl-2-propene-1-ylidene]-2,4-cyclohexadiene-1-one;9H-Fluoren-9-ylmethyl Formate;2,3-Diphenylacrylic acid;Pterocarpan;Dibenzoylmethane;Flavanone;Isoflavanone;Phenylbenzylglyoxal","C00766;C01927","HMDB0245774;HMDB0247701;HMDB0248241;HMDB0250204;HMDB0251166;HMDB0252292;HMDB0253636;HMDB0256436","NA;NA;NA;73033;75417;5070;27945;NA","97765;4428483;66677;6451349;8433;10251;160767;NA","NA;NA;NA;NA;NA;NA;NA;NA","null","null",TRUE,TRUE,NA,NA,NA
"6-[(2s,3s,4r,5r)-5-(6-aminopurin-9-yl)-3,4-dihydroxyoxolan-2-yl]oxane-2,5-dione","10714_neg","6-[(2s,3s,4r,5r)-5-(6-aminopurin-9-yl)-3,4-dihydroxyoxolan-2-yl]oxane-2,5-dione",0.42,31.67,NA,"Unknown","null","6-[(2S,3S,4R,5R)-5-(6-Aminopurin-9-yl)-3,4-dihydroxyoxolan-2-yl]oxane-2,5-dione","","HMDB0257755","NA","NA","NA","null","null",TRUE,TRUE,NA,NA,NA
"6-[4-(2-carboxyethyl)phenoxy]-3,4,5-trihydroxyoxane-2-carboxylic acid","10399_neg","6-[4-(2-carboxyethyl)phenoxy]-3,4,5-trihydroxyoxane-2-carboxylic acid",0.36,45.69,NA,"Unknown","null","6-[4-(2-carboxyethyl)phenoxy]-3,4,5-trihydroxyoxane-2-carboxylic acid;3-Hydroxyphenylpropionic acid glucuronide","","HMDB0125169;HMDB0240371","NA;NA","131831702;187486","NA;NA","null","null",TRUE,FALSE,"Phenolic glycosides","Organooxygen compounds","Carbohydrates and carbohydrate conjugates"
"6-amino-1-naphthalenesulfonamide","4859_pos","6-amino-1-naphthalenesulfonamide",0.16,26.34,NA,"Unknown","null","6-Amino-1-naphthalenesulfonamide;2-Cyano-2-(3,4-dihydroxy-benzyl)-thioacetamide;N-(Tetrahydro-2-oxo-3-thienyl)-3-pyridinecarboxamide;Tert-Butylbicyclophosphorothionate;4-Benzyl-2-methyl-1,2,4-thiadiazolidine-3,5-dione","C19930","HMDB0247033;HMDB0250056;HMDB0258469;HMDB0258754;HMDB0258758","NA;NA;NA;NA;147411","71009;44318047;171434;NA;NA","NA;NA;NA;NA;NA","null","null",TRUE,TRUE,NA,NA,NA
"6-chloro-5-methyl-n-quinolin-4-yl-2,3-dihydroindole-1-carboxamide","10718_pos","6-chloro-5-methyl-n-quinolin-4-yl-2,3-dihydroindole-1-carboxamide",0.11,1031466,NA,"Unknown","null","6-Chloro-5-methyl-N-quinolin-4-yl-2,3-dihydroindole-1-carboxamide;6-Chloro-5-methyl-N-quinolin-5-yl-2,3-dihydroindole-1-carboxamide","","HMDB0247045;HMDB0257513","NA;NA","6603999;NA","NA;NA","null","null",TRUE,TRUE,NA,NA,NA
"6-fluoropyridoxol","3005_neg","6-fluoropyridoxol",0.82,194.66,NA,"Unknown","null","6-Fluoropyridoxol","","HMDB0247065","NA","6852038","NA","null","null",TRUE,FALSE,NA,NA,NA
"6-formylpterin","3202_neg","6-formylpterin",0.42,31.9,NA,"Unknown","null","6-Formylpterin","","HMDB0247066","70981","NA","NA","null","null",TRUE,FALSE,NA,NA,NA
"6-hydroxymelatonin","6109_pos","6-hydroxymelatonin",0.82,101.52,NA,"N-ACETYL-D-TRYPTOPHAN","null","6-Hydroxymelatonin","C05643","HMDB0004081","2198","1864","46185","null","null",TRUE,TRUE,NA,NA,NA
"6-nitrotryptophan","6018_neg","6-nitrotryptophan",0.02,3.95,NA,"Unknown","null","6-Nitrotryptophan;Nitrotryptophan","","HMDB0247099;HMDB0255666","NA;NA","600156;66791144","NA;NA","null","null",TRUE,FALSE,NA,NA,NA
"6-oxopiperidine-2-carboxylic acid","1343_neg","6-oxopiperidine-2-carboxylic acid",0.84,2467.87,NA,"Unknown","null","6-Oxopiperidine-2-carboxylic acid;methoprolol;N-Ethylmaleamic acid","","HMDB0061705;HMDB0254537;HMDB0255136","87998;NA;140429","3014237;129651907;98249","NA;NA;NA","null","null",TRUE,TRUE,NA,NA,NA
"7,8-dihydro-2'-deoxyguanosine","7196_pos","7,8-dihydro-2'-deoxyguanosine",0.8,1389.65,NA,"Adenosine","null","""7,8-Dihydro-2'-deoxyguanosine""","","HMDB0247293","NA","90295342","NA","null","null",TRUE,TRUE,NA,NA,NA
"7-(1,5-dimethyl-3-(phenoxymethyl)-1h-pyrazol-4-yl)-3-(3-(naphthalen-1-yloxy)propyl)-1h-indole-2-carboxylic acid","18890_neg","7-(1,5-dimethyl-3-(phenoxymethyl)-1h-pyrazol-4-yl)-3-(3-(naphthalen-1-yloxy)propyl)-1h-indole-2-carboxylic acid",0.13,231759.1,NA,"Unknown","null","7-(1,5-dimethyl-3-(phenoxymethyl)-1H-pyrazol-4-yl)-3-(3-(naphthalen-1-yloxy)propyl)-1H-indole-2-carboxylic acid","","HMDB0247219","NA","68941543","NA","null","null",TRUE,FALSE,NA,NA,NA
"7-(2-hydroxyethyl)guanine","3372_neg","7-(2-hydroxyethyl)guanine",0.42,187.42,NA,"2-Amino-2-deoxy-D-gluconate","null","7-(2-Hydroxyethyl)guanine;2-Amino-2-deoxy-D-gluconic acid;D-Gluconamide;(4R,5R)-1-Aminooxy-2,4,5,6-tetrahydroxyhexan-3-one","","HMDB0247221;HMDB0250755;HMDB0252768;HMDB0255329","NA;NA;NA;NA","105076;235915;219903;76088265","NA;NA;NA;NA","null","null",TRUE,TRUE,NA,NA,NA
"7-(trifluoromethoxy)indolin-2-one","4599_pos","7-(trifluoromethoxy)indolin-2-one",0.29,19.07,NA,"Unknown","null","7-(Trifluoromethoxy)indolin-2-one","","HMDB0247224","NA","53404525","NA","null","null",TRUE,TRUE,NA,NA,NA
"7-acetamidoclonazepam","9691_neg","7-acetamidoclonazepam",0.09,5.48,NA,"Unknown","null","7-Acetamidoclonazepam","","HMDB0247227","NA","162054","NA","null","null",TRUE,TRUE,NA,NA,NA
"7-amino-4-(trifluoromethyl)coumarin","5214_pos","7-amino-4-(trifluoromethyl)coumarin",0.33,28.63,NA,"Unknown","null","7-Amino-4-(trifluoromethyl)coumarin","","HMDB0250491","51772","100641","NA","null","null",TRUE,TRUE,NA,NA,NA
"7-deoxydoxorubicinone","13025_neg","7-deoxydoxorubicinone",0.31,129287.5,NA,"Unknown","null","7-Deoxydoxorubicinone;Daunomycinone","","HMDB0247245;HMDB0250878","NA;NA","321135;419026","NA;NA","null","null",TRUE,FALSE,NA,NA,NA
"7-ethoxycoumarin","3163_neg","7-ethoxycoumarin",0.16,17.17,NA,"Unknown","null","7-Ethoxycoumarin","C11052","HMDB0247248","28184","35703","NA","null","null",TRUE,FALSE,NA,NA,NA
"7-hydroxymitragynine","14313_pos","7-hydroxymitragynine",0.71,22.12,NA,"Unknown","null","7-Hydroxymitragynine","","HMDB0247263","NA","74987192","NA","null","null",TRUE,TRUE,NA,NA,NA
"7-hydroxyoctanoic acid","1939_neg","7-hydroxyoctanoic acid",0.44,114.36,NA,"Unknown","null","7-Hydroxyoctanoic acid;Hydroxyoctanoic acid;3-Hydroxyoctanoic acid;(R)-2-Hydroxycaprylic acid;8-Hydroxyoctanoate;2-Ethyl-6-hydroxyhexanoic acid","","HMDB0000486;HMDB0000711;HMDB0001954;HMDB0002264;HMDB0061914;HMDB0245116","NA;86543;37100;NA;79162;NA","167627;94180;11367166;5312860;69820;17867498","NA;NA;NA;NA;NA;NA","null","null",TRUE,TRUE,NA,NA,NA
"7-ketodeoxycholic acid","13427_neg","7-ketodeoxycholic acid",0.49,7394618,NA,"Unknown","null","7-Ketodeoxycholic acid;3,7-Dihydroxy-12-oxocholanoic acid;3-Oxocholic acid;Alfaprostolum","","HMDB0000391;HMDB0000400;HMDB0000502;HMDB0248132","16390;16312;88108;NA","188292;94235;5283956;73152410","NA;NA;NA;NA","null","null",TRUE,FALSE,NA,NA,NA
"7-methyl-2'-deoxyguanosine-3'-monophosphate","12007_pos","7-methyl-2'-deoxyguanosine-3'-monophosphate",0.36,28.82,NA,"Unknown","null","""7-Methyl-2'-deoxyguanosine-3'-monophosphate""","","HMDB0247809","NA","136247468","NA","null","null",TRUE,TRUE,NA,NA,NA
"7-methylguanosine","8695_pos","7-methylguanosine",0.67,236.47,NA,"7-Methylguanosine","null",NA,NA,NA,NA,NA,NA,"null","null",TRUE,TRUE,NA,NA,NA
"7-methylxanthine","2343_pos","7-methylxanthine",0.4,21.63,NA,"7-Methylxanthine","null",NA,NA,NA,NA,NA,NA,"null","null",TRUE,TRUE,NA,NA,NA
"7z,10z-hexadecadienoic acid","6168_neg","7z,10z-hexadecadienoic acid",0.51,99674.98,NA,"Unknown","null","7Z,10Z-Hexadecadienoic acid;7-Hexadecynoic acid","","HMDB0000477;HMDB0247253","86147;NA","13932172;5312633","NA;NA","null","null",TRUE,FALSE,NA,NA,NA
"8-epiloganic acid","11981_neg","8-epiloganic acid",0.13,5.06,NA,"Unknown","null","8-Epiloganic acid;Ethinyl estradiol sulfate","","HMDB0247433;HMDB0252017","NA;NA","4430509;53461774","NA;NA","null","null",TRUE,TRUE,NA,NA,NA
"8-hydroxy-3-methyl-3,4-dihydrotetraphene-1,7,12(2h)-trione","9168_pos","8-hydroxy-3-methyl-3,4-dihydrotetraphene-1,7,12(2h)-trione",0.42,26.9,NA,"Unknown","null","8-Hydroxy-3-methyl-3,4-dihydrotetraphene-1,7,12(2H)-trione","","HMDB0258477","NA","NA","NA","null","null",TRUE,TRUE,NA,NA,NA
"8-hydroxy-7-methylguanine","2755_neg","8-hydroxy-7-methylguanine",0.42,135.25,NA,"Unknown","null","8-Hydroxy-7-methylguanine","","HMDB0006037","74064","308075","NA","null","null",TRUE,TRUE,NA,NA,NA
"8-hydroxyguanine","2180_neg","8-hydroxyguanine",0.58,53.63,NA,"Unknown","null","8-Hydroxyguanine;Carboxyethylphosphoramide;xanthine amine","C20155","HMDB0002032;HMDB0249660;HMDB0259917","52617;NA;NA","65154;53993935;19377753","NA;NA;NA","null","null",TRUE,TRUE,NA,NA,NA
"8-phenyltheophylline","6346_neg","8-phenyltheophylline",0.42,516.13,NA,"Unknown","null","8-Phenyltheophylline;Lumiflavin","","HMDB0247463;HMDB0254201","NA;43661","NA;66184","NA;NA","null","null",TRUE,TRUE,NA,NA,NA
"9,12,15,18,21-tetracosapentaenoic acid","11135_neg","9,12,15,18,21-tetracosapentaenoic acid",0.22,316721.1,NA,"Unknown","null","9,12,15,18,21-Tetracosapentaenoic acid;Tetracosapentenoic acid","","HMDB0247624;HMDB0258880","NA;NA","54124086;133644","NA;NA","null","null",TRUE,FALSE,NA,NA,NA
"9-(2-phosphonylmethoxyethyl)-2,6-diaminopurine","7851_neg","9-(2-phosphonylmethoxyethyl)-2,6-diaminopurine",0.44,29.41,NA,"Unknown","null","9-(2-Phosphonylmethoxyethyl)-2,6-diaminopurine","","HMDB0256651","NA","NA","NA","null","null",TRUE,TRUE,NA,NA,NA
"9-(tetrahydrofuran-2-yl)-9h-purin-6-amine","4019_pos","9-(tetrahydrofuran-2-yl)-9h-purin-6-amine",0.76,333.58,NA,"Unknown","null","9-(Tetrahydrofuran-2-yl)-9h-purin-6-amine;9-(trans-4-Hydroxy-2-buten-1-yl)adenine;2-Acetamido-2,6-dideoxygalactose;valine lactate","","HMDB0244787;HMDB0250028;HMDB0259683;HMDB0259749","90232;NA;NA;NA","NA;128656;18534126;129642442","NA;NA;NA;NA","null","null",TRUE,TRUE,NA,NA,NA
"9e-heptadecenoic acid","6913_neg","9e-heptadecenoic acid",0.82,18224.16,NA,"Unknown","null","9E-Heptadecenoic acid;10Z-Heptadecenoic acid;trans-10-Heptadecenoic acid;Heptadec-2-enoic acid","C16536","HMDB0031046;HMDB0060038;HMDB0244268;HMDB0253101","80550;75094;75098;NA","5312440;5312435;4385123;117769","NA;NA;NA;NA","null","null",TRUE,FALSE,NA,NA,NA
"A methyl farnesoate","6067_neg","A methyl farnesoate",0.53,97022.13,NA,"Unknown","null","a Methyl farnesoate;4,7,10,13-Hexadecatetraenoic acid;Triton X-100","C11623","HMDB0243578;HMDB0246620;HMDB0259285","NA;NA;NA","122287;NA;NA","NA;NA;NA","null","null",TRUE,FALSE,NA,NA,NA
"Acetaminophen","1618_neg","Acetaminophen",0.44,132.99,NA,"L-METHIONINE","null","Acetaminophen;2-Phenylglycine;""2'-Hydroxyacetanilide"";2-Ethylnitrobenzene;Metacetamol;3-Methoxybenzamide;3,4,5,6-Tetrahydrophthalimide;4-(Aminomethyl)benzoic acid;4-Aminophenylacetic acid;4-Methyl-1,4-dihydropyridine-3,5-dicarbaldehyde;N-Phenylglycine","C06804","HMDB0001859;HMDB0002210;HMDB0061919;HMDB0245121;HMDB0245795;HMDB0245919;HMDB0246044;HMDB0246300;HMDB0246358;HMDB0254370;HMDB0255227","46195;55484;143107;NA;76987;NA;NA;NA;NA;75949;55477","1983;3866;11972;69156;12124;98487;34024;65526;14533;12502198;66025","NA;NA;NA;NA;NA;NA;NA;NA;NA;NA;NA","null","null",TRUE,TRUE,"1-hydroxy-2-unsubstituted benzenoids","Phenols","1-hydroxy-2-unsubstituted benzenoids"
"Acetyl citrate","5495_pos","Acetyl citrate",0.49,3749.64,NA,"Unknown","null","Acetyl citrate","","HMDB0059808","NA","54454045","NA","null","null",TRUE,TRUE,"Tetracarboxylic acids and derivatives","Carboxylic acids and derivatives","Tetracarboxylic acids and derivatives"
"Acetylglycine","540_neg","Acetylglycine",0.87,197.8,NA,"Acetylglycine","null","Acetylglycine;(3S)-3-Amino-4-oxobutanoic acid;Succinamic acid","","HMDB0000532;HMDB0243609;HMDB0258538","40410;NA;50398","10972;4473086;NA","NA;NA;NA","null","null",TRUE,TRUE,"N-acyl-alpha amino acids","Carboxylic acids and derivatives","Amino acids, peptides, and analogues"
"Adenosine dialdehyde","6765_neg","Adenosine dialdehyde",0.62,8331.84,NA,"Unknown","null","Adenosine dialdehyde","","HMDB0248007","NA","99920","NA","null","null",TRUE,TRUE,"6-aminopurines","Imidazopyrimidines","Purines and purine derivatives"
"Adibendan","7401_neg","Adibendan",0.27,17.05,NA,"Unknown","null","Adibendan","","HMDB0248011","NA","65867","NA","null","null",TRUE,TRUE,"Benzimidazoles","Benzimidazoles",NA
"Adipoylglycine","3933_pos","Adipoylglycine",0.87,554.33,NA,"Unknown","null","Adipoylglycine","","HMDB0240731","NA","60941336","NA","null","null",TRUE,TRUE,"N-acyl-alpha amino acids","Carboxylic acids and derivatives","Amino acids, peptides, and analogues"
"Adrenic acid","9964_neg","Adrenic acid",0.4,904859.6,NA,"Unknown","null","Adrenic acid;Docosa-2,4,6,8-tetraenoic acid;Ganaxolone;Ethyl icosa-6,9,12,15-tetraenoate","C16527","HMDB0002226;HMDB0251563;HMDB0252627;HMDB0260406","53487;NA;NA;NA","5497181;187287;22023730;57202700","2218009;NA;NA;NA","null","null",TRUE,FALSE,"Very long-chain fatty acids","Fatty acyls","Fatty acids and conjugates"
"Ajugol","10667_neg","Ajugol",0.62,86.15,NA,"Unknown","null","Ajugol","","HMDB0248074","NA","14355407","NA","null","null",TRUE,TRUE,"Iridoid O-glycosides","Prenol lipids","Terpene glycosides"
"Ala-cys-gly","6256_pos","Ala-cys-gly",0.02,2.25,NA,"Unknown","null","Ala-Cys-Gly;Cinchophen","","HMDB0248093;HMDB0250261","NA;NA","18218330;8593","NA;NA","null","null",TRUE,TRUE,NA,NA,NA
"Ala-hyp-gly","6669_pos","Ala-hyp-gly",0.89,13791.1,NA,"SN-GLYCERO-3-PHOSPHOCHOLINE","null","Ala-Hyp-Gly","","HMDB0248094","NA","74408046","NA","null","null",TRUE,FALSE,NA,NA,NA
"Alacepril","13958_pos","Alacepril",0.42,90831.06,NA,"Unknown","null","Alacepril;Lorlatinib","","HMDB0248095;HMDB0254164","NA;NA","2077;78162481","NA;NA","null","null",TRUE,TRUE,"Dipeptides","Carboxylic acids and derivatives","Amino acids, peptides, and analogues"
"Alanine lactate pyruvate","6675_neg","Alanine lactate pyruvate",0.38,222,NA,"Unknown","null","Alanine lactate pyruvate","","HMDB0248105","NA","129669086","NA","null","null",TRUE,TRUE,"Alpha amino acid esters","Carboxylic acids and derivatives","Amino acids, peptides, and analogues"
"Alanylglycine","1568_pos","Alanylglycine",0.8,16888.72,NA,"Alanylglycine","null",NA,NA,NA,NA,NA,NA,"null","null",TRUE,TRUE,"Dipeptides","Carboxylic acids and derivatives","Amino acids, peptides, and analogues"
"Alanylisoleucine","3891_pos","Alanylisoleucine",0.84,268.7,NA,"Unknown","null","Alanylisoleucine;Alanylleucine;Isoleucyl-Alanine;Leucylalanine;DL-Alanyl-DL-leucine","","HMDB0028690;HMDB0028691;HMDB0028900;HMDB0028922;HMDB0251509","73805;73770;NA;73527;NA","7408078;96801;5246009;81721;NA","NA;NA;NA;NA;NA","null","null",TRUE,TRUE,"Dipeptides","Carboxylic acids and derivatives","Amino acids, peptides, and analogues"
"Alanylproline","3156_pos","Alanylproline",0.76,354.5,NA,"Unknown","null","Alanylproline;Prolyl-Alanine","","HMDB0028695;HMDB0029010","73393;NA","83525;418041","NA;NA","null","null",TRUE,TRUE,"Dipeptides","Carboxylic acids and derivatives","Amino acids, peptides, and analogues"
"Albendazole-2-aminosulfone","5540_neg","Albendazole-2-aminosulfone",0.04,50.86,NA,"Unknown","null","Albendazole-2-aminosulfone","C16627","HMDB0247482","NA","88125","NA","null","null",TRUE,FALSE,"Benzimidazoles","Benzimidazoles",NA
"Alizarin","5590_neg","Alizarin",0.38,233.43,"Anthraquinones","no MS2: Laxapur; LC-ESI-QTOF; MS2; [M-H]-; CE","C14H8O4","Alizarin;Quinizarin","C01474","HMDB0248144;HMDB0257042","16866;37487","6293;NA","NA;NA","QBPFLULOKWLNNW-UHFFFAOYSA-N","OC1=CC=CC2=C1C(=O)C1=C(C=CC=C1O)C2=O",TRUE,TRUE,"Hydroxyanthraquinones","Anthracenes","Anthraquinones"
"All-trans-retinoic acid","8867_pos","All-trans-retinoic acid",0.53,180670.7,"Retinoids","no MS2: all-trans-Retinoic acid; LC-ESI-QTOF; MS2; CE","C20H28O2","all-trans-Retinoic acid;9-cis-Retinoic acid;13-cis-Retinoic acid;Dehydroabietic acid;3,7-Dimethyl-9-(2,6,6-trimethylcyclohex-1-en-1-yl)nona-2,4,6,8-tetraenoic acid;19-Norprogesterone;3alpha-Hydroxynorethynodrel;5,8,11-Eicosatriynoic acid;Cosahexaenoic acid;Ethynodiol;Tebufelone;(1R,4As,10aS)-7-Isopropyl-1,4a-dimethyl-1,2,3,4,4a,9,10,10a-octahydrophenanthrene-1-carboxylic acid;3,7-Dimethyl-2-oxo-9-(2,6,6-trimethylcyclohexen-1-yl)nona-4,6,8-trienal","C00777;C15493;C07058;C12078","HMDB0001852;HMDB0002369;HMDB0006219;HMDB0061925;HMDB0244343;HMDB0244838;HMDB0246253;HMDB0246870;HMDB0250481;HMDB0252090;HMDB0258763;HMDB0260088;HMDB0260263","15367;50648;6067;29571;26536;NA;NA;53454;NA;NA;NA;NA;NA","444795;449171;5282379;94391;5538;95585;253812;1781;54315191;14309340;NA;NA;54292863","NA;NA;2430432;NA;NA;NA;NA;NA;NA;NA;NA;NA;NA","SHGAZHPCJJPHSC-YCNIQYBTSA-N","C\C(\C=C\C1=C(C)CCCC1(C)C)=C/C=C/C(/C)=C/C(O)=O",TRUE,FALSE,NA,NA,NA
"Allantoin","1843_neg","Allantoin",0.87,2412.69,NA,"ALLANTOIN","null","Allantoin;1-(5-Hydroxy-2-oxo-2,3-dihydroimidazol-4-yl)urea","C01551","HMDB0000462;HMDB0248150","15676;74345","204;54079164","NA;NA","null","null",TRUE,TRUE,"Imidazoles","Azoles","Imidazoles"
"Allo-hydroxycitric acid lactone","3147_neg","Allo-hydroxycitric acid lactone",0.71,417.01,NA,"Unknown","null","Allo-hydroxycitric acid lactone","","HMDB0259498","NA","9859390","NA","null","null",TRUE,TRUE,"Tricarboxylic acids and derivatives","Carboxylic acids and derivatives","Tricarboxylic acids and derivatives"
"Allophanic acid","270_neg","Allophanic acid",0.87,151.34,NA,"Unknown","null","Allophanic acid","C01010","HMDB0248159","9889","NA","NA","null","null",TRUE,FALSE,"Ureas","Organic carbonic acids and derivatives","Ureas"
"Alpha-ketoisovaleric acid","525_neg","Alpha-ketoisovaleric acid",0.84,515.82,NA,"Methylacetoacetic Acid","null","alpha-Ketoisovaleric acid;Levulinic acid;2-Oxovaleric acid;2-Methylacetoacetic acid;3-Oxopentanoic acid","C00141;C06255;C02233","HMDB0000019;HMDB0000720;HMDB0001865;HMDB0003771;HMDB0245963","16530;45630;33033;37079;27401","49;11579;74563;150996;439684","34011;NA;NA;NA;NA","null","null",TRUE,TRUE,NA,NA,NA
"Alpha-linolenic acid","7412_neg","Alpha-linolenic acid",0.89,215211,"Lineolic acids and derivatives","no MS2: gamma-Linolenic acid; LC-ESI-QTOF; MS2; CE","C18H30O2","alpha-Linolenic acid;gamma-Linolenic acid;Octadeca-8,10,12-trienoic acid;Octadeca-6,9,12-trienoic acid;alpha-Eleostearic acid;Octadec-11-en-9-ynoic acid;Octadecatrienoic acid;Pinolenic acid","C06427;C06426","HMDB0001388;HMDB0003073;HMDB0246901;HMDB0247113;HMDB0248208;HMDB0255892;HMDB0255900;HMDB0256562","27432;28661;NA;92327;38382;NA;NA;NA","5280934;5280933;193404;3453;93077;92809;186112;128849","48237;48234;NA;NA;NA;NA;NA;NA","VZCCETWTMQHEPK-QNEBEIHSSA-N","CCCCC\C=C/C\C=C/C\C=C/CCCCC(O)=O",TRUE,FALSE,NA,NA,NA
"Alpha-tocopherol","14530_neg","Alpha-tocopherol",0.47,34031.56,NA,"Unknown","null","alpha-Tocopherol;(-)-alpha-Tocopherol","C02477","HMDB0001893;HMDB0242201","18145;NA","14985;2116","2296507;NA","null","null",TRUE,TRUE,NA,NA,NA
"Alrestatin","6558_pos","Alrestatin",0.18,4.99,"Nitroguanidines","no MS2: Imidacloprid; LC-ESI-ITFT; MS2; CE","C9H10ClN5O2","Alrestatin","","HMDB0248259","NA","NA","NA","YWTYJOPNNQFBPC-UHFFFAOYSA-N","ClC1=NC=C(CN2CCN=C2NN(=O)=O)C=C1",TRUE,FALSE,"Isoquinolones and derivatives","Isoquinolines and derivatives","Isoquinolones and derivatives"
"Aminoadipic acid","1962_neg","Aminoadipic acid",0.71,2176.22,NA,"N-METHYL-L-GLUTAMATE","null","Aminoadipic acid;Acetylhomoserine;Glutamic acid gamma-methyl ester;N-Acetylthreonine;N-methyl-L-glutamic Acid;hydroxybutyrylglycine;3-Aminoadipic acid;Carboxybetaine","C00956;C01046","HMDB0000510;HMDB0029423;HMDB0061715;HMDB0062557;HMDB0062660;HMDB0094716;HMDB0245812;HMDB0249655","37023;7671;NA;45826;16440;NA;64303;NA","92136;528;68662;152204;439377;9807500;224389;21889167","NA;NA;NA;NA;NA;NA;NA;NA","null","null",TRUE,TRUE,"L-alpha-amino acids","Carboxylic acids and derivatives","Amino acids, peptides, and analogues"
"Aminodeoxykanamycin","16678_neg","Aminodeoxykanamycin",0.13,835000.8,NA,"Unknown","null","Aminodeoxykanamycin","","HMDB0242522","NA","816","NA","null","null",TRUE,TRUE,"4,6-disubstituted 2-deoxystreptamines","Organooxygen compounds","Carbohydrates and carbohydrate conjugates"
"Amitrole","9_pos","Amitrole",0.13,65.83,NA,"Unknown","null","Amitrole;1H-1,2,3-Triazol-4-amine;4-Amino-1,2,4-triazole;Cyanoguanidine","C11261","HMDB0245804;HMDB0246119;HMDB0246991;HMDB0251212","40036;NA;NA;147423","1639;12295187;11432;10005","NA;NA;NA;NA","null","null",TRUE,FALSE,"Triazoles","Azoles","Triazoles"
"Amperozide","13175_neg","Amperozide",0.38,492484.3,NA,"Unknown","null","Amperozide","","HMDB0248358","180480","73333","NA","null","null",TRUE,FALSE,"Diphenylmethanes","Benzene and substituted derivatives","Diphenylmethanes"
"Andolast","10525_pos","Andolast",0.16,9.83,NA,"Unknown","null","Andolast","","HMDB0248393","NA","65970","NA","null","null",TRUE,TRUE,"Benzanilides","Benzene and substituted derivatives","Anilides"
"Anethole trithione","5571_neg","Anethole trithione",0.04,11.61,NA,"Unknown","null","Anethole trithione","","HMDB0248420","NA","2194","NA","null","null",TRUE,FALSE,"Anisoles","Phenol ethers","Anisoles"
"Anserine","5814_pos","Anserine",0.87,140.81,"Hybrid peptides","no MS2: L-Anserine; LC-ESI-QTOF; MS2; CE","C10H16N4O3","Anserine;Homocarnosine;alpha-((2,3-Dimethyl-1-aziridinyl)methyl)-2-nitro-1H-imidazole-1-ethanol;Triglycerol","C01262;C00884","HMDB0000194;HMDB0000745;HMDB0243785;HMDB0259216","18323;85981;NA;NA","112072;10243361;119555;NA","NA;NA;NA;NA","MYYIAHXIVFADCU-QMMMGPOBSA-N","CN1C=NC=C1C[C@H](N=C(O)CCN)C(O)=O",TRUE,TRUE,"Hybrid peptides","Peptidomimetics","Hybrid peptides"
"Antcin k","16892_neg","Antcin k",0.84,39.9,NA,"Unknown","null","Antcin K","","HMDB0249891","NA","76008041","NA","null","null",TRUE,FALSE,NA,NA,NA
"Arabinonic acid","2150_neg","Arabinonic acid",0.87,729.87,NA,"3-Methylxanthine","null","Arabinonic acid;Ribonic acid;3-Methylxanthine;7-Methylxanthine;1-Methylxanthine;D-Xylonic acid;L-Lyxonic acid;L-Xylonic acid","C00878;C01685;C16357;C16353;C16358;C00502;C05412;C05411","HMDB0000539;HMDB0000867;HMDB0001886;HMDB0001991;HMDB0010738;HMDB0059750;HMDB0060255;HMDB0060256","20912;21077;62207;48991;68444;48093;6268;48092","122045;5460677;70639;68374;80220;6602431;644110;6971043","NA;NA;NA;NA;NA;NA;NA;NA","null","null",TRUE,TRUE,"Sugar acids and derivatives","Organooxygen compounds","Carbohydrates and carbohydrate conjugates"
"Arachidonic acid","8678_neg","Arachidonic acid",0.76,133806.2,"Long-chain fatty acids","no MS2: Arachidonic acid; LC-ESI-QTOF; MS2; CE","C20H32O2","Arachidonic acid;Cis-8,11,14,17-Eicosatetraenoic acid;2,6,10,14-Hexadecatetraenoic acid, 3,7,11,15-tetramethyl-, (Z,E,E)-;5,8,11,14-Icosatetraenoic Acid;Eicosatetraenoic acid;Mestaline;Methandriol","C00219","HMDB0001043;HMDB0002177;HMDB0245522;HMDB0246871;HMDB0251721;HMDB0254484;HMDB0254517","15843;71488;NA;36306;NA;NA;NA","444899;11722594;128570;231;53436588;4079;521368","1586189;NA;NA;NA;NA;NA;NA","YZXBAPSDXZZRGB-DOFZRALJSA-N","CCCCC\C=C/C\C=C/C\C=C/C\C=C/CCCC(O)=O",TRUE,FALSE,"Long-chain fatty acids","Fatty acyls","Fatty acids and conjugates"
"Arg-gly-asp-ser","15109_pos","Arg-gly-asp-ser",0.51,557790.9,NA,"Unknown","null","Arg-gly-asp-ser","","HMDB0248573","NA","4649132","NA","null","null",TRUE,FALSE,"Oligopeptides","Carboxylic acids and derivatives","Amino acids, peptides, and analogues"
"Arginine chloride","3259_neg","Arginine chloride",0.42,38.87,NA,"Unknown","null","Arginine chloride;10-Hydroxy-2-oxabicyclo[6.2.2]dodeca-1(10),8,11-trien-3-one","","HMDB0248582;HMDB0255348","NA;NA","23374139;53867391","NA;NA","null","null",TRUE,FALSE,"Alpha amino acids and derivatives","Carboxylic acids and derivatives","Amino acids, peptides, and analogues"
"Arginine chloromethyl ketone","3917_neg","Arginine chloromethyl ketone",0.16,17.96,NA,"Unknown","null","Arginine chloromethyl ketone;2-(5-Fluoropentyl)-2-methylmalonic acid","","HMDB0244930;HMDB0254798","NA;NA","196479;57514438","NA;NA","null","null",TRUE,FALSE,"Alpha-amino ketones","Organooxygen compounds","Carbonyl compounds"
"Argininosuccinic acid","8357_pos","Argininosuccinic acid",0.76,47.95,NA,"Unknown","null","Argininosuccinic acid;ARGININOSUCCINATE","C03406","HMDB0000052;HMDB0248585","15682;NA","16950;828","41790;NA","null","null",TRUE,TRUE,"Aspartic acid and derivatives","Carboxylic acids and derivatives","Amino acids, peptides, and analogues"
"Arotinolol","11720_neg","Arotinolol",0.04,22.08,NA,"Unknown","null","Arotinolol","","HMDB0248613","NA","NA","NA","null","null",TRUE,TRUE,"Thiophene carboxamides","Thiophenes","Thiophene carboxylic acids and derivatives"
"Arsenobetaine","2619_neg","Arsenobetaine",0.38,48.55,NA,"Unknown","null","Arsenobetaine","C19331","HMDB0033206","NA","47364","NA","null","null",TRUE,FALSE,"Tetraorganoarsonium salts","Organometalloid compounds","Organoarsenic compounds"
"Articaine","8054_pos","Articaine",0.33,8.52,NA,"Unknown","null","Articaine;Etozolin","","HMDB0248628;HMDB0252120","NA;NA","NA;NA","NA;NA","null","null",TRUE,TRUE,"Thiophene carboxylic acids and derivatives","Thiophenes","Thiophene carboxylic acids and derivatives"
"Ascorbic acid","2559_neg","Ascorbic acid",0.73,4952.39,NA,"Unknown","null","Ascorbic acid;1,2,3-Propanetricarboxylic acid;(2R)-2-[(3R,4S)-3,4-Dihydroxy-5-oxooxolan-2-yl]-2-hydroxyacetaldehyde;5-(1,2-Dihydroxyethyl)-4-hydroxyoxolane-2,3-dione;3,4-Dihydroxy-5-[(S)-1,2-dihydroxyethyl]furan-2(5H)-one;(R)-2-((S)-1,2-Dihydroxyethyl)-4,5-dihydroxyfuran-3(2H)-one;Diglyceride;(3S,4R,5S)-3,4-Dihydroxy-5-(2-hydroxyacetyl)oxolan-2-one;2-Hydroxy-5-oxohexanedioic acid;(5R)-5-(1,2-Dihydroxyethyl)-3-hydroxyoxolane-2,4-dione","C01041;C19806","HMDB0000044;HMDB0031193;HMDB0242712;HMDB0246713;HMDB0248647;HMDB0248912;HMDB0251280;HMDB0255328;HMDB0257585;HMDB0260162","29073;45969;NA;125365;NA;NA;NA;NA;NA;NA","NA;14925;219402;5176753;54676860;74427717;117791079;76135744;53725334;4078311","NA;NA;NA;NA;NA;NA;NA;NA;NA;NA","null","null",TRUE,TRUE,"Butenolides","Dihydrofurans","Furanones"
"Ascorbic acid 2-sulfate","6319_neg","Ascorbic acid 2-sulfate",0.91,2105.26,NA,"Unknown","null","Ascorbic acid 2-sulfate;Ascorbic acid 3-sulfate","","HMDB0060649;HMDB0240641","NA;176456","54676864;11425365","NA;NA","null","null",TRUE,TRUE,"Butenolides","Dihydrofurans","Furanones"
"Asparagine glutamate","7346_neg","Asparagine glutamate",0.13,9.5,NA,"Unknown","null","Asparagine glutamate","","HMDB0248666","NA","NA","NA","null","null",TRUE,TRUE,"Glutamic acid and derivatives","Carboxylic acids and derivatives","Amino acids, peptides, and analogues"
"Asparaginylhydroxyproline","5951_pos","Asparaginylhydroxyproline",0.49,343.46,NA,"Cytidine","null","Asparaginylhydroxyproline;(1R,2S,3R)-1-[(2E)-2-(1-Nitrosoethylidene)-1,3-dihydroimidazol-4-yl]butane-1,2,3,4-tetrol;4-(E)-Ethyl-2-((E)-hydroxyimino)-5-nitro-3-hexeneamide","","HMDB0028732;HMDB0254230;HMDB0255716","NA;NA;NA","61157688;139594198;NA","NA;NA;NA","null","null",TRUE,TRUE,"Dipeptides","Carboxylic acids and derivatives","Amino acids, peptides, and analogues"
"Aspartylglycosamine","10099_neg","Aspartylglycosamine",0.82,171.04,NA,"Unknown","null","Aspartylglycosamine;Diethylenetriaminetetraacetic acid;Ramixotidine;3-[(2-Aminoethylamino)methyl]-3-[bis(carboxymethyl)amino]pentanedioic acid","C04540","HMDB0000489;HMDB0251248;HMDB0257104;HMDB0257931","17261;NA;NA;NA","123826;166909;71274;23431886","NA;NA;NA;NA","null","null",TRUE,TRUE,"Glycosylamines","Organooxygen compounds","Carbohydrates and carbohydrate conjugates"
"Aspartyllysine","6593_neg","Aspartyllysine",0.78,13.83,NA,"Unknown","null","Aspartyllysine;methapyrilene","C11114","HMDB0004987;HMDB0254524","73829;6820","6427003;4098","NA;NA","null","null",TRUE,TRUE,"Dipeptides","Carboxylic acids and derivatives","Amino acids, peptides, and analogues"
"Asymmetric dimethylarginine","3896_pos","Asymmetric dimethylarginine",0.91,4087.74,NA,"Asymmetric Dimethylarginine","null",NA,NA,NA,NA,NA,NA,"null","null",TRUE,TRUE,"Arginine and derivatives","Carboxylic acids and derivatives","Amino acids, peptides, and analogues"
"Atreleuton","9294_neg","Atreleuton",0.29,17.25,NA,"Unknown","null","Atreleuton","","HMDB0248714","NA","NA","NA","null","null",TRUE,TRUE,"Fluorobenzenes","Benzene and substituted derivatives","Halobenzenes"
"Avagacestat","18420_pos","Avagacestat",0.07,164632.8,NA,"Unknown","null","Avagacestat","","HMDB0248734","NA","50941212","NA","null","null",TRUE,FALSE,"Phenyloxadiazoles","Azoles","Oxadiazoles"
"Aziridyl benzoquinone","10228_neg","Aziridyl benzoquinone",0.51,64.46,NA,"Unknown","null","Aziridyl benzoquinone","C19333","HMDB0248810","NA","61215","NA","null","null",TRUE,TRUE,"P-benzoquinones","Organooxygen compounds","Carbonyl compounds"
"Bay-41-8543","14063_neg","Bay-41-8543",0.09,6.53,NA,"Unknown","null","Bay-41-8543","","HMDB0248896","NA","9953906","NA","null","null",TRUE,FALSE,"Pyrazolopyridines","Pyrazolopyridines",NA
"Bctc","11793_neg","Bctc",0.07,34.01,NA,"Unknown","null","Bctc","","HMDB0248905","NA","9929425","NA","null","null",TRUE,FALSE,"Pyridinylpiperazines","Diazinanes","Piperazines"
"Benfuracarb","13617_neg","Benfuracarb",0.16,131493.4,NA,"Unknown","null","Benfuracarb;Flumethasone;Tafluprost acid","C11073","HMDB0248952;HMDB0252336;HMDB0258679","3014;NA;NA","NA;3375;NA","NA;NA;NA","null","null",TRUE,TRUE,"Coumarans","Coumarans",NA
"Bensulide","13495_pos","Bensulide",0.29,306549.2,NA,"Unknown","null","BENSULIDE","C18703","HMDB0248962","NA","12932","NA","null","null",TRUE,FALSE,NA,NA,NA
"Benzamide","694_pos","Benzamide",0.67,20.66,NA,"Unknown","null","Benzamide;2-Ethenyl-1-oxidopyridin-1-ium","C09815","HMDB0004461;HMDB0245108","28179;NA","2331;NA","NA;NA","null","null",TRUE,FALSE,"Benzamides","Benzene and substituted derivatives","Benzoic acids and derivatives"
"Benzamide, n-(3r)-1-azabicyclo[2.2.2]oct-3-yl-4-chloro-","6725_neg","Benzamide, n-(3r)-1-azabicyclo[2.2.2]oct-3-yl-4-chloro-",0.2,4.81,NA,"Unknown","null","Benzamide, N-(3R)-1-azabicyclo[2.2.2]oct-3-yl-4-chloro-","","HMDB0256659","NA","4655349","NA","null","null",TRUE,TRUE,NA,NA,NA
"Benzene-1,4-disulfonamide","5390_neg","Benzene-1,4-disulfonamide",0.31,58.64,NA,"Unknown","null","Benzene-1,4-disulfonamide","","HMDB0248979","NA","23273948","NA","null","null",TRUE,FALSE,"Benzenesulfonamides","Benzene and substituted derivatives","Benzenesulfonamides"
"Bergaptol","3858_pos","Bergaptol",0.44,38.38,NA,"Unknown","null","Bergaptol","C00758","HMDB0013679","17377","5280371","NA","null","null",TRUE,FALSE,"5-hydroxypsoralens","Coumarins and derivatives","Furanocoumarins"
"Beta,beta-dimethylacrylshikonin","12304_pos","Beta,beta-dimethylacrylshikonin",0.13,9.98,NA,"Unknown","null","beta,beta-Dimethylacrylshikonin;6-7-Dihydroxybergamottin","","HMDB0245673;HMDB0247028","NA;NA","32465;NA","NA;NA","null","null",TRUE,TRUE,NA,NA,NA
"Beta-alanine","36_neg","Beta-alanine",0.87,814.67,NA,"Unknown","null","beta-Alanine;L-Alanine;Sarcosine;D-Alanine;(alpha-D-mannosyl)7-beta-D-mannosyl-diacetylchitobiosyl-L-asparagine, isoform A (protein);1-Nitropropane;2-Nitropropane;(2S)-2-Amino-3-hydroxypropanal;Dimethylcarbamic acid;Lactamide;Methyl glycinate;N-Hydroxymethyl-N-methylformamide","C00099;C00041;C00213;C00133;C01401;C02116;C11488","HMDB0000056;HMDB0000161;HMDB0000271;HMDB0001310;HMDB0062251;HMDB0243966;HMDB0245265;HMDB0247847;HMDB0251396;HMDB0253942;HMDB0254591;HMDB0255155","16958;16977;15611;15570;16449;76261;16037;NA;38544;75144;87375;5593","239;5950;1088;71080;602;NA;NA;17967377;44946;94220;69221;107853","33848;33629;34275;33977;NA;NA;NA;NA;NA;NA;NA;NA","null","null",TRUE,TRUE,NA,NA,NA
"Beta-hydroxy-gamma-trimethylaminobutyric acid","1972_neg","Beta-hydroxy-gamma-trimethylaminobutyric acid",0.24,14.07,NA,"Unknown","null","beta-Hydroxy-gamma-trimethylaminobutyric acid;N-(2-Hydroxyethyl)valine","","HMDB0244982;HMDB0254990","NA;NA","5148875;107912","NA;NA","null","null",TRUE,FALSE,NA,NA,NA
"Beta-ionone","3449_pos","Beta-ionone",0.42,534.45,NA,"Unknown","null","beta-Ionone;4-(2,6,6-Trimethyl-1,3-cyclohexadien-1-yl)-2-butanone;alpha-Ionone;4-Heptylphenol;beta-Jonone","C12287;C12286;C14698","HMDB0036565;HMDB0037139;HMDB0059883;HMDB0246435;HMDB0249136","32325;88549;32319;NA;NA","638014;577126;5282108;NA;NA","NA;NA;NA;NA;NA","null","null",TRUE,TRUE,NA,NA,NA
"Beta-tyrosine","10218_neg","Beta-tyrosine",0.76,25.94,NA,"Beta-Tyrosine","null",NA,NA,NA,NA,NA,NA,"null","null",TRUE,TRUE,NA,NA,NA
"Bilirubin","20261_pos","Bilirubin",0.11,1970745,NA,"Bilirubin","null",NA,NA,NA,NA,NA,NA,"null","null",TRUE,FALSE,"Bilirubins","Tetrapyrroles and derivatives","Bilirubins"
"Biocytin","11796_neg","Biocytin",0.31,87763.3,NA,"Unknown","null","Biocytin","C05552","HMDB0003134","27870","83814","46012","null","null",TRUE,FALSE,"L-alpha-amino acids","Carboxylic acids and derivatives","Amino acids, peptides, and analogues"
"Biotin","6017_pos","Biotin",0.47,43.88,NA,"Biotin","null",NA,NA,NA,NA,NA,NA,"null","null",TRUE,FALSE,"Biotin and derivatives","Biotin and derivatives",NA
"Biotin thiamine","7298_neg","Biotin thiamine",0.84,29.3,NA,"Unknown","null","Biotin thiamine","","HMDB0249230","NA","NA","NA","null","null",TRUE,TRUE,"Biotin and derivatives","Biotin and derivatives",NA
"Bipiperidyl mustard","8461_pos","Bipiperidyl mustard",0.67,17773,NA,"Unknown","null","Bipiperidyl mustard","","HMDB0249233","NA","NA","NA","null","null",TRUE,TRUE,"Piperidines","Piperidines",NA
"Bis(2-hydroxy-1-naphthyl) disulfide","10748_neg","Bis(2-hydroxy-1-naphthyl) disulfide",0.42,44.34,NA,"Unknown","null","Bis(2-hydroxy-1-naphthyl) disulfide","","HMDB0253560","101355","521106","NA","null","null",TRUE,TRUE,"Naphthols and derivatives","Naphthalenes","Naphthols and derivatives"
"Bis-a-tda","4444_pos","Bis-a-tda",0.93,183.39,NA,"Unknown","null","Bis-A-tda","","HMDB0249237","NA","97676","NA","null","null",TRUE,FALSE,NA,NA,NA
"Bisphenol s","6302_pos","Bisphenol s",0.87,985.87,NA,"Unknown","null","Bisphenol S;Diphenyl sulfate","C14216","HMDB0240712;HMDB0251451","34372;NA","6626;14228015","NA;NA","null","null",TRUE,TRUE,NA,NA,NA
"Bucillamine","4736_neg","Bucillamine",0.8,698.62,NA,"Unknown","null","Bucillamine","","HMDB0249419","NA","2459","NA","null","null",TRUE,TRUE,"N-acyl-alpha amino acids","Carboxylic acids and derivatives","Amino acids, peptides, and analogues"
"Buparlisib","14124_pos","Buparlisib",0.29,29291.27,NA,"Unknown","null","Buparlisib","","HMDB0247677","71954","16654980","NA","null","null",TRUE,FALSE,"Pyridinylpyrimidines","Diazines","Pyrimidines and pyrimidine derivatives"
"Butyrylcarnitine","5343_pos","Butyrylcarnitine",0.76,421.73,NA,"Butyrylcarnitine","null",NA,NA,NA,NA,NA,NA,"null","null",TRUE,TRUE,"Acyl carnitines","Fatty acyls","Fatty acid esters"
"Caffeic acid 3-o-sulfate","6520_neg","Caffeic acid 3-o-sulfate",0.47,367.98,NA,"Unknown","null","Caffeic acid 3-O-sulfate;Caffeic acid 4-O-sulfate;3,5-Dihydroxycinnamic acid sulfate","","HMDB0041706;HMDB0041708;HMDB0240449","90242;176485;NA","102261219;21668705;NA","NA;NA;NA","null","null",TRUE,TRUE,NA,NA,NA
"Caffeine, 8-((3-methoxypropyl)amino)-","7543_neg","Caffeine, 8-((3-methoxypropyl)amino)-",0.18,34914.22,NA,"Unknown","null","Caffeine, 8-((3-methoxypropyl)amino)-","","HMDB0247409","NA","56998","NA","null","null",TRUE,FALSE,"Xanthines","Imidazopyrimidines","Purines and purine derivatives"
"Capryloylglycine","3838_pos","Capryloylglycine",0.78,275.46,NA,"Unknown","null","Capryloylglycine;N-Acetylaminooctanoic acid;1-Hydroxy-2,2,5,5-tetramethylpyrrolidine-3-carboxylic acid methyl ester","","HMDB0000832;HMDB0059745;HMDB0257602","74099;89901;NA","84290;95555;11008971","NA;NA;NA","null","null",TRUE,TRUE,"N-acyl-alpha amino acids","Carboxylic acids and derivatives","Amino acids, peptides, and analogues"
"Carbendazim","3377_pos","Carbendazim",0.58,21.93,"2-benzimidazolylcarbamic acid esters","no MS2: Carbendazim; LC-ESI-ITFT; MS2; CE","C9H9N3O2",NA,NA,NA,NA,NA,NA,"TWFZGCMQGLPBSX-UHFFFAOYSA-N","COC(O)=NC1=NC2=CC=CC=C2N1",TRUE,FALSE,NA,NA,NA
"Carglumic acid","3162_neg","Carglumic acid",0.87,43.54,NA,"Unknown","null","Carglumic acid;4-Methyl-1-homopiperazinedithiocarboxylic acid","C05829","HMDB0015673;HMDB0252284","71028;NA","121396;161543","NA;NA","null","null",TRUE,TRUE,"Glutamic acid and derivatives","Carboxylic acids and derivatives","Amino acids, peptides, and analogues"
"Cariporide","7997_pos","Cariporide",0.2,18.11,NA,"Unknown","null","Cariporide","","HMDB0249676","NA","151172","NA","null","null",TRUE,TRUE,"Aromatic monoterpenoids","Prenol lipids","Monoterpenoids"
"Carnitine","2152_pos","Carnitine",0.87,5372.21,NA,"Carnitine","null",NA,NA,NA,NA,NA,NA,"null","null",TRUE,TRUE,NA,NA,NA
"Carnosine","4916_neg","Carnosine",0.24,110.64,"Hybrid peptides","no MS2: L-Carnosine; LC-ESI-ITFT; MS2; m/z","C9H14N4O3","Carnosine;Alanylhistidine;Histidylalanine;Nimorazole;beta-Alanyl-L-histidine","C00386","HMDB0000033;HMDB0028689;HMDB0028878;HMDB0255612;HMDB0256117","15727;73771;73924;NA;NA","439224;9837455;101180;23009;NA","1800369;NA;NA;NA;NA","CQOVPNPJLQNMDC-ZETCQYMHSA-N","NCCC(O)=N[C@@H](CC1=CN=CN1)C(O)=O",TRUE,FALSE,"Hybrid peptides","Peptidomimetics","Hybrid peptides"
"Cartap","5666_pos","Cartap",0.09,7.63,NA,"Unknown","null","Cartap;Mergepta;6,11-Dihydro[1]benzothiopyrano[4,3-b]indole","C11080","HMDB0249690;HMDB0254467;HMDB0256175","3436;NA;173098","27159;123726;NA","NA;NA;NA","null","null",TRUE,TRUE,"Thiocarbamic acid derivatives","Thiocarbonyl compounds","Thiocarbamic acid derivatives"
"Cefuroxime axetil","17672_neg","Cefuroxime axetil",0.42,1117194,NA,"Unknown","null","cefuroxime axetil","","HMDB0249787","NA","3379942","NA","null","null",TRUE,TRUE,NA,NA,NA
"Cephalomannine","24646_pos","Cephalomannine",0.22,21.31,NA,"Unknown","null","Cephalomannine;Larotaxel","","HMDB0249807;HMDB0253984","NA;NA","4597078;20807011","NA;NA","null","null",TRUE,FALSE,"Taxanes and derivatives","Prenol lipids","Diterpenoids"
"Cephalosporanic acid","6384_neg","Cephalosporanic acid",0.4,90.96,NA,"Unknown","null","cephalosporanic acid","","HMDB0249809","NA","10038079","NA","null","null",TRUE,TRUE,NA,NA,NA
"Chenodeoxycholic acid","12799_neg","Chenodeoxycholic acid",0.53,29875.47,"Dihydroxy bile acids, alcohols and derivatives","no MS2: Deoxycholic acid; LC-ESI-QTOF; MS2; CE","C24H40O4","Chenodeoxycholic acid;Deoxycholic acid;Isoursodeoxycholic acid;Hyodeoxycholic acid;Ursodeoxycholic acid;Isodeoxycholic acid;3,7-Dihydroxycholan-24-oic acid;3alpha,12beta-Dihydroxy-5alpha-cholan-24-oic Acid;4-[(5R,8S,10R,13R,17R)-3,6-Dihydroxy-10,13-dimethyl-2,3,4,5,6,7,8,9,11,12,14,15,16,17-tetradecahydro-1H-cyclopenta[a]phenanthren-17-yl]pentanoic acid","C02528;C04483;C17662;C07880;C17661","HMDB0000518;HMDB0000626;HMDB0000686;HMDB0000733;HMDB0000946;HMDB0002536;HMDB0246080;HMDB0246256;HMDB0246318","16755;28834;43419;NA;9907;81256;NA;NA;NA","10133;222528;127601;9963687;31401;164672;5645;2987;227033","NA;NA;NA;NA;NA;NA;NA;NA;NA","KXGVEGMKQFWNSR-LLQZFEROSA-N","C[C@H](CCC(O)=O)[C@H]1CC[C@H]2[C@@H]3CC[C@@H]4C[C@H](O)CC[C@]4(C)[C@H]3C[C@H](O)[C@]12C",TRUE,FALSE,"Dihydroxy bile acids, alcohols and derivatives","Steroids and steroid derivatives","Bile acids, alcohols and derivatives"
"Cholesterol","12219_pos","Cholesterol",0.02,396754.5,"Cholesterols and derivatives","no MS2: Cholesterol; LC-APPI-QQ; MS2; CE","C27H46O",NA,NA,NA,NA,NA,NA,"HVYWMOMLDIMFJA-LBHVWCRMSA-N","CC(C)CCCC(C)C1CCC2C3CC=C4C[C@@H](O)CCC4(C)C3CCC12C",TRUE,FALSE,"Cholesterols and derivatives","Steroids and steroid derivatives","Cholestane steroids"
"Cholesterol sulfate","16041_neg","Cholesterol sulfate",0.87,879527.4,NA,"Unknown","null","Cholesterol sulfate","C18043","HMDB0000653","41321","65076","2705326","null","null",TRUE,TRUE,"Cholesterols and derivatives","Steroids and steroid derivatives","Cholestane steroids"
"Choline","305_pos","Choline",0.93,3201.14,NA,"CHOLINE","null",NA,NA,NA,NA,NA,NA,"null","null",TRUE,TRUE,"Cholines","Organonitrogen compounds","Quaternary ammonium salts"
"Ciliatine","772_neg","Ciliatine",0.82,12.54,"Organic phosphonic acids","no MS2: Ciliatine; LC-ESI-QTOF; MS2; CE","C2H8NO3P",NA,NA,NA,NA,NA,NA,"QQVDJLLNRSOCEL-UHFFFAOYSA-N","NCCP(O)(O)=O",TRUE,TRUE,"Organic phosphonic acids","Organic phosphonic acids and derivatives","Organic phosphonic acids"
"Cimetidine sulfoxide","7251_pos","Cimetidine sulfoxide",0.47,8.04,NA,"Unknown","null","Cimetidine sulfoxide;Hydroxymethyl cimetidine","","HMDB0250250;HMDB0253276","30731;NA","62949;162879","NA;NA","null","null",TRUE,TRUE,"Imidazoles","Azoles","Imidazoles"
"Cinnamic acid","1647_pos","Cinnamic acid",0.4,11.93,"3,4-dihydrocoumarins","no MS2: 3,4-Dihydrocoumarin; LC-ESI-QTOF; MS2; [M+H]+; CE","C9H8O2","Cinnamic acid;trans-Cinnamic acid;6-Fluoromevalonate;3,4-Dihydro-1H-2-benzopyran-1-one;Oxonal","C10438;C10438","HMDB0000567;HMDB0000930;HMDB0247063;HMDB0253619;HMDB0255997","35699;35697;125368;23745;NA","5372954;444539;119214;78429;NA","NA;NA;NA;NA;NA","VMUXSMXIQBNMGZ-UHFFFAOYSA-N","O=C1CCC2=CC=CC=C2O1",TRUE,FALSE,"Cinnamic acids","Cinnamic acids and derivatives","Cinnamic acids"
"Cis-4-hydroxycyclohexylacetic acid","1859_neg","Cis-4-hydroxycyclohexylacetic acid",0.62,127.74,NA,"Unknown","null","cis-4-Hydroxycyclohexylacetic acid;trans-4-Hydroxycyclohexylacetic acid","","HMDB0000451;HMDB0000909","89344;88508","12702257;NA","NA;NA","null","null",TRUE,TRUE,NA,NA,NA
"Cis-aconitic acid","2454_neg","Cis-aconitic acid",0.93,6269.27,"Tricarboxylic acids and derivatives","no MS2: cis-Aconitic acid; LC-ESI-ITFT; MS2; m/z","C6H6O6","cis-Aconitic acid;trans-Aconitic acid;Dehydroascorbic acid;Aconitic acid;p-TOLUENESULFONYL FLUORIDE;Phenylmethylsulfonyl fluoride","C00417;C02341;C05422;C06747","HMDB0000072;HMDB0000958;HMDB0001264;HMDB0247961;HMDB0256057;HMDB0256652","32805;32806;27956;22211;NA;8102","643757;444212;440667;309;NA;NA","NA;NA;NA;NA;NA;NA","GTZCVFVGUGFEME-IWQZZHSRSA-N","OC(=O)C\C(=C\C(O)=O)C(O)=O",TRUE,TRUE,NA,NA,NA
"Cis-linoleic acid","6836_neg","Cis-linoleic acid",0.51,361764,NA,"Unknown","null","cis-Linoleic acid;Ethyl 3,7,11-trimethyldodeca-2,4-dienoate","","HMDB0250290;HMDB0252032","NA;NA","NA;38759","NA;NA","null","null",TRUE,FALSE,NA,NA,NA
"Citramalic acid","1526_neg","Citramalic acid",0.91,6849.18,NA,"CITRAMALATE","null","Citramalic acid;3-Hydroxyglutaric acid;D-2-Hydroxyglutaric acid;L-2-Hydroxyglutaric acid;Ribonolactone;2-Hydroxyglutarate;monoacetone;Poly(lactic acid-co-glycolic acid)","C00815;C01087;C03196;C02674;C02630","HMDB0000426;HMDB0000428;HMDB0000606;HMDB0000694;HMDB0001900;HMDB0059655;HMDB0254846;HMDB0256668","15584;39980;32796;32797;74168;17084;NA;NA","1081;181976;439391;439939;111064;43;21547664;23111554","NA;NA;NA;NA;NA;NA;NA;NA","null","null",TRUE,TRUE,"Hydroxy fatty acids","Fatty acyls","Fatty acids and conjugates"
"Citric acid","3237_neg","Citric acid",0.98,4991.86,NA,"Citric Acid","null","Citric acid;Isocitric acid","C00158;C00311","HMDB0000094;HMDB0000193","30769;30887","311;1198","34080;34579","null","null",TRUE,TRUE,"Tricarboxylic acids and derivatives","Carboxylic acids and derivatives","Tricarboxylic acids and derivatives"
"Citrulline","2523_neg","Citrulline",0.84,959.57,"L-alpha-amino acids","no MS2: L-Citrulline; LC-ESI-ITFT; MS2; m/z","C6H13N3O3","Citrulline;Argininic acid;D-Citrulline;Carbamoyl (2R)-2,5-diaminopentanoate","C00327","HMDB0000904;HMDB0003148;HMDB0250742;HMDB0257951","16349;NA;18211;NA","9750;160437;833;76472149","34627;NA;NA;NA","RHGKLRLOHDJJDR-BYPYZUCNSA-N","N[C@@H](CCCNC(O)=N)C(O)=O",TRUE,TRUE,"L-alpha-amino acids","Carboxylic acids and derivatives","Amino acids, peptides, and analogues"
"Clioquinol","8683_neg","Clioquinol",0.33,193204,NA,"Unknown","null","Clioquinol","","HMDB0250327","74460","2788","NA","null","null",TRUE,TRUE,"Chloroquinolines","Quinolines and derivatives","Haloquinolines"
"Clomethiazole","2133_pos","Clomethiazole",0.24,16.22,NA,"Unknown","null","Clomethiazole","","HMDB0250350","NA","10783","NA","null","null",TRUE,TRUE,"4,5-disubstituted thiazoles","Azoles","Thiazoles"
"Clothianidin","6231_pos","Clothianidin",0.09,13.32,"2,5-disubstituted thiazoles","no MS2: Clothianidin; LC-ESI-ITFT; MS2; CE","C6H8ClN5O2S","Clothianidin","C18508","HMDB0250370","39177","213027","NA","PGOOBECODWQEAB-UHFFFAOYSA-N","CN=C(NCC1=CN=C(Cl)S1)NN(=O)=O",TRUE,FALSE,"2,5-disubstituted thiazoles","Azoles","Thiazoles"
"Cortexolone","11186_pos","Cortexolone",0.02,205437.4,NA,"Unknown","null","Cortexolone;Corticosterone;21-Deoxycortisol;21-Hydroxy-5b-pregnane-3,11,20-trione;1-Dehydro-10-gingerdione;17alpha-Hydroperoxyprogesterone;Algestone;Reichsteins Substance S","C05488;C02140;C05497;C05480","HMDB0000015;HMDB0001547;HMDB0004030;HMDB0006756;HMDB0243856;HMDB0244800;HMDB0248134;HMDB0257139","28324;16827;NA;88767;NA;NA;NA;125417","440707;5753;222803;24779614;72742747;NA;627480;227112","45914;39187;NA;NA;NA;NA;NA;NA","null","null",TRUE,FALSE,"21-hydroxysteroids","Steroids and steroid derivatives","Hydroxysteroids"
"Cortisol","11308_neg","Cortisol",0.49,268070.3,NA,"Unknown","null","Cortisol;18-Hydroxycorticosterone;11-Epicortisol;1alpha-Hydroxycorticosterone;1,4,6-Trihydroxy-1,3-bis(2-isopentenyl)-5-isovaleryl-3,5-cyclohexadien-2-on;4-Hydroxy-2-(3-methylbutanoyl)-5-(3-methylbut-2-enyl)-4-(4-methylpent-2-enoyl)cyclopentane-1,3-dione","C00735;C01124","HMDB0000063;HMDB0000319;HMDB0244354;HMDB0244860;HMDB0253231;HMDB0260277","17650;16485;95202;NA;175659;NA","5754;11222;3640;21850823;549481;91406138","NA;NA;NA;NA;NA;NA","null","null",TRUE,TRUE,"21-hydroxysteroids","Steroids and steroid derivatives","Hydroxysteroids"
"Cortol","11581_neg","Cortol",0.24,544896.8,NA,"Unknown","null","Cortol;beta-Cortol;Carboprost;Misoprostol acid;Prostaglandin F2alpha methyl ester;Proterguride","C05482;C01235","HMDB0003180;HMDB0005821;HMDB0249644;HMDB0254756;HMDB0256372;HMDB0256868","3898;17505;NA;NA;NA;NA","246873;439451;5229711;4206;2724458;13135233","NA;NA;NA;NA;NA;NA","null","null",TRUE,TRUE,"21-hydroxysteroids","Steroids and steroid derivatives","Hydroxysteroids"
"Cotinine glucuronide","11478_pos","Cotinine glucuronide",0.87,183481.9,NA,"Unknown","null","Cotinine glucuronide","C00190","HMDB0001013","16082","439179","34192","null","null",TRUE,TRUE,"Pyrimidine ribonucleoside diphosphates","Pyrimidine nucleotides","Pyrimidine ribonucleotides"
"Coumaphos","11275_neg","Coumaphos",0.42,74.4,NA,"Unknown","null","Coumaphos","C11025","HMDB0250488","3903","2871","NA","null","null",TRUE,TRUE,"Coumarins and derivatives","Coumarins and derivatives",NA
"Cppene","6312_pos","Cppene",0.53,33.85,NA,"Unknown","null","Cppene","","HMDB0250519","NA","107733","NA","null","null",TRUE,TRUE,"Alpha amino acids","Carboxylic acids and derivatives","Amino acids, peptides, and analogues"
"Creatine","971_neg","Creatine",0.87,182.58,"Alpha amino acids and derivatives","no MS2: Creatine; LC-ESI-ITFT; MS2; m/z","C4H9N3O2","Creatine;Beta-Guanidinopropionic acid;Asparaginamide;N-Propyl-N-nitrosourea","C00300;C03065","HMDB0000064;HMDB0013222;HMDB0248665;HMDB0255236","16919;15968;NA;NA","586;67701;426319;13157","34543;NA;NA;NA","CVSVTCORWBXHQV-UHFFFAOYSA-N","CN(CC(O)=O)C(N)=N",TRUE,TRUE,"Alpha amino acids and derivatives","Carboxylic acids and derivatives","Amino acids, peptides, and analogues"
"Creatinine nitrite nitrate","4543_neg","Creatinine nitrite nitrate",0.18,28.46,NA,"Unknown","null","Creatinine nitrite nitrate","","HMDB0250532","NA","132280893","NA","null","null",TRUE,TRUE,"Alpha amino acids and derivatives","Carboxylic acids and derivatives","Amino acids, peptides, and analogues"
"Crocetin","10289_pos","Crocetin",0.44,736333.6,NA,"Unknown","null","Crocetin;Sobetirome","C15618","HMDB0250540;HMDB0258355","NA;NA","73245;NA","NA;NA","null","null",TRUE,FALSE,"Acyclic diterpenoids","Prenol lipids","Diterpenoids"
"Cyasterone","18438_pos","Cyasterone",0.04,1494541,NA,"Unknown","null","Cyasterone","","HMDB0250618","NA","554197","NA","null","null",TRUE,FALSE,"Triterpenoids","Prenol lipids","Triterpenoids"
"Cyclamic acid","2881_pos","Cyclamic acid",0.49,22.93,"Cyclamates","no MS2: Cyclamate; LC-ESI-ITFT; MS2; CE","C6H13NO3S","Cyclamic acid;Fudosteine","C02824","HMDB0031340;HMDB0252511","15964;NA","7533;362789","NA;NA","HCAJEUSONLESMK-UHFFFAOYSA-N","OS(=O)(=O)NC1CCCCC1",TRUE,FALSE,"Cyclamates","Sulfamic acid derivatives","Cyclamates"
"Cyclonite","4689_neg","Cyclonite",0.22,20.85,NA,"Unknown","null","Cyclonite","","HMDB0253161","24556","NA","NA","null","null",TRUE,TRUE,"1,3,5-triazinanes","Triazinanes","1,3,5-triazinanes"
"Cyclopropanecarboxamide, 1,2,2,3,3-pentamethyl-","1899_pos","Cyclopropanecarboxamide, 1,2,2,3,3-pentamethyl-",0.49,138.3,NA,"Unknown","null","Cyclopropanecarboxamide, 1,2,2,3,3-pentamethyl-","","HMDB0250674","NA","25012446","NA","null","null",TRUE,FALSE,"Cyclopropanecarboxylic acids and derivatives","Carboxylic acids and derivatives","Cyclopropanecarboxylic acids and derivatives"
"Cysteic acid","2252_neg","Cysteic acid",0.87,183.77,NA,"Cysteic Acid","null",NA,NA,NA,NA,NA,NA,"null","null",TRUE,TRUE,NA,NA,NA
"Cysteine-s-sulfate","3649_neg","Cysteine-s-sulfate",0.87,967.44,NA,"Cysteine-S-Sulfate","null","Cysteine-S-sulfate;Sulfocysteine","C05824","HMDB0000731;HMDB0258593","27891;NA","115015;73743878","NA;NA","null","null",TRUE,TRUE,NA,NA,NA
"Cysteineglutathione disulfide","14821_pos","Cysteineglutathione disulfide",0.67,11491760,NA,"Unknown","null","Cysteineglutathione disulfide;Cysteine-glutathione disulfide;Fevipiprant","","HMDB0000656;HMDB0250707;HMDB0252238","143243;NA;NA","53477713;78301986;23582412","NA;NA;NA","null","null",TRUE,TRUE,"Oligopeptides","Carboxylic acids and derivatives","Amino acids, peptides, and analogues"
"Cytidine","5739_neg","Cytidine",0.51,212.46,"Pyrimidine nucleosides","no MS2: Cytidine; LC-ESI-ITFT; MS2; m/z","C9H13N3O5","Cytidine;2-Propylthiazolo[4,5-c]quinolin-4-amine;Arabinofuranosylcytosine;4-Amino-5-hydroxy-1-[(2R,5R)-4-hydroxy-5-(hydroxymethyl)oxolan-2-yl]pyrimidin-2-one","C00475","HMDB0000089;HMDB0245307;HMDB0248553;HMDB0258026","17562;NA;NA;NA","6175;10198719;596;124029","35089;NA;NA;NA","UHDGCWIWMRVCDJ-XVFCMESISA-N","OC[C@H]1O[C@H]([C@H](O)[C@@H]1O)N1C=CC(=N)N=C1O",TRUE,TRUE,"Pyrimidine nucleosides","Pyrimidine nucleosides",NA
"Cytidine monophosphate n-acetylneuraminic acid","20974_pos","Cytidine monophosphate n-acetylneuraminic acid",0.2,1535353,NA,"Cytidine Monophosphate N-Acetylneuraminic Acid","null",NA,NA,NA,NA,NA,NA,"null","null",TRUE,FALSE,NA,NA,NA
"Cytosine phosphate","3905_pos","Cytosine phosphate",0.71,12.87,NA,"Unknown","null","Cytosine phosphate","","HMDB0250726","NA","129629266","NA","null","null",TRUE,TRUE,"Pyrimidones","Diazines","Pyrimidines and pyrimidine derivatives"
"Cytosine-5-carboxylic acid","1876_pos","Cytosine-5-carboxylic acid",0.71,220.27,NA,"Unknown","null","Cytosine-5-carboxylic acid","","HMDB0246202","76793","77213","NA","null","null",TRUE,TRUE,"Pyrimidinecarboxylic acids","Diazines","Pyrimidines and pyrimidine derivatives"
"D-alanyl-d-alanine","2118_pos","D-alanyl-d-alanine",0.87,93.11,"Dipeptides","no MS2: D-Ala-D-ala; LC-ESI-QTOF; MS2; CE","C6H12N2O3","D-Alanyl-D-alanine;Alanylalanine;(S)-Methyl 2,5-diamino-5-oxopentanoate;d-Alanyl-l-alanine;Daminozide;N-Nitroso(2-hydroxypropyl)(2-oxopropyl)amine","C00993;C10996","HMDB0003459;HMDB0028680;HMDB0243735;HMDB0244385;HMDB0250838;HMDB0253217","16576;72816;NA;NA;NA;NA","5460362;5484352;4712694;601;NA;43677","NA;NA;NA;NA;NA;NA","DEFJQIDDEAULHB-QWWZWVQMSA-N","C[C@@H](N)C(O)=N[C@H](C)C(O)=O",TRUE,TRUE,NA,NA,NA
"D-glucamine","2962_pos","D-glucamine",0.71,54.6,NA,"Unknown","null","D-Glucamine;2-Amino-6-methyl-2,3,6,7-tetrahydro-1H-pteridin-4-one","","HMDB0246693;HMDB0255376","NA;NA","10266;73188125","NA;NA","null","null",TRUE,TRUE,NA,NA,NA
"D-glucosamine-6-phosphate","6478_neg","D-glucosamine-6-phosphate",0.84,76522.23,NA,"D-GLUCOSAMINE 6-PHOSPHATE","null","D-Glucosamine-6-phosphate;Glycerophosphoserine","","HMDB0250754;HMDB0252850","NA;NA","4201865;453627","NA;NA","null","null",TRUE,TRUE,NA,NA,NA
"D-glucose","2726_neg","D-glucose",0.87,1337.93,NA,"D-TAGATOSE","null","D-Glucose;D-Galactose;D-Mannose;myo-Inositol;D-Fructose;Allose;L-Sorbose;Paraxanthine;Theophylline;Theobromine;alpha-D-Glucose;D-Tagatose;beta-D-Galactose;scyllo-Inositol;L-Galactose;Levoinositol;D-chiro-Inositol;allo-Inositol;(2R,3R,4R,5R)-2,3,4,5,6-Pentahydroxyhexanal;(2R,4S,5S)-1,2,4,5,6-Pentahydroxyhexan-3-one;(3R,4R,5R)-1,3,4,5,6-Pentahydroxyhexan-2-one;alpha-D-Galactofuranose;D-Fructofuranose;D-Gulose;D-Psicose;Succinylaminoimidazole","C00221;C00984;C00936;C00137;C02336;C01487;C08356;C13747;C07130;C07480;C00267;C00795;C00962;C06153;C01825;C19891;C01383;C01452;C00738","HMDB0000122;HMDB0000143;HMDB0000169;HMDB0000211;HMDB0000660;HMDB0001151;HMDB0001266;HMDB0001860;HMDB0001889;HMDB0002825;HMDB0003345;HMDB0003418;HMDB0003449;HMDB0006088;HMDB0033704;HMDB0034220;HMDB0240209;HMDB0240211;HMDB0242534;HMDB0242761;HMDB0246950;HMDB0248203;HMDB0250747;HMDB0250761;HMDB0250793;HMDB0258546","15903;28061;28729;17268;28645;37741;10295;25858;28177;28946;17925;49092;27667;10642;42905;27374;27372;22357;NA;NA;NA;NA;NA;NA;NA;NA","64689;439357;185698;NA;439709;12285879;441484;4687;2153;5429;79025;14408225;439353;NA;439583;NA;NA;NA;24749;439494;1101;12091582;716;206;3426;129675192","NA;NA;NA;33990;33835;NA;NA;NA;NA;NA;NA;NA;33945;NA;NA;NA;NA;NA;NA;NA;NA;NA;NA;NA;NA;NA","null","null",TRUE,TRUE,NA,NA,NA
"D-glucuronic acid","3409_pos","D-glucuronic acid",0.87,56.58,NA,"D-Glucuronate","null","D-Glucuronic acid;Galacturonic acid;Iduronic acid;Pectic acid;Pectin;5-Keto-D-gluconate;2-Keto-L-gluconate;(2R,3R,4R,5S,6S)-3,4,5,6-Tetrahydroxyoxane-2-carboxylic acid;Lactate oxygen","C00191;C08348;C06472;C00470;C08348;C01062;C03342","HMDB0000127;HMDB0002545;HMDB0002704;HMDB0003363;HMDB0003402;HMDB0011731;HMDB0011732;HMDB0247881;HMDB0253944","42717;47962;24769;33885;47954;NA;88378;NA;NA","444791;84740;18845;445929;441476;157;50;610;129638021","34196;NA;48353;NA;34162;NA;NA;NA;NA","null","null",TRUE,FALSE,NA,NA,NA
"D-ribulose 5-phosphate","5118_neg","D-ribulose 5-phosphate",0.76,15.03,NA,"Ribose 5-Phosphate","null","D-Ribulose 5-phosphate;Xylulose 5-phosphate;Ribose 1-phosphate;D-Ribose 5-phosphate;7-Hydroxy-4-(trifluoromethyl)coumarin;D-Ribose 1-phosphate;Demeton-S-methyl;Phosphoribose;ribose-5-phosphate;[(3R)-3,4,5-Trihydroxy-2-oxopentyl] dihydrogen phosphate","C00199;C00231;C00620;C03736;C18655","HMDB0000618;HMDB0000868;HMDB0001489;HMDB0001548;HMDB0247257;HMDB0250796;HMDB0250995;HMDB0256491;HMDB0257215;HMDB0260227","17363;16332;16300;18189;NA;NA;38624;NA;NA;NA","439184;439190;439236;440101;NA;1074;NA;21872894;NA;615","NA;34329;34994;NA;NA;NA;NA;NA;NA;NA","null","null",TRUE,TRUE,NA,NA,NA
"D-xylose","1582_neg","D-xylose",0.71,4275.58,NA,"Unknown","null","D-Xylose;D-Ribose;2-Deoxyribonic acid;D-Ribulose;L-Arabinose;L-Xylulose;D-Xylulose;L-Ribulose;Arabinofuranose;D-Arabinose;Dipropyl disulfide;2-Deoxypentonic acid;(2R,3R,4R)-2,3,4,5-Tetrahydroxypentanal;9-Deazaguanine;alpha-D-Arabinofuranose;D-Arabinopyranose;D-Threo-3-Pentulose","C00181;C00121;C00309;C02479;C00312;C00310;C00508;C06115;C08373","HMDB0000098;HMDB0000283;HMDB0000366;HMDB0000621;HMDB0000646;HMDB0000751;HMDB0001644;HMDB0003371;HMDB0012325;HMDB0029942;HMDB0031472;HMDB0059753;HMDB0242608;HMDB0247590;HMDB0248200;HMDB0250736;HMDB0250800","53455;47013;86350;17173;40886;17399;17140;16880;6178;46996;45758;89890;NA;NA;111514;NA;NA","135191;5779;11528367;12358756;439764;89810215;12358757;9920423;440921;444173;12377;13871872;854;100684;993;229;11768736","34162;33936;NA;NA;NA;NA;NA;NA;NA;NA;NA;NA;NA;NA;NA;NA;NA","null","null",TRUE,TRUE,NA,NA,NA
"Daidzein","6225_neg","Daidzein",0.58,31.35,"Flavones","no MS2: Chrysin; LC-ESI-QTOF; MS2; [M-H]-; CE","C15H10O4","Daidzein;""7,4'-Dihydroxyflavone"";7,8-Dihydroxyflavone;Rubiadin;Xanthenone-4-acetic acid","C10208;C12123;C10402","HMDB0003312;HMDB0247290;HMDB0247297;HMDB0257354;HMDB0259916","28197;29503;140464;69533;NA","5281708;5282073;NA;NA;NA","NA;NA;NA;NA;NA","RTIXKCRFFJGDFG-UHFFFAOYSA-N","OC1=CC(O)=C2C(=O)C=C(OC2=C1)C1=CC=CC=C1",TRUE,TRUE,"Isoflavones","Isoflavonoids","Isoflav-2-enes"
"Dbd-cocl","9928_neg","Dbd-cocl",0.4,252.85,NA,"Unknown","null","Dbd-cocl","","HMDB0250888","NA","133003","NA","null","null",TRUE,FALSE,"Alpha amino acids and derivatives","Carboxylic acids and derivatives","Amino acids, peptides, and analogues"
"Dda-tetracycline","13159_neg","Dda-tetracycline",0.16,152958.2,NA,"Unknown","null","Dda-tetracycline","","HMDB0250895","NA","54684440","NA","null","null",TRUE,TRUE,"Tetracyclines","Tetracyclines",NA
"Deferitrin","6176_neg","Deferitrin",0.38,9.97,NA,"Unknown","null","Deferitrin","","HMDB0250934","NA","135850839","NA","null","null",TRUE,TRUE,"Alpha amino acids and derivatives","Carboxylic acids and derivatives","Amino acids, peptides, and analogues"
"Dehydrodiisoeugenol","10178_pos","Dehydrodiisoeugenol",0.49,1898289,NA,"Unknown","null","Dehydrodiisoeugenol","","HMDB0250949","NA","73548","NA","null","null",TRUE,FALSE,"2-arylbenzofuran flavonoids","2-arylbenzofuran flavonoids",NA
"Dendrodoine","7106_neg","Dendrodoine",0.49,124.19,NA,"Unknown","null","Dendrodoine","","HMDB0250998","NA","126514","NA","null","null",TRUE,TRUE,"Indolecarboxylic acids and derivatives","Indoles and derivatives","Indolecarboxylic acids and derivatives"
"Deoxycytidine","5017_pos","Deoxycytidine",0.87,339.34,NA,"DEOXYCYTIDINE","null","Deoxycytidine;Cytosine deoxyribonucleoside;2-Nitro-alpha-((1-propenyloxy)methyl)imidazole-1-ethanol","C00881","HMDB0000014;HMDB0250725;HMDB0257268","15698;NA;NA","13711;637;93380","36280;NA;NA","null","null",TRUE,TRUE,"Pyrimidine 2'-deoxyribonucleosides","Pyrimidine nucleosides","Pyrimidine 2'-deoxyribonucleosides"
"Deoxyribose","1064_neg","Deoxyribose",0.8,332.78,NA,"Unknown","null","Deoxyribose;(R)-2,3-Dihydroxy-isovalerate;1-Aminobenzotriazole;1-Methyl-1H-purine;2,3-Dihydroxypropyl acetate;Glyceryl 2-acetate;1,4-Anhydroribitol;1H-1,2,3-Benzotriazol-4-amine;2-Deoxy-D-ribose;3h-Pteridine;5-Deoxy-D-ribose;9-methyl-9H-purine","C01801;C04272","HMDB0003224;HMDB0012141;HMDB0243821;HMDB0243922;HMDB0243948;HMDB0244105;HMDB0244194;HMDB0244866;HMDB0245099;HMDB0246273;HMDB0246776;HMDB0247603","28816;15684;NA;NA;NA;NA;NA;NA;131350;NA;NA;63091","22833604;440279;1367;21579713;33510;641349;952;87446;10786;21880558;13420529;140687","38440;NA;NA;NA;NA;NA;NA;NA;NA;NA;NA;NA","null","null",TRUE,TRUE,"Pentoses","Organooxygen compounds","Carbohydrates and carbohydrate conjugates"
"Deoxythioguanosine","7988_pos","Deoxythioguanosine",0.51,6474.56,NA,"Unknown","null","Deoxythioguanosine","","HMDB0251016","NA","NA","NA","null","null",TRUE,TRUE,"Purine 2',3'-dideoxyribonucleosides","Purine nucleosides","Purine 2',3'-dideoxyribonucleosides"
"Deoxyuridine","5013_neg","Deoxyuridine",0.87,730.32,NA,"Deoxyuridine","null","Deoxyuridine;1-((2S,4S,5R)-4-Hydroxy-5-(hydroxymethyl)tetrahydrofuran-2-yl)pyrimidine-2,4(1H,3H)-dione;1-[(2R,4R,5R)-3,4-Dihydroxy-5-(hydroxymethyl)-2-oxolanyl]-2-pyrimidinone;Antigastrin;Dioxolane-THYMINE","C00526","HMDB0000012;HMDB0245528;HMDB0246409;HMDB0248486;HMDB0251438","16450;NA;NA;NA;NA","13712;640;328839;25232;9813340","35251;NA;NA;NA;NA","null","null",TRUE,TRUE,"Pyrimidine 2'-deoxyribonucleosides","Pyrimidine nucleosides","Pyrimidine 2'-deoxyribonucleosides"
"Desaminosulfamethazine","6676_neg","Desaminosulfamethazine",0.4,16.87,NA,"Unknown","null","Desaminosulfamethazine","","HMDB0251030","NA","188299","NA","null","null",TRUE,TRUE,"Benzenesulfonamides","Benzene and substituted derivatives","Benzenesulfonamides"
"Desmosine","18650_pos","Desmosine",0.22,1172615,NA,"Unknown","null","Desmosine;Isodesmosine","","HMDB0000572;HMDB0000739","37628;64366","15942890;13811","NA;NA","null","null",TRUE,FALSE,"Tetracarboxylic acids and derivatives","Carboxylic acids and derivatives","Tetracarboxylic acids and derivatives"
"Devd-cho","16228_pos","Devd-cho",0.04,5.68,NA,"Unknown","null","Devd-cho","","HMDB0251076","NA","85051117","NA","null","null",TRUE,FALSE,"Hybrid peptides","Peptidomimetics","Hybrid peptides"
"Dezinamide","6546_neg","Dezinamide",0.13,6.66,NA,"Unknown","null","Dezinamide;2-Amino-9-(4-amino-2-oxopyrimidin-1-yl)-1H-purin-6-one","","HMDB0251101;HMDB0258125","NA;NA","146291;136053577","NA;NA","null","null",TRUE,TRUE,"Trifluoromethylbenzenes","Benzene and substituted derivatives","Trifluoromethylbenzenes"
"Dg(14:0/22:5(4z,7z,10z,13z,16z)/0:0)","20802_neg","Dg(14:0/22:5(4z,7z,10z,13z,16z)/0:0)",0.24,232758.2,NA,"Unknown","null","DG(14:0/22:5(4Z,7Z,10Z,13Z,16Z)/0:0);DG(14:0/22:5(7Z,10Z,13Z,16Z,19Z)/0:0);DG(14:1(9Z)/22:4(7Z,10Z,13Z,16Z)/0:0);DG(16:0/20:5(5Z,8Z,11Z,14Z,17Z)/0:0);DG(16:1(9Z)/20:4(5Z,8Z,11Z,14Z)/0:0);DG(16:1(9Z)/20:4(8Z,11Z,14Z,17Z)/0:0);DG(18:1(11Z)/18:4(6Z,9Z,12Z,15Z)/0:0);DG(18:1(9Z)/18:4(6Z,9Z,12Z,15Z)/0:0);DG(18:2(9Z,12Z)/18:3(6Z,9Z,12Z)/0:0);DG(18:2(9Z,12Z)/18:3(9Z,12Z,15Z)/0:0);DG(18:3(6Z,9Z,12Z)/18:2(9Z,12Z)/0:0);DG(18:3(9Z,12Z,15Z)/18:2(9Z,12Z)/0:0);DG(18:4(6Z,9Z,12Z,15Z)/18:1(11Z)/0:0);DG(18:4(6Z,9Z,12Z,15Z)/18:1(9Z)/0:0);DG(20:4(5Z,8Z,11Z,14Z)/16:1(9Z)/0:0);DG(20:4(8Z,11Z,14Z,17Z)/16:1(9Z)/0:0);DG(20:5(5Z,8Z,11Z,14Z,17Z)/16:0/0:0);DG(22:4(7Z,10Z,13Z,16Z)/14:1(9Z)/0:0);DG(22:5(4Z,7Z,10Z,13Z,16Z)/14:0/0:0);DG(22:5(7Z,10Z,13Z,16Z,19Z)/14:0/0:0);DG(14:0/0:0/22:5n6);DG(14:0/0:0/22:5n3);DG(16:0/0:0/20:5n3);DG(14:1n5/0:0/22:4n6);DG(16:1n7/0:0/20:4n6);DG(16:1n7/0:0/20:4n3);DG(18:1n7/0:0/18:4n3);DG(18:1n9/0:0/18:4n3)","","HMDB0007032;HMDB0007033;HMDB0007060;HMDB0007114;HMDB0007141;HMDB0007142;HMDB0007193;HMDB0007222;HMDB0007249;HMDB0007250;HMDB0007277;HMDB0007306;HMDB0007333;HMDB0007334;HMDB0007505;HMDB0007534;HMDB0007562;HMDB0007676;HMDB0007704;HMDB0007733;HMDB0055974;HMDB0055979;HMDB0056033;HMDB0056148;HMDB0056167;HMDB0056173;HMDB0056192;HMDB0056211","NA;88791;88711;88475;88489;88487;88397;89223;89210;89198;89170;89262;88991;88992;89686;89660;89674;89812;89435;89325;NA;NA;NA;NA;NA;NA;NA;NA","53477967;53477968;53477995;9543744;9543743;53478041;53478068;53478092;14275409;9543737;53478120;53478148;53478162;53478163;53478291;53478312;53478340;53478432;53478457;53478486;131801706;131801711;131801755;131801858;131801877;131801883;131801901;131766679","NA;NA;NA;NA;NA;NA;NA;NA;NA;NA;NA;NA;NA;NA;NA;NA;NA;NA;NA;NA;NA;NA;NA;NA;NA;NA;NA;NA","null","null",TRUE,FALSE,NA,NA,NA
"Dg(18:2n6/0:0/18:3n6)","21155_neg","Dg(18:2n6/0:0/18:3n6)",0.82,1293770,NA,"Unknown","null","DG(18:2n6/0:0/18:3n6);DG(18:2n6/0:0/18:3n3)","","HMDB0056283;HMDB0056290","NA;NA","131801983;131801990","NA;NA","null","null",TRUE,TRUE,NA,NA,NA
"Dhlnl","8824_neg","Dhlnl",0.42,48223.63,NA,"Unknown","null","Dhlnl","","HMDB0246853","NA","73069397","NA","null","null",TRUE,TRUE,"Alpha amino acids","Carboxylic acids and derivatives","Amino acids, peptides, and analogues"
"Diaminopimelic acid","3347_pos","Diaminopimelic acid",0.87,201.76,NA,"Diaminopimelic Acid","null",NA,NA,NA,NA,NA,NA,"null","null",TRUE,TRUE,"L-alpha-amino acids","Carboxylic acids and derivatives","Amino acids, peptides, and analogues"
"Dicarbonic acid","285_neg","Dicarbonic acid",0.07,58.17,NA,"Unknown","null","Dicarbonic acid","","HMDB0251182","48501","153747","NA","null","null",TRUE,FALSE,"Organic carbonic acids and derivatives","Organic carbonic acids and derivatives",NA
"Dictyostelium","8749_neg","Dictyostelium",0.73,44.16,NA,"Unknown","null","Dictyostelium","","HMDB0251253","64598","123886","NA","null","null",TRUE,TRUE,"Alkyl-phenylketones","Organooxygen compounds","Carbonyl compounds"
"Didesethylflurazepam","10424_pos","Didesethylflurazepam",0.38,13557.69,NA,"Unknown","null","Didesethylflurazepam","","HMDB0251222","143439","28647","NA","null","null",TRUE,FALSE,"1,4-benzodiazepines","Benzodiazepines","1,4-benzodiazepines"
"Dienestrol diacetate","11377_pos","Dienestrol diacetate",0.78,107769.6,NA,"Unknown","null","Dienestrol diacetate","","HMDB0251232","NA","6767","NA","null","null",TRUE,TRUE,"Stilbenes","Stilbenes",NA
"Diethanolamine","291_pos","Diethanolamine",0.87,1765.33,NA,"4-AMINOBUTANOATE","null","Diethanolamine;2-Amino-2-methyl-1,3-propanediol;L-Threoninol","C06772;C11260","HMDB0004437;HMDB0244975;HMDB0253919","28123;991;NA","8113;1531;5068681","NA;NA;NA","null","null",TRUE,TRUE,"1,2-aminoalcohols","Organonitrogen compounds","Amines"
"Diethyl sulfone","725_pos","Diethyl sulfone",0.04,602.57,NA,"Unknown","null","Diethyl sulfone","","HMDB0251241","NA","NA","NA","null","null",TRUE,TRUE,"Sulfones","Sulfonyls","Sulfones"
"Diethyl tartrate","3911_neg","Diethyl tartrate",0.42,45.09,NA,"Unknown","null","Diethyl tartrate;4,6-O-Ethylidene-alpha-D-glucose;4,6-O-Ethylidene-D-glucose","","HMDB0033584;HMDB0246614;HMDB0246615","NA;NA;NA","62333;259627;18534704","NA;NA;NA","null","null",TRUE,TRUE,"Beta hydroxy acids and derivatives","Hydroxy acids and derivatives","Beta hydroxy acids and derivatives"
"Diglyme","1173_pos","Diglyme",0.47,10.88,"Dialkyl ethers","no MS2: Diglyme; LC-ESI-ITFT; MS2; CE","C6H14O3","Diglyme;Trimethylolpropane","","HMDB0251284;HMDB0259243","46784;NA","8150;NA","NA;NA","SBZXBUIDTXKZTM-UHFFFAOYSA-N","COCCOCCOC",TRUE,TRUE,"Dialkyl ethers","Organooxygen compounds","Ethers"
"Dihomo-gamma-linolenic acid","8783_neg","Dihomo-gamma-linolenic acid",0.6,331009,NA,"Unknown","null","Dihomo-gamma-linolenic acid;5,8,11-Eicosatrienoic acid;Dihomo-alpha-linolenic acid;11-Eicosatrienoic acid;Eicosa-11,14,17-trienoic acid;Eicosa-5,8,11-trienoic acid;5,11,14-Eicosatrienoic acid;Dihomo--linolenic acid;Icosa-2,4,6-trienoic acid;Ethyl octadeca-9,12,15-trienoate","C03242;C16522","HMDB0002925;HMDB0010378;HMDB0060039;HMDB0244353;HMDB0244373;HMDB0245590;HMDB0246847;HMDB0247333;HMDB0251723;HMDB0252049","53486;72865;53460;NA;93118;93688;NA;NA;NA;NA","5280581;5312531;5312529;NA;3210;4028;152108;3011;157667;79149","41475;NA;NA;NA;NA;NA;NA;NA;NA;NA","null","null",TRUE,FALSE,"Long-chain fatty acids","Fatty acyls","Fatty acids and conjugates"
"Dihydroartemisinin","7676_neg","Dihydroartemisinin",0.62,31178.84,NA,"Unknown","null","Dihydroartemisinin;2-Hydroxy-4-[(1R)-1-hydroxy-8-methyl-6-oxononyl]-3-methyl-2H-furan-5-one","","HMDB0242686;HMDB0258463","NA;NA","540327;NA","NA;NA","null","null",TRUE,FALSE,"Artemisinins","Prenol lipids","Sesquiterpenoids"
"Dihydrotestosterone propionate","10582_neg","Dihydrotestosterone propionate",0.49,931408.7,NA,"Unknown","null","Dihydrotestosterone propionate;Ginkgolic acid C15:1","","HMDB0251111;HMDB0252721","NA;NA","526981;368156","NA;NA","null","null",TRUE,FALSE,"Steroid esters","Steroids and steroid derivatives","Steroid esters"
"Dihydrothymine","839_pos","Dihydrothymine",0.89,2516.27,NA,"Imidazole-4-acetate","null","Dihydrothymine;Pyroglutamine","C00906","HMDB0000079;HMDB0062558","NA;NA","676414;11984188","NA;NA","null","null",TRUE,TRUE,"Pyrimidones","Diazines","Pyrimidines and pyrimidine derivatives"
"Dihydroxyethyldithiocarbamate","2945_pos","Dihydroxyethyldithiocarbamate",0.02,9.57,NA,"Unknown","null","Dihydroxyethyldithiocarbamate","","HMDB0251344","NA","32064","NA","null","null",TRUE,TRUE,"Alkanolamines","Organonitrogen compounds","Amines"
"Dihyroxy-1h-indole glucuronide i","9603_neg","Dihyroxy-1h-indole glucuronide i",0.58,49.22,NA,"Unknown","null","Dihyroxy-1H-indole glucuronide I;Basimglurant;Lipo-pab;Zofenoprilat","","HMDB0059997;HMDB0248877;HMDB0254117;HMDB0260038","88744;NA;NA;NA","124202061;11438771;9818732;3086142","NA;NA;NA;NA","null","null",TRUE,TRUE,NA,NA,NA
"Dimethoate","5051_neg","Dimethoate",0.42,18.89,NA,"Unknown","null","Dimethoate;Picric acid","C14326","HMDB0251379;HMDB0256536","34714;46149","3082;NA","NA;NA","null","null",TRUE,TRUE,"Dithiophosphate O-esters","Organic dithiophosphoric acids and derivatives","Dithiophosphate O-esters"
"Dimethyl suberimidate","3803_pos","Dimethyl suberimidate",0.53,994.41,NA,"Unknown","null","Dimethyl suberimidate","","HMDB0251407","NA","NA","NA","null","null",TRUE,TRUE,"Imidoesters","Carboximidic acids and derivatives","Imidoesters"
"Dimethylguanidino valeric acid","3836_pos","Dimethylguanidino valeric acid",0.89,774.61,NA,"Unknown","null","Dimethylguanidino valeric acid","","HMDB0240212","NA","101535539","NA","null","null",TRUE,TRUE,"Short-chain keto acids and derivatives","Keto acids and derivatives","Short-chain keto acids and derivatives"
"Dimethylnitramine","105_pos","Dimethylnitramine",0.07,416.27,NA,"Unknown","null","Dimethylnitramine;Methanol, (methyl-ONN-azoxy)-","","HMDB0251404;HMDB0254623","NA;NA","20120;11554","NA;NA","null","null",TRUE,TRUE,"Nitramines","Allyl-type 1,3-dipolar organic compounds","Organic nitro compounds"
"Dimethylphosphate","784_neg","Dimethylphosphate",0.51,31.36,NA,"Unknown","null","Dimethylphosphate","","HMDB0061734","NA","13134","NA","null","null",TRUE,FALSE,"Dialkyl phosphates","Organic phosphoric acids and derivatives","Phosphate esters"
"Dimethylthiophosphate","1297_neg","Dimethylthiophosphate",0.84,28.64,NA,"Unknown","null","Dimethylthiophosphate;Ethylphosphorothioic acid","","HMDB0061735;HMDB0252086","NA;NA","14207;11970524","NA;NA","null","null",TRUE,TRUE,"Thiophosphate diesters","Organic thiophosphoric acids and derivatives","Thiophosphoric acid esters"
"Diphacinone","10308_neg","Diphacinone",0.02,117905.9,NA,"Unknown","null","Diphacinone","C18698","HMDB0251443","NA","NA","NA","null","null",TRUE,FALSE,"Diphenylmethanes","Benzene and substituted derivatives","Diphenylmethanes"
"Diphenyl sulfide","2957_neg","Diphenyl sulfide",0.44,96.63,NA,"Unknown","null","Diphenyl sulfide","","HMDB0251452","38959","8766","NA","null","null",TRUE,FALSE,"Diarylthioethers","Thioethers","Aryl thioethers"
"Diphenyl(2,4,6-trimethylbenzoyl)phosphine oxide","10665_neg","Diphenyl(2,4,6-trimethylbenzoyl)phosphine oxide",0.51,10.14,NA,"Unknown","null","Diphenyl(2,4,6-trimethylbenzoyl)phosphine oxide","","HMDB0247372","NA","NA","NA","null","null",TRUE,TRUE,"Benzoic acids and derivatives","Benzene and substituted derivatives","Benzoic acids and derivatives"
"Diprotin a","10946_pos","Diprotin a",0.49,29.23,NA,"Unknown","null","Diprotin A","","HMDB0251473","NA","NA","NA","null","null",TRUE,FALSE,NA,NA,NA
"Dl-2-aminooctanoic acid","2069_pos","Dl-2-aminooctanoic acid",0.87,4558.46,NA,"Unknown","null","DL-2-Aminooctanoic acid;Aminovaleric acid betaine;2-Ethyl-3-hydroxy-2,4,4-trimethyloxazolidine;3-(Aminomethyl)-5-methylhexanoic acid;8-Aminooctanoic acid","","HMDB0000991;HMDB0240732;HMDB0245114;HMDB0245784;HMDB0247418","75145;145234;NA;NA;143265","69522;14274897;125626;4715169;66085","NA;NA;NA;NA;NA","null","null",TRUE,TRUE,NA,NA,NA
"Docosa-4,7,10,13,16,19-hexaenoic acid ethyl ester","11032_neg","Docosa-4,7,10,13,16,19-hexaenoic acid ethyl ester",0.42,260033.1,NA,"Unknown","null","Docosa-4,7,10,13,16,19-hexaenoic acid ethyl ester;2,4,6,8,10,12-Docosahexaenoic acid, ethyl ester;Tetracosahexaenic acid","","HMDB0247518;HMDB0251557;HMDB0258879","95352;NA;NA","121839;150680;133636","NA;NA;NA","null","null",TRUE,FALSE,"Fatty acid esters","Fatty acyls","Fatty acid esters"
"Docosahexaenoic acid","9759_neg","Docosahexaenoic acid",0.87,2641.9,NA,"Unknown","null","Docosahexaenoic acid;Docosahexaenoicacid(DHA);9-cis Retinol Acetate;(4E,7E,10Z,13E,16E,19E)-Docosa-4,7,10,13,16,19-hexaenoic acid;Promestrienum","C06429","HMDB0002183;HMDB0244316;HMDB0247587;HMDB0251558;HMDB0256803","28125;NA;94695;NA;NA","445580;175542;5057;3144;22179320","1586190;NA;NA;NA;NA","null","null",TRUE,TRUE,"Very long-chain fatty acids","Fatty acyls","Fatty acids and conjugates"
"Dopamine","1751_pos","Dopamine",0.78,17.52,NA,"2-Phenylglycine","null","Dopamine;p-Octopamine;2-(2-Amino-1-hydroxyethyl)phenol;4-Deoxypyridoxine;Bucrilate;Enbucrilate;N-Hydroxyphenetidine;2-Cyanohept-2-enoic acid;Norfenefrine","C03758;C04227;C13415","HMDB0000073;HMDB0004825;HMDB0244914;HMDB0246408;HMDB0249423;HMDB0249472;HMDB0255158;HMDB0255379;HMDB0255737","18243;44715;NA;65083;NA;NA;NA;NA;NA","681;440266;122286;NA;14046;23087;108115;53630044;NA","42467;NA;NA;NA;NA;NA;NA;NA;NA","null","null",TRUE,FALSE,"Catecholamines and derivatives","Phenols","Benzenediols"
"Dothiepin sulfoxide","9002_neg","Dothiepin sulfoxide",0.53,152.33,NA,"Unknown","null","Dothiepin sulfoxide","","HMDB0251596","NA","12951","NA","null","null",TRUE,TRUE,"Dibenzothiepins","Benzothiepins","Dibenzothiepins"
"Ecgonine methyl ester","3578_neg","Ecgonine methyl ester",0.87,6487.32,NA,"Unknown","null","Ecgonine methyl ester;2-octenoylglycine;3-octenoylglycine;4-octenoylglycine;5-octenoylglycine;6-octenoylglycine;7-octenoylglycine","C12448","HMDB0006406;HMDB0094801;HMDB0094802;HMDB0094803;HMDB0094804;HMDB0094805;HMDB0094806","708640;NA;NA;NA;NA;NA;NA","443844;NA;NA;NA;NA;NA;88224963","2267774;NA;NA;NA;NA;NA;NA","null","null",TRUE,TRUE,"Tropane alkaloids","Tropane alkaloids",NA
"Eicosadienoic acid","8883_neg","Eicosadienoic acid",0.56,1677130,NA,"Unknown","null","Eicosadienoic acid;11,14-Eicosadienoic acid;Eicosadienic acid;Ethyl linoleate;Methyl sterculate;Icosa-2,6-dienoic acid","C16525","HMDB0005060;HMDB0244372;HMDB0251719;HMDB0252048;HMDB0254613;HMDB0260426","73731;93415;NA;NA;NA;NA","6439848;3208;54042050;NA;115261;91352946","NA;NA;NA;NA;NA;NA","null","null",TRUE,FALSE,"Long-chain fatty acids","Fatty acyls","Fatty acids and conjugates"
"Eicosapentaenoic acid","8577_neg","Eicosapentaenoic acid",0.73,82107.27,NA,"Unknown","null","Eicosapentaenoic acid;Retinyl ester;Isopimaric acid;(1R,4Ar,7S)-1,4a,7-Trimethyl-7-vinyl-1,2,3,4,4a,6,7,8,8a,9,10,10a-dodecahydro-phenanthrene-1-carboxylic acid;Eicosa-5,8,11,14,17-pentaenoic acid;14(R)-Hydroxy-retro-vitamin A;2-Methyltestosterone;Icosa-2,4,6,8,10-pentaenoic acid;(1R,4R,5S,9R,10S,13R)-5,9-Dimethyl-14-methylidenetetracyclo[11.2.1.01,10.04,9]hexadecane-5-carboxylic acid;Abietic acid;3,7,11,15-Tetramethyl-2,4,6,10,14-hexadecapentaenoic acid;Dimethandrolone;Matenon;Norethandrolone;Oxendolone;Androst-5-en-3-one, 17-hydroxy-7-methyl-, (7alpha,17beta)-;17-Epimethyltestosterone","C06428;C02075;C09118","HMDB0001999;HMDB0003598;HMDB0036811;HMDB0242332;HMDB0244477;HMDB0244583;HMDB0245239;HMDB0245697;HMDB0247185;HMDB0247751;HMDB0248080;HMDB0251375;HMDB0254346;HMDB0255730;HMDB0255978;HMDB0257252;HMDB0259471","28364;545914;6039;NA;92823;NA;NA;NA;NA;NA;NA;NA;NA;NA;NA;NA;125362","446284;5460164;442048;14239484;3209;3081897;21584518;135002;433869;NA;114741;22559975;4619902;521403;4620;18472963;4160","2218016;NA;NA;NA;NA;NA;NA;NA;NA;NA;NA;NA;NA;NA;NA;NA;NA","null","null",TRUE,FALSE,"Long-chain fatty acids","Fatty acyls","Fatty acids and conjugates"
"Elaidic carnitine","14803_pos","Elaidic carnitine",0.11,2188888,NA,"Unknown","null","Elaidic carnitine;2-Hydroxyhexadecanoylcarnitine;Octadecenoylcarnitine;3-Octadec-9-enoyloxy-4-(trimethylazaniumyl)butanoate","","HMDB0006464;HMDB0013337;HMDB0094687;HMDB0244574","86038;NA;91164;NA","53477837;53481699;87076413;166951","2614377;NA;NA;NA","null","null",TRUE,FALSE,"Acyl carnitines","Fatty acyls","Fatty acid esters"
"Englitazone","10878_neg","Englitazone",0.4,6.22,NA,"Unknown","null","Englitazone","","HMDB0251808","NA","NA","NA","null","null",TRUE,TRUE,"1-benzopyrans","Benzopyrans","1-benzopyrans"
"Enterodiol sulfate","12860_pos","Enterodiol sulfate",0.22,300887.7,NA,"Unknown","null","Enterodiol sulfate;Ilaprazole sulfone","","HMDB0240504;HMDB0253395","NA;NA","NA;101543865","NA;NA","null","null",TRUE,FALSE,"Dibenzylbutanediol lignans","Dibenzylbutane lignans","Dibenzylbutanediol lignans"
"Epinephrine","2956_pos","Epinephrine",0.87,2899.73,NA,"L-TYROSINE","null","Epinephrine;Normetanephrine;4(1H)-Pyridinone, 2-ethyl-3-hydroxy-1-(2-hydroxyethyl)-;4(1H)-Pyridinone, 3-hydroxy-1-(3-hydroxypropyl)-2-methyl-;(2S)-2-Amino-3-(4-hydroxyphenyl)propane-1,1-diol","C00788;C05589","HMDB0000068;HMDB0000819;HMDB0244490;HMDB0250502;HMDB0257983","28918;144308;NA;NA;NA","5816;1237;NA;93513;21915992","35997;46080;NA;NA;NA","null","null",TRUE,TRUE,"Catechols","Phenols","Benzenediols"
"Epsilon-(gamma-glutamyl)lysine","7257_neg","Epsilon-(gamma-glutamyl)lysine",0.76,102807.5,NA,"Unknown","null","epsilon-(gamma-Glutamyl)lysine;Glutamyllysine;gamma-Glutamyllysine;epsilon-(gamma-Glutamyl)-L-lysine","","HMDB0003869;HMDB0004207;HMDB0029154;HMDB0257624","88494;73521;NA;NA","7015684;7015704;65254;15768475","NA;NA;NA;NA","null","null",TRUE,TRUE,NA,NA,NA
"Equol","5900_pos","Equol",0.76,27358.06,"Naphthopyranones","no MS2: alpha-Lapachone; LC-ESI-QTOF; MS2; [M+H]+; CE","C15H14O3","Equol;(R)-Equol;3-(3-Methylbut-2-enyl)naphthalene-1,2,4-trione;Benzyl DL-mandelate;beta-Lapachone;Dibenzyl carbonate;Dunnione;lapachol","C14131;C10367;C10337","HMDB0002209;HMDB0243678;HMDB0248907;HMDB0249071;HMDB0249138;HMDB0251167;HMDB0251639;HMDB0253978","428126;NA;NA;NA;10429;NA;4723;NA","91469;382975;44483359;13461;3885;77002;262097;3884","NA;NA;NA;NA;NA;NA;NA;NA","PJWHOPKRRBUSDH-UHFFFAOYSA-N","CC1(C)CCC2=C(O1)C(=O)C1=CC=CC=C1C2=O",TRUE,TRUE,"Isoflavanols","Isoflavonoids","Isoflavans"
"Erbon","11362_neg","Erbon",0.11,117094.2,NA,"Unknown","null","Erbon;Tetrachlorovinphos","C19072","HMDB0251901;HMDB0258874","NA;NA","NA;NA","NA;NA","null","null",TRUE,TRUE,"Phenol ethers","Phenol ethers",NA
"Erucic acid","10239_neg","Erucic acid",0.47,1279506,NA,"Unknown","null","Erucic acid;Cetoleic acid;Brassidic acid","C08316","HMDB0002068;HMDB0002884;HMDB0249369","28792;32428;NA","5281116;5282771;8216","NA;NA;NA","null","null",TRUE,FALSE,"Very long-chain fatty acids","Fatty acyls","Fatty acids and conjugates"
"Erythritol","673_neg","Erythritol",0.78,414.1,NA,"ERYTHRITOL","null","Erythritol;D-Threitol","C00503;C16884","HMDB0002994;HMDB0004136","17113;48300","222285;169019","NA;NA","null","null",TRUE,TRUE,"Sugar alcohols","Organooxygen compounds","Carbohydrates and carbohydrate conjugates"
"Esaprazole","4863_neg","Esaprazole",0.04,130,NA,"Unknown","null","Esaprazole","","HMDB0251940","NA","68835","NA","null","null",TRUE,TRUE,"Alpha amino acid amides","Carboxylic acids and derivatives","Amino acids, peptides, and analogues"
"Esonarimod","7484_neg","Esonarimod",0.42,23.27,NA,"Unknown","null","Esonarimod;GHB-Gluc","","HMDB0251952;HMDB0252712","NA;NA","NA;131836336","NA;NA","null","null",TRUE,TRUE,"Alkyl-phenylketones","Organooxygen compounds","Carbonyl compounds"
"Estrone sulfate","10761_neg","Estrone sulfate",0.2,13.46,NA,"Unknown","null","Estrone sulfate;Sulfuric acid [(13S)-13-methyl-17-oxo-7,8,9,11,12,14,15,16-octahydro-6H-cyclopenta[a]phenanthren-3-yl] ester;Prodiamine","C02538;C18884","HMDB0001425;HMDB0249412;HMDB0256792","17474;NA;NA","3001028;699;NA","40054;NA;NA","null","null",TRUE,FALSE,"Sulfated steroids","Steroids and steroid derivatives","Sulfated steroids"
"Ethoxybenzyl diethylenetriamine","5465_neg","Ethoxybenzyl diethylenetriamine",0.07,59.17,NA,"Unknown","null","Ethoxybenzyl diethylenetriamine","","HMDB0252022","NA","57348311","NA","null","null",TRUE,FALSE,"Benzene and substituted derivatives","Benzene and substituted derivatives",NA
"Ethyl glucuronide","4704_neg","Ethyl glucuronide",0.76,54.1,NA,"Unknown","null","Ethyl glucuronide","","HMDB0010325","87248","18392195","NA","null","null",TRUE,TRUE,"O-glucuronides","Organooxygen compounds","Carbohydrates and carbohydrate conjugates"
"Etintidine","7673_pos","Etintidine",0.73,59.3,NA,"Unknown","null","Etintidine","","HMDB0252103","NA","NA","NA","null","null",TRUE,FALSE,"Imidazoles","Azoles","Imidazoles"
"Febuxostat","9215_neg","Febuxostat",0.44,285.9,NA,"Unknown","null","Febuxostat","","HMDB0252185","31596","134018","NA","null","null",TRUE,TRUE,"Thiazolecarboxylic acids and derivatives","Azoles","Thiazoles"
"Fenclofenac","8250_neg","Fenclofenac",0.4,38858.37,NA,"Unknown","null","Fenclofenac","","HMDB0252194","NA","65394","NA","null","null",TRUE,FALSE,"Diphenylethers","Benzene and substituted derivatives","Diphenylethers"
"Fexinidazole","7434_neg","Fexinidazole",0.29,8.75,NA,"Unknown","null","Fexinidazole","","HMDB0252240","NA","NA","NA","null","null",TRUE,TRUE,"Nitroimidazoles","Azoles","Imidazoles"
"Fluorescamine","7392_neg","Fluorescamine",0.47,12.48,NA,"Unknown","null","Fluorescamine","","HMDB0252357","NA","37927","NA","null","null",TRUE,TRUE,"Benzofuranones","Benzofurans","Benzofuranones"
"Fluorescein 5-maleimide","14863_pos","Fluorescein 5-maleimide",0.09,264366.5,NA,"Unknown","null","Fluorescein 5-maleimide","","HMDB0252363","NA","NA","NA","null","null",TRUE,FALSE,"Xanthenes","Benzopyrans","1-benzopyrans"
"Fluorophosphoric acid","179_neg","Fluorophosphoric acid",0.87,838.81,NA,"Unknown","null","Fluorophosphoric acid","","HMDB0252388","30210","24267","NA","null","null",TRUE,TRUE,"Non-metal phosphonates","Non-metal oxoanionic compounds","Non-metal phosphonates"
"Flupirtine","8665_neg","Flupirtine",0.09,8.93,NA,"Unknown","null","Flupirtine;Furamidine","","HMDB0252403;HMDB0252530","NA;NA","NA;NA","NA;NA","null","null",TRUE,FALSE,"2-benzylaminopyridines","Benzene and substituted derivatives","Benzylamines"
"Fluroxypyr","6200_neg","Fluroxypyr",0.13,18.77,"Polyhalopyridines","no MS2: Fluroxypyr; LC-ESI-ITFT; MS2; CE","C7H5Cl2FN2O3",NA,NA,NA,NA,NA,NA,"MEFQWPUMEMWTJP-UHFFFAOYSA-N","NC1=C(Cl)C(F)=NC(OCC(O)=O)=C1Cl",TRUE,TRUE,NA,NA,NA
"Formiminoglutamic acid","2677_pos","Formiminoglutamic acid",0.87,357.91,NA,"Unknown","null","Formiminoglutamic acid;N-Acetylasparagine;(2R,4R)-4-Aminopyrrolidine-2,4-dicarboxylic acid;Diethoxycarbonyldiazene;n-formimidoyl-glutamic acid","C00439","HMDB0000854;HMDB0006028;HMDB0242605;HMDB0251237;HMDB0255140","7274;NA;NA;NA;NA","439233;99715;3331970;220568;909","34986;NA;NA;NA;NA","null","null",TRUE,TRUE,"Glutamic acid and derivatives","Carboxylic acids and derivatives","Amino acids, peptides, and analogues"
"Fructose 6-phosphate","6536_neg","Fructose 6-phosphate",0.69,46.14,NA,"Glucose 6-Phosphate","null","Fructose 6-phosphate;myo-Inositol 1-phosphate;Galactose 1-phosphate;Mannose 6-phosphate;Glucose 6-phosphate;Glucose 1-phosphate;myo-Inositol 6-phosphate;(2,3,4,5,6-Pentahydroxycyclohexyl) dihydrogen phosphate;(2R,3R,4S,5R)-2,3,4,5-Tetrahydroxy-6-oxohexyl dihydrogen phosphate;(3S,4R)-Ketose 1-phosphate;beta-D-Fructopyranose 1-phosphate;[(2R,3R,4S,5S)-3,4,5,6-Tetrahydroxyoxan-2-yl]methyl dihydrogen phosphate;D-Glucose 2-phosphate;beta-D-Glucose 1-phosphate;Fructose 3-phosphate;Fructose-6-Phosphate (closed form)","C00085;C01177;C00446;C00275;C00092;C00103;C02965;C01002","HMDB0000124;HMDB0000213;HMDB0000645;HMDB0001078;HMDB0001401;HMDB0001586;HMDB0002985;HMDB0242486;HMDB0242558;HMDB0243608;HMDB0243977;HMDB0246205;HMDB0247860;HMDB0249121;HMDB0252488;HMDB0257695","15946;18297;17973;49728;4170;29042;64838;NA;NA;NA;NA;NA;NA;NA;NA;NA","69507;NA;123912;439198;5958;65533;NA;NA;99058;481;417447;208;4626994;466;19747140;719","33795;NA;NA;34471;36977;NA;1484840;NA;NA;NA;NA;NA;NA;NA;NA;NA","null","null",TRUE,TRUE,"Hexose phosphates","Organooxygen compounds","Carbohydrates and carbohydrate conjugates"
"Fructose lactate","6901_neg","Fructose lactate",0.67,44.43,"Purine nucleosides","no MS2: Inosine; LC-ESI-ITFT; MS2; m/z","C10H12N4O5","Fructose lactate;galactose lactate","","HMDB0252491;HMDB0252580","NA;NA","NA;NA","NA;NA","UGQMRVRMYYASKQ-KQYNXXCUSA-N","OC[C@H]1O[C@H]([C@H](O)[C@@H]1O)N1C=NC2=C1N=CN=C2O",TRUE,TRUE,"Sugar acids and derivatives","Organooxygen compounds","Carbohydrates and carbohydrate conjugates"
"Fumagillol","7598_neg","Fumagillol",0.42,81486.58,NA,"Unknown","null","Fumagillol","","HMDB0252515","NA","219089","NA","null","null",TRUE,TRUE,"Cyclic alcohols and derivatives","Organooxygen compounds","Alcohols and polyols"
"Fumaric acid","510_neg","Fumaric acid",0.87,719.24,NA,"FUMARATE","null","Fumaric acid;Maleic acid;1,4-Dioxane-2,5-dione;But-2-enedioic acid","C00122;C01384","HMDB0000134;HMDB0000176;HMDB0244217;HMDB0249450","18012;18300;NA;22958","444972;444266;65432;723","33938;NA;NA;NA","null","null",TRUE,TRUE,"Dicarboxylic acids and derivatives","Carboxylic acids and derivatives","Dicarboxylic acids and derivatives"
"Fumaryl acetoacetate","3613_neg","Fumaryl acetoacetate",0.33,78.71,NA,"Unknown","null","Fumaryl acetoacetate","","HMDB0252519","NA","NA","NA","null","null",TRUE,TRUE,"Tricarboxylic acids and derivatives","Carboxylic acids and derivatives","Tricarboxylic acids and derivatives"
"Furanone a","3_pos","Furanone a",0.44,115.26,NA,"Unknown","null","Furanone A;1,4-Dioxin;3-Hydroxycyclobut-2-en-1-one;But-2-enedial;Diketene","C17602","HMDB0094691;HMDB0244218;HMDB0245898;HMDB0247804;HMDB0251360","38120;134044;NA;38123;NA","140765;NA;11829353;75389;12661","NA;NA;NA;NA;NA","null","null",TRUE,FALSE,NA,NA,NA
"Furosemide","9815_neg","Furosemide",0.29,94.16,"Aminobenzenesulfonamides","no MS2: Furosemide; LC-ESI-ITFT; MS2; CE","C12H11ClN2O5S","Furosemide","C07017","HMDB0001933","47426","3440","NA","ZZUFCTLCJUWOSV-UHFFFAOYSA-N","NS(=O)(=O)C1=C(Cl)C=C(NCC2=CC=CO2)C(=C1)C(O)=O",TRUE,TRUE,"Aminobenzenesulfonamides","Benzene and substituted derivatives","Benzenesulfonamides"
"Fusarenon x","10922_neg","Fusarenon x",0.24,7.95,NA,"Unknown","null","FUSARENON X","","HMDB0252553","NA","520035","NA","null","null",TRUE,TRUE,NA,NA,NA
"Galactaric acid","4126_neg","Galactaric acid",0.8,77.8,NA,"Glucaric Acid","null","Galactaric acid;Glucaric acid","C00879;C00818","HMDB0000639;HMDB0000663","30852;16002","3037582;33037","NA;35926","null","null",TRUE,TRUE,"Glucuronic acid derivatives","Organooxygen compounds","Carbohydrates and carbohydrate conjugates"
"Galactitol","2814_neg","Galactitol",0.89,1290.75,NA,"GALACTITOL","null","Galactitol;Sorbitol;Mannitol;L-Iditol;3-Hydroxymethyl xylitol;D-Iditol","C01697;C00794;C00392;C01507","HMDB0000107;HMDB0000247;HMDB0000765;HMDB0011632;HMDB0245900;HMDB0250766","16813;17924;16899;18202;NA;NA","11850;5780;6251;5460044;25014560;453","38183;NA;NA;NA;NA;NA","null","null",TRUE,TRUE,"Sugar alcohols","Organooxygen compounds","Carbohydrates and carbohydrate conjugates"
"Galactonic acid","3444_neg","Galactonic acid",0.89,5213.93,NA,"Gluconic Acid","null","Galactonic acid;Gluconic acid;1,3-Dimethyluric acid;3,7-Dimethyluric acid;1,9-Dimethyluric acid;Gulonic acid;7,9-Dimethyluric acid;1,7-Dimethyluric acid;3,9-Dimethyluric acid;L-Gluconic acid","C00880;C00257;C16360;C00800;C16356;C15930","HMDB0000565;HMDB0000625;HMDB0001857;HMDB0001982;HMDB0002026;HMDB0003290;HMDB0004308;HMDB0011103;HMDB0059704;HMDB0253886","16534;33198;68447;68531;173963;87753;NA;68449;NA;NA","128869;10690;70346;83126;108712;152304;87909;91611;108713;604","NA;NA;NA;NA;NA;36035;NA;NA;NA;NA","null","null",TRUE,TRUE,"Medium-chain hydroxy acids and derivatives","Hydroxy acids and derivatives","Medium-chain hydroxy acids and derivatives"
"Galactose","3644_pos","Galactose",0.42,14.28,"Hexoses","no MS2: Galactose; LC-ESI-ITFT; MS2; HCD; CE 12 eV; [M+NH4]+","C6H12O6",NA,NA,NA,NA,NA,NA,"WQZGKKKJIJFFOK-SVZMEOIVSA-N","OC[C@H]1OC(O)[C@H](O)[C@@H](O)[C@H]1O",TRUE,TRUE,NA,NA,NA
"Galactosylhydroxylysine","10072_pos","Galactosylhydroxylysine",0.84,59984.33,NA,"Unknown","null","Galactosylhydroxylysine;(2S,5R)-2,6-Diamino-5-[(2R,3R,4S,5R,6R)-3,4,5-trihydroxy-6-(hydroxymethyl)oxan-2-yl]oxyhexanoic acid;epsilon-Deoxy-fructosyl-lysine;galactosyl hydroxylysine;D-Valacyclovir;O-Galactosyl-5-hydroxylysine","C05547","HMDB0000600;HMDB0246151;HMDB0251890;HMDB0252582;HMDB0259521;HMDB0260392","165859;NA;NA;NA;NA;NA","22833535;5118786;NA;77586265;135483437;NA","NA;NA;NA;NA;NA;NA","null","null",TRUE,TRUE,"Glycosyl-amino acids","Carboxylic acids and derivatives","Amino acids, peptides, and analogues"
"Gamma-butyrolactone","2_neg","Gamma-butyrolactone",0.87,604.29,NA,"Unknown","null","gamma-Butyrolactone;Diacetyl;Ethenyl acetate;2-Butyne-1,4-diol;""2,2'-Bioxirane"";Acetoacetaldehyde;Allyl formate;Cyclopropanecarboxylic acid;Butanal, 2-oxo-;METHACRYLIC ACID;Methylmalondialdehyde;Succinaldehyde","C01770;C00741;C19309;C02497;C16267;C16835","HMDB0000549;HMDB0003407;HMDB0031209;HMDB0245045;HMDB0245351;HMDB0247909;HMDB0248166;HMDB0250675;HMDB0252077;HMDB0254514;HMDB0254654;HMDB0258537","42639;16583;46916;16413;23704;NA;NA;23500;NA;25219;NA;NA","7302;650;7904;8066;NA;4686860;61278;15655;145744;NA;98735;NA","NA;NA;NA;NA;NA;NA;NA;NA;NA;NA;NA;NA","null","null",TRUE,TRUE,NA,NA,NA
"Gamma-glutamylalanine","4675_pos","Gamma-glutamylalanine",0.87,149.53,NA,"Unknown","null","gamma-Glutamylalanine;Alanylglutamic acid","C03740","HMDB0006248;HMDB0028686","50619;61565","440103;128841","1446127;NA","null","null",TRUE,TRUE,NA,NA,NA
"Gamma-glutamylcysteine","6056_neg","Gamma-glutamylcysteine",0.04,24.72,NA,"Unknown","null","gamma-Glutamylcysteine;Glutamylcysteine;(4S)-4-Amino-5-[(2R)-2-amino-3-sulfanylpropanoyl]oxy-5-oxopentanoic acid;(2S)-2-Amino-5-[(2R)-2-amino-3-sulfanylpropanoyl]oxy-5-oxopentanoic acid","C00669","HMDB0001049;HMDB0028816;HMDB0257667;HMDB0257907","17515;156047;NA;NA","123938;10171468;NA;NA","35655;NA;NA;NA","null","null",TRUE,TRUE,NA,NA,NA
"Gamma-glutamylglutamic acid","7308_neg","Gamma-glutamylglutamic acid",0.87,20.34,NA,"Unknown","null","gamma-Glutamylglutamic acid;Benzo[ghi]perylene;D-gamma-Glutamyl-D-glutamic acid;Indeno[1,2,3-cd]pyrene","C05282;C14318;C19251","HMDB0011737;HMDB0249010;HMDB0250751;HMDB0253452","73705;NA;NA;NA","92865;9117;558343;9131","NA;NA;NA;NA","null","null",TRUE,TRUE,NA,NA,NA
"Gamma-glutamylglycine","3809_neg","Gamma-glutamylglycine",0.87,39.76,NA,"Unknown","null","gamma-Glutamylglycine;6-Methyl-N-(2H-tetrazol-5-yl)pyridine-2-carboxamide;6-Methyl-N-tetrazol-5-yl-2-pyridinecarboxamide;1-(4-Methyl-5-thiazolyl)-1-phenylmethylamine;TETRAMISOLE","","HMDB0011667;HMDB0247503;HMDB0249400;HMDB0258111;HMDB0258921","73845;NA;NA;NA;77278","165527;3068264;54982;9881256;NA","NA;NA;NA;NA;NA","null","null",TRUE,TRUE,NA,NA,NA
"Gamma-glutamylhistidine","8048_pos","Gamma-glutamylhistidine",0.44,319099.6,NA,"Unknown","null","gamma-Glutamylhistidine;Coformycin;Isocoformycin;(2S,3R,4R,6R,7S,8R,9R)-1,2,3,4,6,7,8,9-Octahydroxydecan-5-one","","HMDB0029151;HMDB0250398;HMDB0253621;HMDB0255321","133032;NA;NA;NA","7017195;320;23448723;76085830","NA;NA;NA;NA","null","null",TRUE,FALSE,NA,NA,NA
"Gamma-glutamylisoleucine","6846_pos","Gamma-glutamylisoleucine",0.87,198.98,NA,"Unknown","null","gamma-Glutamylisoleucine;gamma-Glutamylleucine;Glutamylisoleucine;Glutamylleucine;Isoleucyl-Glutamate;Leucyl-Glutamate","","HMDB0011170;HMDB0011171;HMDB0028822;HMDB0028823;HMDB0028906;HMDB0028928","68434;68433;141436;73506;NA;NA","22885096;151023;9813855;9856500;18218218;5259589","NA;NA;NA;NA;NA;NA","null","null",TRUE,TRUE,NA,NA,NA
"Gamma-glutamylmethionine","7398_neg","Gamma-glutamylmethionine",0.44,110.62,NA,"Unknown","null","gamma-Glutamylmethionine;1,2-Dihydrotanshinquinone;Dihydrotanshinone;N-gamma-Glutamylcysteine ethyl ester;Methylenetanshinquinone","","HMDB0034367;HMDB0244078;HMDB0251332;HMDB0252615;HMDB0254643","82965;NA;NA;NA;NA","7009567;105119;NA;9925620;105118","NA;NA;NA;NA;NA","null","null",TRUE,TRUE,NA,NA,NA
"Gamma-glutamylphenylalanine","8158_neg","Gamma-glutamylphenylalanine",0.4,28369.44,"Peptides","no MS2: Aspartame; LC-ESI-ITFT; MS2; CE","C14H18N2O5","gamma-Glutamylphenylalanine;Aspartame;Phenylalanylglutamic acid;Tyrosylhydroxyproline;Kelatorphan;Lidofenin","C11045","HMDB0000594;HMDB0001894;HMDB0028994;HMDB0029106;HMDB0253779;HMDB0254082","89582;2877;74712;NA;NA;NA","111299;134601;151134;69040603;10402181;42963","NA;NA;NA;NA;NA;NA","IAOZJIPTCAWIRG-UHFFFAOYNA-N","COC(=O)C(CC1=CC=CC=C1)N=C(O)C(N)CC(O)=O",TRUE,TRUE,NA,NA,NA
"Gamma-glutamylthreonine","6204_pos","Gamma-glutamylthreonine",0.62,32.91,NA,"Unknown","null","gamma-Glutamylthreonine;TETRAHYDROURIDINE","","HMDB0029159;HMDB0258911","133747;NA","53861142;NA","NA;NA","null","null",TRUE,TRUE,NA,NA,NA
"Gamma-glutamyltyrosine","9388_pos","Gamma-glutamyltyrosine",0.44,101357.3,NA,"Unknown","null","gamma-Glutamyltyrosine;Glutamyltyrosine;Tyrosyl-Glutamate;Phenylalanine glutamate","","HMDB0011741;HMDB0028831;HMDB0029104;HMDB0256433","82969;73513;NA;NA","94340;515717;19816750;NA","NA;NA;NA;NA","null","null",TRUE,TRUE,NA,NA,NA
"Gamma-glutamylvaline","5903_neg","Gamma-glutamylvaline",0.71,61.37,NA,"Unknown","null","gamma-Glutamylvaline;Aspartyl-Leucine;Glutamylvaline;Isoleucyl-Aspartate;Valylglutamic acid;Descyclopropyl Abacavir","","HMDB0011172;HMDB0028757;HMDB0028832;HMDB0028903;HMDB0029126;HMDB0251034","68848;NA;68846;NA;75011;NA","7015683;332962;6992567;14304554;7009623;357075","NA;NA;NA;NA;NA;NA","null","null",TRUE,TRUE,NA,NA,NA
"Garomefrine","6199_pos","Garomefrine",0.64,16.27,NA,"Unknown","null","Garomefrine","","HMDB0255774","NA","NA","NA","null","null",TRUE,TRUE,"Sulfanilides","Benzene and substituted derivatives","Sulfanilides"
"Gemeprost","12883_neg","Gemeprost",0.4,768453.9,NA,"Unknown","null","gemeprost;Norcholic acid","","HMDB0252671;HMDB0255727","NA;NA","3462;5122071","NA;NA","null","null",TRUE,FALSE,NA,NA,NA
"Gentisic acid","1718_neg","Gentisic acid",0.42,132.9,NA,"2,3-DIHYDROXYBENZOATE","null","Gentisic acid;2-Pyrocatechuic acid;Protocatechuic acid;2,6-Dihydroxybenzoic acid;3,5-Dihydroxybenzoic acid;2,4-Dihydroxybenzoic acid;2,4,6-trihydroxybenzaldehyde;3,4,5-Trihydroxybenzaldehyde;Terreic acid","C00628;C00196;C00230","HMDB0000152;HMDB0000397;HMDB0001856;HMDB0013676;HMDB0013677;HMDB0029666;HMDB0125090;HMDB0246043;HMDB0258836","17189;18026;36062;68465;39912;248101;NA;NA;NA","3469;19;72;9338;7424;1491;68099;83651;NA","NA;NA;NA;NA;NA;NA;NA;NA;NA","null","null",TRUE,TRUE,"Hydroxybenzoic acid derivatives","Benzene and substituted derivatives","Benzoic acids and derivatives"
"Geranyl pyrophosphate ammonium*200 ug/vi al","9127_neg","Geranyl pyrophosphate ammonium*200 ug/vi al",0.42,251.42,NA,"Unknown","null","Geranyl pyrophosphate ammonium*200 UG/VI AL;7-Oxo-7h-Benzimidazo[2,1-A]benz[de]isoquinoline-3-Carboxylic Acid","","HMDB0246082;HMDB0258504","NA;NA","734;3467590","NA;NA","null","null",TRUE,TRUE,NA,NA,NA
"Glucoiberin","14184_neg","Glucoiberin",0.27,43196.37,"Alkylglucosinolates","no MS2: Glucoiberin; LC-ESI-ITFT; MS2; HCD; CE 65.0 eV; [M-H]-","C11H21NO10S3",NA,NA,NA,NA,NA,NA,"PHYYADMVYQURSX-WWFIZPDBSA-N","CS(=O)CCC\C(S[C@@H]1O[C@H](CO)[C@@H](O)[C@H](O)[C@H]1O)=N/OS(O)(=O)=O",TRUE,TRUE,NA,NA,NA
"Glucosamine","2684_neg","Glucosamine",0.87,250.97,NA,"Unknown","null","Glucosamine;Fructosamine;(2R,3R,4S,5R)-2-Amino-3,4,5,6-tetrahydroxyhexanal;1-Aminoglucose;beta-D-Galactosamine;9-Ethylguanine;Fructosylamine;Tricine","C00329","HMDB0001514;HMDB0002030;HMDB0242589;HMDB0243826;HMDB0245095;HMDB0247591;HMDB0252497;HMDB0259178","47977;24103;NA;NA;NA;NA;NA;39063","439213;20484;318324;230388;739;95189;85903506;NA","34633;NA;NA;NA;NA;NA;NA;NA","null","null",TRUE,TRUE,"Hexoses","Organooxygen compounds","Carbohydrates and carbohydrate conjugates"
"Glucose pyruvate acetate","9561_neg","Glucose pyruvate acetate",0.33,6.17,NA,"Unknown","null","Glucose pyruvate acetate","","HMDB0252787","NA","NA","NA","null","null",TRUE,TRUE,"C-glycosyl compounds","Organooxygen compounds","Carbohydrates and carbohydrate conjugates"
"Glucosylgalactosyl hydroxylysine","16801_neg","Glucosylgalactosyl hydroxylysine",0.42,266162,NA,"Unknown","null","Glucosylgalactosyl hydroxylysine;2-O-alpha-D-Glucopyranosyl-O-beta-D-galactopyranosylhydroxylysine","","HMDB0000585;HMDB0246739","89573;NA","122304;14475365","NA;NA","null","null",TRUE,TRUE,"Fatty acyl glycosides of mono- and disaccharides","Fatty acyls","Fatty acyl glycosides"
"Glutaconic acid","935_neg","Glutaconic acid",0.93,1144.38,NA,"Itaconic Acid","null","Glutaconic acid;Citraconic acid;Itaconic acid;2-Hydroxyglutaric acid lactone;(Z)-4-Methoxy-4-oxobut-2-enoic acid;2-Methylbut-2-enedioic acid;Pentenedioic acid","C02214;C02226;C00490","HMDB0000620;HMDB0000634;HMDB0002092;HMDB0059743;HMDB0243642;HMDB0245226;HMDB0256281","15670;17626;30838;74524;NA;NA;24309","5280498;643798;811;251524;61799;874;NA","NA;NA;35130;NA;NA;NA;NA","null","null",TRUE,TRUE,"Dicarboxylic acids and derivatives","Carboxylic acids and derivatives","Dicarboxylic acids and derivatives"
"Glutamic acid glutamate","7949_neg","Glutamic acid glutamate",0.87,35.31,NA,"Unknown","null","Glutamic acid glutamate","","HMDB0252808","NA","NA","NA","null","null",TRUE,TRUE,"Tetracarboxylic acids and derivatives","Carboxylic acids and derivatives","Tetracarboxylic acids and derivatives"
"Glutamine pyruvate","5222_neg","Glutamine pyruvate",0.47,14.93,NA,"Unknown","null","Glutamine pyruvate;Kifunensine;(2S)-5-Amino-2-[(2-carboxy-2-oxoethyl)amino]-5-oxopentanoic acid","","HMDB0252812;HMDB0253800;HMDB0257975","NA;NA;NA","129629480;3829;NA","NA;NA;NA","null","null",TRUE,TRUE,"Glutamine and derivatives","Carboxylic acids and derivatives","Amino acids, peptides, and analogues"
"Glutamyltryptophan","10008_neg","Glutamyltryptophan",0.42,31.31,NA,"Unknown","null","Glutamyltryptophan;Tryptophyl-Glutamate;gamma-Glutamyltryptophan;10-Acetoxydecarbamoylmitomycin C;Golotimod","","HMDB0028830;HMDB0029082;HMDB0029160;HMDB0248002;HMDB0252908","73512;NA;133028;NA;NA","100094;3634442;3038501;74070111;3989307","NA;NA;NA;NA;NA","null","null",TRUE,TRUE,"Peptides","Carboxylic acids and derivatives","Amino acids, peptides, and analogues"
"Glutaric anhydride","457_neg","Glutaric anhydride",0.76,159.87,NA,"Unknown","null","Glutaric anhydride;Ethane-1,1,2-tricarbaldehyde","","HMDB0252815;HMDB0257799","167482;NA","NA;22352755","NA;NA","null","null",TRUE,TRUE,"Delta valerolactones","Lactones","Delta valerolactones"
"Glutarylcarnitine","7617_pos","Glutarylcarnitine",0.87,171.21,NA,"Glutarylcarnitine","null",NA,NA,NA,NA,NA,NA,"null","null",TRUE,TRUE,"Acyl carnitines","Fatty acyls","Fatty acid esters"
"Glutarylglycine","3106_neg","Glutarylglycine",0.87,3832.21,NA,"N-Acetylglutamic Acid","null","Glutarylglycine;N-Acetyl-L-glutamic acid","C00624","HMDB0000590;HMDB0001138","NA;17533","23592950;70914","NA;NA","null","null",TRUE,TRUE,"N-acyl-alpha amino acids","Carboxylic acids and derivatives","Amino acids, peptides, and analogues"
"Glutathione","8811_neg","Glutathione",0.44,117.48,"Peptides","no MS2: L-Glutathione (reduced form); LC-ESI-ITFT; MS2; m/z","C10H17N3O6S","Glutathione;Methyl 2-((3,4-dihydro-3,4-dioxo-1-naphthalenyl)amino)benzoate","C00051","HMDB0000125;HMDB0244408","16856;NA","124886;163944","33669;NA","RWSXRVCMGQZWBV-WDSKDSINSA-N","N[C@@H](CCC(O)=N[C@@H](CS)C(O)=NCC(O)=O)C(O)=O",TRUE,FALSE,"Peptides","Carboxylic acids and derivatives","Amino acids, peptides, and analogues"
"Glutathione peroxide","10711_pos","Glutathione peroxide",0.13,92982.08,NA,"Unknown","null","Glutathione peroxide","","HMDB0252820","NA","129629304","NA","null","null",TRUE,FALSE,"Oligopeptides","Carboxylic acids and derivatives","Amino acids, peptides, and analogues"
"Glyceraldehyde 3-phosphate","2283_neg","Glyceraldehyde 3-phosphate",0.69,22.49,NA,"Glycerone phosphate","null","Glyceraldehyde 3-phosphate;Dihydroxyacetone phosphate;(1-Hydroxy-3-oxopropan-2-yl) dihydrogen phosphate;1,1,1,2,3,3,3-Heptafluoropropane","C00118;C00111","HMDB0001112;HMDB0001473;HMDB0242284;HMDB0244037","29052;16108;NA;NA","439168;668;449139;67940","NA;33898;NA;NA","null","null",TRUE,TRUE,"Glyceraldehyde-3-phosphates","Organooxygen compounds","Carbohydrates and carbohydrate conjugates"
"Glyceric acid","292_neg","Glyceric acid",0.87,111.08,NA,"D-Glycerate","null","Glyceric acid;L-Glyceric acid;Propaneperoxoic acid, 2-hydroxy-;2-(Hydroxymethoxy)acetic acid","C00258","HMDB0000139;HMDB0006372;HMDB0256814;HMDB0257950","32398;74324;NA;NA","439194;6326776;NA;53673980","34424;2226325;NA;NA","null","null",TRUE,TRUE,"Sugar acids and derivatives","Organooxygen compounds","Carbohydrates and carbohydrate conjugates"
"Glyceric acid 1,3-biphosphate","6797_neg","Glyceric acid 1,3-biphosphate",0.42,22.19,NA,"Unknown","null","Glyceric acid 1,3-biphosphate;2,3-Diphosphoglyceric acid;3-Hydroxy-2-[hydroxy(phosphonooxy)phosphoryl]oxypropanoic acid","C00236;C01159","HMDB0001270;HMDB0001294;HMDB0258120","16001;17720;NA","439191;186004;21734884","NA;1315507;NA","null","null",TRUE,TRUE,"Acyl monophosphates","Organic phosphoric acids and derivatives","Phosphate esters"
"Glycerol","68_neg","Glycerol",0.82,127.25,NA,"GLYCEROL","null","Glycerol","C00116","HMDB0000131","17754","753","NA","null","null",TRUE,FALSE,"Sugar alcohols","Organooxygen compounds","Carbohydrates and carbohydrate conjugates"
"Glycerol 3-phosphate","2364_neg","Glycerol 3-phosphate",0.84,1256.3,NA,"Beta-Glycerophosphoric Acid","null","Glycerol 3-phosphate;beta-Glycerophosphoric acid;Glycerophosphoric acid","C00093;C02979;C03189","HMDB0000126;HMDB0002520;HMDB0252849","15978;17270;14336","439162;2526;754","137383;NA;NA","null","null",TRUE,TRUE,"Glycerophosphates","Glycerophospholipids","Glycerophosphates"
"Glycerophospho-n-arachidonoyl ethanolamine","17346_neg","Glycerophospho-n-arachidonoyl ethanolamine",0.47,2406305,"2-acyl-sn-glycero-3-phosphoethanolamines","no MS2: Phosphatidylethanolamine lyso 20","C25H44NO7P","Glycerophospho-N-Arachidonoyl Ethanolamine","","HMDB0252848","NA","53393983","NA","SOFGMCJQWLTKCE-ZKWNWVNENA-N","CCCCCC\C=C/C\C=C/C\C=C/C\C=C/CCC(=O)OC(CO)COP(O)(=O)OCCN",TRUE,FALSE,NA,NA,NA
"Glycerophosphoglycerol","5891_neg","Glycerophosphoglycerol",0.87,128.15,NA,"Unknown","null","Glycerophosphoglycerol","","HMDB0240316","64956","54575349","NA","null","null",TRUE,TRUE,"Dialkyl phosphates","Organic phosphoric acids and derivatives","Phosphate esters"
"Glycerophosphoinositol","10573_pos","Glycerophosphoinositol",0.82,197384.8,NA,"Unknown","null","Glycerophosphoinositol","C01225","HMDB0011649","18321","NA","NA","null","null",TRUE,TRUE,"Glycerophosphoinositols","Glycerophospholipids","Glycerophosphoinositols"
"Glycerylphosphorylethanolamine","4350_neg","Glycerylphosphorylethanolamine",0.84,87.82,NA,"Unknown","null","Glycerylphosphorylethanolamine","C01233","HMDB0000114","52330","123874","NA","null","null",TRUE,TRUE,"Glycerophosphoethanolamines","Glycerophospholipids","Glycerophosphoethanolamines"
"Glycinamide, glycyl-l-prolyl-","5072_pos","Glycinamide, glycyl-l-prolyl-",0.84,155.59,NA,"Carnosine","null","Glycinamide, glycyl-L-prolyl-","","HMDB0253016","NA","22236830","NA","null","null",TRUE,TRUE,NA,NA,NA
"Glycogen","21870_neg","Glycogen",0.42,1968422,NA,"STACHYOSE","null","Glycogen;Maltotetraose;Glucomannan;Schizophyllan;Tetraglucoside","C00182;C02052","HMDB0000757;HMDB0001296;HMDB0252767;HMDB0258177;HMDB0258892","28087;143180;NA;NA;NA","439177;439639;870;21868524;20080736","NA;NA;NA;NA;NA","null","null",TRUE,TRUE,"Oligosaccharides","Organooxygen compounds","Carbohydrates and carbohydrate conjugates"
"Glycyl-phenylalanine","4768_pos","Glycyl-phenylalanine",0.47,43.25,NA,"5-Hydroxy-L-Tryptophan","null","Glycyl-Phenylalanine;Phenylalanylglycine","","HMDB0028848;HMDB0028995","NA;73635","97415;6992303","NA;NA","null","null",TRUE,TRUE,NA,NA,NA
"Glycyl-threonine","2791_pos","Glycyl-threonine",0.87,36.9,NA,"Unknown","null","Glycyl-Threonine;""Ethylenediamine-N,N'-diacetic acid"";6-Methylpteridine-2,4-diamine;(2S)-2-Amino-3-[(2S)-2-aminopropanoyl]oxypropanoic acid","","HMDB0028851;HMDB0246968;HMDB0247090;HMDB0257605","NA;132240;NA;NA","351980;NA;254916;14949332","NA;NA;NA;NA","null","null",TRUE,TRUE,NA,NA,NA
"Glycyl-valine","2684_pos","Glycyl-valine",0.84,88.3,NA,"Glycyl-Valine","null",NA,NA,NA,NA,NA,NA,"null","null",TRUE,TRUE,NA,NA,NA
"Glycylproline","2580_pos","Glycylproline",0.87,1364.03,"Dipeptides","no MS2: Glycyl-L-proline; LC-ESI-QTOF; MS2; CE","C7H12N2O3","Glycylproline;Prolylglycine;Glycyl-D-proline","","HMDB0000721;HMDB0011178;HMDB0252876","70744;61695;NA","3013625;6426709;44369312","NA;NA;NA","KZNQNBZMBZJQJO-YFKPBYRVSA-N","NCC(=O)N1CCC[C@H]1C(O)=O",TRUE,TRUE,"Dipeptides","Carboxylic acids and derivatives","Amino acids, peptides, and analogues"
"Guanidinosuccinic acid","2721_pos","Guanidinosuccinic acid",0.44,23.2,NA,"Unknown","null","Guanidinosuccinic acid","C03139","HMDB0003157","17072","439918","NA","null","null",TRUE,FALSE,"Aspartic acid and derivatives","Carboxylic acids and derivatives","Amino acids, peptides, and analogues"
"Guanidoacetic acid","570_pos","Guanidoacetic acid",0.89,7469.64,NA,"Guanidoacetic Acid","null",NA,NA,NA,NA,NA,NA,"null","null",TRUE,TRUE,"Alpha amino acids and derivatives","Carboxylic acids and derivatives","Amino acids, peptides, and analogues"
"Guanosine","7721_neg","Guanosine",0.42,112.04,NA,"GUANOSINE","null",NA,NA,NA,NA,NA,NA,"null","null",TRUE,FALSE,"Purine nucleosides","Purine nucleosides",NA
"H-tyr-gly-gly-oh","8207_neg","H-tyr-gly-gly-oh",0.4,43.45,NA,"Unknown","null","H-Tyr-gly-gly-OH;Glycyl-tyrosyl-glycine","","HMDB0247865;HMDB0252836","NA;NA","NA;100083","NA;NA","null","null",TRUE,TRUE,NA,NA,NA
"Hboa glucuronide","10345_neg","Hboa glucuronide",0.69,25775.41,NA,"Unknown","null","HBOA glucuronide;2-Hydroxy-1,4-benzoxazin-3-one glucuronide","","HMDB0240378;HMDB0240438","NA;NA","NA;NA","NA;NA","null","null",TRUE,TRUE,NA,NA,NA
"Heptadecanoic acid","7008_neg","Heptadecanoic acid",0.91,180.63,NA,"Unknown","null","Heptadecanoic acid;(S)-14-Methylhexadecanoic acid;Isopropyl tetradecanoate;15-Methylpalmitate;Methyl hexadecanoic acid;2-Methylhexadecanoic acid","C16995","HMDB0002259;HMDB0031067;HMDB0040392;HMDB0061709;HMDB0061859;HMDB0245229","32365;84874;NA;70850;NA;85057","10465;22207;8042;164860;8181;117384","215873;NA;NA;NA;NA;NA","null","null",TRUE,FALSE,"Long-chain fatty acids","Fatty acyls","Fatty acids and conjugates"
"Hexadecanedioic acid","7772_neg","Hexadecanedioic acid",0.33,140.08,NA,"Unknown","null","Hexadecanedioic acid;2,2,4-Trimethyl-1,3-pentadienol diisobutyrate;Isooctanedioldibutyrate","C19615","HMDB0000672;HMDB0059777;HMDB0061936","73722;NA;88828","10459;23284;NA","NA;NA;NA","null","null",TRUE,FALSE,"Long-chain fatty acids","Fatty acyls","Fatty acids and conjugates"
"Hexaethylene glycol","7960_pos","Hexaethylene glycol",0.38,62030.89,NA,"Unknown","null","Hexaethylene glycol","","HMDB0061822","49793","17472","NA","null","null",TRUE,FALSE,"Polyethylene glycols","Organooxygen compounds","Ethers"
"Hexanoylglycine","2420_neg","Hexanoylglycine",0.93,4604.93,NA,"N-Acetylleucine","null","Hexanoylglycine;N-Acetylleucine;N-Acetylisoleucine;6-Acetamidohexanoic acid;8,8a-Diepiswainsonine","C02710","HMDB0000701;HMDB0011756;HMDB0061684;HMDB0247031;HMDB0247470","64390;17786;21555;NA;NA","99463;70912;7036275;NA;5363","NA;NA;NA;NA;NA","null","null",TRUE,TRUE,"N-acyl-alpha amino acids","Carboxylic acids and derivatives","Amino acids, peptides, and analogues"
"Hippuric acid","2677_neg","Hippuric acid",0.87,2924.95,NA,"HIPPURATE","null","Hippuric acid;2-Propenamide, 3-(3,4-dihydroxyphenyl)-;4-Acetamidobenzoic acid;Adrenolutin;Erbstatin;N-Acetyl-2-hydroxybenzamide;1-Methyl-1H-indole-3,5,6-triol","C01586","HMDB0000714;HMDB0245300;HMDB0246328;HMDB0248030;HMDB0251902;HMDB0255046;HMDB0257859","18089;NA;46171;NA;NA;NA;NA","464;54548891;19266;12556;58035;10252;10197941","NA;NA;NA;NA;NA;NA;NA","null","null",TRUE,TRUE,"Hippuric acids","Benzene and substituted derivatives","Benzoic acids and derivatives"
"Histidine glutamate","8462_neg","Histidine glutamate",0.42,37824.13,NA,"Unknown","null","Histidine glutamate","","HMDB0253183","NA","NA","NA","null","null",TRUE,TRUE,"Histidine and derivatives","Carboxylic acids and derivatives","Amino acids, peptides, and analogues"
"Hmboa-glc","11700_pos","Hmboa-glc",0.84,199358.2,NA,"Unknown","null","HMBOA-Glc","","HMDB0037263","NA","77195052","NA","null","null",TRUE,TRUE,NA,NA,NA
"Homo-l-arginine","3261_pos","Homo-l-arginine",0.76,431.98,NA,"Homo-L-Arginine","null",NA,NA,NA,NA,NA,NA,"null","null",TRUE,TRUE,NA,NA,NA
"Homocitrulline","3301_pos","Homocitrulline",0.8,245.26,NA,"Homocitrulline","null",NA,NA,NA,NA,NA,NA,"null","null",TRUE,TRUE,"L-alpha-amino acids","Carboxylic acids and derivatives","Amino acids, peptides, and analogues"
"Homocysteine","1185_pos","Homocysteine",0.82,30.7,"Alpha amino acids","no MS2: L-Homocysteine; LC-ESI-ITFT; MS2; m/z","C4H9NO2S","Homocysteine;Methylcysteine;Mecysteine;N-Methylcysteine;Thiomorpholine 1,1-dioxide","C00155","HMDB0000742;HMDB0002108;HMDB0250704;HMDB0255186;HMDB0259018","17588;45658;NA;NA;NA","91552;24417;4040;2795200;NA","NA;NA;NA;NA;NA","FFFHZYDWPBMWHY-VKHMYHEASA-N","N[C@@H](CCS)C(O)=O",TRUE,TRUE,"L-alpha-amino acids","Carboxylic acids and derivatives","Amino acids, peptides, and analogues"
"Homogentisic acid","2222_neg","Homogentisic acid",0.44,1069.74,NA,"3,4-DIHYDROXYPHENYLACETATE","null","Homogentisic acid;Vanillic acid;3-Hydroxymandelic acid;p-Hydroxymandelic acid;3,4-Dihydroxybenzeneacetic acid;5-Methoxysalicylic acid;Isovanillic acid;4,7-Epoxyisobenzofuran-1,3-dione, hexahydro-, (3aR,4S,7R,7aS)-rel-;Dehydroacetic acid;1-(2,4-Dihydroxyphenyl)-2-hydroxyethanone;(3R,4R,5R)-3-Fluoro-5-(hydroxymethyl)oxolane-2,3,4-triol;(3,4-Dihydroxyphenyl) acetate;2,2-Dihydroxy-2-phenylacetic acid","C00544;C06672;C11527;C01161","HMDB0000130;HMDB0000484;HMDB0000750;HMDB0000822;HMDB0001336;HMDB0001868;HMDB0060003;HMDB0245751;HMDB0250943;HMDB0257566;HMDB0257780;HMDB0258013;HMDB0258145","44747;30816;86553;16388;41941;89830;63798;NA;137426;NA;NA;NA;NA","780;8468;86957;328;547;75787;12575;93004;122903;11715230;NA;NA;15930710","1485308;NA;NA;NA;36946;NA;NA;NA;NA;NA;NA;NA;NA","null","null",TRUE,TRUE,"2(hydroxyphenyl)acetic acids","Benzene and substituted derivatives","Phenylacetic acids"
"Homovanillic acid","2804_neg","Homovanillic acid",0.87,1788.01,NA,"Hydroxyphenyllactic Acid","null","Homovanillic acid;Isohomovanillic acid;3,4-Dihydroxyhydrocinnamic acid;Hydroxyphenyllactic acid;3-(3-Hydroxyphenyl)-3-hydroxypropanoic acid;2,6-Dimethoxybenzoic acid;Meta-hydroxyphenylhydracrylic Acid;3,5-Dihydroxyphenylpropionic acid;3-(2,4-Dihydroxyphenyl)propanoic acid;(2R,3S,4R,5R)-2-Fluoro-3,4,5,6-tetrahydroxyhexanal;2-Deoxy-2-fluoro-alpha-D-galactopyranose;3-Deoxy-3-fluoro-D-glucose;2,2-Dihydroxy-3-phenylpropanoic acid;Ethyl 3,4-dihydroxybenzoate;Imidazobenzodiazepine;(3R,4S,5R)-3,4,5,6-Tetrahydroxyhexanoyl fluoride;Syringaldehyde","C05582;C10447;C03672","HMDB0000118;HMDB0000333;HMDB0000423;HMDB0000755;HMDB0002643;HMDB0029273;HMDB0062595;HMDB0125533;HMDB0126386;HMDB0242548;HMDB0245096;HMDB0245854;HMDB0251348;HMDB0252031;HMDB0253416;HMDB0258135;HMDB0258653","545959;70818;48400;17385;86369;545935;78336;NA;NA;NA;49140;NA;NA;132364;NA;NA;67380","1738;160562;348154;9378;102959;15109;22600106;161525;96384;13715114;315411;4386393;20849046;77547;66618719;NA;NA","46066;NA;NA;2392410;NA;NA;NA;NA;NA;NA;NA;NA;NA;NA;NA;NA;NA","null","null",TRUE,TRUE,"Methoxyphenols","Phenols","Methoxyphenols"
"Homovanillic acid sulfate","6624_neg","Homovanillic acid sulfate",0.67,213.06,NA,"Unknown","null","Homovanillic acid sulfate;Dihydrocaffeic acid 3-sulfate;3-hydroxy-3-(3-hydroxyphenyl)propanoic acid-O-sulphate","","HMDB0011719;HMDB0041721;HMDB0059967","88405;176472;88716","29981063;49844181;124202083","NA;NA;NA","null","null",TRUE,TRUE,"Phenylsulfates","Organic sulfuric acids and derivatives","Arylsulfates"
"Hydantoin","223_pos","Hydantoin",0.84,278.59,NA,"Unknown","null","Hydantoin;2H-Imidazol-2-one, 1,3-dihydro-4-hydroxy-","C05146","HMDB0253235;HMDB0253419","27612;NA","NA;19016756","NA;NA","null","null",TRUE,TRUE,"Imidazoles","Azoles","Imidazoles"
"Hydantoin-5-propionic acid","2372_neg","Hydantoin-5-propionic acid",0.42,42.3,NA,"Unknown","null","Hydantoin-5-propionic acid","C05565","HMDB0001212","28297","782","NA","null","null",TRUE,TRUE,"Hydantoins","Azolidines","Imidazolidines"
"Hydrochlorothiazide","8671_pos","Hydrochlorothiazide",0.73,130977.8,"1,2,4-benzothiadiazine-1,1-dioxides","no MS2: Hydrochlorothiazide; LC-ESI-ITFT; MS2; CE","C7H8ClN3O4S2","Hydrochlorothiazide","C07041","HMDB0001928","5778","3639","NA","JZUFKLXOESDKRF-UHFFFAOYSA-N","NS(=O)(=O)C1=CC2=C(NCNS2(=O)=O)C=C1Cl",TRUE,FALSE,"1,2,4-benzothiadiazine-1,1-dioxides","Thiadiazines","Benzothiadiazines"
"Hydroxyhomo sildenafil","17458_neg","Hydroxyhomo sildenafil",0.11,20.19,NA,"Unknown","null","Hydroxyhomo Sildenafil","","HMDB0253271","NA","4742795","NA","null","null",TRUE,FALSE,NA,NA,NA
"Hydroxytyrosol 3'-sulfate","5303_neg","Hydroxytyrosol 3'-sulfate",0.42,19.99,NA,"Unknown","null","""Hydroxytyrosol 3'-sulfate"";""Hydroxytyrosol 4'-sulfate"";2-(3,5-Dihydroxyphenyl)ethanol sulfate","","HMDB0240530;HMDB0240532;HMDB0240693","NA;NA;NA","71749404;71749405;NA","NA;NA;NA","null","null",TRUE,TRUE,NA,NA,NA
"Hypogeic acid","6255_neg","Hypogeic acid",0.93,4577.33,NA,"Unknown","null","Hypogeic acid;Palmitoleic acid;Palmitelaidic acid;15-Hexadecenoic acid;9-Hexadecenoic acid, (9Z)-;Dodecyl methacrylate;Sapienic acid","C08362","HMDB0002186;HMDB0003229;HMDB0012328;HMDB0244666;HMDB0247596;HMDB0251570;HMDB0257483","35465;28716;59265;NA;72004;NA;NA","5318393;445638;5282745;11680418;4668;8906;53439202","NA;246167;NA;NA;NA;NA;NA","null","null",TRUE,FALSE,"Long-chain fatty acids","Fatty acyls","Fatty acids and conjugates"
"Hypotaurine","390_pos","Hypotaurine",0.87,546.35,NA,"Hypotaurine","null",NA,NA,NA,NA,NA,NA,"null","null",TRUE,TRUE,"Sulfinic acids","Sulfinic acids and derivatives","Sulfinic acids"
"Hypoxanthine","1122_neg","Hypoxanthine",0.87,6550.74,NA,"2,3,4-Trihydroxy-Butanoic Acid","null","Hypoxanthine;Erythronic acid;Threonic acid;Allopurinol;2-Hydroxypurine;2,3,4-Trihydroxybutanoic acid;9H-Purine-9-ol","C00262;C01620;C01620","HMDB0000157;HMDB0000613;HMDB0000943;HMDB0014581;HMDB0245165;HMDB0245425;HMDB0247704","17368;37655;15908;40279;NA;49060;NA","790;2781043;5460407;2094;75323;439535;17818170","34434;NA;NA;NA;NA;NA;NA","null","null",TRUE,TRUE,"Hypoxanthines","Imidazopyrimidines","Purines and purine derivatives"
"Ibufenac","3263_neg","Ibufenac",0.31,31,NA,"Unknown","null","Ibufenac;Senkyunolide;Tert-butyl 4-methylbenzoate","","HMDB0253333;HMDB0258235;HMDB0258839","76158;NA;NA","15250;NA;NA","NA;NA;NA","null","null",TRUE,TRUE,"Phenylpropanes","Benzene and substituted derivatives","Phenylpropanes"
"Iguratimod","12499_pos","Iguratimod",0.22,287708.7,NA,"Unknown","null","Iguratimod","","HMDB0253390","NA","NA","NA","null","null",TRUE,FALSE,"Chromones","Benzopyrans","1-benzopyrans"
"Ilexgenin a","17792_pos","Ilexgenin a",0.02,3.52,NA,"Unknown","null","Ilexgenin A","","HMDB0253399","NA","13857524","NA","null","null",TRUE,FALSE,NA,NA,NA
"Imazalil","8629_pos","Imazalil",0.89,51592.17,"Benzylethers","no MS2: Imazalil; LC-ESI-ITFT; MS2; CE","C14H14Cl2N2O",NA,NA,NA,NA,NA,NA,"PZBPKYOVPCNPJY-UHFFFAOYNA-N","ClC1=CC(Cl)=C(C=C1)C(CN1C=CN=C1)OCC=C",TRUE,TRUE,NA,NA,NA
"Imidazolelactic acid","1917_pos","Imidazolelactic acid",0.87,2704.33,NA,"Unknown","null","Imidazolelactic acid;1,5-Dimethylbarbituric acid;2-Hydroxy-3-(1H-imidazol-5-yl)propanoic acid","C05132;C05568","HMDB0002320;HMDB0244233;HMDB0253418","70808;NA;27487","459122;151461;NA","NA;NA;NA","null","null",TRUE,TRUE,"Imidazolyl carboxylic acids and derivatives","Azoles","Imidazoles"
"Imidazolepropionic acid","1274_pos","Imidazolepropionic acid",0.91,379.81,NA,"Urocanic Acid","null","Imidazolepropionic acid;Methylimidazoleacetic acid;Pi-Methylimidazoleacetic acid;(1-Methyl-1h-imidazol-2-yl)-acetic acid;N-(2-Aminoethyl)maleimide;3-Methylthymine;5-Ethyluracil;Gaboxadol;2-(4-Methyl-1H-imidazol-2-yl)acetic acid","C20522;C05828;C13693","HMDB0002271;HMDB0002820;HMDB0004988;HMDB0242285;HMDB0244488;HMDB0245938;HMDB0246786;HMDB0252570;HMDB0257616","73087;1606;70966;NA;NA;74766;NA;NA;NA","70630;75810;6451814;23043581;NA;123209;73267;3448;18926164","NA;46587;NA;NA;NA;NA;NA;NA;NA","null","null",TRUE,TRUE,"Imidazolyl carboxylic acids and derivatives","Azoles","Imidazoles"
"Incadronic acid","7804_neg","Incadronic acid",0.56,94.19,NA,"Unknown","null","Incadronic acid","","HMDB0253442","NA","NA","NA","null","null",TRUE,TRUE,"Bisphosphonates","Organic phosphonic acids and derivatives","Bisphosphonates"
"Indole","543_neg","Indole",0.4,22.87,NA,"Unknown","null","Indole;Isoindole","C00463","HMDB0000738;HMDB0245764","16881;33179","798;NA","NA;NA","null","null",TRUE,FALSE,"Indoles","Indoles and derivatives","Indoles"
"Indole-3-acetylglycine","5389_pos","Indole-3-acetylglycine",0.87,72210.79,NA,"Unknown","null","Indole-3-acetylglycine;Dazoxiben","","HMDB0240661;HMDB0250886","90332;NA","NA;53001","NA;NA","null","null",TRUE,TRUE,"N-acyl-alpha amino acids","Carboxylic acids and derivatives","Amino acids, peptides, and analogues"
"Indole-3-carbinol","1495_pos","Indole-3-carbinol",0.44,18.06,NA,"3-Methyloxindole","null","Indole-3-carbinol;5-Methoxyindole;Cinnamamide;methoxyindole;Phenethyl isocyanate","","HMDB0005785;HMDB0246822;HMDB0250263;HMDB0254550;HMDB0256402","24814;NA;23246;NA;60067","3712;13872;12135;17763644;NA","NA;NA;NA;NA;NA","null","null",TRUE,FALSE,"3-alkylindoles","Indoles and derivatives","Indoles"
"Indole-3-propionic acid","3109_neg","Indole-3-propionic acid",0.38,1053.51,NA,"Indole-3-Methyl Acetate","null","Indole-3-propionic acid;Indole-3-methyl acetate;2-Methyl-2-phenylsuccinimide","","HMDB0002302;HMDB0029738;HMDB0245217","43580;72782;NA","3744;74706;92154","NA;NA;NA","null","null",TRUE,TRUE,"Indolyl carboxylic acids and derivatives","Indoles and derivatives","Indolyl carboxylic acids and derivatives"
"Indoleacrylic acid","3186_pos","Indoleacrylic acid",0.49,664.87,NA,"Indole-3-Methyl Acetate","null","Indoleacrylic acid;6-Fluoropyridoxol","","HMDB0000734;HMDB0247065","132244;NA","5375048;6852038","NA;NA","null","null",TRUE,TRUE,"Indoles","Indoles and derivatives","Indoles"
"Indolelactic acid","3867_neg","Indolelactic acid",0.87,556.13,NA,"5-Methoxyindoleacetate","null","Indolelactic acid;5-Methoxyindoleacetate;Cinnamoylglycine;3-Indolehydracrylic acid;5-Ethyl-5-phenyl-1,3-oxazolidine-2,4-dione","C02043;C05660","HMDB0000671;HMDB0004096;HMDB0011621;HMDB0059765;HMDB0246785","NA;28281;68616;89877;NA","676157;18986;709625;69733299;115735","NA;46224;NA;NA;NA","null","null",TRUE,TRUE,"Indolyl carboxylic acids and derivatives","Indoles and derivatives","Indolyl carboxylic acids and derivatives"
"Indoline","640_pos","Indoline",0.87,381.49,NA,"Unknown","null","Indoline;Isoindoline","","HMDB0253472;HMDB0253648","43295;NA","10328;422478","NA;NA","null","null",TRUE,TRUE,"Indolines","Indoles and derivatives","Indolines"
"Indolylmethyl glucosinolate","15280_neg","Indolylmethyl glucosinolate",0.02,310951.3,"Alkylglucosinolates","no MS2: Indolylmethyl glucosinolate; LC-ESI-ITFT; MS2; HCD; CE 65.0 eV; [M-H]-","C16H20N2O9S2",NA,NA,NA,NA,NA,NA,"DNDNWOWHUWNBCK-LDADJPATNA-N","OCC1OC(S\C(CC2=CNC3=CC=CC=C23)=N\OS(O)(=O)=O)C(O)C(O)C1O",TRUE,TRUE,NA,NA,NA
"Indoxyl sulfate","4244_neg","Indoxyl sulfate",0.91,27626.33,NA,"Indoxyl Sulfate","null","Indoxyl sulfate;6-Hydroxyindole sulfate;7-Hydroxyindole sulfate","","HMDB0000682;HMDB0240651;HMDB0240659","43355;133568;NA","10258;122198196;NA","NA;NA;NA","null","null",TRUE,TRUE,"Arylsulfates","Organic sulfuric acids and derivatives","Arylsulfates"
"Inosine","6902_neg","Inosine",0.53,62.35,"Purine nucleosides","no MS2: Inosine; LC-ESI-ITFT; MS2; m/z","C10H12N4O5","Inosine;Allopurinol riboside;Arabinosylhypoxanthine;Ara-HX;Formycin b;Fructose lactate;galactose lactate","C00294","HMDB0000195;HMDB0000481;HMDB0003040;HMDB0247301;HMDB0252449;HMDB0252491;HMDB0252580","17596;74074;705435;NA;NA;NA;NA","6021;5273534;46874582;804;3411;NA;NA","34525;NA;NA;NA;NA;NA;NA","UGQMRVRMYYASKQ-KQYNXXCUSA-N","OC[C@H]1O[C@H]([C@H](O)[C@@H]1O)N1C=NC2=C1N=CN=C2O",TRUE,TRUE,"Purine nucleosides","Purine nucleosides",NA
"Inosinic acid","10649_neg","Inosinic acid",0.04,120.45,NA,"Inosinic Acid","null","Inosinic acid;Glucose-6-phosphate lactate;[(2R,5R)-3,4-Dihydroxy-5-(6-oxo-1H-purin-9-yl)oxolan-2-yl]methyl dihydrogen phosphate","C00130","HMDB0000175;HMDB0252789;HMDB0257686","17202;NA;NA","8582;NA;135402036","33960;NA;NA","null","null",TRUE,TRUE,"Purine ribonucleoside monophosphates","Purine nucleotides","Purine ribonucleotides"
"Iodomethane","1290_neg","Iodomethane",0.56,14.6,NA,"Unknown","null","Iodomethane","C18448","HMDB0253530","39282","6328","NA","null","null",TRUE,FALSE,"Halomethanes","Alkyl halides","Halomethanes"
"Irganox 1330","24120_pos","Irganox 1330",0.04,38.26,"Linear diarylheptanoids","no MS2: IRGANOX 1330; MALDI-TOFTOF; MS2; CE","C54H78O3",NA,NA,NA,NA,NA,NA,"VSAWBBYYMBQKIK-UHFFFAOYSA-N","CC1=C(CC2=CC(=C(O)C(=C2)C(C)(C)C)C(C)(C)C)C(C)=C(CC2=CC(=C(O)C(=C2)C(C)(C)C)C(C)(C)C)C(C)=C1CC1=CC(=C(O)C(=C1)C(C)(C)C)C(C)(C)C",TRUE,FALSE,NA,NA,NA
"Isobutyrylglycine","1422_neg","Isobutyrylglycine",0.93,2568.79,NA,"4-ACETAMIDOBUTANOATE","null","Isobutyrylglycine;N-Butyrylglycine;Allysine;4-Acetamidobutanoic acid;N-Propionylalanine;methyl 2-amino-4-oxopentanoate;But-2-en-2-yl 2-aminoethaneperoxoate;Amino 6-oxohexanoate","C04076;C02946","HMDB0000730;HMDB0000808;HMDB0001263;HMDB0003681;HMDB0094698;HMDB0254565;HMDB0257836;HMDB0258069","70979;89963;17917;17645;NA;NA;NA;NA","10855600;88412;160603;18189;22788191;16052023;87435891;56609415","NA;NA;NA;1446095;NA;NA;NA;NA","null","null",TRUE,TRUE,"N-acyl-alpha amino acids","Carboxylic acids and derivatives","Amino acids, peptides, and analogues"
"Isoleucyl-serine","4688_pos","Isoleucyl-serine",0.84,58.24,"Carbamate esters","no MS2: Meprobamate; LC-ESI-QTOF; MS2; CE","C9H18N2O4","Isoleucyl-Serine;Leucyl-Serine;Serylisoleucine;Serylleucine;Threonylvaline;Valylthreonine;(2R)-2-Amino-2-[[(1S)-1-carboxyethyl]amino]-4-methylpentanoic acid;N(6)-(1-Carboxyethyl)-L-lysine;Carboxyethyllysine;epsilon-(Carboxyethyl)lysine;1,3-Propanediol, 2,2-diethyl-, dicarbamate;N(epsilon)-(carboxyethyl)lysine;Ser-Leu","","HMDB0028916;HMDB0028938;HMDB0029042;HMDB0029043;HMDB0029074;HMDB0029137;HMDB0242765;HMDB0243495;HMDB0249659;HMDB0251886;HMDB0254691;HMDB0255289;HMDB0258242","NA;NA;90326;74815;90328;NA;NA;NA;NA;NA;NA;61063;NA","14426033;3621685;71429009;7015694;7020901;NA;76082687;22283604;22483881;NA;80111;49852413;NA","NA;NA;NA;NA;NA;NA;NA;NA;NA;NA;NA;NA;NA","NPPQSCRMBWNHMW-UHFFFAOYSA-N","CCCC(C)(COC(O)=N)COC(O)=N",TRUE,TRUE,NA,NA,NA
"Isoleucylproline","5187_pos","Isoleucylproline",0.87,3395.49,NA,"Unknown","null","Isoleucylproline;Leucylproline;N,N,N-Trimethyl-L-alanyl-L-proline betaine;Pro-leu","","HMDB0011174;HMDB0011175;HMDB0240365;HMDB0253028","74076;73580;NA;NA","444876;80817;134218393;3527720","NA;NA;NA;NA","null","null",TRUE,TRUE,"Dipeptides","Carboxylic acids and derivatives","Amino acids, peptides, and analogues"
"Isopilocarpinic acid","4924_neg","Isopilocarpinic acid",0.51,13750.3,NA,"Unknown","null","Isopilocarpinic acid","","HMDB0253672","NA","9991283","NA","null","null",TRUE,FALSE,"Imidazolyl carboxylic acids and derivatives","Azoles","Imidazoles"
"Isovaleraldehyde","49_pos","Isovaleraldehyde",0.87,112.27,NA,"Unknown","null","Isovaleraldehyde;Prenol;3-Methyl-3-buten-1-ol;Pentanal;(S)-2-Methylbutanal;(\xc2\xb1)-2-Methylbutanal;(E)-2-Penten-1-ol;1-Penten-3-ol;2-Pentanone;2-Methyltetrahydrofuran;Isopentenol;TETRAHYDROPYRAN","C07329;C01390;C02223;C01949","HMDB0006478;HMDB0030124;HMDB0030126;HMDB0031206;HMDB0031525;HMDB0031526;HMDB0031604;HMDB0031605;HMDB0034235;HMDB0245240;HMDB0253669;HMDB0258904","16638;16019;62898;84069;88414;16182;145352;NA;16472;NA;NA;46941","11552;11173;12988;8063;6971249;7284;5364919;12020;7895;7301;152927;NA","NA;NA;NA;NA;NA;NA;NA;NA;NA;NA;NA;NA","null","null",TRUE,TRUE,"Alpha-hydrogen aldehydes","Organooxygen compounds","Carbonyl compounds"
"Israpafant","16873_neg","Israpafant",0.04,71168.2,NA,"Unknown","null","Israpafant","","HMDB0253717","NA","119175","NA","null","null",TRUE,TRUE,"Thienodiazepines","Thienodiazepines",NA
"Keto-3-deoxy-d-manno-octulosonic acid","5493_neg","Keto-3-deoxy-d-manno-octulosonic acid",0.22,19.28,NA,"Unknown","null","Keto-3-deoxy-D-manno-octulosonic acid;Acefylline;2-Keto-3-Deoxy-D-Mannooctanoic Acid;Furapyrimidone;Rufinamide","C01187","HMDB0244292;HMDB0247895;HMDB0250768;HMDB0252532;HMDB0257362","NA;NA;NA;NA;NA","817;69550;4636210;114738;NA","NA;NA;NA;NA;NA","null","null",TRUE,TRUE,NA,NA,NA
"Kynurenic acid","3101_neg","Kynurenic acid",0.82,470.98,"Quinoline carboxylic acids","no MS2: Kynurenic acid; LC-ESI-QTOF; MS2; CE","C10H7NO3","Kynurenic acid;2-Hydroxyquinoline-3-carboxylic acid;4-Oxo-1,4-dihydroquinoline-3-carboxylic acid;alpha-Cyano-4-hydroxycinnamate","C01717","HMDB0000715;HMDB0245167;HMDB0246559;HMDB0248196","18344;NA;NA;NA","3845;332488;220875;2102","38234;NA;NA;NA","HCZHHEIFKROPDY-UHFFFAOYSA-N","OC(=O)C1=CC(=O)C2=CC=CC=C2N1",TRUE,TRUE,"Quinoline carboxylic acids","Quinolines and derivatives","Quinoline carboxylic acids"
"L-allothreonine","634_pos","L-allothreonine",0.87,1286.44,NA,"L-ALLOTHREONINE","null",NA,NA,NA,NA,NA,NA,"null","null",TRUE,TRUE,NA,NA,NA
"L-arginine","2694_pos","L-arginine",0.96,5604.51,"L-alpha-amino acids","no MS2: Arginine; LC-ESI-QTOF; MS2; CE","C6H14N4O2","L-Arginine;Adipic dihydrazide;DL-Arginine;2-Amino-4-[carbamimidoyl(methyl)amino]butanoic acid","C00062;C02385","HMDB0000517;HMDB0248014;HMDB0251511;HMDB0255374","16467;NA;29016;NA","6322;NA;232;91104386","33707;NA;NA;NA","ODKSFYDXXFIFQN-UHFFFAOYNA-N","NC(CCCNC(N)=N)C(O)=O",TRUE,TRUE,NA,NA,NA
"L-aspartate","1130_pos","L-aspartate",0.56,107.03,NA,"L-ASPARTATE","null",NA,NA,NA,NA,NA,NA,"null","null",TRUE,TRUE,NA,NA,NA
"L-aspartic acid","1022_neg","L-aspartic acid",0.87,132.81,NA,"D-ASPARTATE","null","L-Aspartic acid;D-Aspartic acid;Iminodiacetic acid","C00049;C00402;C19911","HMDB0000191;HMDB0006483;HMDB0011753","17053;17364;24786","5960;83887;8897","33663;34874;NA","null","null",TRUE,TRUE,NA,NA,NA
"L-citrulline","2735_pos","L-citrulline",0.87,2933.28,NA,"L-Citrulline","null",NA,NA,NA,NA,NA,NA,"null","null",TRUE,TRUE,NA,NA,NA
"L-cystathionine","4702_neg","L-cystathionine",0.87,27.37,"L-cysteine-S-conjugates","no MS2: L(+)-Cystathionine; LC-ESI-QTOF; MS2; CE","C7H14N2O4S","L-Cystathionine;1-Methylanthraquinone;4-Phenylcoumarin;Acetamiprid;Aldoxycarb;anthracene-9-carboxylic acid;Aurone;Isoflavone","C02291;C13699;C00799","HMDB0000099;HMDB0243936;HMDB0246573;HMDB0247906;HMDB0248127;HMDB0248461;HMDB0248733;HMDB0253637","17482;NA;71972;39163;NA;34507;NA;18220","439258;70379;613729;213021;15438;2201;613552;72304","39523;NA;NA;NA;NA;NA;NA;NA","ILRYLPWNYFXEMH-WHFBIAKZSA-N","N[C@@H](CCSC[C@H](N)C(O)=O)C(O)=O",TRUE,TRUE,NA,NA,NA
"L-cystine","5798_pos","L-cystine",0.87,834.28,NA,"Cystine","null","L-Cystine;Cystine","C00491;C01420","HMDB0000192;HMDB0250712","16283;17376","67678;595","35134;NA","null","null",TRUE,TRUE,NA,NA,NA
"L-dopa","3640_pos","L-dopa",0.64,24.19,"Tyrosine and derivatives","no MS2: DOPA; LC-ESI-ITFT; MS2; m/z","C9H11NO4","L-Dopa;DL-Dopa","C00355","HMDB0000181;HMDB0000609","15765;49168","6047;NA","34719;NA","WTDRDQBEARUVNC-LURJTMIESA-N","N[C@@H](CC1=CC(O)=C(O)C=C1)C(O)=O",TRUE,TRUE,NA,NA,NA
"L-fucose","2078_neg","L-fucose",0.87,1120.26,NA,"6-DEOXY-L-GALACTOSE","null","L-Fucose;Rhamnose;1,5-Anhydrosorbitol;L-Rhamnulose;D-Fucose;(2R,3R,4S,5S)-2,3,4,5-Tetrahydroxyhexanal;(2R,4S,5R)-2,4,5,6-Tetrahydroxyhexanal;(2R,4R,5R)-1,2,4,5-Tetrahydroxyhexan-3-one;(14C)-Deoxyglucose;1,5-Anhydro-d-mannitol;2,5-Anhydro-D-mannitol;D-Quinovose;Glycerol monolactate;Sorbitan","C01019;C00507;C07326;C00861;C01018","HMDB0000174;HMDB0000849;HMDB0002712;HMDB0010207;HMDB0029196;HMDB0242511;HMDB0242540;HMDB0242766;HMDB0243560;HMDB0244228;HMDB0245489;HMDB0247051;HMDB0252842;HMDB0258390","42548;62346;16070;NA;42564;NA;NA;NA;NA;144042;NA;NA;NA;NA","439554;25310;64960;15559441;444200;220001;4377708;53938385;78410001;219984;1494;840;95467;552087","NA;NA;NA;NA;NA;NA;NA;NA;NA;NA;NA;NA;NA;NA","null","null",TRUE,TRUE,NA,NA,NA
"L-glutamic acid","1494_neg","L-glutamic acid",0.87,2976.72,NA,"N-Acetylserine","null","L-Glutamic acid;N-Acetylserine;O-Acetylserine;D-Glutamic acid;DL-Glutamate;5-Hydroxy-4-oxo-L-norvaline;Alanine acetate;N-Methyl-DL-aspartic acid","C00025;C00979;C00217;C00302","HMDB0000148;HMDB0002931;HMDB0003011;HMDB0003339;HMDB0060475;HMDB0246802;HMDB0248101;HMDB0255174","16015;45441;17981;15966;18237;NA;NA;NA","33032;65249;99478;23327;611;10219513;129664900;4376","NA;NA;NA;NA;NA;NA;NA;NA","null","null",TRUE,TRUE,NA,NA,NA
"L-glutamine","1467_neg","L-glutamine",0.87,2617.4,NA,"L-GLUTAMINE","null","L-Glutamine;Ureidoisobutyric acid;D-Glutamine;Alanylglycine;Cyclic Urea;Glycyl-D-Alanine;Glycylsarcosine","C00064;C05100;C00819","HMDB0000641;HMDB0002031;HMDB0003423;HMDB0006899;HMDB0250626;HMDB0252875;HMDB0252887","18050;NA;17061;73757;NA;NA;155838","5961;88558720;145815;6998028;71482479;NA;93131","33714;NA;NA;NA;NA;NA;NA","null","null",TRUE,TRUE,NA,NA,NA
"L-histidine","1751_neg","L-histidine",0.87,483.32,"Histidine and derivatives","no MS2: L-Histidine; LC-ESI-ITFT; MS2; m/z","C6H9N3O2","L-Histidine;D-Histidine","C00135;C00768","HMDB0000177;HMDB0250763","15971;27570","6274;773","33985;NA","HNDVDQJCIGZPNO-YFKPBYRVSA-N","N[C@@H](CC1=CN=CN1)C(O)=O",TRUE,TRUE,NA,NA,NA
"L-homoserine","636_pos","L-homoserine",0.38,71.65,NA,"L-Homoserine","null",NA,NA,NA,NA,NA,NA,"null","null",TRUE,TRUE,NA,NA,NA
"L-isoleucine","960_pos","L-isoleucine",0.87,1409.26,NA,"Pipecolic Acid","null","L-Isoleucine;L-Alloisoleucine;L-Leucine;L-Norleucine;Aminocaproic acid;Beta-Leucine;(\xc2\xb1)-erythro-Isoleucine;Alanine betaine;3-Amino-4-methylpentanoic acid;DL-Norleucine;L-Valine, methyl ester;1-Hydroxy-5,5-dimethylpyrrolidin-2-ol","C00407;C00123;C01933;C02378;C02486;C16434","HMDB0000172;HMDB0000557;HMDB0000687;HMDB0001645;HMDB0001901;HMDB0003640;HMDB0033923;HMDB0240479;HMDB0245808;HMDB0251526;HMDB0253926;HMDB0257628","17191;43433;15603;18347;16586;86261;38264;NA;72772;36405;NA;NA","6306;99288;6106;21236;564;439734;NA;NA;193411;9475;409683;115178","34887;NA;33942;NA;NA;NA;NA;NA;NA;NA;NA;NA","null","null",TRUE,TRUE,NA,NA,NA
"L-lactic acid","47_neg","L-lactic acid",0.93,3544.3,NA,"(S)-LACTATE","null","L-Lactic acid;Hydroxypropionic acid;Glyceraldehyde;D-Lactic acid;Dihydroxyacetone;1,2,4-Trioxane;1,3,5-Trioxane;Methyl ethaneperoxoate","C00186;C01013;C02154;C00256;C00184","HMDB0000190;HMDB0000700;HMDB0001051;HMDB0001311;HMDB0001882;HMDB0244144;HMDB0244188;HMDB0244711","422;33404;5445;42111;16016;NA;38043;NA","107689;68152;751;61503;670;21584057;8081;14202767","34179;53188;NA;34414;34170;NA;NA;NA","null","null",TRUE,TRUE,NA,NA,NA
"L-methionine","1674_pos","L-methionine",0.87,2623.58,"Methionine and derivatives","no MS2: Methionine; LC-ESI-QTOF; MS2; CE","C5H11NO2S","L-Methionine;Ethyl 2-amino-3-sulfanylpropanoate;S-Ethyl-L-cysteine","C00073","HMDB0000696;HMDB0252040;HMDB0257396","16643;NA;NA","6137;3297;30993","33753;NA;NA","FFEARJCKVFRZRR-UHFFFAOYNA-N","CSCCC(N)C(O)=O",TRUE,TRUE,NA,NA,NA
"L-phenylalanine","2114_neg","L-phenylalanine",0.87,631.61,"Phenylalanine and derivatives","no MS2: L-(-)-Phenylalanine; LC-ESI-ITFT; MS2; m/z","C9H11NO2","L-Phenylalanine;1-Isopropyl-4-nitrobenzene;(3,5-Dimethylphenyl)carbamic acid;2-Amino-3-(4-hydroxyphenyl)propanal;Ethenzamide;4-(Dimethylamino)benzoic acid;4-Ethoxybenzamide;D-Phenyl alanine;D-Phenylalanine;Ethyl 3-aminobenzoate;N-(4-Methoxyphenyl)acetamide;Phenyl-Alanine","C00079;C02057;C18090","HMDB0000159;HMDB0243912;HMDB0244732;HMDB0244978;HMDB0245110;HMDB0246304;HMDB0246418;HMDB0250790;HMDB0250791;HMDB0252029;HMDB0255013;HMDB0256428","17295;NA;NA;NA;NA;NA;NA;NA;28044;81494;139354;NA","6140;15749;19013003;3386234;3282;NA;108776;19819527;NA;11400;5827;NA","33775;NA;NA;NA;NA;NA;NA;NA;NA;NA;NA;NA","COLNVLDHVKWLRT-QMMMGPOBSA-N","N[C@@H](CC1=CC=CC=C1)C(O)=O",TRUE,TRUE,NA,NA,NA
"L-proline","483_neg","L-proline",0.82,311.16,NA,"3,4-Dehydroproline","null","L-Proline;D-Proline;5-(Hydroxymethyl)pyrrolidin-2-one;5-Hydroxy-1-methylpyrrolidin-2-one;DL-Allylglycine;DL-Proline;N-(2-Hydroxyethyl)acrylamide;N-Allylglycine","C00148;C00763;C16435","HMDB0000162;HMDB0003411;HMDB0246731;HMDB0246801;HMDB0251510;HMDB0251528;HMDB0254987;HMDB0255080","17203;16313;NA;NA;NA;26271;NA;NA","145742;8988;558359;6426685;NA;614;193628;76651","34042;35916;NA;NA;NA;NA;NA;NA","null","null",TRUE,TRUE,NA,NA,NA
"L-serine","335_pos","L-serine",0.87,236.57,NA,"L-SERINE","null",NA,NA,NA,NA,NA,NA,"null","null",TRUE,TRUE,NA,NA,NA
"L-threonine","599_neg","L-threonine",0.84,601.69,NA,"L-THREONINE","null","L-Threonine;L-Homoserine;L-Allothreonine;4-Amino-3-hydroxybutyrate;Serine methyl ester;D-beta-Homoserine;D-Threonine","C00188;C00263;C05519;C03678","HMDB0000167;HMDB0000719;HMDB0004041;HMDB0061877;HMDB0245730;HMDB0250739;HMDB0250801","16857;15699;28718;16080;NA;NA;38263","6288;12647;99289;2149;416960;193314;205","34186;34437;NA;NA;NA;NA;NA","null","null",TRUE,TRUE,NA,NA,NA
"L-tryptophan","3811_neg","L-tryptophan",0.84,685.74,"Indolyl carboxylic acids and derivatives","no MS2: Tryptophan; LC-ESI-ITFT; MS2; HCD; CE 15.0 eV; [M-H]-","C11H12N2O2","L-Tryptophan;D-Tryptophan;(\xc2\xb1)-Tryptophan;3h-Indole-3-propanoic acid,a-amino-;Idazoxan","C00078;C00525;C00806;C10968","HMDB0000929;HMDB0013609;HMDB0030396;HMDB0246269;HMDB0253375","16828;16296;27897;NA;5862","6305;9060;1148;12998164;54459","33772;NA;NA;NA;NA","QIVBCDIJIAJPQS-UHFFFAOYNA-N","NC(CC1=CNC2=CC=CC=C12)C(O)=O",TRUE,TRUE,NA,NA,NA
"L-tyrosine","2762_neg","L-tyrosine",0.87,808.23,"Tyrosine and derivatives","no MS2: L-Tyrosine; LC-ESI-ITFT; MS2; m/z","C9H11NO3","L-Tyrosine;o-Tyrosine;2-Amino-3-hydroxy-3-phenylpropanoic acid;D-Tyrosine","C00082;C01536","HMDB0000158;HMDB0006050;HMDB0244981;HMDB0250803","17895;91038;NA;18186","6057;91482;94134;1153","33785;NA;NA;NA","OUYCCCASQSFEME-QMMMGPOBSA-N","N[C@@H](CC1=CC=C(O)C=C1)C(O)=O",TRUE,TRUE,NA,NA,NA
"L-valine","523_pos","L-valine",0.91,8636.2,NA,"Proline","null","L-Valine;5-Aminopentanoic acid;Norvaline;3-Amino-2,2-dimethylpropanoic acid;3-Amino-3-methylbutanoic acid;D-Valine;DL-Norvaline;Tert-Butyl carbamate","C00183;C00431;C01799;C16436","HMDB0000883;HMDB0003355;HMDB0013716;HMDB0245805;HMDB0245806;HMDB0250806;HMDB0251527;HMDB0258841","16414;15887;28804;NA;NA;27266;19475;NA","6287;138;439575;95739;2760933;1182;NA;NA","34167;NA;NA;NA;NA;NA;NA;NA","null","null",TRUE,TRUE,NA,NA,NA
"Laccer(d18:1/12:0)","24233_pos","Laccer(d18:1/12:0)",0.02,884425.3,NA,"Unknown","null","LacCer(d18:1/12:0)","","HMDB0004866","NA","131675307","NA","null","null",TRUE,FALSE,NA,NA,NA
"Laccer(d18:1/16:0)","25003_pos","Laccer(d18:1/16:0)",0.09,229331.1,NA,"Unknown","null","LacCer(d18:1/16:0)","C01290","HMDB0006750","84758","53477895","NA","null","null",TRUE,TRUE,NA,NA,NA
"Lactobionic acid","11123_neg","Lactobionic acid",0.47,7.81,NA,"Unknown","null","Lactobionic acid;Sucrose alcohol","","HMDB0253945;HMDB0258549","NA;NA","60793;76411458","NA;NA","null","null",TRUE,TRUE,"Fatty acyl glycosides of mono- and disaccharides","Fatty acyls","Fatty acyl glycosides"
"Laudanosine","11712_pos","Laudanosine",0.6,115.28,"Benzylisoquinolines","no MS2: Laudanosine; LC-ESI-QTOF; MS2; CE","C21H27NO4",NA,NA,NA,NA,NA,NA,"KGPAYJZAMGEDIQ-UHFFFAOYNA-N","COC1=C(OC)C=C(CC2N(C)CCC3=CC(OC)=C(OC)C=C23)C=C1",TRUE,TRUE,NA,NA,NA
"Leucomethylene blue","8097_pos","Leucomethylene blue",0.87,220637.3,NA,"Unknown","null","Leucomethylene blue;Prothipendyl","C05721","HMDB0254034;HMDB0256870","134180;NA","NA;NA","NA;NA","null","null",TRUE,TRUE,"Phenothiazines","Benzothiazines","Phenothiazines"
"Leukotriene b4","10156_neg","Leukotriene b4",0.53,2279333,"Hydroxyeicosatetraenoic acids","no MS2: 8,15-DiHETE; LC-ESI-QIT; MS2; CE","C20H32O4","Leukotriene B4;Prostaglandin A1;12(S)-HPETE;15(S)-HPETE;Hepoxilin A3;11H-14,15-EETA;6-trans-Leukotriene B4;6-trans-12-epi-Leukotriene B4;14,15-DiHETE;17,18-DiHETE;5,15-DiHETE;8,15-DiHETE;(+/-)-11,12-Dihydroxy-5Z,8Z,14Z,17Z-eicosatetraenoic acid;12-Hydroperoxy-5,8,10,14-eicosatetraenoic acid;12-Hydroperoxy-icosatetraenoic acid;15-Hydroperoxyicosa-5,8,11,13-tetraenoic acid;5-Hydroperoxyeicosatetraenoic acid;5-Hydroperoxyicosa-6,8,11,14-tetraenoic acid;8S,15S-Dihydroxy-5Z,9E,11Z,13E-eicosatetraenoic acid;(3E,7E,11R,12E)-11-Hydroxy-3,7,11,15-tetramethyl-14-oxohexadeca-3,7,12-trienoic acid;Dihydroxyeicosatetraenoic acid","C02165;C04685;C05965;C05966;C14808;C14813","HMDB0001085;HMDB0002656;HMDB0004243;HMDB0004244;HMDB0004688;HMDB0004693;HMDB0005087;HMDB0005088;HMDB0010204;HMDB0010211;HMDB0010216;HMDB0010219;HMDB0242269;HMDB0244448;HMDB0244450;HMDB0244667;HMDB0246798;HMDB0247355;HMDB0247570;HMDB0250426;HMDB0251342","15647;15545;15626;15628;15631;NA;63981;63982;88459;88349;91286;88456;NA;NA;NA;NA;NA;NA;NA;NA;NA","5280492;5281912;5280892;5280893;5460414;11954058;5283128;5283129;16061119;16061120;5283158;53480358;73229382;1415;54462544;1440;54260564;1772;1897;NA;86007988","NA;NA;44618;NA;NA;NA;NA;NA;NA;NA;NA;NA;NA;NA;NA;NA;NA;NA;NA;NA;NA","NNPWRKSGORGTIM-HCCKYKKOSA-N","CCCCC[C@H](O)\C=C\C=C/C=C/[C@@H](O)C\C=C/CCCC(O)=O",TRUE,FALSE,NA,NA,NA
"Lificiguat","8662_neg","Lificiguat",0.2,30.11,NA,"Unknown","null","Lificiguat","","HMDB0259948","142430","NA","NA","null","null",TRUE,TRUE,"Indazoles","Benzopyrazoles","Indazoles"
"Linalyl oxide","2315_neg","Linalyl oxide",0.62,225.17,NA,"Unknown","null","Linalyl oxide;(\xc2\xb1)-cis-Linalyl oxide;4-Decenoic acid, (4E)-;3-[(1S,3R)-3-Ethylcyclopentyl]propanoic acid;Cyclooctyl acetate;1,2-Cyclohexanediol, 1-methyl-4-(1-methylethenyl)-;Sobrepin","C18020","HMDB0035907;HMDB0040726;HMDB0246405;HMDB0248059;HMDB0250662;HMDB0256048;HMDB0258357","NA;132839;NA;NA;NA;17219;NA","22310;6428573;93732;20849290;69877;NA;NA","NA;NA;NA;NA;NA;NA;NA","null","null",TRUE,TRUE,"Tetrahydrofurans","Tetrahydrofurans",NA
"Linoleic acid","7501_neg","Linoleic acid",0.93,2796.87,"Lineolic acids and derivatives","no MS2: Linoleic acid; FAB-EBEB; MS2; m/z","C18H32O2","Linoleic acid;Bovinic acid;(9E,11E)-Octadecadienoic acid;Linoelaidic acid;Dihomolinoleic acid;Octadeca-10,12-dienoic acid;17-Octadecynoic acid;7-Octadecynoic acid;8,12-Octadecadienoic acid;Octadeca-9,11-dienoic acid;9Z,12E-Octadecadienoic acid;Octadeca-2,4-dienoic acid","C01595;C04056","HMDB0000673;HMDB0003797;HMDB0005047;HMDB0006270;HMDB0061864;HMDB0244277;HMDB0244776;HMDB0247278;HMDB0247466;HMDB0247620;HMDB0247706;HMDB0255894","17351;32798;88464;75108;83063;36331;142447;NA;NA;36025;NA;NA","5280450;5280644;5282796;5282457;5282799;49823191;1449;4378574;122193;NA;3931;154212","37956;NA;NA;2217974;NA;NA;NA;NA;NA;NA;NA;NA","OYHQOLUKZRVURQ-HZJYTTRNSA-N","CCCCC\C=C/C\C=C/CCCCCCCC(O)=O",TRUE,FALSE,"Lineolic acids and derivatives","Fatty acyls","Lineolic acids and derivatives"
"Linuron","5967_neg","Linuron",0.38,38.82,NA,"Unknown","null","Linuron","C11007","HMDB0254109","6482","9502","NA","null","null",TRUE,FALSE,"N-phenylureas","Benzene and substituted derivatives","N-phenylureas"
"Lipoamide","3864_neg","Lipoamide",0.44,34.26,NA,"Unknown","null","Lipoamide","C00248","HMDB0000962","17460","863","34384","null","null",TRUE,TRUE,"Lipoamides","Dithiolanes","Lipoamides"
"Lorzafone","12816_neg","Lorzafone",0.36,15110.17,NA,"Unknown","null","LORZAFONE","","HMDB0254166","NA","54760","NA","null","null",TRUE,TRUE,NA,NA,NA
"Lucerastat","4622_pos","Lucerastat",0.8,304.58,NA,"Propionylcarnitine","null","Lucerastat","","HMDB0254192","NA","5150939","NA","null","null",TRUE,TRUE,"Piperidines","Piperidines",NA
"Luminespib","16452_pos","Luminespib",0.02,14.72,NA,"Unknown","null","Luminespib","","HMDB0254202","83656","135539077","NA","null","null",TRUE,TRUE,"Cumenes","Benzene and substituted derivatives","Cumenes"
"Lysine","1581_pos","Lysine",0.91,4037.14,NA,"Lysine","null",NA,NA,NA,NA,NA,NA,"null","null",TRUE,TRUE,NA,NA,NA
"Lysopa(0:0/16:0)","13624_neg","Lysopa(0:0/16:0)",0.49,3002756,NA,"Unknown","null","LysoPA(0:0/16:0);LysoPA(16:0/0:0);Vesatolimod","C04036","HMDB0007849;HMDB0007853;HMDB0252944","NA;64023;NA","56960317;89566;NA","NA;NA;NA","null","null",TRUE,FALSE,NA,NA,NA
"Lysopa(0:0/18:0)","14891_neg","Lysopa(0:0/18:0)",0.27,136266.4,NA,"Unknown","null","LysoPA(0:0/18:0);LysoPA(18:0/0:0)","","HMDB0007850;HMDB0007854","NA;NA","76041074;89567","NA;NA","null","null",TRUE,FALSE,NA,NA,NA
"Lysopa(18:2(9z,12z)/0:0)","14710_neg","Lysopa(18:2(9z,12z)/0:0)",0.18,1814071,NA,"Unknown","null","LysoPA(18:2(9Z,12Z)/0:0);Lexibulin","","HMDB0007856;HMDB0254071","NA;NA","20835023;56675648","NA;NA","null","null",TRUE,FALSE,NA,NA,NA
"Lysopc(14:0/0:0)","16518_pos","Lysopc(14:0/0:0)",0.44,2545961,NA,"Unknown","null","LysoPC(14:0/0:0)","","HMDB0010379","64489","460604","NA","null","null",TRUE,FALSE,NA,NA,NA
"Lysopc(14:1(9z)/0:0)","16002_neg","Lysopc(14:1(9z)/0:0)",0.16,243740.1,NA,"Unknown","null","LysoPC(14:1(9Z)/0:0)","C04230","HMDB0010380","73794","24779456","NA","null","null",TRUE,FALSE,NA,NA,NA
"Lysopc(15:0/0:0)","17046_pos","Lysopc(15:0/0:0)",0.49,3742560,NA,"Unknown","null","LysoPC(15:0/0:0);LysoPE(18:0/0:0);Palmitoyl Ara-C","C04230","HMDB0010381;HMDB0011130;HMDB0256087","131924;75036;NA","24779458;9547068;317641","NA;NA;NA","null","null",TRUE,FALSE,NA,NA,NA
"Lysopc(16:0/0:0)","17528_pos","Lysopc(16:0/0:0)",0.69,16171180,NA,"Unknown","null","LysoPC(16:0/0:0);LysoPC(0:0/16:0);1-Nonadecanoyl-glycero-3-phosphoethanolamine;1-Palmitoylphosphatidylcholine","C04230","HMDB0010382;HMDB0240262;HMDB0243971;HMDB0256091","72998;76078;NA;NA","460602;15061532;75958075;NA","NA;NA;NA;NA","null","null",TRUE,FALSE,NA,NA,NA
"Lysopc(16:1(9z)/0:0)","17466_pos","Lysopc(16:1(9z)/0:0)",0.51,43088670,NA,"Unknown","null","LysoPC(16:1(9Z)/0:0);1-(9Z-Nonadecenoyl)-glycero-3-phosphoethanolamine;(2R)-2-{[(9Z)-Hexadec-9-enoyl]oxy}-3-hydroxypropyl 2-(trimethylazaniumyl)ethyl phosphate;PC(16:1(9E)/0:0)","C04230","HMDB0010383;HMDB0243799;HMDB0245288;HMDB0256155","73851;NA;NA;NA","24779461;75958066;NA;NA","NA;NA;NA;NA","null","null",TRUE,FALSE,NA,NA,NA
"Lysopc(18:0/0:0)","18553_pos","Lysopc(18:0/0:0)",0.51,19493870,NA,"Unknown","null","LysoPC(18:0/0:0);2-Lysophosphatidylcholine","C04230","HMDB0010384;HMDB0258493","73858;NA","497299;NA","NA;NA","null","null",TRUE,FALSE,NA,NA,NA
"Lysopc(18:1(9z)/0:0)","18482_pos","Lysopc(18:1(9z)/0:0)",0.56,55730050,NA,"Unknown","null","LysoPC(18:1(9Z)/0:0);LysoPC(18:1(11Z)/0:0);LysoPC(0:0/18:1(9Z));PC(18:1(6Z)/0:0)","C04230","HMDB0002815;HMDB0010385;HMDB0061701;HMDB0256159","28610;86255;76071;NA","16081932;53480465;24779494;NA","NA;NA;NA;NA","null","null",TRUE,TRUE,NA,NA,NA
"Lysopc(18:2(9z,12z)/0:0)","18405_pos","Lysopc(18:2(9z,12z)/0:0)",0.51,17877.94,NA,"Unknown","null","LysoPC(18:2(9Z,12Z)/0:0)","","HMDB0010386","28733","11005824","NA","null","null",TRUE,FALSE,NA,NA,NA
"Lysopc(18:3(6z,9z,12z)/0:0)","18347_pos","Lysopc(18:3(6z,9z,12z)/0:0)",0.07,42.84,NA,"Unknown","null","LysoPC(18:3(6Z,9Z,12Z)/0:0);LysoPC(18:3(9Z,12Z,15Z)/0:0)","C04230","HMDB0010387;HMDB0010388","88698;133456","52924045;24779469","NA;NA","null","null",TRUE,FALSE,NA,NA,NA
"Lysopc(20:1(11z)/0:0)","19363_pos","Lysopc(20:1(11z)/0:0)",0.49,3849892,NA,"Unknown","null","LysoPC(20:1(11Z)/0:0);1-(9Z-Eicosenoyl)-sn-glycero-3-phosphocholine","C04230","HMDB0010391;HMDB0243798","88685;NA","52924051;NA","NA;NA","null","null",TRUE,FALSE,NA,NA,NA
"Lysopc(20:3(5z,8z,11z)/0:0)","19226_pos","Lysopc(20:3(5z,8z,11z)/0:0)",0.51,45038020,NA,"Unknown","null","LysoPC(20:3(5Z,8Z,11Z)/0:0);LysoPC(20:3(8Z,11Z,14Z)/0:0)","","HMDB0010393;HMDB0010394","74343;86256","53480467;52924055","NA;NA","null","null",TRUE,FALSE,NA,NA,NA
"Lysopc(20:5(5z,8z,11z,14z,17z)/0:0)","19118_pos","Lysopc(20:5(5z,8z,11z,14z,17z)/0:0)",0.42,16309610,NA,"Unknown","null","LysoPC(20:5(5Z,8Z,11Z,14Z,17Z)/0:0);1-Isopropyl-N-((6-methyl-2-oxo-4-propyl-1,2-dihydropyridin-3-yl)methyl)-6-(2-(4-methylpiperazin-1-yl)pyridin-4-yl)-1H-indazole-4-carboxamide","C04230","HMDB0010397;HMDB0252956","NA;167693","11757087;71268957","NA;NA","null","null",TRUE,FALSE,NA,NA,NA
"Lysopc(22:6(4z,7z,10z,13z,16z,19z)/0:0)","19821_pos","Lysopc(22:6(4z,7z,10z,13z,16z,19z)/0:0)",0.53,123148800,NA,"Unknown","null","LysoPC(22:6(4Z,7Z,10Z,13Z,16Z,19Z)/0:0)","C04230","HMDB0010404","73873","10415542","NA","null","null",TRUE,TRUE,NA,NA,NA
"Lysopc(p-18:0/0:0)","17973_pos","Lysopc(p-18:0/0:0)",0.2,1011116,NA,"Unknown","null","LysoPC(P-18:0/0:0)","C04230","HMDB0013122","133662","24779527","NA","null","null",TRUE,TRUE,NA,NA,NA
"Lysope(0:0/16:0)","15491_neg","Lysope(0:0/16:0)",0.51,133410.5,"2-acyl-sn-glycero-3-phosphoethanolamines","no MS2: Phosphatidylethanolamine lyso 16","C21H44NO7P","LysoPE(0:0/16:0);LysoPE(16:0/0:0);[3-[2-Aminoethoxy(hydroxy)phosphoryl]oxy-2-hydroxypropyl] hexadecanoate","","HMDB0011473;HMDB0011503;HMDB0256030","131743;73004;NA","53480922;9547069;NA","NA;NA;NA","CKPBBEOJHAPPBT-UHFFFAOYNA-N","CCCCCCCCCCCCCCCC(=O)OC(CO)COP(O)(=O)OCCN",TRUE,FALSE,NA,NA,NA
"Lysope(0:0/18:1(11z))","16547_neg","Lysope(0:0/18:1(11z))",0.47,2088157,"2-acyl-sn-glycero-3-phosphoethanolamines","no MS2: Phosphatidylethanolamine lyso 18","C23H46NO7P","LysoPE(0:0/18:1(11Z));LysoPE(0:0/18:1(9Z));LysoPE(18:1(11Z)/0:0);LysoPE(18:1(9Z)/0:0)","","HMDB0011475;HMDB0011476;HMDB0011505;HMDB0011506","NA;76088;NA;74971","53480924;53480925;53480949;9547071","NA;NA;NA;NA","FEVAUEZKXSRQPS-PFONDFGANA-N","CCCCCCCCCCCCC\C=C/CCC(=O)OC(CO)COP(O)(=O)OCCN",TRUE,FALSE,NA,NA,NA
"Lysope(0:0/18:3(6z,9z,12z))","16399_neg","Lysope(0:0/18:3(6z,9z,12z))",0.07,59.87,NA,"Unknown","null","LysoPE(0:0/18:3(6Z,9Z,12Z))","","HMDB0011478","NA","53480927","NA","null","null",TRUE,FALSE,NA,NA,NA
"Lysope(18:2(9z,12z)/0:0)","16466_neg","Lysope(18:2(9z,12z)/0:0)",0.49,2101235,"2-acyl-sn-glycero-3-phosphoethanolamines","no MS2: Phosphatidylethanolamine lyso 18","C23H44NO7P","LysoPE(18:2(9Z,12Z)/0:0)","","HMDB0011507","83058","52925130","NA","DTTGTTCKWRAIFM-HDXUUTQWNA-N","CCCCCCCCCC\C=C/C\C=C/CCC(=O)OC(CO)COP(O)(=O)OCCN",TRUE,FALSE,NA,NA,NA
"Lysope(20:0/0:0)","18056_pos","Lysope(20:0/0:0)",0.51,3462894,NA,"Unknown","null","LysoPE(20:0/0:0);LysoPC(17:0/0:0)","C04230","HMDB0011511;HMDB0012108","131690;74340","52925131;24779463","NA;NA","null","null",TRUE,FALSE,NA,NA,NA
"Lysope(22:6(4z,7z,10z,13z,16z,19z)/0:0)","18221_neg","Lysope(22:6(4z,7z,10z,13z,16z,19z)/0:0)",0.62,1424395,"2-acyl-sn-glycero-3-phosphoethanolamines","no MS2: Phosphatidylethanolamine lyso 22","C27H44NO7P","LysoPE(22:6(4Z,7Z,10Z,13Z,16Z,19Z)/0:0)","","HMDB0011526","72747","52925132","NA","TWBVHOYVCUOMJY-KUBAVDMBNA-N","CC\C=C/C\C=C/C\C=C/C\C=C/C\C=C/C\C=C/CCC(=O)OC(CO)COP(O)(=O)OCCN",TRUE,TRUE,NA,NA,NA
"Lysope(p-16:0/0:0)","14843_neg","Lysope(p-16:0/0:0)",0.16,243120.2,"Glycerophosphoethanolamines","no MS2: Phosphatidylethanolamine lyso alkenyl 16","C21H44NO6P","LysoPE(P-16:0/0:0)","","HMDB0011152","NA","42607469","NA","LULXDGNUFGVYDS-BMRADRMJNA-N","CCCCCCCCCCCCCC\C=C\OC(CO)COP(O)(=O)OCCN",TRUE,FALSE,NA,NA,NA
"Lysopi(20:4(5z,8z,11z,14z)/0:0)","20941_neg","Lysopi(20:4(5z,8z,11z,14z)/0:0)",0.33,123.35,"2-acyl-sn-glycerol-3-phosphoinositols","no MS2: Phosphatidylinositol lyso 20","C29H49O12P","LysoPI(20:4(5Z,8Z,11Z,14Z)/0:0);PI(20:4(5Z,8Z,11Z,14Z)/0:0)","","HMDB0061690;HMDB0256523","83053;NA","NA;NA","NA;NA","GCTCZDZDLCVEBR-BMBRPNNFSA-N","CCCCCC\C=C/C\C=C/C\C=C/C\C=C/CCC(=O)OC(CO)COP(O)(=O)O[C@H]1[C@H](O)[C@@H](O)[C@H](O)[C@@H](O)[C@H]1O",TRUE,FALSE,NA,NA,NA
"Lysyltyrosine","9341_pos","Lysyltyrosine",0.33,13.48,NA,"Unknown","null","Lysyltyrosine;Pro-Pro-Pro","","HMDB0028963;HMDB0256689","73608;NA","7021820;4475718","NA;NA","null","null",TRUE,TRUE,"Dipeptides","Carboxylic acids and derivatives","Amino acids, peptides, and analogues"
"Lysylvaline","6070_pos","Lysylvaline",0.87,840.61,NA,"Unknown","null","Lysylvaline;Valyllysine","","HMDB0028964;HMDB0029132","73607;75014","6992341;168058","NA;NA","null","null",TRUE,TRUE,"Dipeptides","Carboxylic acids and derivatives","Amino acids, peptides, and analogues"
"M-toluamide","1193_pos","M-toluamide",0.87,175.82,NA,"Unknown","null","m-Toluamide;4-Aminoacetophenone","","HMDB0245928;HMDB0246623","NA;NA","69253;NA","NA;NA","null","null",TRUE,TRUE,NA,NA,NA
"M1g-dr","9011_pos","M1g-dr",0.56,55944.29,NA,"Unknown","null","M1G-dR;Pyrimidopurinone","","HMDB0254284;HMDB0256981","NA;NA","72746762;100927620","NA;NA","null","null",TRUE,TRUE,NA,NA,NA
"Malic acid","1058_neg","Malic acid",0.98,9578.26,NA,"(R)-MALATE","null","Malic acid;D-Malic acid;Benzothiophene;Diglycolic acid;Pyrazolopyrimidinone;2-Carboxyoxypropanoic acid","C00149;C00497","HMDB0000156;HMDB0031518;HMDB0249003;HMDB0251283;HMDB0256955;HMDB0257720","30797;30796;35858;NA;NA;NA","222656;92824;7221;8088;NA;22712749","34045;NA;NA;NA;NA;NA","null","null",TRUE,TRUE,"Beta hydroxy acids and derivatives","Hydroxy acids and derivatives","Beta hydroxy acids and derivatives"
"Malonylcarnitine","6157_pos","Malonylcarnitine",0.84,80.47,"Sulfoxides","no MS2: 1-Isothiocyanato-9-(methylsulfinyl)-nonane; LC-ESI-QTOF; MS2; CE","C11H21NOS2","Malonylcarnitine;(+-)-Carbovir","","HMDB0002095;HMDB0242235","85470;NA","91825606;72192","NA;NA","MQFLXLMNOHHPTC-UHFFFAOYNA-N","CS(=O)CCCCCCCCCN=C=S",TRUE,TRUE,"Acyl carnitines","Fatty acyls","Fatty acid esters"
"Malonylglycine","4510_neg","Malonylglycine",0.36,47.95,NA,"Unknown","null","Malonylglycine","","HMDB0240730","NA","15909779","NA","null","null",TRUE,TRUE,NA,NA,NA
"Malptll","24908_pos","Malptll",0.07,1087095,NA,"Unknown","null","Malptll","","HMDB0254317","NA","44216440","NA","null","null",TRUE,FALSE,"Oligopeptides","Carboxylic acids and derivatives","Amino acids, peptides, and analogues"
"Mannitol","2812_neg","Mannitol",0.71,123.05,NA,"MANNITOL","null",NA,NA,NA,NA,NA,NA,"null","null",TRUE,FALSE,"Sugar alcohols","Organooxygen compounds","Carbohydrates and carbohydrate conjugates"
"Mcpa-thioethyl","5999_pos","Mcpa-thioethyl",0.2,18.63,NA,"Unknown","null","MCPA-thioethyl","C18741","HMDB0254367","NA","32876","NA","null","null",TRUE,FALSE,NA,NA,NA
"Menadione bisulfite","6214_neg","Menadione bisulfite",0.82,157.46,NA,"Unknown","null","Menadione bisulfite","","HMDB0254432","63930","8536","NA","null","null",TRUE,TRUE,"Naphthoquinones","Naphthalenes","Naphthoquinones"
"Mesuol","13311_pos","Mesuol",0.62,1207149,NA,"Unknown","null","Mesuol","","HMDB0254487","NA","5277586","NA","null","null",TRUE,TRUE,"Prenylated neoflavonoids","Neoflavonoids","Prenylated neoflavonoids"
"Metampicillin","11253_neg","Metampicillin",0.44,18.71,"Phenoxyacetic acid derivatives","no MS2: Bezafibrate; LC-ESI-ITFT; MS2; CE","C19H20ClNO4","metampicillin;5-Methoxy-2-[(4-methoxy-3,5-dimethylpyridin-2-yl)methylsulfinyl]-1H-benzimidazol-4-ol","","HMDB0254503;HMDB0257925","NA;NA","4084;16124521","NA;NA","IIBYAHWJQTYFKB-UHFFFAOYSA-N","CC(C)(OC1=CC=C(CCNC(=O)C2=CC=C(Cl)C=C2)C=C1)C(O)=O",TRUE,TRUE,NA,NA,NA
"Metergoline","13839_pos","Metergoline",0.84,70.56,NA,"Unknown","null","metergoline","","HMDB0254511","91619","4090","NA","null","null",TRUE,FALSE,NA,NA,NA
"Methionine sulfoxide","2301_pos","Methionine sulfoxide",0.87,80.87,NA,"Methionine Sulfoxide","null",NA,NA,NA,NA,NA,NA,"null","null",TRUE,TRUE,"L-alpha-amino acids","Carboxylic acids and derivatives","Amino acids, peptides, and analogues"
"Methotrimeprazine sulfoxide","11082_pos","Methotrimeprazine sulfoxide",0.4,14.94,NA,"Unknown","null","Methotrimeprazine sulfoxide","","HMDB0254540","NA","165566","NA","null","null",TRUE,TRUE,"Phenothiazines","Benzothiazines","Phenothiazines"
"Methyl (1r,2r)-2-ethyl-2,5,7,10-tetrahydroxy-6,11-dioxo-3,4-dihydro-1h-tetracene-1-carboxylate","14202_pos","Methyl (1r,2r)-2-ethyl-2,5,7,10-tetrahydroxy-6,11-dioxo-3,4-dihydro-1h-tetracene-1-carboxylate",0.44,6023.47,NA,"Unknown","null","Methyl (1R,2R)-2-ethyl-2,5,7,10-tetrahydroxy-6,11-dioxo-3,4-dihydro-1H-tetracene-1-carboxylate;Peperomin E","","HMDB0245606;HMDB0256298","NA;NA","15559457;NA","NA;NA","null","null",TRUE,TRUE,NA,NA,NA
"Methyl 2-(3-(((3-(6-amino-2-butoxy-8-oxo-7,8-dihydro-9h-purin-9-yl)propyl)(3-morpholinopropyl)amino)methyl)phenyl)acetate","19625_neg","Methyl 2-(3-(((3-(6-amino-2-butoxy-8-oxo-7,8-dihydro-9h-purin-9-yl)propyl)(3-morpholinopropyl)amino)methyl)phenyl)acetate",0.31,475119.1,NA,"Unknown","null","Methyl 2-(3-(((3-(6-amino-2-butoxy-8-oxo-7,8-dihydro-9H-purin-9-yl)propyl)(3-morpholinopropyl)amino)methyl)phenyl)acetate","","HMDB0248790","NA","11592228","NA","null","null",TRUE,FALSE,NA,NA,NA
"Methyl beta-d-galactoside","3337_neg","Methyl beta-d-galactoside",0.87,535.7,NA,"METHYL BETA-D-GALACTOSIDE","null",NA,NA,NA,NA,NA,NA,"null","null",TRUE,TRUE,NA,NA,NA
"Methylmalonic acid","578_neg","Methylmalonic acid",0.98,1697.29,NA,"SUCCINATE","null","Methylmalonic acid;Succinic acid","C02170;C00042","HMDB0000202;HMDB0000254","30860;15741","487;1738118","NA;NA","null","null",TRUE,TRUE,"Dicarboxylic acids and derivatives","Carboxylic acids and derivatives","Dicarboxylic acids and derivatives"
"Mg(0:0/20:4(5z,8z,11z,14z)/0:0)","12104_neg","Mg(0:0/20:4(5z,8z,11z,14z)/0:0)",0.29,410641.9,NA,"Unknown","null","MG(0:0/20:4(5Z,8Z,11Z,14Z)/0:0);MG(0:0/20:4(8Z,11Z,14Z,17Z)/0:0);MG(20:4(5Z,8Z,11Z,14Z)/0:0/0:0);MG(20:4(8Z,11Z,14Z,17Z)/0:0/0:0);1-Arachidonoylglycerol;Eicosa-5,8,11,14-tetraenoic acid 1,3-dihydroxypropan-2-yl ester;24-Nor Ursodeoxycholic Acid;Antalarmin;METENEPROST;TRIMOPROSTIL","C13856","HMDB0004666;HMDB0011549;HMDB0011578;HMDB0011579;HMDB0243830;HMDB0245032;HMDB0245660;HMDB0248455;HMDB0254509;HMDB0259247","52392;NA;34071;NA;NA;NA;NA;139557;NA;NA","5282280;44422842;16019980;53480987;NA;1541;14312278;NA;3028542;76108190","NA;NA;NA;NA;NA;NA;NA;NA;NA;NA","null","null",TRUE,FALSE,NA,NA,NA
"Miloxacin","6968_pos","Miloxacin",0.02,11.03,NA,"Unknown","null","Miloxacin;GRK2 Inhibitor","","HMDB0254734;HMDB0260320","NA;NA","NA;2295","NA;NA","null","null",TRUE,FALSE,"Quinoline carboxylic acids","Quinolines and derivatives","Quinoline carboxylic acids"
"Monascin","11776_pos","Monascin",0.04,7.99,"21-hydroxysteroids","no MS2: Prednisone; LC-ESI-QTOF; MS2; CE","C21H26O5","Monascin","","HMDB0254840","NA","73198325","NA","XOFYZVNMUHMLCC-UHFFFAOYNA-N","CC12CC(=O)C3C(CCC4=CC(=O)C=CC34C)C1CCC2(O)C(=O)CO",TRUE,TRUE,"Cyclohexenones","Organooxygen compounds","Carbonyl compounds"
"Monoacetyldapsone hydroxylamine","9162_pos","Monoacetyldapsone hydroxylamine",0.36,14.86,NA,"Unknown","null","Monoacetyldapsone hydroxylamine","","HMDB0254847","NA","169449","NA","null","null",TRUE,TRUE,"Acetanilides","Benzene and substituted derivatives","Anilides"
"Monoisoamyl 2,3-dimercaptosuccinate","6408_pos","Monoisoamyl 2,3-dimercaptosuccinate",0.33,67.66,NA,"Unknown","null","Monoisoamyl 2,3-dimercaptosuccinate;Monoisoamyl dimercaptosuccinic acid;Tretazicar;4-(3-Methylbutoxy)-4-oxo-2,2-bis(sulfanyl)butanoic acid","","HMDB0244613;HMDB0257778;HMDB0259127;HMDB0260275","NA;NA;NA;NA","10037868;21124312;NA;91235555","NA;NA;NA;NA","null","null",TRUE,TRUE,"Thia fatty acids","Fatty acyls","Fatty acids and conjugates"
"Myo-inositol glutamate","9524_neg","Myo-inositol glutamate",0.2,5.76,NA,"Unknown","null","Myo-inositol glutamate","","HMDB0254974","NA","NA","NA","null","null",TRUE,TRUE,"Alpha amino acid esters","Carboxylic acids and derivatives","Amino acids, peptides, and analogues"
"Myristic acid","5039_neg","Myristic acid",0.87,329.95,NA,"Unknown","null","Myristic acid;12-Methyltridecanoic acid;Ethyl dodecanoate;10-Methyltridecanoic acid","C06424","HMDB0000806;HMDB0031072;HMDB0033788;HMDB0061781","28875;43722;87427;90062","11005;520298;7800;22251834","215851;NA;NA;NA","null","null",TRUE,FALSE,"Long-chain fatty acids","Fatty acyls","Fatty acids and conjugates"
"N'-[(4-oxo-4h-chromen-3-yl)methylene]nicotinohydrazide","8084_neg","N'-[(4-oxo-4h-chromen-3-yl)methylene]nicotinohydrazide",0.29,100636.6,NA,"Unknown","null","""N'-[(4-Oxo-4H-chromen-3-yl)methylene]nicotinohydrazide""","","HMDB0258486","87662","2726045","NA","null","null",TRUE,FALSE,NA,NA,NA
"N(1)-ethylchlorpropamide","8651_neg","N(1)-ethylchlorpropamide",0.71,50.42,NA,"Unknown","null","N(1)-Ethylchlorpropamide","","HMDB0255281","NA","362592","NA","null","null",TRUE,TRUE,NA,NA,NA
"N(4)-acetylsulfadiazine","8441_pos","N(4)-acetylsulfadiazine",0.33,38.45,"Benzenesulfonamides","no MS2: N4-Acetylsulfadiazine; LC-ESI-ITFT; MS2; CE","C12H12N4O3S","N(4)-Acetylsulfadiazine;N-acetylsulphadiazine","","HMDB0244494;HMDB0255076","83458;NA","NA;10039965","NA;NA","NJIZUWGMNCUKGU-UHFFFAOYSA-N","CC(O)=NC1=CC=C(C=C1)S(=O)(=O)NC1=NC=CC=N1",TRUE,FALSE,NA,NA,NA
"N(6)-methyllysine","2126_pos","N(6)-methyllysine",0.87,869.77,"Beta amino acids and derivatives","no MS2: (3S)-3,7-diaminoheptanoic acid; LC-ESI-QTOF; MS2; CE","C7H16N2O2","N(6)-Methyllysine;N2-Methyl-L-lysine;Emeriamine","C02728","HMDB0002038;HMDB0240689;HMDB0251771","17604;21756;NA","164795;NA;5071774","NA;NA;NA","PJDINCOFOROBQW-LURJTMIESA-N","NCCCC[C@H](N)CC(O)=O",TRUE,TRUE,NA,NA,NA
"N,n'-di-1,2,3,4-tetrahydroacridin-9-ylheptane-1,7-diamine","17040_neg","N,n'-di-1,2,3,4-tetrahydroacridin-9-ylheptane-1,7-diamine",0.04,16.36,NA,"Unknown","null","""N,N'-Di-1,2,3,4-Tetrahydroacridin-9-Ylheptane-1,7-Diamine""","","HMDB0249253","138435","NA","NA","null","null",TRUE,FALSE,NA,NA,NA
"N,n-dimethylformamide dimethyl acetal","576_pos","N,n-dimethylformamide dimethyl acetal",0.98,4775.34,NA,"5-AMINOPENTANOATE","null","N,N-Dimethylformamide dimethyl acetal","","HMDB0255265","85061","78373","NA","null","null",TRUE,TRUE,NA,NA,NA
"N-(2,3,4-trihydroxybutyl)-l-valine","4664_neg","N-(2,3,4-trihydroxybutyl)-l-valine",0.84,58.11,NA,"Pantothenic Acid","null","N-(2,3,4-Trihydroxybutyl)-L-valine;p-Hydroxyphenylethylbiguanide","","HMDB0254995;HMDB0259540","NA;NA","76045192;10013772","NA;NA","null","null",TRUE,TRUE,NA,NA,NA
"N-(2-hydroxypropyl)valine","2742_pos","N-(2-hydroxypropyl)valine",0.87,226.24,NA,"Unknown","null","N-(2-Hydroxypropyl)valine;N-(3-Hydroxypropyl)valine;Statine","","HMDB0254992;HMDB0255001;HMDB0258487","NA;NA;NA","21121256;43468391;3387569","NA;NA;NA","null","null",TRUE,TRUE,NA,NA,NA
"N-(3,5-dichlorophenyl)succinimide","5718_neg","N-(3,5-dichlorophenyl)succinimide",0.47,30.19,NA,"Unknown","null","N-(3,5-Dichlorophenyl)succinimide;1-(3,5-Dichlorophenyl)pyrrole-2,5-diol","C10987","HMDB0251374;HMDB0260233","NA;NA","NA;53886988","NA;NA","null","null",TRUE,TRUE,NA,NA,NA
"N-(4-(4-amino-2-ethyl-imidazo(4,5-c)quinolin-1-yl)butyl)methanesulfonamide","11823_pos","N-(4-(4-amino-2-ethyl-imidazo(4,5-c)quinolin-1-yl)butyl)methanesulfonamide",0.64,621.27,NA,"Melibiose","null","N-(4-(4-Amino-2-ethyl-imidazo(4,5-c)quinolin-1-yl)butyl)methanesulfonamide","","HMDB0259491","NA","NA","NA","null","null",TRUE,TRUE,NA,NA,NA
"N-(4-methoxybenzyl)-n'-(5-nitro-1,3-thiazol-2-yl)urea","8858_neg","N-(4-methoxybenzyl)-n'-(5-nitro-1,3-thiazol-2-yl)urea",0.38,56.69,NA,"Unknown","null","""N-(4-Methoxybenzyl)-N'-(5-nitro-1,3-thiazol-2-YL)urea""","","HMDB0248543","NA","NA","NA","null","null",TRUE,TRUE,NA,NA,NA
"N-(6-aminopyridin-2-yl)-4'-cyanobiphenyl-4-sulfonamide","10757_neg","N-(6-aminopyridin-2-yl)-4'-cyanobiphenyl-4-sulfonamide",0.07,65.23,NA,"Unknown","null","""N-(6-Aminopyridin-2-yl)-4'-cyanobiphenyl-4-sulfonamide""","","HMDB0256368","NA","NA","NA","null","null",TRUE,TRUE,NA,NA,NA
"N-(carboxymethyl)-n-(2-((carboxymethyl)amino)ethyl)glycine","5317_neg","N-(carboxymethyl)-n-(2-((carboxymethyl)amino)ethyl)glycine",0.87,348.92,NA,"Unknown","null","N-(Carboxymethyl)-N-(2-((carboxymethyl)amino)ethyl)glycine;Glutamine lactate;Tris(carboxymethyl)ethylenediamine","","HMDB0247201;HMDB0252811;HMDB0257993","132232;NA;NA","167782;129691591;21947007","NA;NA;NA","null","null",TRUE,TRUE,NA,NA,NA
"N-(p-toluenesulfonyl)-l-phenylalanine","9807_pos","N-(p-toluenesulfonyl)-l-phenylalanine",0.71,123850.7,NA,"Unknown","null","N-(p-Toluenesulfonyl)-L-phenylalanine","","HMDB0244558","NA","309599","NA","null","null",TRUE,FALSE,NA,NA,NA
"N-[(1-chloro-4-hydroxyisoquinolin-3-yl)carbonyl]glycine","7471_neg","N-[(1-chloro-4-hydroxyisoquinolin-3-yl)carbonyl]glycine",0.31,16.67,NA,"Unknown","null","N-[(1-Chloro-4-hydroxyisoquinolin-3-YL)carbonyl]glycine","","HMDB0252244","NA","NA","NA","null","null",TRUE,TRUE,NA,NA,NA
"N-[2-[(r)-[3-methyl-4-(2,2,2-trifluoroethoxy)pyridin-2-yl]methylsulfinyl]-1h-pyrrol-3-yl]benzamide","14827_neg","N-[2-[(r)-[3-methyl-4-(2,2,2-trifluoroethoxy)pyridin-2-yl]methylsulfinyl]-1h-pyrrol-3-yl]benzamide",0.07,9.38,NA,"Unknown","null","N-[2-[(R)-[3-Methyl-4-(2,2,2-trifluoroethoxy)pyridin-2-yl]methylsulfinyl]-1H-pyrrol-3-yl]benzamide","","HMDB0260408","NA","NA","NA","null","null",TRUE,TRUE,NA,NA,NA
"N-[2-[4-[[3-butyl-5-oxo-1-[2-(trifluoromethyl)phenyl]-1,2,4-triazol-4-yl]methyl]phenyl]phenyl]sulfonyl-3-methyl-2-thiophenecarboxamide","21650_neg","N-[2-[4-[[3-butyl-5-oxo-1-[2-(trifluoromethyl)phenyl]-1,2,4-triazol-4-yl]methyl]phenyl]phenyl]sulfonyl-3-methyl-2-thiophenecarboxamide",0.09,56181.98,NA,"Unknown","null","N-[2-[4-[[3-Butyl-5-oxo-1-[2-(trifluoromethyl)phenyl]-1,2,4-triazol-4-yl]methyl]phenyl]phenyl]sulfonyl-3-methyl-2-thiophenecarboxamide;N-[2-[4-[[3-Butyl-5-oxo-1-[2-(trifluoromethyl)phenyl]-1,2,4-triazol-4-yl]methyl]phenyl]phenyl]sulfonyl-5-methylthiophene-2-carboxamide","","HMDB0253847;HMDB0260317","NA;NA","9961192;5312129","NA;NA","null","null",TRUE,FALSE,NA,NA,NA
"N-a-acetyl-l-arginine","4585_pos","N-a-acetyl-l-arginine",0.87,1515.38,NA,"N-A-Acetyl-L-Arginine","null",NA,NA,NA,NA,NA,NA,"null","null",TRUE,TRUE,NA,NA,NA
"N-acetyl-d-glucosamine 6-phosphate","8505_neg","N-acetyl-d-glucosamine 6-phosphate",0.33,34128.18,NA,"N-Acetyl-D-Glucosamine 6-Phosphate","null","N-Acetyl-D-Glucosamine 6-Phosphate;N-Acetyl-glucosamine 1-phosphate;(5-Acetamido-3,4,6-trihydroxyoxan-2-yl)methyl dihydrogen phosphate","C00357;C04256","HMDB0001062;HMDB0001367;HMDB0252741","15784;7125;NA","440996;440272;898","34733;43457;NA","null","null",TRUE,FALSE,NA,NA,NA
"N-acetyl-l-aspartic acid","2508_neg","N-acetyl-l-aspartic acid",0.84,1549.01,NA,"N-Acetyl-L-Aspartic Acid","null","N-Acetyl-L-aspartic acid;Alanine pyruvate;Dimethyloxalylglycine","C01042","HMDB0000812;HMDB0248106;HMDB0251540","21547;NA;102218","65065;129630236;NA","36685;NA;NA","null","null",TRUE,TRUE,NA,NA,NA
"N-acetyl-l-glutamate","3289_pos","N-acetyl-l-glutamate",0.87,408.36,NA,"N-Acetyl-L-glutamate","null",NA,NA,NA,NA,NA,NA,"null","null",TRUE,TRUE,NA,NA,NA
"N-acetyl-l-methionine","3208_neg","N-acetyl-l-methionine",0.87,151.3,NA,"Unknown","null","N-Acetyl-L-methionine;L-Cysteine, N-acetyl-, ethyl ester;N-Acetyl-dl-penicillamine;N-Isobutyryl-L-cysteine","C02712","HMDB0011745;HMDB0247004;HMDB0255055;HMDB0255162","21557;NA;NA;NA","448580;15406917;27372;3414365","NA;NA;NA;NA","null","null",TRUE,FALSE,NA,NA,NA
"N-acetyl-l-phenylalanine","4014_pos","N-acetyl-l-phenylalanine",0.69,33.96,NA,"Phenylpropionylglycine","null","N-Acetyl-L-phenylalanine;Phenylpropionylglycine;3,4-Dimethylhippuric acid;Methylone;N-Acetyl-DL-phenylalanine;THURFYL NICOTINATE","C03519;C20126","HMDB0000512;HMDB0000860;HMDB0246035;HMDB0254656;HMDB0255056;HMDB0259050","16259;266653;NA;NA;21626;NA","74839;152323;152464;45789647;2000;NA","NA;NA;NA;NA;NA;NA","null","null",TRUE,TRUE,NA,NA,NA
"N-acetyl-l-tyrosine","4810_pos","N-acetyl-l-tyrosine",0.82,319.38,NA,"N-Acetyl-L-Tyrosine","null",NA,NA,NA,NA,NA,NA,"null","null",TRUE,TRUE,NA,NA,NA
"N-acetyl-s-allylcysteine","3761_neg","N-acetyl-s-allylcysteine",0.02,3.03,NA,"Unknown","null","N-Acetyl-S-allylcysteine","","HMDB0240543","NA","152467","NA","null","null",TRUE,FALSE,NA,NA,NA
"N-acetylaspartylglutamic acid","9060_pos","N-acetylaspartylglutamic acid",0.84,84755.02,NA,"Unknown","null","N-Acetylaspartylglutamic acid;Flobufen;N-Acetyl-1-aspartylglutamic acid;Propaphos","C12270;C12270;C19013","HMDB0001067;HMDB0252307;HMDB0255414;HMDB0256818","73688;NA;95120;38858","188803;NA;5255;NA","NA;NA;NA;NA","null","null",TRUE,TRUE,NA,NA,NA
"N-acetylcystathionine","7030_pos","N-acetylcystathionine",0.42,13.89,NA,"Unknown","null","N-Acetylcystathionine;Phenyl 1-hydroxy-2-naphthoate","","HMDB0002381;HMDB0256421","88610;NA","152314;NA","NA;NA","null","null",TRUE,TRUE,NA,NA,NA
"N-acetylgalactosamine","4721_pos","N-acetylgalactosamine",0.44,53.1,NA,"O-SUCCINYL-L-HOMOSERINE","null","N-Acetylgalactosamine;N-Acetyl-D-glucosamine;beta-N-Acetylglucosamine;N-Acetyl-b-D-galactosamine;N-Acetylmannosamine;N-((2R,3R,4R,5R)-3,4,5,6-Tetrahydroxy-1-oxohexan-2-yl)acetamide;2-(Acetylamino)-2-deoxy-alpha-D-mannopyranose;(2R,5S)-5-Amino-1,2,6,7-tetrahydroxyoctane-3,4-dione","C01074;C00140;C03878;C05021;C00645;C02711","HMDB0000212;HMDB0000215;HMDB0000803;HMDB0000853;HMDB0001129;HMDB0244808;HMDB0248228;HMDB0255319","40356;506227;28009;28497;63154;NA;7203;NA","84265;439174;24139;440552;11096158;343911;899;76090650","36880;34006;NA;NA;35606;NA;NA;NA","null","null",TRUE,TRUE,NA,NA,NA
"N-acetylgalactosamine 4-sulphate","8496_neg","N-acetylgalactosamine 4-sulphate",0.44,61.82,NA,"Unknown","null","N-Acetylgalactosamine 4-sulphate;N-Acetylglucosamine 6-sulfate;2-(Acetylamino)-2-Deoxy-6-O-Sulfo-alpha-D-Glucopyranose","C16265;C04132","HMDB0000781;HMDB0000814;HMDB0244937","44391;28132;NA","446101;440235;5195972","NA;NA;NA","null","null",TRUE,TRUE,NA,NA,NA
"N-acetylglutamic acid","3182_pos","N-acetylglutamic acid",0.38,44.06,NA,"N-Acetylglutamic Acid","null",NA,NA,NA,NA,NA,NA,"null","null",TRUE,FALSE,NA,NA,NA
"N-acetylglutamine","3244_pos","N-acetylglutamine",0.87,454.16,NA,"N-Acetylglutamine","null","N-Acetylglutamine;gamma-Glutamylacetamide;H-Hyp-gly-OH;tetrahydroxybutylimidazole","","HMDB0006029;HMDB0252618;HMDB0253018;HMDB0258912","21553;NA;NA;NA","182230;76082401;559549;129829215","NA;NA;NA;NA","null","null",TRUE,TRUE,NA,NA,NA
"N-acetylhistidine","3480_neg","N-acetylhistidine",0.49,1036.46,NA,"Unknown","null","N-Acetylhistidine","C02997","HMDB0032055","16437","75619","NA","null","null",TRUE,TRUE,NA,NA,NA
"N-acetylkynurenine","6061_neg","N-acetylkynurenine",0.44,36.69,NA,"Unknown","null","N-Acetylkynurenine;Benzenebutanoic acid, alpha-(acetylamino)-2-amino-gamma-oxo-","","HMDB0240342;HMDB0245586","NA;NA","54201144;5231549","NA;NA","null","null",TRUE,TRUE,NA,NA,NA
"N-acetylneuraminic acid","8910_neg","N-acetylneuraminic acid",0.87,245.08,NA,"N-ACETYLNEURAMINATE","null","N-Acetylneuraminic acid;3h-Sialic acid;Glucose-6-glutamate;9-O-Acetylneuraminic acid;Aceneuramic acid","C19910","HMDB0000230;HMDB0246275;HMDB0252776;HMDB0255839;HMDB0259583","45744;NA;NA;NA;NA","445063;906;71336986;3266376;349962","NA;NA;NA;NA;NA","null","null",TRUE,TRUE,NA,NA,NA
"N-acetyltaurine","2176_neg","N-acetyltaurine",0.78,3801.59,NA,"Unknown","null","N-Acetyltaurine","","HMDB0240253","84415","NA","NA","null","null",TRUE,TRUE,NA,NA,NA
"N-acetyltryptophan","5899_neg","N-acetyltryptophan",0.71,451.89,NA,"BIOTIN","null","N-Acetyltryptophan;3-Phenylacetylamino-2,6-piperidinedione;5-Ethyl-5-p-tolylbarbituric acid;indolepropionylglycine;N-Acetyl-D-tryptophan","","HMDB0013713;HMDB0245972;HMDB0246784;HMDB0253470;HMDB0255052","74640;NA;NA;NA;70976","700653;157096;104245;129691959;2002","NA;NA;NA;NA;NA","null","null",TRUE,TRUE,NA,NA,NA
"N-alpha-acetyllysine","3255_pos","N-alpha-acetyllysine",0.87,214.66,NA,"N-Alpha-Acetyllysine","null",NA,NA,NA,NA,NA,NA,"null","null",TRUE,TRUE,NA,NA,NA
"N-arachidonoylglycine","11939_pos","N-arachidonoylglycine",0.22,19.03,NA,"Unknown","null","N-Arachidonoylglycine;6-(6-(3r-Hydroxy-1e,5z-undecadien-1-yl)-2-pyridinyl)-1,5s-hexanediol","","HMDB0005096;HMDB0244441","58961;NA","5283389;6610320","NA;NA","null","null",TRUE,FALSE,NA,NA,NA
"N-benzylglucamine dithiocarbamate","10613_neg","N-benzylglucamine dithiocarbamate",0.49,74.97,NA,"Unknown","null","N-Benzylglucamine dithiocarbamate","","HMDB0249172","NA","179865","NA","null","null",TRUE,TRUE,NA,NA,NA
"N-demethoxylinuron","4656_pos","N-demethoxylinuron",0.84,18.8,"N-phenylureas","no MS2: Diuron-desmethyl; LC-ESI-ITFT; MS2; CE","C8H8Cl2N2O","N-Demethoxylinuron","","HMDB0255108","83466","19113","NA","IDQHRQQSSQDLTR-UHFFFAOYSA-N","CN=C(O)NC1=CC(Cl)=C(Cl)C=C1",TRUE,TRUE,NA,NA,NA
"N-desisopropyl pentisomide","7365_neg","N-desisopropyl pentisomide",0.31,86618.21,NA,"Unknown","null","N-Desisopropyl Pentisomide","","HMDB0255116","NA","129207","NA","null","null",TRUE,FALSE,NA,NA,NA
"N-ethyl-n'-nitro-n-nitrosoguanidine","2143_pos","N-ethyl-n'-nitro-n-nitrosoguanidine",0.13,49.33,NA,"Unknown","null","""N-Ethyl-N'-nitro-N-nitrosoguanidine""","","HMDB0255134","NA","20238","NA","null","null",TRUE,TRUE,NA,NA,NA
"N-formyl-l-methionine","2596_neg","N-formyl-l-methionine",0.87,922.76,NA,"N-Formyl-L-Methionine","null","N-Formyl-L-methionine;N-Acetyl-DL-homocysteine;N-Formyl-DL-methionine;2-Amino-3-propylsulfinylprop-2-enoic acid","C03145","HMDB0001015;HMDB0255054;HMDB0255142;HMDB0255372","16552;NA;NA;NA","439750;108348;911;91332461","NA;NA;NA;NA","null","null",TRUE,TRUE,NA,NA,NA
"N-heptanoylglycine","3205_pos","N-heptanoylglycine",0.78,439.23,NA,"Unknown","null","N-Heptanoylglycine;8-Amino-7-oxononanoic acid;1-Hydroxy-2,2,5,5-tetramethylpyrrolidine-3-carboxylic acid;Pivagabine;L-Valine, N-(2-hydroxy-3-butenyl)-","C01092","HMDB0013010;HMDB0240687;HMDB0243895;HMDB0246575;HMDB0253927","74433;149468;NA;NA;NA","10932172;448124;92169;NA;71342819","NA;NA;NA;NA;NA","null","null",TRUE,TRUE,NA,NA,NA
"N-hydroxy-2(r)-[[(4-methoxyphenyl)sulfonyl](3-picolyl)amino]-3-methylbutanamide hydrochloride","12825_neg","N-hydroxy-2(r)-[[(4-methoxyphenyl)sulfonyl](3-picolyl)amino]-3-methylbutanamide hydrochloride",0.33,5.62,NA,"Unknown","null","N-Hydroxy-2(R)-[[(4-methoxyphenyl)sulfonyl](3-picolyl)amino]-3-methylbutanamide hydrochloride;Pentetic acid;4-(2-Aminoethylamino)-3-[bis(carboxymethyl)amino]-3-(carboxymethyl)hexanedioic acid","","HMDB0249875;HMDB0256284;HMDB0257978","NA;35739;NA","4626827;NA;20065480","NA;NA;NA","null","null",TRUE,TRUE,NA,NA,NA
"N-lactoylleucine","3769_neg","N-lactoylleucine",0.87,200.15,"Hydropyrimidines","no MS2: 6-(gamma,gamma-Dimethylallylamino)purine; LC-ESI-QTOF; MS2; CE","C10H13N5","N-Lactoylleucine;1-Carboxyethylleucine;N-(3-Methylbut-2-EN-1-YL)-9H-purin-6-amine;Glutamic acid diethyl ester","C04083","HMDB0062176;HMDB0240626;HMDB0245646;HMDB0252807","NA;NA;17660;NA","57329455;NA;92180;408343","NA;NA;NA;NA","XVVUABVHOSCDJP-UHFFFAOYNA-N","CC(C)=CCN=C1N=CNC2=NC=NC12",TRUE,TRUE,NA,NA,NA
"N-lactoylphenylalanine","5458_neg","N-lactoylphenylalanine",0.44,35.05,NA,"Unknown","null","N-Lactoylphenylalanine;1-Carboxyethylphenylalanine;4-Nitrophenyl hexanoate;6,7-Dimethoxy-1,2,3,4-tetrahydroisoquinoline-3-carboxylic acid;Isopropyl N-acetoxy-N-phenylcarbamate;L-Glutamic acid 5-benzyl ester","","HMDB0062175;HMDB0240628;HMDB0246542;HMDB0247110;HMDB0247993;HMDB0250759","NA;NA;NA;NA;NA;NA","11075454;127261991;567162;3160572;20186;95441","NA;NA;NA;NA;NA;NA","null","null",TRUE,FALSE,NA,NA,NA
"N-methacryloyl-l-glutamic acid","4510_pos","N-methacryloyl-l-glutamic acid",0.87,385.87,"6-alkylaminopurines","no MS2: Kinetin; LC-ESI-QTOF; MS2; CE","C10H9N5O","N-Methacryloyl-L-glutamic acid","","HMDB0255166","NA","22244854","NA","QANMHLXAZMSUEX-UHFFFAOYSA-N","C(NC1=C2N=CN=C2NC=N1)C1=CC=CO1",TRUE,TRUE,NA,NA,NA
"N-nitrosodiethanolamine","1111_pos","N-nitrosodiethanolamine",0.89,2900,NA,"3-UREIDOPROPIONATE","null","N-NITROSODIETHANOLAMINE;N,N-Bis(1-hydroxyethyl)nitrous amide","C19278","HMDB0255203;HMDB0257609","NA;NA","14223;22752115","NA;NA","null","null",TRUE,TRUE,NA,NA,NA
"N-propionylmethionine","3925_pos","N-propionylmethionine",0.78,58.82,NA,"5-Methoxyindoleacetate","null","N-Propionylmethionine","","HMDB0094704","137541","21117855","NA","null","null",TRUE,TRUE,NA,NA,NA
"N-trifluoroacetylprolyl chloride","5058_neg","N-trifluoroacetylprolyl chloride",0.27,9.28,NA,"Unknown","null","N-Trifluoroacetylprolyl chloride","","HMDB0246206","NA","3389389","NA","null","null",TRUE,FALSE,NA,NA,NA
"N1-methyl-2-pyridone-5-carboxamide","1786_pos","N1-methyl-2-pyridone-5-carboxamide",0.91,3177.5,NA,"Unknown","null","N1-Methyl-2-pyridone-5-carboxamide;N1-Methyl-4-pyridone-3-carboxamide;1,3-Benzodioxole-5,6-diamine;2-(Pyridin-2-ylamino)acetic acid;2-Hydroxybenzohydrazide;N-Methyl-4-oxo-1,4-dihydropyridine-3-carboxamide;4-Hydroxybenzohydrazide;Ethyl 2,3-dicyanopropionate;Methyl pyridone carboxamide;N-Methyl-4-nitroaniline;n-methyl-6-oxo-1,6-dihydropyridine-3-carboxamide","C05842;C05843","HMDB0004193;HMDB0004194;HMDB0244157;HMDB0244956;HMDB0245152;HMDB0246137;HMDB0246451;HMDB0252027;HMDB0254609;HMDB0255170;HMDB0255171","27410;27838;NA;NA;NA;NA;NA;NA;NA;NA;NA","69698;440810;3080788;193885;13637;160670;1742;10725530;129716613;7483;70510","NA;NA;NA;NA;NA;NA;NA;NA;NA;NA;NA","null","null",TRUE,TRUE,NA,NA,NA
"N2,n2-dimethylguanosine","9441_pos","N2,n2-dimethylguanosine",0.51,126.84,NA,"Unknown","null","N2,N2-Dimethylguanosine","","HMDB0004824","19289","92919","NA","null","null",TRUE,TRUE,NA,NA,NA
"N2-acetylornithine","2488_neg","N2-acetylornithine",0.56,14.65,"N-acyl-L-alpha-amino acids","no MS2: N-alpha-Acetyl-L-ornithine; LC-ESI-QTOF; MS2; CE","C7H14N2O3","N2-Acetylornithine;Glycylvaline;Valylglycine;L-Theanine;Formyllysine;val-gly","C00437;C01047","HMDB0003357;HMDB0028854;HMDB0029127;HMDB0034365;HMDB0252452;HMDB0259740","16543;73922;73699;17394;NA;NA","439232;2724807;6993110;439378;12679627;136487","34982;NA;NA;NA;NA;NA","JRLGPAXAGHMNOL-LURJTMIESA-N","CC(O)=N[C@@H](CCCN)C(O)=O",TRUE,FALSE,NA,NA,NA
"N2-gamma-glutamylglutamine","7610_pos","N2-gamma-glutamylglutamine",0.84,61.05,NA,"Unknown","null","N2-gamma-Glutamylglutamine;N-gamma-Glutamylglutamine","C05283","HMDB0011738;HMDB0029147","73707;NA","150914;21122973","NA;NA","null","null",TRUE,TRUE,NA,NA,NA
"N4-acetylsulfamonomethoxine","8766_neg","N4-acetylsulfamonomethoxine",0.6,24.62,NA,"Unknown","null","N4-Acetylsulfamonomethoxine","","HMDB0255296","NA","101639216","NA","null","null",TRUE,FALSE,NA,NA,NA
"N6,n6,n6-trimethyl-l-lysine","3263_pos","N6,n6,n6-trimethyl-l-lysine",0.87,3637.88,NA,"N6,N6,N6-Trimethyl-L-lysine","null",NA,NA,NA,NA,NA,NA,"null","null",TRUE,TRUE,NA,NA,NA
"N6-[2-(4-aminophenyl)ethyl]adenosine","12488_neg","N6-[2-(4-aminophenyl)ethyl]adenosine",0.02,126215.3,NA,"Unknown","null","n6-[2-(4-Aminophenyl)ethyl]adenosine","","HMDB0248518","NA","4397","NA","null","null",TRUE,FALSE,NA,NA,NA
"N6-acetyl-l-lysine","3072_neg","N6-acetyl-l-lysine",0.49,24.5,NA,"Unknown","null","N6-Acetyl-L-lysine;N-alpha-Acetyl-L-lysine;Glycylleucine;Alanylvaline;Glycyl-Isoleucine;Isoleucyl-Glycine;Leucyl-Glycine;Valylalanine;N-(3-Amino-3-oxopropyl)-L-valine;alpha-Acetyllysine","C02727;C12989;C02155","HMDB0000206;HMDB0000446;HMDB0000759;HMDB0028700;HMDB0028844;HMDB0028907;HMDB0028929;HMDB0029120;HMDB0246894;HMDB0247927","17752;35704;73514;73809;NA;NA;NA;75008;NA;NA","92832;92907;92843;96799;259613;342532;79070;6992637;23147649;19009202","NA;NA;NA;NA;NA;NA;NA;NA;NA;NA","null","null",TRUE,TRUE,NA,NA,NA
"N6-etheno 2'-deoxyadenosine","7247_neg","N6-etheno 2'-deoxyadenosine",0.42,57.94,NA,"Unknown","null","""N6-Etheno 2'-deoxyadenosine"";1-((2-Methyl-5-methylene-5-oxotetrahydrofuran-2-yl)methyl)guanine;(2S,3S,5R)-5-(6-Aminopurin-9-yl)-2-(2H-oxet-2-yl)oxolan-3-ol","","HMDB0244258;HMDB0255803;HMDB0257938","NA;NA;NA","4250940;129161;NA","NA;NA;NA","null","null",TRUE,TRUE,NA,NA,NA
"Naphth(1,2-b)oxirene","1373_pos","Naphth(1,2-b)oxirene",0.87,351.85,NA,"Unknown","null","Naphth(1,2-b)oxirene","","HMDB0255444","NA","115242","NA","null","null",TRUE,TRUE,"Diarylethers","Organooxygen compounds","Ethers"
"Naphthalen-1-yloxy-oxido-oxophosphanium","4047_pos","Naphthalen-1-yloxy-oxido-oxophosphanium",0.44,13930.7,NA,"Unknown","null","Naphthalen-1-yloxy-oxido-oxophosphanium","","HMDB0255447","NA","57349007","NA","null","null",TRUE,FALSE,"Naphthalenes","Naphthalenes",NA
"Ne,ne dimethyllysine","2698_pos","Ne,ne dimethyllysine",0.87,440.97,NA,"Ne,Ne Dimethyllysine","null",NA,NA,NA,NA,NA,NA,"null","null",TRUE,TRUE,NA,NA,NA
"Neocuproine","4032_neg","Neocuproine",0.13,68.18,NA,"Unknown","null","Neocuproine","","HMDB0255520","91222","65237","NA","null","null",TRUE,TRUE,"Phenanthrolines","Phenanthrolines",NA
"Nervonic acid","11491_neg","Nervonic acid",0.31,580188.4,NA,"Unknown","null","Nervonic acid;tetracos-15-enoic acid","C08323","HMDB0002368;HMDB0258877","44247;NA","5281120;65032","2218012;NA","null","null",TRUE,FALSE,"Very long-chain fatty acids","Fatty acyls","Fatty acids and conjugates"
"Nicoboxil","4753_neg","Nicoboxil",0.87,5147.24,NA,"Unknown","null","Nicoboxil;Rimiterol","C13138","HMDB0255581;HMDB0257235","NA;NA","14866;NA","NA;NA","null","null",TRUE,TRUE,"Pyridinecarboxylic acids","Pyridines and derivatives","Pyridinecarboxylic acids and derivatives"
"Nicotinamide ribotide","10093_neg","Nicotinamide ribotide",0.02,7.99,NA,"Unknown","null","Nicotinamide ribotide","C00455","HMDB0000229","14648","14181","NA","null","null",TRUE,TRUE,"Nicotinamide nucleotides","Pyridine nucleotides","Nicotinamide nucleotides"
"Nitrefazole","6198_pos","Nitrefazole",0.44,161.85,NA,"Unknown","null","Nitrefazole","","HMDB0255633","NA","71900","NA","null","null",TRUE,FALSE,"Phenylimidazoles","Azoles","Imidazoles"
"Nitrobenzylmercaptopurine","8177_pos","Nitrobenzylmercaptopurine",0.36,180591.1,NA,"Unknown","null","Nitrobenzylmercaptopurine","","HMDB0255643","NA","129664510","NA","null","null",TRUE,FALSE,"Purinethiones","Imidazopyrimidines","Purines and purine derivatives"
"Nocodazole","8503_neg","Nocodazole",0.02,3,NA,"Unknown","null","Nocodazole","C13719","HMDB0255688","34892","4122","NA","null","null",TRUE,TRUE,"Benzimidazoles","Benzimidazoles",NA
"Nolomirole","10016_neg","Nolomirole",0.56,74852.3,NA,"Unknown","null","Nolomirole","","HMDB0255699","NA","216238","NA","null","null",TRUE,TRUE,"Tetralins","Tetralins",NA
"Nonadecanoic acid","8383_neg","Nonadecanoic acid",0.6,425028.4,NA,"Unknown","null","Nonadecanoic acid;Pristanic acid;Tuberculostearic acid;Methyl stearate;Isopropyl hexadecanoate;17-Methyloctadecanoic acid;Ethyl heptadecanoate","C16535;C16794","HMDB0000772;HMDB0000795;HMDB0004085;HMDB0034154;HMDB0035474;HMDB0037397;HMDB0252043","39246;51340;68565;NA;84262;133136;NA","12591;123929;65037;8201;8907;3083779;26397","NA;2364527;NA;NA;NA;NA;NA","null","null",TRUE,FALSE,"Long-chain fatty acids","Fatty acyls","Fatty acids and conjugates"
"Norepinephrine","2374_pos","Norepinephrine",0.84,118.9,NA,"Pyridoxal","null","Norepinephrine;Pyridoxine;6-Hydroxydopamine;5-Hydroxydopamine","C00547;C00314","HMDB0000216;HMDB0000239;HMDB0001537;HMDB0004817","18357;16709;78741;144646","439260;1054;4624;114772","35313;NA;NA;NA","null","null",TRUE,TRUE,"Catechols","Phenols","Benzenediols"
"Norprochlorperazine","11816_pos","Norprochlorperazine",0.53,33922.36,NA,"Unknown","null","Norprochlorperazine","","HMDB0251045","NA","10451115","NA","null","null",TRUE,TRUE,"Phenothiazines","Benzothiazines","Phenothiazines"
"N~4~-cyclopropyl-6-(2,3-dichlorophenyl)pyrimidine-2,4-diamine","8141_neg","N~4~-cyclopropyl-6-(2,3-dichlorophenyl)pyrimidine-2,4-diamine",0.04,6.95,NA,"Unknown","null","N~4~-Cyclopropyl-6-(2,3-Dichlorophenyl)pyrimidine-2,4-Diamine","","HMDB0258956","NA","NA","NA","null","null",TRUE,FALSE,NA,NA,NA
"O,o,s-trimethyl phosphorothioate","1774_neg","O,o,s-trimethyl phosphorothioate",0.42,30.74,NA,"Unknown","null","O,O,S-Trimethyl phosphorothioate","","HMDB0255873","NA","NA","NA","null","null",TRUE,FALSE,NA,NA,NA
"O-(2,3,4,5,6-pentafluorobenzyl)hydroxylamine","4250_neg","O-(2,3,4,5,6-pentafluorobenzyl)hydroxylamine",0.2,27.43,NA,"Unknown","null","o-(2,3,4,5,6-Pentafluorobenzyl)hydroxylamine","","HMDB0255831","NA","NA","NA","null","null",TRUE,TRUE,NA,NA,NA
"O-benzylfluorescein benzyl ester","17759_neg","O-benzylfluorescein benzyl ester",0.2,632813.2,NA,"Unknown","null","O-Benzylfluorescein benzyl ester","","HMDB0251170","NA","371436","NA","null","null",TRUE,TRUE,NA,NA,NA
"O-phosphoethanolamine","1273_neg","O-phosphoethanolamine",0.76,50.64,NA,"ETHANOLAMINE PHOSPHATE","null","O-Phosphoethanolamine;Aminoethanol phosphate","C00346","HMDB0000224;HMDB0248314","17553;NA","1015;18759431","1485304;NA","null","null",TRUE,TRUE,NA,NA,NA
"O-succinyl-l-homoserine","4561_neg","O-succinyl-l-homoserine",0.64,213.83,NA,"Unknown","null","O-Succinyl-L-homoserine","","HMDB0255868","NA","954","NA","null","null",TRUE,TRUE,NA,NA,NA
"Octahydrohyperforin","18409_neg","Octahydrohyperforin",0.38,194144.9,NA,"Unknown","null","Octahydrohyperforin","","HMDB0255901","NA","NA","NA","null","null",TRUE,FALSE,"Cyclohexenones","Organooxygen compounds","Carbonyl compounds"
"Octanal","879_neg","Octanal",0.87,182.87,NA,"Unknown","null","Octanal;2-Methyl-4-heptanone;2-Octanone;Ethyl pentyl ketone;(E)-2-Octen-1-ol;(R)-1-Octen-3-ol;3,4-Dimethylcyclohexanol;3,5-Dimethylcyclohexanol","C01545;C17145;C14272","HMDB0001140;HMDB0013821;HMDB0031294;HMDB0031295;HMDB0031296;HMDB0031299;HMDB0061912;HMDB0061913","17935;NA;87434;80946;NA;34118;88852;88850","454;7958;8093;246728;5364959;18827;97960;21584","NA;NA;NA;NA;NA;NA;NA;NA","null","null",TRUE,TRUE,"Medium-chain aldehydes","Organooxygen compounds","Carbonyl compounds"
"Octopine","6115_pos","Octopine",0.6,75.9,NA,"Unknown","null","Octopine;(2S)-2-(Carboxymethylamino)-5-(diaminomethylideneamino)-4-methylpentanoic acid","","HMDB0255912;HMDB0260137","NA;NA","427;NA","NA;NA","null","null",TRUE,TRUE,"Alanine and derivatives","Carboxylic acids and derivatives","Amino acids, peptides, and analogues"
"Oleic acid","7605_neg","Oleic acid",0.98,5756.25,"Long-chain fatty acids","no MS2: Oleic acid; FAB-EBEB; MS2; m/z","C18H34O2","Oleic acid;Elaidic acid;Petroselinic acid;Vaccenic acid;Octadec-9-enoic Acid;cis-Vaccenic acid;11-Aoctadecenoic acid;Octadecenoic acid;Octadec-5-enoic acid","C00712;C01712;C08367","HMDB0000207;HMDB0000573;HMDB0002080;HMDB0003231;HMDB0062703;HMDB0240219;HMDB0244344;HMDB0245277;HMDB0246833","16196;27997;36022;28727;36021;50464;36023;50573;NA","445639;637517;11634;5281127;965;5282761;NA;172146;53435893","NA;38213;NA;2217962;NA;NA;NA;NA;NA","ZQPPMHVWECSIRJ-KTKRTIGZSA-N","CCCCCCCC\C=C/CCCCCCCC(O)=O",TRUE,FALSE,"Long-chain fatty acids","Fatty acyls","Fatty acids and conjugates"
"Olodaterol","13043_pos","Olodaterol",0.38,808155.7,NA,"Unknown","null","Olodaterol","","HMDB0255957","NA","9800339","NA","null","null",TRUE,FALSE,"Benzoxazinones","Benzoxazines","Benzoxazinones"
"Ophthalmic acid","8307_pos","Ophthalmic acid",0.44,31.76,NA,"Ophthalmic Acid","null",NA,NA,NA,NA,NA,NA,"null","null",TRUE,FALSE,NA,NA,NA
"Ornithine","1013_neg","Ornithine",0.87,195.95,"L-alpha-amino acids","no MS2: L-Ornithine; LC-ESI-ITFT; MS2; m/z","C5H12N2O2","Ornithine;D-Ornithine","C00077;C00515","HMDB0000214;HMDB0003374","15729;16176","6262;71082","37976;2263101","AHLPHDHHMVZTML-BYPYZUCNSA-N","NCCC[C@H](N)C(O)=O",TRUE,TRUE,"L-alpha-amino acids","Carboxylic acids and derivatives","Amino acids, peptides, and analogues"
"Orotic acid","1780_neg","Orotic acid",0.87,6200.8,NA,"Uracil 5-Carboxylate","null","Orotic acid","C00295","HMDB0000226","16742","967","34527","null","null",TRUE,TRUE,"Pyrimidinecarboxylic acids","Diazines","Pyrimidines and pyrimidine derivatives"
"Orotidine","7848_neg","Orotidine",0.87,132.31,NA,"Orotidine","null","Orotidine","C01103","HMDB0000788","25722","92751","NA","null","null",TRUE,TRUE,"Pyrimidine nucleosides","Pyrimidine nucleosides",NA
"Oxathiin carboxanilide","4545_neg","Oxathiin carboxanilide",0.13,12.75,NA,"Unknown","null","Oxathiin carboxanilide","","HMDB0255968","NA","20542956","NA","null","null",TRUE,TRUE,"Anilides","Benzene and substituted derivatives","Anilides"
"Oxidized glutathione","20920_pos","Oxidized glutathione",0.51,8976361,"Peptides","no MS2: L-Glutathione (oxidized form); LC-ESI-ITFT; MS2; m/z","C20H32N6O12S2","Oxidized glutathione","C00127","HMDB0003337","17858","65359","NA","YPZRWBKMTBYPTK-BJDJZHNGSA-N","N[C@@H](CCC(O)=N[C@@H](CSSC[C@H](N=C(O)CC[C@H](N)C(O)=O)C(O)=NCC(O)=O)C(O)=NCC(O)=O)C(O)=O",TRUE,FALSE,"Peptides","Carboxylic acids and derivatives","Amino acids, peptides, and analogues"
"Oxisuran","3019_pos","Oxisuran",0.44,83.43,NA,"Unknown","null","Oxisuran","","HMDB0255990","NA","33770","NA","null","null",TRUE,TRUE,"Aryl alkyl ketones","Organooxygen compounds","Carbonyl compounds"
"Oxoadipic acid","1921_neg","Oxoadipic acid",0.87,3199.11,NA,"2-OXOADIPATE","null","Oxoadipic acid;1-Benzothiepin;2-(2-Oxopropanoyloxy)propanoic acid","C00322","HMDB0000225;HMDB0243832;HMDB0258108","15753;NA;NA","71;9834037;54149437","1485244;NA;NA","null","null",TRUE,TRUE,"Medium-chain keto acids and derivatives","Keto acids and derivatives","Medium-chain keto acids and derivatives"
"Oxoglutaric acid","1453_neg","Oxoglutaric acid",0.91,2292.71,NA,"Oxoglutaric Acid","null","Oxoglutaric acid;3-Oxoglutaric acid;alpha-Ketoglutarate cyanohydrin","C00026","HMDB0000208;HMDB0013701;HMDB0248224","30915;NA;NA","51;68328;54539841","33565;NA;NA","null","null",TRUE,TRUE,"Gamma-keto acids and derivatives","Keto acids and derivatives","Gamma-keto acids and derivatives"
"P-cresol glucuronide","7669_neg","P-cresol glucuronide",0.8,1175.71,NA,"Unknown","null","p-Cresol glucuronide;""4'-Azidocytidine"";4-[3,4,5-Trihydroxy-6-(hydroxymethyl)oxan-2-yl]oxybenzaldehyde;p-Tolyl-ss-D-glucuronide;2-Amino-9-(6-aminopurin-9-yl)-1H-purin-6-one","","HMDB0011686;HMDB0246625;HMDB0253067;HMDB0256060;HMDB0257732","87986;NA;NA;NA;NA","154035;129317836;3303383;14299270;135985036","NA;NA;NA;NA;NA","null","null",TRUE,TRUE,NA,NA,NA
"P-cresol sulfate","3039_neg","P-cresol sulfate",0.82,10066.45,NA,"Unknown","null","p-Cresol sulfate;o-Cresol sulfate;2-Chlorobenzylidenemalononitrile","","HMDB0011635;HMDB0240655;HMDB0245722","82914;133089;NA","4615423;NA;17604","NA;NA;NA","null","null",TRUE,TRUE,NA,NA,NA
"Pa(18:0/18:2(9z,12z))","22391_neg","Pa(18:0/18:2(9z,12z))",0.07,17.6,NA,"Unknown","null","PA(18:0/18:2(9Z,12Z));PA(18:1(11Z)/18:1(11Z));PA(18:1(11Z)/18:1(9Z));PA(18:1(9Z)/18:1(11Z));PA(18:1(9Z)/18:1(9Z))","C00416;C00416","HMDB0007861;HMDB0007862;HMDB0007863;HMDB0007864;HMDB0007865","77248;89528;89527;75357;83775","24779559;53478602;53478603;53478604;14057128","NA;NA;NA;NA;NA","null","null",TRUE,FALSE,NA,NA,NA
"Paclobutrazol","8092_neg","Paclobutrazol",0.38,43.67,NA,"Unknown","null","Paclobutrazol","","HMDB0256072","139343","NA","NA","null","null",TRUE,TRUE,"Amphetamines and derivatives","Benzene and substituted derivatives","Phenethylamines"
"Palmitic acid","6362_neg","Palmitic acid",0.98,3518.37,NA,"Unknown","null","Palmitic acid;Isopalmitic acid;Methyl pentadecanoate;Tetradecyl acetate","C00249","HMDB0000220;HMDB0031068;HMDB0254606;HMDB0258885","15756;84890;142657;NA","985;36247;NA;NA","34386;NA;NA;NA","null","null",TRUE,FALSE,"Long-chain fatty acids","Fatty acyls","Fatty acids and conjugates"
"Panthenol","3937_pos","Panthenol",0.87,4877.83,NA,"Acetylcarnitine","null","Panthenol;Tert-Butyl (2-(2-hydroxyethoxy)ethyl)carbamate","C05944","HMDB0004231;HMDB0244567","27373;NA","131204;5220470","NA;NA","null","null",TRUE,TRUE,"Secondary alcohols","Organooxygen compounds","Alcohols and polyols"
"Pantothenic acid","4727_pos","Pantothenic acid",0.87,2645.8,NA,"Pantothenic Acid","null","Pantothenic acid;(1R,3S)-3-(6-Aminopurin-9-yl)cyclopentan-1-ol;6-Phenylhexyl isothiocyanate;3-[[(2S)-2,4-Dihydroxy-3,3-dimethylbutanoyl]amino]propanoic acid","C00864","HMDB0000210;HMDB0242329;HMDB0247105;HMDB0250782","46905;NA;NA;7916","6613;9881535;114757;988","NA;NA;NA;NA","null","null",TRUE,TRUE,"Secondary alcohols","Organooxygen compounds","Alcohols and polyols"
"Pc(14:0/18:1(11z))","23115_pos","Pc(14:0/18:1(11z))",0.6,365775.7,NA,"Unknown","null","PC(14:0/18:1(11Z));PC(14:0/18:1(9Z));PC(14:1(9Z)/18:0);PC(16:0/16:1(9Z));PC(16:1(9Z)/16:0);PC(18:0/14:1(9Z));PC(18:1(11Z)/14:0);PC(18:1(9Z)/14:0);PE(15:0/20:1(11Z))","","HMDB0007872;HMDB0007873;HMDB0007904;HMDB0007969;HMDB0008001;HMDB0008032;HMDB0008064;HMDB0008097;HMDB0008900","73793;84808;88907;74000;89731;89667;NA;86092;NA","24778618;24778620;52922260;6443788;52922440;52922643;53478711;24778931;52924167","NA;NA;NA;NA;NA;NA;NA;NA;NA","null","null",TRUE,FALSE,NA,NA,NA
"Pc(14:0/20:2(11z,14z))","23470_pos","Pc(14:0/20:2(11z,14z))",0.31,307.31,NA,"Unknown","null","PC(14:0/20:2(11Z,14Z));PC(14:1(9Z)/20:1(11Z));PC(16:0/18:2(9Z,12Z));PC(16:1(9Z)/18:1(11Z));PC(16:1(9Z)/18:1(9Z));PC(18:1(11Z)/16:1(9Z));PC(18:1(9Z)/16:1(9Z));PC(18:2(9Z,12Z)/16:0);PC(20:1(11Z)/14:1(9Z));PC(20:2(11Z,14Z)/14:0);PE(15:0/22:2(13Z,16Z));PE(22:2(13Z,16Z)/15:0);Soybean lecithin","C00157;C00157;C00157;C00157;C00157","HMDB0007880;HMDB0007912;HMDB0007973;HMDB0008004;HMDB0008005;HMDB0008068;HMDB0008101;HMDB0008133;HMDB0008296;HMDB0008328;HMDB0008909;HMDB0009549;HMDB0258399","89518;88919;73002;84810;84811;89678;86100;86099;89403;89095;NA;NA;NA","52922228;52922278;5287971;24778766;24778767;53478719;24778935;24778972;52923095;52923153;52924174;52924776;122218","NA;NA;NA;NA;NA;NA;NA;NA;NA;NA;NA;NA;NA","null","null",TRUE,FALSE,NA,NA,NA
"Pc(14:0/20:3(5z,8z,11z))","23447_pos","Pc(14:0/20:3(5z,8z,11z))",0.49,410379.5,NA,"Unknown","null","PC(14:0/20:3(5Z,8Z,11Z));PC(14:0/20:3(8Z,11Z,14Z));PC(14:1(9Z)/20:2(11Z,14Z));PC(16:0/18:3(6Z,9Z,12Z));PC(16:0/18:3(9Z,12Z,15Z));PC(16:1(9Z)/18:2(9Z,12Z));PC(18:2(9Z,12Z)/16:1(9Z));PC(18:3(6Z,9Z,12Z)/16:0);PC(18:3(9Z,12Z,15Z)/16:0);PC(20:2(11Z,14Z)/14:1(9Z));PC(20:3(5Z,8Z,11Z)/14:0);PC(20:3(8Z,11Z,14Z)/14:0)","C00157","HMDB0007881;HMDB0007882;HMDB0007913;HMDB0007974;HMDB0007975;HMDB0008006;HMDB0008134;HMDB0008166;HMDB0008199;HMDB0008329;HMDB0008361;HMDB0008394","89517;89513;NA;84786;84789;84567;NA;89545;NA;89096;89119;89184","53478605;52922230;52922280;24778699;24778702;24778768;52922719;52922771;52922833;52923155;53478943;52923213","NA;NA;NA;NA;NA;NA;NA;NA;NA;NA;NA;NA","null","null",TRUE,TRUE,NA,NA,NA
"Pc(14:0/22:1(13z))","23964_pos","Pc(14:0/22:1(13z))",0.04,465321.2,NA,"Unknown","null","PC(14:0/22:1(13Z));PC(14:1(9Z)/22:0);PC(16:0/20:1(11Z));PC(16:1(9Z)/20:0);PC(18:0/18:1(11Z));PC(18:0/18:1(9Z));PC(18:1(11Z)/18:0);PC(18:1(9Z)/18:0);PC(20:0/16:1(9Z));PC(20:1(11Z)/16:0);PC(22:0/14:1(9Z));PC(22:1(13Z)/14:0)","C00157;C00157","HMDB0007887;HMDB0007919;HMDB0007978;HMDB0008010;HMDB0008037;HMDB0008038;HMDB0008069;HMDB0008102;HMDB0008266;HMDB0008298;HMDB0008526;HMDB0008558","89516;88920;84575;89736;86109;75034;86111;76073;NA;89409;89063;88745","53478609;52922290;52922418;52922458;24778815;24778825;24778894;24778936;52923059;52923101;52923437;53479165","NA;NA;NA;NA;NA;NA;NA;NA;NA;NA;NA;NA","null","null",TRUE,FALSE,NA,NA,NA
"Pc(14:1(9z)/22:2(13z,16z))","23885_pos","Pc(14:1(9z)/22:2(13z,16z))",0.07,10.33,NA,"Unknown","null","PC(14:1(9Z)/22:2(13Z,16Z));PC(16:0/20:3(5Z,8Z,11Z));PC(16:0/20:3(8Z,11Z,14Z));PC(16:1(9Z)/20:2(11Z,14Z));PC(18:0/18:3(6Z,9Z,12Z));PC(18:0/18:3(9Z,12Z,15Z));PC(18:1(11Z)/18:2(9Z,12Z));PC(18:1(9Z)/18:2(9Z,12Z));PC(18:2(9Z,12Z)/18:1(11Z));PC(18:2(9Z,12Z)/18:1(9Z));PC(18:3(6Z,9Z,12Z)/18:0);PC(18:3(9Z,12Z,15Z)/18:0);PC(20:2(11Z,14Z)/16:1(9Z));PC(20:3(5Z,8Z,11Z)/16:0);PC(20:3(8Z,11Z,14Z)/16:0);PC(22:2(13Z,16Z)/14:1(9Z));PC(18:1(9Z)/18:2(6Z,9Z))","C00157","HMDB0007921;HMDB0007980;HMDB0007981;HMDB0008012;HMDB0008040;HMDB0008041;HMDB0008072;HMDB0008105;HMDB0008136;HMDB0008137;HMDB0008168;HMDB0008201;HMDB0008332;HMDB0008364;HMDB0008397;HMDB0008591;HMDB0256161","NA;86119;86121;89734;86117;78022;89691;74670;89599;89597;89548;89438;NA;89127;NA;NA;NA","52922294;24778715;24778719;52922461;52922655;52922657;53478723;24778939;53478785;52922727;52922781;52922843;52923163;53478949;52923221;52923553;NA","NA;NA;NA;NA;NA;NA;NA;NA;NA;NA;NA;NA;NA;NA;NA;NA;NA","null","null",TRUE,FALSE,NA,NA,NA
"Pc(16:0/16:0)","23143_pos","Pc(16:0/16:0)",0.51,474163.4,NA,"Unknown","null","PC(16:0/16:0);PC(14:0/18:0);PC(18:0/14:0);1,2-Dipalmitoylphosphatidylcholine","C00157","HMDB0000564;HMDB0007871;HMDB0008031;HMDB0245715","72999;86090;86089;NA","452110;131150;3082163;6138","NA;NA;NA;NA","null","null",TRUE,TRUE,NA,NA,NA
"Pc(16:0/22:5(4z,7z,10z,13z,16z))","24275_pos","Pc(16:0/22:5(4z,7z,10z,13z,16z))",0.02,4043036,NA,"Unknown","null","PC(16:0/22:5(4Z,7Z,10Z,13Z,16Z));PC(16:0/22:5(7Z,10Z,13Z,16Z,19Z));PC(16:1(9Z)/22:4(7Z,10Z,13Z,16Z));PC(18:0/20:5(5Z,8Z,11Z,14Z,17Z));PC(18:1(11Z)/20:4(5Z,8Z,11Z,14Z));PC(18:1(11Z)/20:4(8Z,11Z,14Z,17Z));PC(18:1(9Z)/20:4(5Z,8Z,11Z,14Z));PC(18:1(9Z)/20:4(8Z,11Z,14Z,17Z));PC(18:2(9Z,12Z)/20:3(5Z,8Z,11Z));PC(18:2(9Z,12Z)/20:3(8Z,11Z,14Z));PC(18:3(6Z,9Z,12Z)/20:2(11Z,14Z));PC(18:3(9Z,12Z,15Z)/20:2(11Z,14Z));PC(18:4(6Z,9Z,12Z,15Z)/20:1(11Z));PC(20:1(11Z)/18:4(6Z,9Z,12Z,15Z));PC(20:2(11Z,14Z)/18:3(6Z,9Z,12Z));PC(20:2(11Z,14Z)/18:3(9Z,12Z,15Z));PC(20:3(5Z,8Z,11Z)/18:2(9Z,12Z));PC(20:3(8Z,11Z,14Z)/18:2(9Z,12Z));PC(20:4(5Z,8Z,11Z,14Z)/18:1(11Z));PC(20:4(5Z,8Z,11Z,14Z)/18:1(9Z));PC(20:4(8Z,11Z,14Z,17Z)/18:1(11Z));PC(20:4(8Z,11Z,14Z,17Z)/18:1(9Z));PC(20:5(5Z,8Z,11Z,14Z,17Z)/18:0);PC(22:4(7Z,10Z,13Z,16Z)/16:1(9Z));PC(22:5(4Z,7Z,10Z,13Z,16Z)/16:0);PC(22:5(7Z,10Z,13Z,16Z,19Z)/16:0)","C00157;C00157;C00157","HMDB0007989;HMDB0007990;HMDB0008021;HMDB0008050;HMDB0008081;HMDB0008082;HMDB0008114;HMDB0008115;HMDB0008139;HMDB0008146;HMDB0008177;HMDB0008210;HMDB0008242;HMDB0008306;HMDB0008337;HMDB0008338;HMDB0008369;HMDB0008402;HMDB0008432;HMDB0008433;HMDB0008465;HMDB0008466;HMDB0008497;HMDB0008627;HMDB0008659;HMDB0008692","84795;84796;89659;NA;89697;89696;74671;89617;89600;89580;89564;89453;89424;89103;NA;NA;89113;NA;88876;88877;88914;88913;88924;88851;88844;88433","24778735;24778737;52922475;24778860;53478741;53478743;24778948;53478767;53478787;52922745;52922801;52922859;52922919;52923121;52923177;52923179;53478959;52923235;53479033;52923293;53479069;53479071;52923351;52923623;53479281;53479347","NA;NA;NA;NA;NA;NA;NA;NA;NA;NA;NA;NA;NA;NA;NA;NA;NA;NA;NA;NA;NA;NA;NA;NA;NA;NA","null","null",TRUE,TRUE,NA,NA,NA
"Pc(16:0/22:6(4z,7z,10z,13z,16z,19z))","24240_pos","Pc(16:0/22:6(4z,7z,10z,13z,16z,19z))",0.47,140.11,NA,"Unknown","null","PC(16:0/22:6(4Z,7Z,10Z,13Z,16Z,19Z));PC(16:1(9Z)/22:5(4Z,7Z,10Z,13Z,16Z));PC(16:1(9Z)/22:5(7Z,10Z,13Z,16Z,19Z));PC(18:1(11Z)/20:5(5Z,8Z,11Z,14Z,17Z));PC(18:1(9Z)/20:5(5Z,8Z,11Z,14Z,17Z));PC(18:2(9Z,12Z)/20:4(5Z,8Z,11Z,14Z));PC(18:2(9Z,12Z)/20:4(8Z,11Z,14Z,17Z));PC(18:3(6Z,9Z,12Z)/20:3(5Z,8Z,11Z));PC(18:3(6Z,9Z,12Z)/20:3(8Z,11Z,14Z));PC(18:3(9Z,12Z,15Z)/20:3(5Z,8Z,11Z));PC(18:3(9Z,12Z,15Z)/20:3(8Z,11Z,14Z));PC(18:4(6Z,9Z,12Z,15Z)/20:2(11Z,14Z));PC(20:2(11Z,14Z)/18:4(6Z,9Z,12Z,15Z));PC(20:3(5Z,8Z,11Z)/18:3(6Z,9Z,12Z));PC(20:3(5Z,8Z,11Z)/18:3(9Z,12Z,15Z));PC(20:3(8Z,11Z,14Z)/18:3(6Z,9Z,12Z));PC(20:3(8Z,11Z,14Z)/18:3(9Z,12Z,15Z));PC(20:4(5Z,8Z,11Z,14Z)/18:2(9Z,12Z));PC(20:4(8Z,11Z,14Z,17Z)/18:2(9Z,12Z));PC(20:5(5Z,8Z,11Z,14Z,17Z)/18:1(11Z));PC(20:5(5Z,8Z,11Z,14Z,17Z)/18:1(9Z));PC(22:5(4Z,7Z,10Z,13Z,16Z)/16:1(9Z));PC(22:5(7Z,10Z,13Z,16Z,19Z)/16:1(9Z));PC(22:6(4Z,7Z,10Z,13Z,16Z,19Z)/16:0)","C00157","HMDB0007991;HMDB0008022;HMDB0008024;HMDB0008083;HMDB0008116;HMDB0008147;HMDB0008148;HMDB0008178;HMDB0008179;HMDB0008211;HMDB0008212;HMDB0008243;HMDB0008339;HMDB0008370;HMDB0008371;HMDB0008403;HMDB0008404;HMDB0008434;HMDB0008467;HMDB0008498;HMDB0008499;HMDB0008660;HMDB0008693;HMDB0008725","74963;89657;89655;86186;86187;84563;89579;89563;89565;89452;NA;89425;NA;89107;89106;89290;89289;86184;88915;88927;86183;88422;88434;86182","6441886;53478685;53478687;24778898;24778949;24778979;53478789;53478809;52922803;53478833;52922861;52922921;52923181;53478961;53478963;52923237;52923239;52923295;53479073;53479125;24779080;53479283;53479349;24779131","NA;NA;NA;NA;NA;NA;NA;NA;NA;NA;NA;NA;NA;NA;NA;NA;NA;NA;NA;NA;NA;NA;NA;NA","null","null",TRUE,FALSE,NA,NA,NA
"Pc(18:0/22:4(7z,10z,13z,16z))","24744_pos","Pc(18:0/22:4(7z,10z,13z,16z))",0.04,1902324,NA,"Unknown","null","PC(18:0/22:4(7Z,10Z,13Z,16Z));PC(18:2(9Z,12Z)/22:2(13Z,16Z));PC(18:3(6Z,9Z,12Z)/22:1(13Z));PC(18:3(9Z,12Z,15Z)/22:1(13Z));PC(18:4(6Z,9Z,12Z,15Z)/22:0);PC(20:0/20:4(5Z,8Z,11Z,14Z));PC(20:0/20:4(8Z,11Z,14Z,17Z));PC(20:1(11Z)/20:3(5Z,8Z,11Z));PC(20:1(11Z)/20:3(8Z,11Z,14Z));PC(20:2(11Z,14Z)/20:2(11Z,14Z));PC(20:3(5Z,8Z,11Z)/20:1(11Z));PC(20:4(5Z,8Z,11Z,14Z)/20:0);PC(20:4(8Z,11Z,14Z,17Z)/20:0);PC(22:0/18:4(6Z,9Z,12Z,15Z));PC(22:1(13Z)/18:3(6Z,9Z,12Z));PC(22:1(13Z)/18:3(9Z,12Z,15Z));PC(22:2(13Z,16Z)/18:2(9Z,12Z));PC(22:4(7Z,10Z,13Z,16Z)/18:0);PC(20:3(8Z,11Z,14Z)/20:1(11Z))","","HMDB0008054;HMDB0008152;HMDB0008184;HMDB0008217;HMDB0008249;HMDB0008279;HMDB0008280;HMDB0008310;HMDB0008311;HMDB0008342;HMDB0008374;HMDB0008438;HMDB0008471;HMDB0008536;HMDB0008566;HMDB0008567;HMDB0008598;HMDB0008628;HMDB0011201","84565;NA;NA;NA;NA;74970;NA;NA;NA;NA;NA;NA;NA;NA;NA;NA;NA;86200;NA","NA;52922755;53478813;53478837;52922931;24779048;53478881;53478897;52923131;52923191;53478969;52923307;53479081;52923459;53479181;53479183;NA;52923631;52923249","NA;NA;NA;NA;NA;NA;NA;NA;NA;NA;NA;NA;NA;NA;NA;NA;NA;NA;NA","null","null",TRUE,FALSE,NA,NA,NA
"Pc(18:0/22:5(4z,7z,10z,13z,16z))","24723_pos","Pc(18:0/22:5(4z,7z,10z,13z,16z))",0.38,13415430,NA,"Unknown","null","PC(18:0/22:5(4Z,7Z,10Z,13Z,16Z));PC(18:0/22:5(7Z,10Z,13Z,16Z,19Z));PC(18:1(11Z)/22:4(7Z,10Z,13Z,16Z));PC(18:1(9Z)/22:4(7Z,10Z,13Z,16Z));PC(18:3(6Z,9Z,12Z)/22:2(13Z,16Z));PC(18:3(9Z,12Z,15Z)/22:2(13Z,16Z));PC(18:4(6Z,9Z,12Z,15Z)/22:1(13Z));PC(20:0/20:5(5Z,8Z,11Z,14Z,17Z));PC(20:1(11Z)/20:4(5Z,8Z,11Z,14Z));PC(20:1(11Z)/20:4(8Z,11Z,14Z,17Z));PC(20:2(11Z,14Z)/20:3(5Z,8Z,11Z));PC(20:2(11Z,14Z)/20:3(8Z,11Z,14Z));PC(20:3(5Z,8Z,11Z)/20:2(11Z,14Z));PC(20:3(8Z,11Z,14Z)/20:2(11Z,14Z));PC(20:4(5Z,8Z,11Z,14Z)/20:1(11Z));PC(20:4(8Z,11Z,14Z,17Z)/20:1(11Z));PC(20:5(5Z,8Z,11Z,14Z,17Z)/20:0);PC(22:1(13Z)/18:4(6Z,9Z,12Z,15Z));PC(22:2(13Z,16Z)/18:3(6Z,9Z,12Z));PC(22:2(13Z,16Z)/18:3(9Z,12Z,15Z));PC(22:4(7Z,10Z,13Z,16Z)/18:1(11Z));PC(22:4(7Z,10Z,13Z,16Z)/18:1(9Z));PC(22:5(4Z,7Z,10Z,13Z,16Z)/18:0);PC(22:5(7Z,10Z,13Z,16Z,19Z)/18:0)","C00157;C00157;C00157","HMDB0008055;HMDB0008056;HMDB0008087;HMDB0008120;HMDB0008185;HMDB0008218;HMDB0008250;HMDB0008281;HMDB0008312;HMDB0008313;HMDB0008343;HMDB0008344;HMDB0008375;HMDB0008407;HMDB0008439;HMDB0008472;HMDB0008504;HMDB0008568;HMDB0008599;HMDB0008600;HMDB0008629;HMDB0008630;HMDB0008661;HMDB0008694","73865;86203;NA;86201;NA;NA;NA;NA;NA;NA;NA;NA;NA;NA;NA;NA;NA;NA;NA;NA;NA;NA;NA;NA","24778871;24778873;53478749;52922705;52922815;52922873;53478861;52923079;52923133;53478899;53478921;52923193;53478971;52923251;52923309;53479083;52923365;53479185;52923575;52923577;53479251;52923633;53479285;53479351","NA;NA;NA;NA;NA;NA;NA;NA;NA;NA;NA;NA;NA;NA;NA;NA;NA;NA;NA;NA;NA;NA;NA;NA","null","null",TRUE,TRUE,NA,NA,NA
"Pc(18:1(11z)/p-18:1(11z))","23650_pos","Pc(18:1(11z)/p-18:1(11z))",0.04,455385.7,NA,"Unknown","null","PC(18:1(11Z)/P-18:1(11Z));PC(18:1(11Z)/P-18:1(9Z));PC(18:1(9Z)/P-18:1(11Z));PC(18:1(9Z)/P-18:1(9Z));PC(18:2(9Z,12Z)/P-18:0);PC(20:2(11Z,14Z)/P-16:0);PC(P-16:0/20:2(11Z,14Z));PC(P-18:0/18:2(9Z,12Z));PC(P-18:1(11Z)/18:1(11Z));PC(P-18:1(11Z)/18:1(9Z));PC(P-18:1(9Z)/18:1(11Z));PC(P-18:1(9Z)/18:1(9Z));PC(O-18:1(11Z)/18:2(9Z,12Z));PC(O-18:1(9Z)/18:2(9Z,12Z))","C00157","HMDB0008095;HMDB0008096;HMDB0008128;HMDB0008129;HMDB0008160;HMDB0008357;HMDB0011217;HMDB0011244;HMDB0011275;HMDB0011276;HMDB0011308;HMDB0011309;HMDB0013425;HMDB0013429","89706;89707;89595;89596;89543;89132;89974;84555;89939;NA;89503;89504;89879;89881","53478761;53478763;53478781;53478783;53478801;53478935;52923906;52923944;53480741;53480743;53480799;53480801;53481721;6443159","NA;NA;NA;NA;NA;NA;NA;NA;NA;NA;NA;NA;NA;NA","null","null",TRUE,TRUE,NA,NA,NA
"Pc(18:2(9z,12z)/19:0)","24159_pos","Pc(18:2(9z,12z)/19:0)",0.31,107.36,NA,"Unknown","null","PC(18:2(9Z,12Z)/19:0)","","HMDB0256163","NA","NA","NA","null","null",TRUE,FALSE,NA,NA,NA
"Pc(18:2(9z,12z)/p-18:1(11z))","23617_pos","Pc(18:2(9z,12z)/p-18:1(11z))",0.44,7948647,NA,"Unknown","null","PC(18:2(9Z,12Z)/P-18:1(11Z));PC(18:2(9Z,12Z)/P-18:1(9Z));PC(18:3(6Z,9Z,12Z)/P-18:0);PC(18:3(9Z,12Z,15Z)/P-18:0);PC(20:3(5Z,8Z,11Z)/P-16:0);PC(20:3(8Z,11Z,14Z)/P-16:0);PC(P-16:0/20:3(5Z,8Z,11Z));PC(P-16:0/20:3(8Z,11Z,14Z));PC(P-18:0/18:3(6Z,9Z,12Z));PC(P-18:0/18:3(9Z,12Z,15Z));PC(P-18:1(11Z)/18:2(9Z,12Z));PC(P-18:1(9Z)/18:2(9Z,12Z));PC(O-16:0/20:4(8Z,11Z,14Z,17Z));PC(O-18:2(9Z,12Z)/18:2(9Z,12Z));1-O-Hexadecyl-2-arachidonoyl-sn-glycero-3-phosphocholine","","HMDB0008161;HMDB0008162;HMDB0008193;HMDB0008226;HMDB0008390;HMDB0008422;HMDB0011218;HMDB0011219;HMDB0011245;HMDB0011246;HMDB0011277;HMDB0011310;HMDB0013407;HMDB0013435;HMDB0243975","89542;89541;89533;89415;89204;88885;89977;89976;89968;89969;NA;89457;89903;89866;NA","53478803;53478805;53478825;53478849;53479001;53479025;53480683;53480685;52923946;53480709;53480745;53480803;53481701;53481735;2222","NA;NA;NA;NA;NA;NA;NA;NA;NA;NA;NA;NA;NA;NA;NA","null","null",TRUE,TRUE,NA,NA,NA
"Pc(20:0/22:6(4z,7z,10z,13z,16z,19z))","25005_pos","Pc(20:0/22:6(4z,7z,10z,13z,16z,19z))",0.04,32.45,NA,"Unknown","null","PC(20:0/22:6(4Z,7Z,10Z,13Z,16Z,19Z));PC(20:1(11Z)/22:5(4Z,7Z,10Z,13Z,16Z));PC(20:1(11Z)/22:5(7Z,10Z,13Z,16Z,19Z));PC(20:2(11Z,14Z)/22:4(7Z,10Z,13Z,16Z));PC(20:4(5Z,8Z,11Z,14Z)/22:2(13Z,16Z));PC(20:4(8Z,11Z,14Z,17Z)/22:2(13Z,16Z));PC(20:5(5Z,8Z,11Z,14Z,17Z)/22:1(13Z));PC(22:1(13Z)/20:5(5Z,8Z,11Z,14Z,17Z));PC(22:2(13Z,16Z)/20:4(5Z,8Z,11Z,14Z));PC(22:2(13Z,16Z)/20:4(8Z,11Z,14Z,17Z));PC(22:4(7Z,10Z,13Z,16Z)/20:2(11Z,14Z));PC(22:5(4Z,7Z,10Z,13Z,16Z)/20:1(11Z));PC(22:5(7Z,10Z,13Z,16Z,19Z)/20:1(11Z));PC(22:6(4Z,7Z,10Z,13Z,16Z,19Z)/20:0)","","HMDB0008288;HMDB0008319;HMDB0008320;HMDB0008351;HMDB0008448;HMDB0008481;HMDB0008513;HMDB0008576;HMDB0008607;HMDB0008608;HMDB0008637;HMDB0008669;HMDB0008702;HMDB0008734","86221;NA;NA;NA;NA;NA;NA;NA;NA;NA;NA;NA;NA;NA","24779053;53478903;NA;NA;NA;53479101;53479131;53479201;52923593;53479231;52923651;53479301;53479367;52923707","NA;NA;NA;NA;NA;NA;NA;NA;NA;NA;NA;NA;NA;NA","null","null",TRUE,FALSE,NA,NA,NA
"Pc(22:5(4z,7z,10z,13z,16z)/p-18:1(11z))","24432_pos","Pc(22:5(4z,7z,10z,13z,16z)/p-18:1(11z))",0.42,11053670,NA,"Unknown","null","PC(22:5(4Z,7Z,10Z,13Z,16Z)/P-18:1(11Z));PC(22:5(4Z,7Z,10Z,13Z,16Z)/P-18:1(9Z));PC(22:5(7Z,10Z,13Z,16Z,19Z)/P-18:1(11Z));PC(22:5(7Z,10Z,13Z,16Z,19Z)/P-18:1(9Z));PC(22:6(4Z,7Z,10Z,13Z,16Z,19Z)/P-18:0);PC(P-18:0/22:6(4Z,7Z,10Z,13Z,16Z,19Z));PC(P-18:1(11Z)/22:5(4Z,7Z,10Z,13Z,16Z));PC(P-18:1(11Z)/22:5(7Z,10Z,13Z,16Z,19Z));PC(P-18:1(9Z)/22:5(4Z,7Z,10Z,13Z,16Z));PC(P-18:1(9Z)/22:5(7Z,10Z,13Z,16Z,19Z))","C00157;C00157","HMDB0008687;HMDB0008688;HMDB0008720;HMDB0008721;HMDB0008752;HMDB0011262;HMDB0011293;HMDB0011294;HMDB0011326;HMDB0011327","NA;NA;NA;NA;NA;133664;NA;NA;NA;NA","53479337;53479339;53479403;53479405;53479425;42607430;53480777;53480779;NA;53480837","NA;NA;NA;NA;NA;NA;NA;NA;NA;NA","null","null",TRUE,TRUE,NA,NA,NA
"Pc(o-16:1(9z)/18:0)","23332_pos","Pc(o-16:1(9z)/18:0)",0.38,8285423,NA,"Unknown","null","PC(O-16:1(9Z)/18:0);PC(O-18:1(11Z)/16:0);PC(O-18:1(9Z)/16:0)","","HMDB0013412;HMDB0013424;HMDB0013426","89892;89880;84825","53481707;53481719;6443119","NA;NA;NA","null","null",TRUE,TRUE,NA,NA,NA
"Pe(14:0/22:1(13z))","23328_pos","Pe(14:0/22:1(13z))",0.13,46.86,NA,"Unknown","null","PE(14:0/22:1(13Z));PE(14:1(9Z)/22:0);PE(16:0/20:1(11Z));PE(16:1(9Z)/20:0);PE(18:0/18:1(11Z));PE(18:0/18:1(9Z));PE(18:1(11Z)/18:0);PE(18:1(9Z)/18:0);PE(20:0/16:1(9Z));PE(20:1(11Z)/16:0);PE(22:0/14:1(9Z));PE(22:1(13Z)/14:0);PC(16:1(9Z)/17:0);Stearoyl-oleoyl-phosphatidyl ethanolamine","C00350","HMDB0008842;HMDB0008874;HMDB0008933;HMDB0008965;HMDB0008992;HMDB0008993;HMDB0009024;HMDB0009057;HMDB0009221;HMDB0009253;HMDB0009482;HMDB0009514;HMDB0256156;HMDB0256188","NA;NA;NA;NA;NA;75038;NA;84234;NA;NA;NA;NA;NA;NA","53479554;52924152;9547010;52924232;53479609;9546742;53479623;9546755;52924528;52924548;52924717;53479852;NA;25201992","NA;NA;NA;NA;NA;NA;NA;NA;NA;NA;NA;NA;NA;NA","null","null",TRUE,FALSE,NA,NA,NA
"Pe(14:0/24:1(15z))","23712_pos","Pe(14:0/24:1(15z))",0.09,97318.29,NA,"Unknown","null","PE(14:0/24:1(15Z));PE(14:1(9Z)/24:0);PE(16:0/22:1(13Z));PE(16:1(9Z)/22:0);PE(18:0/20:1(11Z));PE(18:1(11Z)/20:0);PE(18:1(9Z)/20:0);PE(20:0/18:1(11Z));PE(20:0/18:1(9Z));PE(20:1(11Z)/18:0);PE(22:0/16:1(9Z));PE(22:1(13Z)/16:0);PE(24:0/14:1(9Z));PE(24:1(15Z)/14:0);PC(18:1(9Z)/17:0)","C00350","HMDB0008849;HMDB0008881;HMDB0008941;HMDB0008973;HMDB0008999;HMDB0009031;HMDB0009064;HMDB0009223;HMDB0009224;HMDB0009255;HMDB0009485;HMDB0009517;HMDB0009713;HMDB0009745;HMDB0256160","NA;NA;73875;NA;NA;NA;NA;NA;NA;NA;NA;NA;NA;NA;NA","53479558;53479569;9546836;52924238;9546841;53479630;9546843;9546838;9546835;52924553;52924721;53479855;NA;53480017;NA","NA;NA;NA;NA;NA;NA;NA;NA;NA;NA;NA;NA;NA;NA;NA","null","null",TRUE,TRUE,NA,NA,NA
"Pe(14:1(9z)/24:1(15z))","23685_pos","Pe(14:1(9z)/24:1(15z))",0.02,1254804,NA,"Unknown","null","PE(14:1(9Z)/24:1(15Z));PE(16:0/22:2(13Z,16Z));PE(16:1(9Z)/22:1(13Z));PE(18:0/20:2(11Z,14Z));PE(18:1(11Z)/20:1(11Z));PE(18:1(9Z)/20:1(11Z));PE(18:2(9Z,12Z)/20:0);PE(20:0/18:2(9Z,12Z));PE(20:1(11Z)/18:1(11Z));PE(20:1(11Z)/18:1(9Z));PE(20:2(11Z,14Z)/18:0);PE(22:1(13Z)/16:1(9Z));PE(22:2(13Z,16Z)/16:0);PE(24:1(15Z)/14:1(9Z));PC(18:2(9Z,12Z)/17:0)","C00350","HMDB0008882;HMDB0008942;HMDB0008974;HMDB0009000;HMDB0009032;HMDB0009065;HMDB0009097;HMDB0009225;HMDB0009256;HMDB0009257;HMDB0009288;HMDB0009518;HMDB0009550;HMDB0009746;HMDB0256162","NA;NA;NA;NA;NA;NA;NA;NA;NA;NA;NA;NA;NA;NA;NA","53479570;52924216;53479600;9546824;53479631;9546826;52924370;9546825;53479718;52924554;52924583;53479856;52924778;53480018;NA","NA;NA;NA;NA;NA;NA;NA;NA;NA;NA;NA;NA;NA;NA;NA","null","null",TRUE,FALSE,NA,NA,NA
"Penem","832_neg","Penem",0.87,949.51,NA,"Unknown","null","Penem;pyrithione","","HMDB0256222;HMDB0256986","NA;36578","19980826;NA","NA;NA","null","null",TRUE,TRUE,"Penems","Lactams","Beta lactams"
"Penicillanic acid","3820_pos","Penicillanic acid",0.24,34.99,NA,"Unknown","null","Penicillanic acid","","HMDB0256227","NA","12314047","NA","null","null",TRUE,FALSE,"Alpha amino acids and derivatives","Carboxylic acids and derivatives","Amino acids, peptides, and analogues"
"Penilloic acid","9279_pos","Penilloic acid",0.73,114208.1,NA,"Unknown","null","Penilloic acid","","HMDB0256237","NA","NA","NA","null","null",TRUE,TRUE,"Alpha amino acids and derivatives","Carboxylic acids and derivatives","Amino acids, peptides, and analogues"
"Penitrem b","20233_pos","Penitrem b",0.02,18.84,NA,"Unknown","null","Penitrem B","","HMDB0256239","NA","73153936","NA","null","null",TRUE,FALSE,NA,NA,NA
"Pentaerythritol dinitrate","4904_neg","Pentaerythritol dinitrate",0.42,165.37,NA,"Unknown","null","Pentaerythritol dinitrate","","HMDB0256251","NA","6451293","NA","null","null",TRUE,FALSE,"Alkyl nitrates","Organic oxoanionic compounds","Organic nitrates"
"Pentafluorobenzoic acid","4201_neg","Pentafluorobenzoic acid",0.02,17.11,NA,"Unknown","null","Pentafluorobenzoic acid","","HMDB0256260","46796","NA","NA","null","null",TRUE,FALSE,"Halobenzoic acids","Benzene and substituted derivatives","Benzoic acids and derivatives"
"Perillic acid","2162_neg","Perillic acid",0.82,197.52,NA,"Unknown","null","Perillic acid;2-Butylhydroquinone;2,5-Cyclohexadien-1-one, 4-hydroxy-2,3,5,6-tetramethyl-;4-Tert-Butylcatechol;Camphorquinone;Dolichodial;Durohydroquinone","C11924;C14515","HMDB0004586;HMDB0245044;HMDB0245491;HMDB0246584;HMDB0249577;HMDB0251578;HMDB0251643","36999;NA;NA;NA;34607;NA;NA","1256;NA;123772;7381;25208;534263;136346","2266070;NA;NA;NA;NA;NA;NA","null","null",TRUE,TRUE,"Menthane monoterpenoids","Prenol lipids","Monoterpenoids"
"Pg(16:0/18:1(11z))","23014_neg","Pg(16:0/18:1(11z))",0.13,324849,"PG","no MS2: Phosphatidylglyceride 16","C40H77O10P","PG(16:0/18:1(11Z));PG(16:0/18:1(9Z));PG(16:1(9Z)/18:0);PG(18:0/16:1(9Z));PG(18:1(11Z)/16:0);PG(18:1(9Z)/16:0);1-Palmitoyl-2-oleoylglycero-3-phosphoglycerol","","HMDB0010573;HMDB0010574;HMDB0010587;HMDB0010601;HMDB0010615;HMDB0010630;HMDB0244000","44946;73234;85186;89270;89272;73206;NA","5289145;52941750;52926476;52927152;53480614;52927225;123897","NA;NA;NA;NA;NA;NA;NA","JITAGSMRIUAUGR-SGEDCAFJNA-N","CCCCCCCCCCCCCCCC(=O)OCC(COP(O)(=O)OCC(O)CO)OC(=O)CC\C=C/CCCCCCCCCCCCC",TRUE,TRUE,NA,NA,NA
"Phenol","90_neg","Phenol",0.47,495.48,NA,"Unknown","null","Phenol;Benzene oxide;Oxepin","C15584;C01782","HMDB0000228;HMDB0248977;HMDB0255979","15882;NA;NA","996;NA;NA","NA;NA;NA","null","null",TRUE,TRUE,"1-hydroxy-4-unsubstituted benzenoids","Phenols","1-hydroxy-4-unsubstituted benzenoids"
"Phenol sulphate","2443_neg","Phenol sulphate",0.78,6466.41,NA,"Unknown","null","Phenol sulphate","C02180","HMDB0060015","27905","74426","NA","null","null",TRUE,TRUE,"Phenylsulfates","Organic sulfuric acids and derivatives","Arylsulfates"
"Phenoxomethylpenicilloyl","11563_neg","Phenoxomethylpenicilloyl",0.11,3.69,NA,"Unknown","null","Phenoxomethylpenicilloyl","","HMDB0256236","NA","NA","NA","null","null",TRUE,FALSE,"N-acyl-alpha amino acids","Carboxylic acids and derivatives","Amino acids, peptides, and analogues"
"Phenylacetaldehyde","633_neg","Phenylacetaldehyde",0.02,14.35,NA,"Unknown","null","Phenylacetaldehyde;2,3-Dihydrobenzofuran;4-Methylbenzaldehyde;Acetophenone","C00601;C06758;C07113","HMDB0006236;HMDB0013815;HMDB0029638;HMDB0033910","16424;87607;28617;27632","998;10329;7725;7410","35469;NA;NA;NA","null","null",TRUE,FALSE,"Phenylacetaldehydes","Benzene and substituted derivatives","Phenylacetaldehydes"
"Phenylacetic acid","1127_neg","Phenylacetic acid",0.71,30.38,"Hydroxycinnamic acids","no MS2: Caffeic acid; LC-ESI-QTOF; MS2; CE","C9H8O4","Phenylacetic acid;2-Methylbenzoic acid;4-Methylbenzoic acid;4-Methoxybenzaldehyde;""2'-Hydroxyacetophenone"";Phenyl acetate;1,4-Benzodioxane;2-Hydroxyacetophenone;Oxonol","C07086;C07215;C01454;C10761;C15583;C07189","HMDB0000209;HMDB0002340;HMDB0029635;HMDB0029686;HMDB0032568;HMDB0040733;HMDB0244196;HMDB0245150;HMDB0256000","30745;36632;36635;28235;145716;8082;NA;28341;NA","999;8373;7470;31244;8375;31229;952;NA;NA","1486426;NA;NA;NA;NA;NA;NA;NA;NA","QAIPRVGONGVQAS-RQOWECAXSA-N","OC(=O)\C=C/C1=CC(O)=C(O)C=C1",TRUE,TRUE,"Benzene and substituted derivatives","Benzene and substituted derivatives",NA
"Phenylacetylglycine","3290_neg","Phenylacetylglycine",0.91,3997.94,NA,"5-HYDROXYINDOLEACETATE","null","Phenylacetylglycine;2-Methylhippuric acid;N-Formylphenylalanine;Actarit;n-benzoyl-d-alanine;N-Formyl-dl-phenylalanine","C05598;C01586","HMDB0000821;HMDB0011723;HMDB0240317;HMDB0247976;HMDB0255085;HMDB0255143","27480;68455;133534;NA;71167;NA","68144;91637;759256;2018;71002;NA","NA;NA;NA;NA;NA;NA","null","null",TRUE,TRUE,"N-acyl-alpha amino acids","Carboxylic acids and derivatives","Amino acids, peptides, and analogues"
"Phenylalanylthreonine","7154_pos","Phenylalanylthreonine",0.42,22.94,NA,"Unknown","null","Phenylalanylthreonine;Threonylphenylalanine","","HMDB0029005;HMDB0029068","73636;74862","18218233;7010579","NA;NA","null","null",TRUE,TRUE,"Dipeptides","Carboxylic acids and derivatives","Amino acids, peptides, and analogues"
"Phenylalanyltyrosine","9752_neg","Phenylalanyltyrosine",0.02,13.16,NA,"Unknown","null","Phenylalanyltyrosine;Tyrosyl-Phenylalanine;Bis(3-methoxysalicylidene)ethylenediamine;Phe-Tyr;(2S)-2-Amino-3-[4-[(2S)-2-amino-3-phenylpropanoyl]oxyphenyl]propanoic acid;(2S)-2-Amino-3-[3-[(2S)-2-amino-3-phenylpropanoyl]oxyphenyl]propanoic acid","","HMDB0029007;HMDB0029112;HMDB0252126;HMDB0256384;HMDB0257556;HMDB0257687","73637;NA;NA;NA;NA;NA","13341191;3421919;5232078;NA;NA;129143949","NA;NA;NA;NA;NA;NA","null","null",TRUE,TRUE,"Dipeptides","Carboxylic acids and derivatives","Amino acids, peptides, and analogues"
"Phenylglucuronide","6989_neg","Phenylglucuronide",0.62,582.21,NA,"Unknown","null","Phenylglucuronide;Phenol glucuronide;2-(2-Phenylethenylsulfonyl)ethenylbenzene","","HMDB0059806;HMDB0060014;HMDB0258520","NA;64681;NA","119239;87235;260148","NA;NA;NA","null","null",TRUE,TRUE,"Phenolic glycosides","Organooxygen compounds","Carbohydrates and carbohydrate conjugates"
"Phenylpyruvic acid","2068_neg","Phenylpyruvic acid",0.44,75.12,NA,"PHENYLPYRUVATE","null","Phenylpyruvic acid;m-Coumaric acid;4-Hydroxycinnamic acid;2-Hydroxycinnamic acid;Enol-phenylpyruvate;cis-p-Coumaric acid;METHYL 4-FORMYLBENZOATE","C00166;C12621;C00811;C01772;C02763;C06738","HMDB0000205;HMDB0001713;HMDB0002035;HMDB0002641;HMDB0012225;HMDB0030677;HMDB0254568","30851;32357;32374;18125;16815;17450;NA","997;637541;637542;637540;641637;1549106;15294","34111;NA;36077;NA;NA;NA;NA","null","null",TRUE,TRUE,"Phenylpyruvic acid derivatives","Benzene and substituted derivatives","Phenylpyruvic acid derivatives"
"Phosphate","150_neg","Phosphate",0.89,994.42,NA,"Unknown","null","Phosphate","C00009","HMDB0001429","26078","1004","NA","null","null",TRUE,TRUE,"Non-metal phosphates","Non-metal oxoanionic compounds","Non-metal phosphates"
"Phosphatidylethanolamine alkenyl 16","23026_neg","Phosphatidylethanolamine alkenyl 16",0.18,338712.3,"1-(1Z-alkenyl),2-acylglycerophosphoethanolamines","no MS2: Phosphatidylethanolamine alkenyl 16","C43H76NO7P",NA,NA,NA,NA,NA,NA,"IRRKKHCAJLHSJE-NBLHLOSHNA-N","CCCCCCCCCCCCCC\C=C\OCC(COP(O)(=O)OCCN)OC(=O)CC\C=C/C\C=C/C\C=C/C\C=C/C\C=C/CCCCC",TRUE,TRUE,NA,NA,NA
"Phosphatidylethanolamine lyso 20","17417_neg","Phosphatidylethanolamine lyso 20",0.22,465244.8,"2-acyl-sn-glycero-3-phosphoethanolamines","no MS2: Phosphatidylethanolamine lyso 20","C25H46NO7P",NA,NA,NA,NA,NA,NA,"BGJVXSMYONPLDN-NWFXIAEYNA-N","CCCCCCCCC\C=C/C\C=C/C\C=C/CCC(=O)OC(CO)COP(O)(=O)OCCN",TRUE,FALSE,NA,NA,NA
"Phosphatidylethanolamine lyso alkenyl 18","15915_neg","Phosphatidylethanolamine lyso alkenyl 18",0.09,21.75,"Glycerophosphoethanolamines","no MS2: Phosphatidylethanolamine lyso alkenyl 18","C23H46NO6P",NA,NA,NA,NA,NA,NA,"KBMHJSYYECHZKI-QOLMDKRLNA-N","CCCCCCCCCCCCC\C=C/C\C=C\OC(CO)COP(O)(=O)OCCN",TRUE,FALSE,NA,NA,NA
"Phosphatidylglyceride 22","24144_neg","Phosphatidylglyceride 22",0.36,19707840,"PG","no MS2: Phosphatidylglyceride 22","C50H75O10P",NA,NA,NA,NA,NA,NA,"XACKZSRNTPEYBU-GZSOIYOPNA-N","CC\C=C/C\C=C/C\C=C/C\C=C/C\C=C/C\C=C/CCC(=O)OCC(COP(O)(=O)OCC(O)CO)OC(=O)CC\C=C/C\C=C/C\C=C/C\C=C/C\C=C/C\C=C/CC",TRUE,TRUE,NA,NA,NA
"Phosphatidylinositol 16","24279_neg","Phosphatidylinositol 16",0.38,168164.8,"PI","no MS2: Phosphatidylinositol 16","C47H79O13P",NA,NA,NA,NA,NA,NA,"FPHAZHKZJQOPBU-BXVYXOBNSA-N","CCCCCCCCCCCCCCCC(=O)OCC(COP(O)(=O)O[C@H]1[C@H](O)[C@@H](O)[C@H](O)[C@@H](O)[C@H]1O)OC(=O)CC\C=C/C\C=C/C\C=C/C\C=C/C\C=C/C\C=C/CC",TRUE,TRUE,NA,NA,NA
"Phosphatidylinositol 18","24294_neg","Phosphatidylinositol 18",0.31,391814.8,"PI","no MS2: Phosphatidylinositol 18","C47H83O13P",NA,NA,NA,NA,NA,NA,"QTBZDDLLDFZGQX-KVUJAYRISA-N","CCCCCCCCCCCCCCCCCC(=O)OCC(COP(O)(=O)O[C@H]1[C@H](O)[C@@H](O)[C@H](O)[C@@H](O)[C@H]1O)OC(=O)CC\C=C/C\C=C/C\C=C/C\C=C/CCCCCC",TRUE,FALSE,NA,NA,NA
"Phosphatidylinositol lyso 20","20945_neg","Phosphatidylinositol lyso 20",0.11,15.49,"2-acyl-sn-glycerol-3-phosphoinositols","no MS2: Phosphatidylinositol lyso 20","C29H49O12P",NA,NA,NA,NA,NA,NA,"GCTCZDZDLCVEBR-BMBRPNNFSA-N","CCCCCC\C=C/C\C=C/C\C=C/C\C=C/CCC(=O)OC(CO)COP(O)(=O)O[C@H]1[C@H](O)[C@@H](O)[C@H](O)[C@@H](O)[C@H]1O",TRUE,TRUE,NA,NA,NA
"Phosphocreatine","4285_pos","Phosphocreatine",0.82,36.37,NA,"Unknown","null","Phosphocreatine;2-[Carbamimidoyl(phosphonomethyl)amino]acetic acid","C02305","HMDB0001511;HMDB0257852","17287;NA","587;18984275","1594794;NA","null","null",TRUE,TRUE,"Alpha amino acids and derivatives","Carboxylic acids and derivatives","Amino acids, peptides, and analogues"
"Phosphohexose","5878_pos","Phosphohexose",0.82,7029.78,NA,"Unknown","null","Phosphohexose;(6S,7R)-2,6,7,8-Tetrahydroxy-2-oxo-1,3,2lambda5-dioxaphosphonan-5-one","","HMDB0256479;HMDB0260167","NA;NA","129632292;NA","NA;NA","null","null",TRUE,TRUE,"Monosaccharides","Organooxygen compounds","Carbohydrates and carbohydrate conjugates"
"Pi(16:0/18:1(11z))","23893_neg","Pi(16:0/18:1(11z))",0.09,385176.8,"PI","no MS2: Phosphatidylinositol 16","C43H81O13P","PI(16:0/18:1(11Z));PI(16:0/18:1(9Z));PI(16:1(9Z)/18:0);PI(18:0/16:1(9Z));PI(18:1(11Z)/16:0);PI(18:1(9Z)/16:0)","C00626","HMDB0009782;HMDB0009783;HMDB0009799;HMDB0009806;HMDB0009822;HMDB0009834","88392;NA;88423;88557;88606;88625","NA;NA;NA;NA;NA;NA","NA;NA;NA;NA;NA;NA","IBBOEPTXNHPBRH-AFOMSZMQSA-N","CCCCCCCCCCCCCCCC(=O)OCC(COP(O)(=O)O[C@H]1[C@H](O)[C@@H](O)[C@H](O)[C@@H](O)[C@H]1O)OC(=O)CC\C=C/CCCCCCCCCCCCC",TRUE,TRUE,NA,NA,NA
"Pi(16:0/18:2(9z,12z))","23881_neg","Pi(16:0/18:2(9z,12z))",0.22,402083,"PI","no MS2: Phosphatidylinositol 16","C43H79O13P","PI(16:0/18:2(9Z,12Z));PI(16:1(9Z)/18:1(11Z));PI(16:1(9Z)/18:1(9Z));PI(16:2(9Z,12Z)/18:0);PI(18:0/16:2(9Z,12Z));PI(18:1(11Z)/16:1(9Z));PI(18:1(9Z)/16:1(9Z));PI(18:2(9Z,12Z)/16:0)","C00626","HMDB0009784;HMDB0009800;HMDB0009801;HMDB0009803;HMDB0009807;HMDB0009823;HMDB0009835;HMDB0009846","73212;88563;88562;88561;88558;88605;88626;88640","NA;NA;NA;NA;NA;NA;NA;NA","NA;NA;NA;NA;NA;NA;NA;NA","UKUWCMCEVNAMQA-DNPFOPPISA-N","CCCCCCCCCCCCCCCC(=O)OCC(COP(O)(=O)O[C@H]1[C@H](O)[C@@H](O)[C@H](O)[C@@H](O)[C@H]1O)OC(=O)CC\C=C/C\C=C/CCCCCCCCCC",TRUE,FALSE,NA,NA,NA
"Pi(16:0/20:4(5z,8z,11z,14z))","24070_neg","Pi(16:0/20:4(5z,8z,11z,14z))",0.31,1518957,"PI","no MS2: Phosphatidylinositol 16","C45H79O13P","PI(16:0/20:4(5Z,8Z,11Z,14Z));PI(16:0/20:4(8Z,11Z,14Z,17Z));PI(18:1(11Z)/18:3(6Z,9Z,12Z));PI(18:1(11Z)/18:3(9Z,12Z,15Z));PI(18:1(9Z)/18:3(6Z,9Z,12Z));PI(18:1(9Z)/18:3(9Z,12Z,15Z));PI(18:2(9Z,12Z)/18:2(9Z,12Z));PI(18:3(6Z,9Z,12Z)/18:1(11Z));PI(18:3(6Z,9Z,12Z)/18:1(9Z));PI(18:3(9Z,12Z,15Z)/18:1(11Z));PI(18:3(9Z,12Z,15Z)/18:1(9Z));PI(20:4(5Z,8Z,11Z,14Z)/16:0);PI(20:4(8Z,11Z,14Z,17Z)/16:0);Phosphatidylinositol(36:4)","C00626","HMDB0009789;HMDB0009790;HMDB0009827;HMDB0009828;HMDB0009839;HMDB0009840;HMDB0009850;HMDB0009859;HMDB0009860;HMDB0009863;HMDB0009864;HMDB0009893;HMDB0009899;HMDB0256468","73209;88415;88599;88596;88613;88645;77348;88647;88671;88676;88673;89112;89121;NA","NA;NA;NA;NA;NA;NA;NA;NA;NA;NA;NA;NA;NA;75961280","NA;NA;NA;NA;NA;NA;NA;NA;NA;NA;NA;NA;NA;NA","QAOYQEIOBPZFPB-VHZSRAIHSA-N","CCCCCCCCCCCCCCCC(=O)OCC(COP(O)(=O)O[C@H]1[C@H](O)[C@@H](O)[C@H](O)[C@@H](O)[C@H]1O)OC(=O)CC\C=C/C\C=C/C\C=C/C\C=C/CCCCCC",TRUE,FALSE,NA,NA,NA
"Pi(16:0/22:4(10z,13z,16z,19z))","25245_pos","Pi(16:0/22:4(10z,13z,16z,19z))",0.04,19.38,NA,"Unknown","null","PI(16:0/22:4(10Z,13Z,16Z,19Z));PI(16:0/22:4(7Z,10Z,13Z,16Z));PI(18:0/20:4(5Z,8Z,11Z,14Z));PI(18:0/20:4(8Z,11Z,14Z,17Z));PI(18:1(11Z)/20:3(5Z,8Z,11Z));PI(18:1(11Z)/20:3(8Z,11Z,14Z));PI(18:1(9Z)/20:3(5Z,8Z,11Z));PI(18:1(9Z)/20:3(8Z,11Z,14Z));PI(18:2(9Z,12Z)/20:2(11Z,14Z));PI(20:2(11Z,14Z)/18:2(9Z,12Z));PI(20:3(5Z,8Z,11Z)/18:1(11Z));PI(20:3(5Z,8Z,11Z)/18:1(9Z));PI(20:3(8Z,11Z,14Z)/18:1(11Z));PI(20:3(8Z,11Z,14Z)/18:1(9Z));PI(20:4(5Z,8Z,11Z,14Z)/18:0);PI(20:4(8Z,11Z,14Z,17Z)/18:0);PI(22:4(10Z,13Z,16Z,19Z)/16:0);PI(22:4(7Z,10Z,13Z,16Z)/16:0)","C00626;C00626;C00626","HMDB0009793;HMDB0009794;HMDB0009815;HMDB0009816;HMDB0009830;HMDB0009831;HMDB0009842;HMDB0009843;HMDB0009853;HMDB0009877;HMDB0009881;HMDB0009882;HMDB0009888;HMDB0009889;HMDB0009894;HMDB0009900;HMDB0009912;HMDB0009914","88421;88417;84153;88572;88628;88629;88643;88644;88657;89156;89131;89135;89142;89141;89110;NA;89298;89303","NA;NA;NA;NA;NA;NA;NA;NA;NA;NA;NA;NA;NA;NA;NA;NA;NA;NA","NA;NA;NA;NA;NA;NA;NA;NA;NA;NA;NA;NA;NA;NA;NA;NA;NA;NA","null","null",TRUE,TRUE,NA,NA,NA
"Pi(16:0/22:5(4z,7z,10z,13z,16z))","24288_neg","Pi(16:0/22:5(4z,7z,10z,13z,16z))",0.49,1688216,"PI","no MS2: Phosphatidylinositol 18","C47H81O13P","PI(16:0/22:5(4Z,7Z,10Z,13Z,16Z));PI(16:0/22:5(7Z,10Z,13Z,16Z,19Z));PI(16:2(9Z,12Z)/22:3(10Z,13Z,16Z));PI(18:1(11Z)/20:4(5Z,8Z,11Z,14Z));PI(18:1(11Z)/20:4(8Z,11Z,14Z,17Z));PI(18:1(9Z)/20:4(5Z,8Z,11Z,14Z));PI(18:1(9Z)/20:4(8Z,11Z,14Z,17Z));PI(18:2(9Z,12Z)/20:3(5Z,8Z,11Z));PI(18:2(9Z,12Z)/20:3(8Z,11Z,14Z));PI(20:3(5Z,8Z,11Z)/18:2(9Z,12Z));PI(20:3(8Z,11Z,14Z)/18:2(9Z,12Z));PI(20:4(5Z,8Z,11Z,14Z)/18:1(11Z));PI(20:4(5Z,8Z,11Z,14Z)/18:1(9Z));PI(20:4(8Z,11Z,14Z,17Z)/18:1(11Z));PI(20:4(8Z,11Z,14Z,17Z)/18:1(9Z));PI(22:3(10Z,13Z,16Z)/16:2(9Z,12Z));PI(22:5(4Z,7Z,10Z,13Z,16Z)/16:0);PI(22:5(7Z,10Z,13Z,16Z,19Z)/16:0)","C00626;C00626;C00626;C00626","HMDB0009795;HMDB0009796;HMDB0009804;HMDB0009832;HMDB0009833;HMDB0009844;HMDB0009845;HMDB0009854;HMDB0009855;HMDB0009883;HMDB0009890;HMDB0009895;HMDB0009896;HMDB0009901;HMDB0009902;HMDB0009908;HMDB0009916;HMDB0009918","88418;88424;88559;88630;88624;82762;88642;88658;88660;89134;89117;89128;89126;NA;89252;NA;89305;89299","NA;NA;NA;NA;NA;NA;NA;NA;NA;NA;NA;NA;NA;NA;NA;NA;NA;NA","NA;NA;NA;NA;NA;NA;NA;NA;NA;NA;NA;NA;NA;NA;NA;NA;NA;NA","CZXYESCYMAKGKD-BRWUPIELSA-N","CCCCCCCCCCCCCCCCCC(=O)OCC(COP(O)(=O)O[C@H]1[C@H](O)[C@@H](O)[C@H](O)[C@@H](O)[C@H]1O)OC(=O)CC\C=C/C\C=C/C\C=C/C\C=C/C\C=C/CCC",TRUE,FALSE,NA,NA,NA
"Pi(18:0/22:6(4z,7z,10z,13z,16z,19z))","25391_pos","Pi(18:0/22:6(4z,7z,10z,13z,16z,19z))",0.02,143494.1,NA,"Unknown","null","PI(18:0/22:6(4Z,7Z,10Z,13Z,16Z,19Z));PI(18:3(6Z,9Z,12Z)/22:3(10Z,13Z,16Z));PI(18:3(9Z,12Z,15Z)/22:3(10Z,13Z,16Z));PI(20:3(5Z,8Z,11Z)/20:3(5Z,8Z,11Z));PI(20:3(5Z,8Z,11Z)/20:3(8Z,11Z,14Z));PI(20:3(8Z,11Z,14Z)/20:3(5Z,8Z,11Z));PI(20:3(8Z,11Z,14Z)/20:3(8Z,11Z,14Z));PI(22:3(10Z,13Z,16Z)/18:3(6Z,9Z,12Z));PI(22:3(10Z,13Z,16Z)/18:3(9Z,12Z,15Z));PI(22:6(4Z,7Z,10Z,13Z,16Z,19Z)/18:0)","C00626;C00626;C00626","HMDB0009821;HMDB0009861;HMDB0009865;HMDB0009884;HMDB0009885;HMDB0009891;HMDB0009892;HMDB0009910;HMDB0009911;HMDB0009920","88600;88672;88674;89137;89136;89116;89114;89296;89295;89307","NA;NA;NA;NA;NA;NA;NA;NA;NA;NA","NA;NA;NA;NA;NA;NA;NA;NA;NA;NA","null","null",TRUE,FALSE,NA,NA,NA
"Pimelylcarnitine","9029_pos","Pimelylcarnitine",0.56,20794.07,NA,"Unknown","null","Pimelylcarnitine;Aditoprim","","HMDB0013328;HMDB0248017","85525;NA","53481699;NA","NA;NA","null","null",TRUE,TRUE,"Acyl carnitines","Fatty acyls","Fatty acid esters"
"Piperidine","31_pos","Piperidine",0.78,127.32,"Piperidines","no MS2: Piperidine; LC-ESI-QTOF; MS2; CE","C5H11N","Piperidine;1-Methylpyrrolidine;Cyclopentylamine","C01746","HMDB0034301;HMDB0243946;HMDB0250671","18049;NA;NA","8082;8454;2906","NA;NA;NA","NQRYJNQNLNOLGT-UHFFFAOYSA-N","C1CCNCC1",TRUE,TRUE,"Piperidines","Piperidines",NA
"Pirenperone","13348_pos","Pirenperone",0.11,8.36,NA,"Unknown","null","Pirenperone","","HMDB0256592","NA","NA","NA","null","null",TRUE,FALSE,"Alkyl-phenylketones","Organooxygen compounds","Carbonyl compounds"
"Pkcbeta inhibitor","13666_neg","Pkcbeta inhibitor",0.07,9.85,NA,"Unknown","null","PKCbeta Inhibitor","","HMDB0256626","NA","NA","NA","null","null",TRUE,FALSE,NA,NA,NA
"Prenalterol","5028_pos","Prenalterol",0.76,2022.51,"Resorcinols","no MS2: Terbutaline; LC-ESI-QTOF; MS2; CE","C12H19NO3","Prenalterol","","HMDB0256762","NA","NA","NA","XWTYSIMOBUGWOL-UHFFFAOYNA-N","CC(C)(C)NCC(O)C1=CC(O)=CC(O)=C1",TRUE,TRUE,"4-alkoxyphenols","Phenols","4-alkoxyphenols"
"Procymidone","7974_pos","Procymidone",0.33,9.67,NA,"Unknown","null","Procymidone","C10986","HMDB0256790","NA","NA","NA","null","null",TRUE,TRUE,"Phenylpiperidines","Piperidines","Phenylpiperidines"
"Proglumide","10068_neg","Proglumide",0.44,41.39,NA,"Unknown","null","Proglumide","","HMDB0256796","32058","NA","NA","null","null",TRUE,TRUE,"Glutamic acid and derivatives","Carboxylic acids and derivatives","Amino acids, peptides, and analogues"
"Proline amide","505_pos","Proline amide",0.87,172.25,NA,"Proline Amide","null",NA,NA,NA,NA,NA,NA,"null","null",TRUE,TRUE,NA,NA,NA
"Proline betaine","1418_pos","Proline betaine",0.87,147.86,NA,"Unknown","null","Proline betaine;(2S)-1,2-Dimethylpyrrolidine-2-carboxylic acid;1-Aminocyclohexanecarboxylic acid;2-Hydroxypropyl methacrylamide;trans-4-Aminocyclohexanecarboxylic acid;Crotonic acid betaine;N-(2-Hydroxypropyl)methacrylamide","C10172","HMDB0004827;HMDB0243593;HMDB0243822;HMDB0245163;HMDB0246355;HMDB0250545;HMDB0254991","35280;NA;86534;NA;NA;11946;NA","115244;21682858;1366;86613605;171560;589;NA","NA;NA;NA;NA;NA;NA;NA","null","null",TRUE,TRUE,"Proline and derivatives","Carboxylic acids and derivatives","Amino acids, peptides, and analogues"
"Prolylhydroxyproline","5174_pos","Prolylhydroxyproline",0.87,747.71,NA,"Unknown","null","Prolylhydroxyproline;Pyroglutamylvaline;Morph;L-Prolyl-4-hydroxy-L-prolin;(2S)-3-Hydroxy-1-[(2S)-pyrrolidine-2-carbonyl]pyrrolidine-2-carboxylic acid","","HMDB0006695;HMDB0094651;HMDB0254890;HMDB0256781;HMDB0257791","74767;132991;NA;NA;NA","11902892;152416;115379;NA;NA","NA;NA;NA;NA;NA","null","null",TRUE,TRUE,"Dipeptides","Carboxylic acids and derivatives","Amino acids, peptides, and analogues"
"Propyl chloroformate","717_pos","Propyl chloroformate",0.02,4.94,NA,"Unknown","null","Propyl chloroformate","","HMDB0256838","NA","NA","NA","null","null",TRUE,FALSE,"Organic carbonic acids and derivatives","Organic carbonic acids and derivatives",NA
"Protopanaxatriol","16437_neg","Protopanaxatriol",0.4,13337.18,NA,"Unknown","null","Protopanaxatriol;Mogrol","","HMDB0243571;HMDB0254830","NA;NA","22392424;14525326","NA;NA","null","null",TRUE,FALSE,"Triterpenoids","Prenol lipids","Triterpenoids"
"Ps(16:0/18:0)","23178_neg","Ps(16:0/18:0)",0.04,172604.4,NA,"Unknown","null","PS(16:0/18:0);PS(18:0/16:0)","","HMDB0012356;HMDB0012376","84520;90035","52926014;52925997","NA;NA","null","null",TRUE,FALSE,NA,NA,NA
"Pyrano(2,3-c)pyrazol-6(2h)-one, 3,4-dimethyl-2-(2-thienylmethyl)-","6541_neg","Pyrano(2,3-c)pyrazol-6(2h)-one, 3,4-dimethyl-2-(2-thienylmethyl)-",0.44,69.8,NA,"Unknown","null","Pyrano(2,3-c)pyrazol-6(2H)-one, 3,4-dimethyl-2-(2-thienylmethyl)-","","HMDB0253035","NA","NA","NA","null","null",TRUE,TRUE,NA,NA,NA
"Pyridinin","6251_pos","Pyridinin",0.2,7.09,"Aminobenzenesulfonamides","no MS2: Sulfapyridine; LC-ESI-ITFT; MS2; CE","C11H11N3O2S","Pyridinin","","HMDB0256968","NA","NA","NA","GECHUMIMRBOMGK-UHFFFAOYSA-N","NC1=CC=C(C=C1)S(=O)(=O)NC1=CC=CC=N1",TRUE,TRUE,"Benzenesulfonyl compounds","Benzene and substituted derivatives","Benzenesulfonyl compounds"
"Pyridoxine","2334_neg","Pyridoxine",0.42,128.05,NA,"Pyridoxine","null",NA,NA,NA,NA,NA,NA,"null","null",TRUE,FALSE,"Pyridoxines","Pyridines and derivatives","Pyridoxines"
"Pyroglutamic acid","899_neg","Pyroglutamic acid",0.91,2220.81,NA,"5-Oxoproline","null","Pyroglutamic acid;Pyrroline hydroxycarboxylic acid;3-Hydroxy-1-methylpyrrolidine-2,5-dione;4-Oxo-L-proline;1-Methylpyrrole-2,3,5-triol;pyrrolidone carboxylic acid;(2S)-6-Oxa-1-azabicyclo[3.1.0]hexane-2-carboxylic acid","C01879;C04281","HMDB0000267;HMDB0001369;HMDB0245148;HMDB0246561;HMDB0255336;HMDB0257001;HMDB0260147","18183;27391;NA;37011;NA;NA;NA","7405;1059;260809;413589;54548768;NA;53830296","NA;43511;NA;NA;NA;NA;NA","null","null",TRUE,TRUE,"Alpha amino acids and derivatives","Carboxylic acids and derivatives","Amino acids, peptides, and analogues"
"Pyrrole, 2-pentyl","1160_neg","Pyrrole, 2-pentyl",0.51,27542.66,NA,"Unknown","null","Pyrrole, 2-pentyl","","HMDB0256996","NA","529065","NA","null","null",TRUE,FALSE,"Substituted pyrroles","Pyrroles","Substituted pyrroles"
"Pyrrolidin-1-yl n,n-bis(sulfanyl)carbamate","3321_neg","Pyrrolidin-1-yl n,n-bis(sulfanyl)carbamate",0.87,559.48,NA,"Unknown","null","Pyrrolidin-1-yl N,N-bis(sulfanyl)carbamate","","HMDB0257676","NA","18967899","NA","null","null",TRUE,TRUE,NA,NA,NA
"Pyruvic acid","25_neg","Pyruvic acid",0.84,508.58,NA,"Pyruvic Acid","null","Pyruvic acid;Ethylene carbonate","C00022;C20363","HMDB0000243;HMDB0252067","32816;NA","1060;7303","NA;NA","null","null",TRUE,TRUE,"Alpha-keto acids and derivatives","Keto acids and derivatives","Alpha-keto acids and derivatives"
"Quinolizidine","1226_neg","Quinolizidine",0.51,9302.93,NA,"Unknown","null","quinolizidine","","HMDB0257048","46751","119036","NA","null","null",TRUE,FALSE,NA,NA,NA
"Quinoxaline-6-sulfonamide","4071_neg","Quinoxaline-6-sulfonamide",0.22,11.78,NA,"Unknown","null","quinoxaline-6-sulfonamide","","HMDB0257054","NA","23193652","NA","null","null",TRUE,TRUE,NA,NA,NA
"R-limonene","2890_neg","R-limonene",0.71,636.15,NA,"Unknown","null","r-limonene","","HMDB0257077","NA","91691547","NA","null","null",TRUE,TRUE,NA,NA,NA
"Racemetirosine","3566_pos","Racemetirosine",0.4,17.64,"Beta amino acids and derivatives","no MS2: L-beta-Homotyrosine; LC-ESI-QTOF; MS2; CE","C10H13NO3","Racemetirosine;alpha-Methyl-m-tyrosine;3-Amino-2-hydroxy-4-phenylbutanoic acid;5-[(2R)-2-Aminopropyl]-2-hydroxybenzoic acid;2-[(2R)-2-Aminopropyl]-5-hydroxybenzoic acid","C11820","HMDB0247174;HMDB0248232;HMDB0256443;HMDB0257825;HMDB0257865","NA;NA;NA;NA;NA","3125;2110;NA;19425051;NA","NA;NA;NA;NA;NA","VUNPIAMEJXBAFP-MRVPVSSYSA-N","N[C@@H](CC(O)=O)CC1=CC=C(O)C=C1",TRUE,TRUE,"Phenylpropanoic acids","Phenylpropanoic acids",NA
"Resorufin","4256_neg","Resorufin",0.13,12.7,NA,"Unknown","null","Resorufin","","HMDB0257166","51602","NA","NA","null","null",TRUE,FALSE,"Phenoxazines","Benzoxazines","Phenoxazines"
"Retinal","8067_pos","Retinal",0.27,22.91,NA,"Unknown","null","Retinal;(2Z,4E,6E,8E)-3,7-Dimethyl-9-(2,6,6-trimethylcyclohex-1-en-1-yl)nona-2,4,6,8-tetraenal;LYNESTRENOL","C00376","HMDB0001358;HMDB0244342;HMDB0254258","17898;15035;NA","638015;NA;3787925","NA;NA;NA","null","null",TRUE,FALSE,"Retinoids","Prenol lipids","Retinoids"
"Riboflavin","12588_pos","Riboflavin",0.47,43072.36,NA,"Riboflavin","null","Riboflavin;8-Epiloganic acid;7,8-Dimethyl-10-[(2R,3R,4S)-2,3,4,5-tetrahydroxypentyl]benzo[g]pteridine-2,4-dione","C00255","HMDB0000244;HMDB0247433;HMDB0247501","17015;NA;NA","493570;4430509;1072","NA;NA;NA","null","null",TRUE,TRUE,"Flavins","Pteridines and derivatives","Alloxazines and isoalloxazines"
"Ribothymidine","6719_pos","Ribothymidine",0.87,990.4,NA,"Unknown","null","Ribothymidine;3-Methyluridine;""2'-O-Methyluridine"";""5-Hydroxymethyl-2'-deoxyuridine"";arabinofuranosylthymine","","HMDB0000884;HMDB0004813;HMDB0240328;HMDB0246808;HMDB0248554","45996;89487;19227;NA;NA","445408;316991;102212;5201346;249989","NA;NA;NA;NA;NA","null","null",TRUE,TRUE,"Pyrimidine nucleosides","Pyrimidine nucleosides",NA
"Ricinoleic acid","8382_neg","Ricinoleic acid",0.89,121.63,"Long-chain fatty acids","no MS2: Ricinoleic acid; FAB-EBEB; MS2; m/z","C18H34O3","Ricinoleic acid;(12R)-12-Hydroxyoctadec-9-enoic acid;9,10-Epoxystearic acid;Methyl palmoxirate","C08365;C19418","HMDB0034297;HMDB0242322;HMDB0247617;HMDB0254605","85639;NA;85661;NA","5282942;8839;15868;NA","NA;NA;NA;NA","WBHHMMIMDMUBKC-XFXZXTDPNA-N","CCCCCCC(O)C\C=C/CCCCCCCC(O)=O",TRUE,FALSE,"Long-chain fatty acids","Fatty acyls","Fatty acids and conjugates"
"S-(2-carboxyethyl)-l-cysteine","3284_neg","S-(2-carboxyethyl)-l-cysteine",0.49,81.23,NA,"Unknown","null","S-(2-Carboxyethyl)-L-cysteine","","HMDB0246645","NA","19945","NA","null","null",TRUE,TRUE,NA,NA,NA
"S-3-oxodecanoyl cysteamine","6065_pos","S-3-oxodecanoyl cysteamine",0.58,54.99,NA,"Unknown","null","S-3-oxodecanoyl cysteamine","","HMDB0059773","89859","124202115","NA","null","null",TRUE,TRUE,"Fatty acyl thioesters","Fatty acyls","Fatty acyl thioesters"
"S-allylcysteine","2142_pos","S-allylcysteine",0.44,85.57,NA,"Unknown","null","S-Allylcysteine;Allyl cysteine;Cysteine allyl ester","C16759","HMDB0034323;HMDB0248164;HMDB0250702","NA;NA;NA","98280;23437571;21201340","NA;NA;NA","null","null",TRUE,FALSE,NA,NA,NA
"S-nitrosomercaptoethanol","368_pos","S-nitrosomercaptoethanol",0.87,87.95,NA,"Unknown","null","S-Nitrosomercaptoethanol","","HMDB0257419","NA","NA","NA","null","null",TRUE,TRUE,NA,NA,NA
"S-oxocysteine","1149_neg","S-oxocysteine",0.04,9.03,NA,"Unknown","null","S-oxocysteine;serine thiol","","HMDB0257422;HMDB0258249","NA;NA","NA;129677966","NA;NA","null","null",TRUE,FALSE,"Alpha amino acids","Carboxylic acids and derivatives","Amino acids, peptides, and analogues"
"S-petasin","10064_neg","S-petasin",0.4,145.21,NA,"Unknown","null","S-Petasin","","HMDB0257423","NA","92008635","NA","null","null",TRUE,TRUE,NA,NA,NA
"Saikosaponin c","24515_neg","Saikosaponin c",0.09,190805.4,"Triterpene saponins","no MS2: Saikosaponin C; LC-ESI-ITTOF; MS2; [M-H]-","C48H78O17",NA,NA,NA,NA,NA,NA,"VJEMOEYSQDKAQF-JDRYWMLESA-N","C[C@@H]1O[C@@H](O[C@@H]2[C@@H](CO[C@@H]3O[C@H](CO)[C@@H](O)[C@H](O)[C@H]3O)O[C@@H](O[C@H]3CC[C@@]4(C)[C@@H](CC[C@]5(C)[C@@H]4C=C[C@]46OC[C@@]7(CCC(C)(C)C[C@@H]47)[C@@H](O)C[C@@]56C)C3(C)C)[C@H](O)[C@H]2O)[C@H](O)[C@H](O)[C@H]1O",TRUE,FALSE,NA,NA,NA
"Salicyluric acid","3553_pos","Salicyluric acid",0.69,70.03,NA,"Unknown","null","Salicyluric acid;Dopaquinone;Leucodopachrome;3-Hydroxyhippuric acid;4-Hydroxyhippuric acid;2-Hydroxy-7-methoxy-2H-1,4-benzoxazin-3(4H)-one;N-acetyl-5-aminosalicylic acid;4-Acetamidosalicylic acid;1,2-Epoxy-3-(p-nitrophenoxy)propane;Benzoic acid, 2-(acetyloxy)-5-amino-;Acetyl 4-aminosalicylic acid","C07588;C00822;C05604;C04274","HMDB0000840;HMDB0001229;HMDB0004067;HMDB0006116;HMDB0013678;HMDB0038055;HMDB0060602;HMDB0246329;HMDB0246908;HMDB0247698;HMDB0247923","9008;16852;60872;70824;71018;NA;NA;63816;508;NA;NA","10253;439316;161255;450268;151012;152213;65512;65509;21327;13140652;147034","NA;36114;46110;NA;NA;NA;NA;NA;NA;NA;NA","null","null",TRUE,TRUE,"Hippuric acids","Benzene and substituted derivatives","Benzoic acids and derivatives"
"Salicyluric beta-d-glucuronide","11721_neg","Salicyluric beta-d-glucuronide",0.07,207.11,NA,"Unknown","null","Salicyluric beta-D-glucuronide","","HMDB0240252","133026","121596205","NA","null","null",TRUE,FALSE,NA,NA,NA
"Salidroside","8466_neg","Salidroside",0.42,6,NA,"Unknown","null","Salidroside","","HMDB0257463","NA","4961358","NA","null","null",TRUE,TRUE,"O-glycosyl compounds","Organooxygen compounds","Carbohydrates and carbohydrate conjugates"
"Saroglitazar","14923_neg","Saroglitazar",0.33,100567.1,NA,"Unknown","null","Saroglitazar","","HMDB0257500","NA","68279908","NA","null","null",TRUE,TRUE,"Phenylpyrroles","Pyrroles","Substituted pyrroles"
"Sebacil","2238_neg","Sebacil",0.49,250.24,NA,"Unknown","null","Sebacil;4,5-Epoxydec-2(trans)-enal;Dihydroperillic acid","","HMDB0244060;HMDB0246611;HMDB0251324","NA;NA;NA","96839;526708;381256","NA;NA;NA","null","null",TRUE,FALSE,"Cyclic ketones","Organooxygen compounds","Carbonyl compounds"
"Secnidazole","3033_pos","Secnidazole",0.51,23.58,NA,"Phosphorylcholine","null","Secnidazole","","HMDB0258202","140628","NA","NA","null","null",TRUE,TRUE,"Nitroimidazoles","Azoles","Imidazoles"
"Semidehydroascorbic acid","2504_neg","Semidehydroascorbic acid",0.29,38.67,NA,"Unknown","null","Semidehydroascorbic acid","","HMDB0258226","NA","5476732","NA","null","null",TRUE,TRUE,"Butenolides","Dihydrofurans","Furanones"
"Sepiapterin","5453_neg","Sepiapterin",0.42,47.67,NA,"Unknown","null","Sepiapterin;Biopterin;8-[(Aminomethyl)sulfanyl]-6-sulfanyloctanoic acid;d-Threo biopterin;2-Amino-6-(2-hydroxypropanoyl)-2,3-dihydro-1H-pteridin-4-one","C00835;C06313;C06313","HMDB0000238;HMDB0000468;HMDB0013639;HMDB0251210;HMDB0257758","804632;63931;169109;15373;NA","65253;445040;53481912;NA;53882095","NA;NA;NA;NA;NA","null","null",TRUE,TRUE,"Pterins and derivatives","Pteridines and derivatives","Pterins and derivatives"
"Serine glutamate","6315_pos","Serine glutamate",0.04,3.68,NA,"Unknown","null","serine glutamate","","HMDB0258248","NA","NA","NA","null","null",TRUE,TRUE,NA,NA,NA
"Serotonin","2681_pos","Serotonin",0.29,10.21,NA,"INDOLE-3-ACETAMIDE","null","Serotonin;Cotinine;3h-Serotonin;4-Methylaminorex;N-hydroxyl-tryptamine","C00780;C17203","HMDB0000259;HMDB0001046;HMDB0246274;HMDB0246502;HMDB0255154","28790;127762;NA;NA;80959","5202;408;46228506;NA;13571630","NA;NA;NA;NA;NA","null","null",TRUE,TRUE,"Serotonins","Indoles and derivatives","Tryptamines and derivatives"
"Sivelestat","14696_neg","Sivelestat",0.36,25.73,NA,"Unknown","null","Sivelestat","","HMDB0258320","NA","NA","NA","null","null",TRUE,FALSE,"Hippuric acids","Benzene and substituted derivatives","Benzoic acids and derivatives"
"Sm(d18:1/16:0)","22646_pos","Sm(d18:1/16:0)",0.8,822408.1,NA,"Unknown","null","SM(d18:1/16:0);SM(d18:0/16:1(9Z))","C00550","HMDB0010169;HMDB0013464","78646;90008","9939941;53481781","NA;NA","null","null",TRUE,TRUE,NA,NA,NA
"Sm(d18:1/18:1(11z))","23076_pos","Sm(d18:1/18:1(11z))",0.04,24.1,NA,"Unknown","null","SM(d18:1/18:1(11Z));SM(d18:1/18:1(9Z))","","HMDB0012100;HMDB0012101","86086;84487","53481366;6443882","NA;NA","null","null",TRUE,FALSE,NA,NA,NA
"Solgol","9347_pos","Solgol",0.69,45.76,NA,"Unknown","null","Solgol","","HMDB0248375","NA","4411","NA","null","null",TRUE,TRUE,"Tetralins","Tetralins",NA
"Sorbitol lactate","6994_neg","Sorbitol lactate",0.62,102,NA,"Inosine","null","sorbitol lactate;6-(1,2,3,4-Tetrahydroxybutyl)oxane-2,3,4,5-tetrol","","HMDB0258395;HMDB0260352","NA;NA","NA;22491096","NA;NA","null","null",TRUE,FALSE,NA,NA,NA
"Sordarin","17038_neg","Sordarin",0.02,7.06,NA,"Unknown","null","Sordarin","","HMDB0242737","NA","22219016","NA","null","null",TRUE,FALSE,"Terpene glycosides","Prenol lipids","Terpene glycosides"
"Sparsomycin","11250_neg","Sparsomycin",0.47,42989.36,NA,"Unknown","null","SPARSOMYCIN","","HMDB0258407","NA","14967","NA","null","null",TRUE,TRUE,NA,NA,NA
"Sphinganine","8926_pos","Sphinganine",0.44,643152.8,NA,"Sphinganine","null",NA,NA,NA,NA,NA,NA,"null","null",TRUE,FALSE,"1,2-aminoalcohols","Organonitrogen compounds","Amines"
"Sphinganine 1-phosphate","12246_neg","Sphinganine 1-phosphate",0.44,4327193,NA,"Unknown","null","Sphinganine 1-phosphate;(2-Amino-3-hydroxyoctadecyl) dihydrogen phosphate","C01120","HMDB0001383;HMDB0242462","16893;NA","644260;520","1485322;NA","null","null",TRUE,FALSE,"Phosphosphingolipids","Sphingolipids","Phosphosphingolipids"
"Sphingosine 1-phosphate","12140_neg","Sphingosine 1-phosphate",0.47,8642062,NA,"Unknown","null","Sphingosine 1-phosphate;C18-Sphingosine 1-phosphate; D-erythro-Sphingosine-1-phosphate","C06124","HMDB0000277;HMDB0247790","37550;NA","5283560;5262","NA;NA","null","null",TRUE,FALSE,"Phosphosphingolipids","Sphingolipids","Phosphosphingolipids"
"Sphingosine 1-phosphate (d16:1-p)","10811_neg","Sphingosine 1-phosphate (d16:1-p)",0.44,827948.2,NA,"Unknown","null","Sphingosine 1-phosphate (d16:1-P)","","HMDB0060061","84505","52931110","NA","null","null",TRUE,FALSE,NA,NA,NA
"Stearic acid","7686_neg","Stearic acid",0.98,2317.71,NA,"Unknown","null","Stearic acid;Ethyl hexadecanoate;Hexyl dodecanoate;2-Octadecanone, 3-hydroxy-","C01530","HMDB0000827;HMDB0029811;HMDB0061946;HMDB0245276","28842;84932;NA;NA","5281;12366;94454;162822","37799;NA;NA;NA","null","null",TRUE,FALSE,"Long-chain fatty acids","Fatty acyls","Fatty acids and conjugates"
"Streptidine","6947_pos","Streptidine",0.8,130619.4,NA,"Unknown","null","Streptidine","","HMDB0258506","NA","201527","NA","null","null",TRUE,TRUE,"Cyclohexanols","Organooxygen compounds","Alcohols and polyols"
"Suberylglycine","5183_neg","Suberylglycine",0.42,222.27,NA,"Unknown","null","Suberylglycine","","HMDB0000953","NA","6453952","NA","null","null",TRUE,TRUE,"N-acyl-alpha amino acids","Carboxylic acids and derivatives","Amino acids, peptides, and analogues"
"Succinimidyl acetate","1804_neg","Succinimidyl acetate",0.71,523.97,NA,"Unknown","null","Succinimidyl acetate;(2S)-1,2-Dimethyl-3,4-dioxoazetidine-2-carboxylic acid","","HMDB0244630;HMDB0257875","NA;NA","84460;67288555","NA;NA","null","null",TRUE,TRUE,"Pyrrolidine-2-ones","Pyrrolidines","Pyrrolidones"
"Succinyladenosine","12899_pos","Succinyladenosine",0.84,750228.4,NA,"Unknown","null","Succinyladenosine;N6-Succinyl Adenosine","","HMDB0000912;HMDB0255303","71169;NA","20849086;14803430","NA;NA","null","null",TRUE,TRUE,"Purine nucleosides","Purine nucleosides",NA
"Succinylaminoimidazole carboxamide riboside","12503_pos","Succinylaminoimidazole carboxamide riboside",0.47,15207.31,NA,"Unknown","null","Succinylaminoimidazole carboxamide riboside","","HMDB0240295","NA","54478644","NA","null","null",TRUE,TRUE,"1-ribosyl-imidazolecarboxamides","Imidazole ribonucleosides and ribonucleotides","1-ribosyl-imidazolecarboxamides"
"Succinylcarnitine","6885_pos","Succinylcarnitine",0.87,117.66,NA,"Unknown","null","Succinylcarnitine;O-methylmalonyl-L-carnitine;5-[1-Carboxy-2-(trimethylazaniumyl)ethoxy]-5-oxopentanoate;O-Succinylcarnitine","","HMDB0061717;HMDB0062785;HMDB0247852;HMDB0255869","NA;85473;NA;73034","131802075;91825610;3036008;71464481","NA;NA;NA;NA","null","null",TRUE,TRUE,"Acyl carnitines","Fatty acyls","Fatty acid esters"
"Sulfate","141_neg","Sulfate",0.96,876.09,NA,"Unknown","null","Sulfate;1,1-Dichloroethane","C00059;C18247","HMDB0001448;HMDB0244020","26836;NA","1117;6365","33697;NA","null","null",TRUE,TRUE,"Non-metal sulfates","Non-metal oxoanionic compounds","Non-metal sulfates"
"Sulfobutyl ether","7946_neg","Sulfobutyl ether",0.33,20.01,NA,"Unknown","null","Sulfobutyl ether","","HMDB0258592","NA","12856218","NA","null","null",TRUE,FALSE,"Organosulfonic acids","Organic sulfonic acids and derivatives","Organosulfonic acids and derivatives"
"Sulfolithocholylglycine","17806_neg","Sulfolithocholylglycine",0.24,7840404,NA,"Unknown","null","Sulfolithocholylglycine","C11301","HMDB0002639","9347","72222","NA","null","null",TRUE,FALSE,"Glycinated bile acids and derivatives","Steroids and steroid derivatives","Bile acids, alcohols and derivatives"
"Sulofenur","10749_neg","Sulofenur",0.33,78.85,NA,"Unknown","null","Sulofenur","","HMDB0258616","NA","NA","NA","null","null",TRUE,TRUE,"N-phenylureas","Benzene and substituted derivatives","N-phenylureas"
"Sumarotene","12876_pos","Sumarotene",0.58,25.84,NA,"Unknown","null","Sumarotene","","HMDB0258626","NA","71314","NA","null","null",TRUE,TRUE,"Stilbenes","Stilbenes",NA
"Taisho","12628_neg","Taisho",0.16,6.18,NA,"Unknown","null","Taisho","","HMDB0258681","NA","9930259","NA","null","null",TRUE,TRUE,"Beta amino acids and derivatives","Carboxylic acids and derivatives","Amino acids, peptides, and analogues"
"Taurine","767_neg","Taurine",0.89,8958.08,NA,"Taurine","null","Taurine;3h-Taurine;Sulfonamidoethanol","C00245","HMDB0000251;HMDB0246277;HMDB0258596","15891;NA;NA","1123;129664824;21520684","34373;NA;NA","null","null",TRUE,TRUE,"Organosulfonic acids","Organic sulfonic acids and derivatives","Organosulfonic acids and derivatives"
"Taurine lactate","4254_neg","Taurine lactate",0.58,506.77,NA,"Unknown","null","Taurine lactate","","HMDB0258739","NA","129661140","NA","null","null",TRUE,TRUE,"Organosulfonic acids","Organic sulfonic acids and derivatives","Organosulfonic acids and derivatives"
"Taurocholic acid","17887_neg","Taurocholic acid",0.47,46330130,NA,"Taurocholic Acid","null","Taurocholic acid;Taurohyocholate;2-[(3alpha,7alpha,12alpha-Trihydroxy-24-oxocholane-24-yl)amino]ethanesulfonic acid;Tauro-alpha-muricholic acid","C05122;C15516","HMDB0000036;HMDB0011637;HMDB0257923;HMDB0258742","28865;NA;NA;NA","6675;131750644;5247;13955653","45150;NA;NA;NA","null","null",TRUE,FALSE,"Trihydroxy bile acids, alcohols and derivatives","Steroids and steroid derivatives","Bile acids, alcohols and derivatives"
"Taurocyamine","2368_pos","Taurocyamine",0.87,79.14,NA,"Unknown","null","Taurocyamine","C01959","HMDB0003584","17228","68340","NA","null","null",TRUE,TRUE,"Organosulfonic acids","Organic sulfonic acids and derivatives","Organosulfonic acids and derivatives"
"Tauroursodeoxycholic acid","17282_neg","Tauroursodeoxycholic acid",0.22,2831562,NA,"Tauroursodeoxycholic Acid","null","Tauroursodeoxycholic acid;Taurodeoxycholic acid;Taurochenodesoxycholic acid","C05463;C05465","HMDB0000874;HMDB0000896;HMDB0000951","NA;9410;16525","12443252;2733768;387316","NA;NA;45864","null","null",TRUE,FALSE,"Taurinated bile acids and derivatives","Steroids and steroid derivatives","Bile acids, alcohols and derivatives"
"Tecarfarin","16216_pos","Tecarfarin",0.09,3727966,NA,"Unknown","null","Tecarfarin","","HMDB0258769","NA","NA","NA","null","null",TRUE,TRUE,"4-hydroxycoumarins","Coumarins and derivatives","Hydroxycoumarins"
"Tenatoprazole","10566_neg","Tenatoprazole",0.56,14283.28,NA,"Unknown","null","Tenatoprazole","","HMDB0258812","NA","NA","NA","null","null",TRUE,TRUE,"Imidazopyridines","Imidazopyridines",NA
"Tenocyclidine","6167_pos","Tenocyclidine",0.76,123.09,NA,"Hydroxybutyrylcarnitine","null","Tenocyclidine;thienylcyclohexylpiperidine","","HMDB0258817;HMDB0258991","64610;NA","NA;20068539","NA;NA","null","null",TRUE,TRUE,"Aralkylamines","Organonitrogen compounds","Amines"
"Tetradecanedioic acid","6458_neg","Tetradecanedioic acid",0.49,189.01,NA,"Unknown","null","Tetradecanedioic acid;Dibutyl adipate","C14253","HMDB0000872;HMDB0251172","76308;NA","13185;7784","NA;NA","null","null",TRUE,FALSE,"Long-chain fatty acids","Fatty acyls","Fatty acids and conjugates"
"Tetradecanoylcarnitine","12366_pos","Tetradecanoylcarnitine",0.18,37.31,NA,"Tetradecanoylcarnitine","null",NA,NA,NA,NA,NA,NA,"null","null",TRUE,FALSE,"Acyl carnitines","Fatty acyls","Fatty acid esters"
"Tetradecyl nicotinate","9827_pos","Tetradecyl nicotinate",0.62,2313501,NA,"Unknown","null","Tetradecyl nicotinate","","HMDB0258886","NA","NA","NA","null","null",TRUE,FALSE,"Pyridinecarboxylic acids","Pyridines and derivatives","Pyridinecarboxylic acids and derivatives"
"Tetrahydrobiopterin","5650_neg","Tetrahydrobiopterin",0.31,23.05,NA,"Unknown","null","Tetrahydrobiopterin;4(1H)-Pteridinone, 2-amino-7-(1,2-dihydroxypropyl)-5,6,7,8-tetrahydro-;(6S)-Tetrahydro-L-biopterin;(6S)-2-Amino-6-[(1S,2S)-1,2-dihydroxypropyl]-5,6,7,8-tetrahydro-3H-pteridin-4-one","C00272","HMDB0000027;HMDB0249918;HMDB0257928;HMDB0257929","59560;NA;NA;15372","44257;169715;20213807;NA","NA;NA;NA;NA","null","null",TRUE,TRUE,"Biopterins and derivatives","Pteridines and derivatives","Pterins and derivatives"
"Tetrahydrothiazine","284_pos","Tetrahydrothiazine",0.56,28.26,NA,"Unknown","null","tetrahydrothiazine;Thiomorpholine","","HMDB0258908;HMDB0259017","NA;36392","21696922;NA","NA;NA","null","null",TRUE,TRUE,NA,NA,NA
"Tetramine","5581_neg","Tetramine",0.27,20.29,NA,"Unknown","null","Tetramine","","HMDB0258920","NA","NA","NA","null","null",TRUE,TRUE,"Sulfuric acid diamides","Organic sulfuric acids and derivatives","Sulfuric acid diamides"
"Tetranorprostanedioic acid","7680_neg","Tetranorprostanedioic acid",0.4,82123.21,NA,"Unknown","null","Tetranorprostanedioic acid","","HMDB0258926","NA","NA","NA","null","null",TRUE,TRUE,"Medium-chain fatty acids","Fatty acyls","Fatty acids and conjugates"
"Thiabendazole","3815_pos","Thiabendazole",0.38,58.4,"Benzimidazoles","no MS2: Thiabendazole; LC-ESI-QTOF; MS2; CE","C10H7N3S",NA,NA,NA,NA,NA,NA,"WJCNZQLZVWNLKY-UHFFFAOYSA-N","N1C2=CC=CC=C2N=C1C1=CSC=N1",TRUE,FALSE,NA,NA,NA
"Thiacloprid","6405_pos","Thiacloprid",0.84,50.69,"2-halopyridines","no MS2: Thiacloprid; LC-ESI-ITFT; MS2; CE","C10H9ClN4S","Thiacloprid","","HMDB0258967","39175","115224","NA","HOKKPVIRMVDYPB-GXDHUFHOSA-N","ClC1=NC=C(CN2CCSC2=NC#N)C=C1",TRUE,TRUE,"2-halopyridines","Pyridines and derivatives","Halopyridines"
"Thiafentanil","14398_pos","Thiafentanil",0.44,156362.3,NA,"Unknown","null","Thiafentanil","","HMDB0259592","NA","13653617","NA","null","null",TRUE,TRUE,"Alpha amino acids and derivatives","Carboxylic acids and derivatives","Amino acids, peptides, and analogues"
"Thiamin monophosphate","11069_pos","Thiamin monophosphate",0.18,7.57,NA,"Thiamin monophosphate","null",NA,NA,NA,NA,NA,NA,"null","null",TRUE,TRUE,NA,NA,NA
"Thiocyclam","2746_neg","Thiocyclam",0.11,23.42,NA,"Unknown","null","Thiocyclam","C11473","HMDB0259009","4947","NA","NA","null","null",TRUE,TRUE,"Trithianes","Trithianes",NA
"Thiosulfate","436_neg","Thiosulfate",0.96,375.32,NA,"Unknown","null","Thiosulfate","C05529","HMDB0000257","5587","1085","NA","null","null",TRUE,TRUE,"Non-metal thiosulfates","Non-metal oxoanionic compounds","Non-metal thiosulfates"
"Thioxanthen-9-one","4214_neg","Thioxanthen-9-one",0.22,14.01,NA,"Unknown","null","Thioxanthen-9-one","","HMDB0259037","NA","NA","NA","null","null",TRUE,TRUE,"Thiochromenes","Thiochromenes",NA
"Thymidine","5697_neg","Thymidine",0.82,426.45,NA,"THYMIDINE","null","Thymidine;L-Thymidine","C00214","HMDB0000273;HMDB0253921","17748;NA","5789;1134","50348;NA","null","null",TRUE,TRUE,"Pyrimidine 2'-deoxyribonucleosides","Pyrimidine nucleosides","Pyrimidine 2'-deoxyribonucleosides"
"Thymine","799_neg","Thymine",0.8,222.56,NA,"Thymine","null","Thymine;Imidazoleacetic acid;5-Methyl-1H-pyrazole-3-carboxylic acid;6-Methyluracil","C00178;C02835","HMDB0000262;HMDB0002024;HMDB0246825;HMDB0247093","17821;16974;74739;74733","1135;96215;9822;NA","34151;40666;NA;NA","null","null",TRUE,TRUE,"Hydroxypyrimidines","Diazines","Pyrimidines and pyrimidine derivatives"
"Thyroxine","23331_neg","Thyroxine",0.07,131685.3,NA,"Thyroxine","null","Thyroxine;(2S)-2-(Diiodoamino)-3-[4-(4-hydroxyphenoxy)phenyl]-2,3-diiodopropanoic acid","C01829","HMDB0000248;HMDB0257935","18332;NA","NA;NA","NA;NA","null","null",TRUE,FALSE,"Phenylalanine and derivatives","Carboxylic acids and derivatives","Amino acids, peptides, and analogues"
"Tiflorex","6982_pos","Tiflorex",0.02,3.06,NA,"Unknown","null","Tiflorex","","HMDB0259085","NA","173669","NA","null","null",TRUE,TRUE,"Amphetamines and derivatives","Benzene and substituted derivatives","Phenethylamines"
"Tiletamine","4817_pos","Tiletamine",0.87,550.05,NA,"N-Acetyl-D-Glucosamine","null","TILETAMINE","","HMDB0259091","NA","NA","NA","null","null",TRUE,TRUE,NA,NA,NA
"Timegadine","12099_pos","Timegadine",0.42,49.61,"Glycosylamines","no MS2: Isopentenyl-Adenine-9-glucoside; LC-ESI-ITFT; MS2; CE 14.0 eV; [M+H]+","C16H23N5O5","Timegadine","","HMDB0259098","NA","NA","NA","XEHLLUQVSRLWMH-HDNYONAXSA-N","CC(C)=CCNC1=C2N=CN([C@@H]3O[C@H](CO)[C@@H](O)[C@H](O)[C@H]3O)C2=NC=N1",TRUE,TRUE,"Quinolines and derivatives","Quinolines and derivatives",NA
"Toluene","70_neg","Toluene",0.64,48.49,NA,"Unknown","null","Toluene","C01455","HMDB0034168","17578","1140","NA","null","null",TRUE,FALSE,"Toluenes","Benzene and substituted derivatives","Toluenes"
"Trans-hexadec-2-enoyl carnitine","13535_pos","Trans-hexadec-2-enoyl carnitine",0.07,28.45,NA,"Unknown","null","trans-Hexadec-2-enoyl carnitine;9-Hexadecenoylcarnitine;Hexadecenoylcarnitine","","HMDB0006317;HMDB0013207;HMDB0253127","86031;NA;NA","53477817;NA;129691705","2734943;NA;NA","null","null",TRUE,FALSE,NA,NA,NA
"Traumatic acid","5023_neg","Traumatic acid",0.58,76.44,NA,"Unknown","null","Traumatic acid;Butanedioic acid, octenyl-;Mifentidine","C16308","HMDB0000933;HMDB0249455;HMDB0254714","545687;NA;NA","5283028;120057;71263","NA;NA;NA","null","null",TRUE,FALSE,"Medium-chain fatty acids","Fatty acyls","Fatty acids and conjugates"
"Trestatin b","25728_pos","Trestatin b",0.13,45.41,NA,"Unknown","null","Trestatin B","","HMDB0259124","NA","3054987","NA","null","null",TRUE,FALSE,NA,NA,NA
"Triadimenol","8206_neg","Triadimenol",0.42,34.89,NA,"Unknown","null","TRIADIMENOL","C11127","HMDB0259143","9666","NA","NA","null","null",TRUE,TRUE,NA,NA,NA
"Triazolophthalazine","2330_neg","Triazolophthalazine",0.73,157.85,NA,"Unknown","null","triazolophthalazine","","HMDB0259158","NA","66703794","NA","null","null",TRUE,TRUE,NA,NA,NA
"Triethylene glycol dimethacrylate","7770_neg","Triethylene glycol dimethacrylate",0.16,8.19,NA,"Unknown","null","Triethylene glycol dimethacrylate","","HMDB0244334","NA","7979","NA","null","null",TRUE,TRUE,"Dicarboxylic acids and derivatives","Carboxylic acids and derivatives","Dicarboxylic acids and derivatives"
"Triflumuron","11748_pos","Triflumuron",0.16,312279.1,NA,"Unknown","null","Triflumuron","C18615","HMDB0259200","39388","NA","NA","null","null",TRUE,TRUE,"N-benzoyl-N'-phenylureas","Benzene and substituted derivatives","N-phenylureas"
"Trigonelline","1179_pos","Trigonelline",0.87,197.85,NA,"Salicylamide","null","Trigonelline;2-Aminobenzoic acid;p-Aminobenzoic acid;3-Pyridylacetic acid;m-Aminobenzoic acid;2-Hydroxybenzaldehyde oxime;2-Nitrotoluene;3-Nitrotoluene;4-Methylnicotinic acid;4-Nitrotoluene;6-Methyl-2-pyridinecarboxylic acid;Homarine;N-Hydroxybenzamide;Phenyl carbamate","C01004;C00108;C00568;C19597;C19486;C14394","HMDB0000875;HMDB0001123;HMDB0001392;HMDB0001538;HMDB0001891;HMDB0245151;HMDB0245268;HMDB0245952;HMDB0246513;HMDB0246551;HMDB0247665;HMDB0253198;HMDB0255153;HMDB0256423","18123;30754;30753;86390;42682;NA;33098;39931;NA;35227;NA;NA;NA;NA","5570;227;978;108;7419;7200;NA;7422;NA;7473;70282;NA;10313;NA","NA;33883;NA;NA;NA;NA;NA;NA;NA;NA;NA;NA;NA;NA","null","null",TRUE,TRUE,"Alkaloids and derivatives",NA,NA
"Trimellitic anhydride","3230_neg","Trimellitic anhydride",0.27,73.51,NA,"Unknown","null","TRIMELLITIC ANHYDRIDE","","HMDB0259233","53050","NA","NA","null","null",TRUE,TRUE,NA,NA,NA
"Trimethylcolchicinic acid","11025_pos","Trimethylcolchicinic acid",0.29,215796.4,NA,"Unknown","null","TRIMETHYLCOLCHICINIC ACID","","HMDB0259241","NA","NA","NA","null","null",TRUE,FALSE,NA,NA,NA
"Trimidox","2883_neg","Trimidox",0.13,8.36,NA,"Unknown","null","Trimidox","","HMDB0259245","NA","NA","NA","null","null",TRUE,TRUE,"Pyrogallols and derivatives","Phenols","Benzenetriols and derivatives"
"Trinitrosotrimethylenetriamine","2670_pos","Trinitrosotrimethylenetriamine",0.47,40.99,"Sugar alcohols","no MS2: Ribitol; LC-ESI-ITFT; MS2; m/z","C5H12O5","Trinitrosotrimethylenetriamine","","HMDB0259249","24557","NA","NA","HEBKCHPVOIAQTA-ZXFHETKHNA-N","OC[C@H](O)[C@H](O)[C@H](O)CO",TRUE,FALSE,"1,3,5-triazinanes","Triazinanes","1,3,5-triazinanes"
"Tws119","9300_neg","Tws119",0.09,179.92,NA,"Unknown","null","TWS119","","HMDB0259330","NA","NA","NA","null","null",TRUE,TRUE,NA,NA,NA
"Txb2","11695_neg","Txb2",0.13,765928.9,"Thromboxanes","no MS2: TxB2; LC-ESI-QIT; MS2; CE","C20H34O6",NA,NA,NA,NA,NA,NA,"XNRNNGPBEPRNAR-JQBLCGNGSA-N","CCCCC[C@H](O)\C=C\[C@H]1OC(O)C[C@H](O)[C@@H]1C\C=C/CCCC(O)=O",TRUE,FALSE,NA,NA,NA
"Tyrosol 4-sulfate","4495_neg","Tyrosol 4-sulfate",0.8,792.54,NA,"Unknown","null","Tyrosol 4-sulfate","","HMDB0041785","174103","102186806","NA","null","null",TRUE,TRUE,"Phenylsulfates","Organic sulfuric acids and derivatives","Arylsulfates"
"Tyrphostin a1","3070_pos","Tyrphostin a1",0.16,9.63,NA,"Unknown","null","Tyrphostin A1","","HMDB0259356","NA","NA","NA","null","null",TRUE,FALSE,NA,NA,NA
"Uracil","404_neg","Uracil",0.87,400,NA,"Uracil","null","Uracil;Pyridazine-3,6-diol","C00106;C18474","HMDB0000300;HMDB0256963","17568;NA","1174;NA","33879;NA","null","null",TRUE,TRUE,"Pyrimidones","Diazines","Pyrimidines and pyrimidine derivatives"
"Urea glutamate","3758_neg","Urea glutamate",0.44,175.61,NA,"Unknown","null","urea glutamate","","HMDB0259716","NA","NA","NA","null","null",TRUE,FALSE,NA,NA,NA
"Ureidopropionic acid","998_neg","Ureidopropionic acid",0.87,702.02,NA,"Glycyl-Glycine","null","Ureidopropionic acid;L-Asparagine;Glycyl-glycine;N-Carbamoylsarcosine;(Methyl-ONN-azoxy)methyl acetate;Methyl(acetoxymethyl)nitrosamine;DL-Asparagine;N-NITROSO-N-METHYLURETHANE","C02642;C00152;C02037;C01043;C16438;C19301","HMDB0000026;HMDB0000168;HMDB0011733;HMDB0012265;HMDB0243653;HMDB0246973;HMDB0251512;HMDB0255197","18261;17196;17201;15737;NA;NA;22653;NA","NA;6267;11163;439375;11606;42016;NA;12001","NA;34055;NA;NA;NA;NA;NA;NA","null","null",TRUE,TRUE,"Ureas","Organic carbonic acids and derivatives","Ureas"
"Ureidosuccinic acid","2776_pos","Ureidosuccinic acid",0.84,17.98,NA,"Unknown","null","Ureidosuccinic acid","C00438","HMDB0000828","15859","93072","34984","null","null",TRUE,TRUE,"Aspartic acid and derivatives","Carboxylic acids and derivatives","Amino acids, peptides, and analogues"
"Uric acid","2219_neg","Uric acid",0.87,3458.97,NA,"URATE","null","Uric acid","C00366","HMDB0000289","17775","1175","34768","null","null",TRUE,TRUE,"Xanthines","Imidazopyrimidines","Purines and purine derivatives"
"Uridine","5800_neg","Uridine",0.87,2063.17,NA,"Pseudouridine","null","Uridine;Pseudouridine;1-[(2R,3S,5R)-3,4-Dihydroxy-5-(hydroxymethyl)oxolan-2-yl]pyrimidine-2,4-dione;1-[(2R,3R,4S,5R)-3,4-Dihydroxy-5-(hydroxymethyl)oxolan-2-yl]oxypyrimidin-2-one","C00299;C02067","HMDB0000296;HMDB0000767;HMDB0246131;HMDB0257989","16704;17802;143353;NA","6029;15047;1177;NA","34541;NA;NA;NA","null","null",TRUE,TRUE,"Pyrimidine nucleosides","Pyrimidine nucleosides",NA
"Urobilinogen","20408_pos","Urobilinogen",0.16,2373170,NA,"Unknown","null","Urobilinogen;Urobilin","C05791;C05794","HMDB0004158;HMDB0004160","4260;36378","440784;440785","NA;NA","null","null",TRUE,FALSE,"Bilirubins","Tetrapyrroles and derivatives","Bilirubins"
"Utp","17054_pos","Utp",0.07,199031.6,NA,"UTP","null",NA,NA,NA,NA,NA,NA,"null","null",TRUE,FALSE,NA,NA,NA
"V-pyrro/no","1887_pos","V-pyrro/no",0.89,2272.17,NA,"Histidine","null","V-Pyrro/NO","","HMDB0259734","NA","5051378","NA","null","null",TRUE,TRUE,NA,NA,NA
"Valproic acid beta-d-glucuronide","9387_neg","Valproic acid beta-d-glucuronide",0.84,79543.23,NA,"Unknown","null","Valproic Acid beta-D-Glucuronide","","HMDB0259755","NA","20982145","NA","null","null",TRUE,TRUE,NA,NA,NA
"Valylaspartic acid","5394_pos","Valylaspartic acid",0.78,60383.61,NA,"Unknown","null","Valylaspartic acid;gamma-Glutamyl-2-aminobutyric acid;gamma-Aminobutyric acid glutamate","","HMDB0029123;HMDB0240645;HMDB0252609","75009;NA;NA","7009608;NA;NA","NA;NA;NA","null","null",TRUE,TRUE,"Dipeptides","Carboxylic acids and derivatives","Amino acids, peptides, and analogues"
"Valylvaline","4588_pos","Valylvaline",0.64,1154.17,NA,"Unknown","null","Valylvaline","","HMDB0029140","73704","107475","NA","null","null",TRUE,TRUE,"Peptides","Carboxylic acids and derivatives","Amino acids, peptides, and analogues"
"Verdamicin","15824_neg","Verdamicin",0.04,246561.8,NA,"Unknown","null","Verdamicin","","HMDB0259789","NA","170820","NA","null","null",TRUE,TRUE,"Aminocyclitol glycosides","Organooxygen compounds","Carbohydrates and carbohydrate conjugates"
"Vindoline","15626_neg","Vindoline",0.04,209011.3,NA,"Unknown","null","Vindoline","","HMDB0259814","NA","425978","NA","null","null",TRUE,FALSE,"Plumeran-type alkaloids","Plumeran-type alkaloids",NA
"Voreloxin","13160_neg","Voreloxin",0.11,10.6,NA,"Unknown","null","Voreloxin","","HMDB0259874","NA","18969086","NA","null","null",TRUE,TRUE,"Naphthyridine carboxylic acids and derivatives","Diazanaphthalenes","Naphthyridines"
"Xanthosine","7666_neg","Xanthosine",0.87,60.17,NA,"XANTHOSINE","null","Xanthosine;Nolatrexed","C01762","HMDB0000299;HMDB0255698","18107;NA","64959;NA","38352;NA","null","null",TRUE,TRUE,"Purine nucleosides","Purine nucleosides",NA
"Xi-10-hydroxyoctadecanoic acid","8478_neg","Xi-10-hydroxyoctadecanoic acid",0.36,225.16,NA,"Unknown","null","xi-10-Hydroxyoctadecanoic acid;12-Hydroxystearic acid;2-Hydroxystearic acid;Octadecaneperoxoic acid","C03045","HMDB0037396;HMDB0061706;HMDB0062549;HMDB0255896","143095;85208;18129;NA","9561835;7789;439887;NA","NA;NA;NA;NA","null","null",TRUE,FALSE,NA,NA,NA
"Z-leu-leu-norvalinal","16289_pos","Z-leu-leu-norvalinal",0.29,79802.37,NA,"Unknown","null","Z-Leu-Leu-Norvalinal","","HMDB0244548","NA","22235288","NA","null","null",TRUE,FALSE,NA,NA,NA
"Zibotentan","14227_neg","Zibotentan",0.04,15.14,NA,"Unknown","null","Zibotentan","","HMDB0260003","NA","NA","NA","null","null",TRUE,TRUE,"Phenylpyridines","Pyridines and derivatives","Phenylpyridines"
"[(2r)-oxiran-2-yl]methyl 2-methylprop-2-enoate","1317_neg","[(2r)-oxiran-2-yl]methyl 2-methylprop-2-enoate",0.2,131.74,NA,"Unknown","null","[(2R)-Oxiran-2-yl]methyl 2-methylprop-2-enoate;2-Methylidene-4-(oxiran-2-yl)butanoic Acid","","HMDB0243756;HMDB0257753","132844;NA","7837;10374549","NA;NA","null","null",TRUE,FALSE,NA,NA,NA
"[(2r,3s,4r,5r)-5-(6-aminopurin-9-yl)-4-hydroxy-2-(phosphonooxymethyl)oxolan-3-yl] sulfo hydrogen phosphate","17535_neg","[(2r,3s,4r,5r)-5-(6-aminopurin-9-yl)-4-hydroxy-2-(phosphonooxymethyl)oxolan-3-yl] sulfo hydrogen phosphate",0.11,25.83,NA,"Unknown","null","[(2R,3S,4R,5R)-5-(6-Aminopurin-9-yl)-4-hydroxy-2-(phosphonooxymethyl)oxolan-3-yl] sulfo hydrogen phosphate","","HMDB0257827","NA","NA","NA","null","null",TRUE,FALSE,NA,NA,NA
