"","MetabID","shortname","Fill..","S.N.average","Ontology","Metabolite.name","Formula","HMDB","KEGG","HMDB_accession","CHEBI_ID","PubChem_ID","BiGG_ID","INCHIKEY","SMILES","Serum","Urine","SUB_CLASS","CATEGORY","MAIN_CLASS"
"((2,6-bis(1-methylethyl)phenoxy)sulfonyl)carbamic acid 2,6-bis(1-methylethyl)phenyl ester","16286_pos","((2,6-bis(1-methylethyl)phenoxy)sulfonyl)carbamic acid 2,6-bis(1-methylethyl)phenyl ester",0.4,316650.8,NA,"Unknown","null","((2,6-Bis(1-methylethyl)phenoxy)sulfonyl)carbamic acid 2,6-bis(1-methylethyl)phenyl ester","","HMDB0242226","NA","3025787","NA","null","null",FALSE,TRUE,NA,NA,NA
"((2r,3s,4s,5r,6s)-6-(2-(3-(benzofuran-5-yl)propanoyl)-3-hydroxy-5-methylphenoxy)-3,4,5-trihydroxytetrahydro-2h-pyran-2-yl)methyl methyl carbonate","18292_pos","((2r,3s,4s,5r,6s)-6-(2-(3-(benzofuran-5-yl)propanoyl)-3-hydroxy-5-methylphenoxy)-3,4,5-trihydroxytetrahydro-2h-pyran-2-yl)methyl methyl carbonate",0.16,96035.57,NA,"Unknown","null","((2R,3S,4S,5R,6S)-6-(2-(3-(Benzofuran-5-yl)propanoyl)-3-hydroxy-5-methylphenoxy)-3,4,5-trihydroxytetrahydro-2H-pyran-2-yl)methyl methyl carbonate","","HMDB0242227","NA","22390119","NA","null","null",FALSE,TRUE,NA,NA,NA
"(+)-(r)-2-(2,4-difluorophenyl)-1-(3-((e)-4-(2,2,3,3-tetrafluoropropoxy)styryl)-1,2,4-triazol-1-yl)-3-(1,2,4-triazol-1-yl)propan-2-ol","18643_neg","(+)-(r)-2-(2,4-difluorophenyl)-1-(3-((e)-4-(2,2,3,3-tetrafluoropropoxy)styryl)-1,2,4-triazol-1-yl)-3-(1,2,4-triazol-1-yl)propan-2-ol",0.09,757558.6,NA,"Unknown","null","(+)-(R)-2-(2,4-Difluorophenyl)-1-(3-((E)-4-(2,2,3,3-tetrafluoropropoxy)styryl)-1,2,4-triazol-1-yl)-3-(1,2,4-triazol-1-yl)propan-2-ol","","HMDB0242238","NA","53423084","NA","null","null",FALSE,TRUE,NA,NA,NA
"(+)-1-(9-fluorenyl)ethyl chloroformate","7100_neg","(+)-1-(9-fluorenyl)ethyl chloroformate",0.38,72.92,NA,"Unknown","null","(+)-1-(9-Fluorenyl)ethyl chloroformate","","HMDB0242239","NA","115102","NA","null","null",TRUE,TRUE,NA,NA,NA
"(+)-2-amino-7-phosphonoheptanoic acid","5016_pos","(+)-2-amino-7-phosphonoheptanoic acid",0.13,7.32,NA,"DEOXYCYTIDINE","null","(+)-2-Amino-7-phosphonoheptanoic acid;""2,2'-Anhydrocytidine""","","HMDB0242241;HMDB0243629","NA;NA","3122;279063","NA;NA","null","null",FALSE,TRUE,NA,NA,NA
"(+)-diacetyl-l-tartaric anhydride","4555_pos","(+)-diacetyl-l-tartaric anhydride",0.47,2450.17,NA,"Unknown","null","(+)-Diacetyl-L-tartaric anhydride;Diacetyl-L-tartaric Anhydride","","HMDB0242250;HMDB0251121","NA;NA","95411;13725948","NA;NA","null","null",TRUE,TRUE,NA,NA,NA
"(+)-epibatidine","4027_neg","(+)-epibatidine",0.16,18.85,NA,"Unknown","null","(+)-Epibatidine","","HMDB0242251","NA","1204","NA","null","null",FALSE,TRUE,NA,NA,NA
"(+)-praeruptorin a","12942_pos","(+)-praeruptorin a",0.22,521168.3,NA,"S-Adenosyl-L-homocysteine","null","(+)-Praeruptorin A;Wushanicaritin","","HMDB0242259;HMDB0257872","NA;NA","73189387;NA","NA;NA","null","null",TRUE,TRUE,NA,NA,NA
"(+/-)-(e)-methyl-2-[(e)-hydroxyimino]-5-nitro-6-methoxy-3-hexeneamide","5331_pos","(+/-)-(e)-methyl-2-[(e)-hydroxyimino]-5-nitro-6-methoxy-3-hexeneamide",0.22,44.52,NA,"Unknown","null","(+/-)-(E)-Methyl-2-[(E)-hydroxyimino]-5-nitro-6-methoxy-3-hexeneamide","","HMDB0242268","NA","6809955","NA","null","null",FALSE,TRUE,NA,NA,NA
"(+/-)-dicentrine","10818_pos","(+/-)-dicentrine",0.02,9.62,NA,"Unknown","null","(+/-)-Dicentrine;(R)-Canadine;16,17-Dimethoxy-6,8-dioxa-1-azapentacyclo[11.8.0.03,11.05,9.014,19]henicosa-3,5(9),10,14,16,18-hexaene","","HMDB0242273;HMDB0243674;HMDB0256908","NA;22998;NA","630859;NA;15629571","NA;NA;NA","null","null",FALSE,TRUE,NA,NA,NA
"(-)-3-(4-(2-(phenoxazin-10-yl)ethoxy)phenyl)-2-ethoxypropanoic acid","14522_pos","(-)-3-(4-(2-(phenoxazin-10-yl)ethoxy)phenyl)-2-ethoxypropanoic acid",0.24,7.07,NA,"Unknown","null","(-)-3-(4-(2-(Phenoxazin-10-yl)ethoxy)phenyl)-2-ethoxypropanoic acid","","HMDB0242198","NA","4630913","NA","null","null",FALSE,TRUE,NA,NA,NA
"(-)-Deoxypodophyllotoxin","13032_neg","(-)-Deoxypodophyllotoxin",0.16,5.61,NA,"Unknown","null","(-)-Deoxypodophyllotoxin;1,2-Bis(diphenylphosphino)ethane;(2S)-2-[[(2R,3S,4R,5R)-5-(6-Aminopurin-9-yl)-3,4-dihydroxyoxolan-2-yl]methylamino]-4-methylsulfanylbutanoic acid","","HMDB0242210;HMDB0244059;HMDB0257770","NA;30669;NA","2203;74267;NA","NA;NA;NA","null","null",FALSE,TRUE,"Lignan lactones","Lignan lactones",NA
"(-)-Epicatechin 3-o-gallate","15456_pos","(-)-Epicatechin 3-o-gallate",0.13,98717.34,NA,"Unknown","null","(-)-Epicatechin 3-O-gallate","","HMDB0037944","70255","107905","NA","null","null",FALSE,TRUE,NA,NA,NA
"(-)-Epicatechin sulfate","12231_pos","(-)-Epicatechin sulfate",0.04,293068.1,NA,"Unknown","null","(-)-Epicatechin sulfate;Thioflosulide","","HMDB0012467;HMDB0259011","NA;NA","124202087;NA","NA;NA","null","null",FALSE,TRUE,"3-sulfated flavonoids","Flavonoids","Sulfated flavonoids"
"(-)-Epicatechin-3'-o-glucuronide","15433_neg","(-)-Epicatechin-3'-o-glucuronide",0.09,8.53,NA,"Unknown","null","""(-)-epicatechin-3'-O-glucuronide""","","HMDB0029164","NA","131750793","NA","null","null",FALSE,TRUE,NA,NA,NA
"(-)-Epigallocatechin","9166_pos","(-)-Epigallocatechin",0.44,1546423,NA,"Unknown","null","(-)-Epigallocatechin;(+)-Gallocatechin","C12136;C12127","HMDB0038361;HMDB0038365","42255;31018","72277;65084","NA;NA","null","null",TRUE,TRUE,"Epigallocatechins","Flavonoids","Flavans"
"(-)-Menthyl chloroformate","4680_pos","(-)-Menthyl chloroformate",0.4,22.45,NA,"Unknown","null","(-)-Menthyl chloroformate","","HMDB0242216","NA","151928","NA","null","null",FALSE,TRUE,"Menthane monoterpenoids","Prenol lipids","Monoterpenoids"
"(-)-Parthenolide","5994_neg","(-)-Parthenolide",0.09,19.78,NA,"Unknown","null","(-)-Parthenolide;2,5,9-Trimethyl-11-oxotricyclo[6.3.0.01,5]undec-3-ene-3-carboxylic acid;Isoamyl 4-methoxycinnamate;Arteannuin B;Atractylenolide III;Micheliolide;Parthenium;Perezone;Taurin","","HMDB0242219;HMDB0244375;HMDB0248302;HMDB0248616;HMDB0248708;HMDB0254704;HMDB0256134;HMDB0256311;HMDB0258736","95124;NA;NA;NA;NA;NA;NA;NA;NA","4692;5321540;92386;536300;196319;322515;540288;339385;NA","NA;NA;NA;NA;NA;NA;NA;NA;NA","null","null",FALSE,TRUE,"Germacranolides and derivatives","Prenol lipids","Terpene lactones"
"(1-(5-fluoropentyl)-1h-indol-3-yl)(4-methylnaphthalen-1-yl)methanone","12472_pos","(1-(5-fluoropentyl)-1h-indol-3-yl)(4-methylnaphthalen-1-yl)methanone",0.38,29.19,NA,"Unknown","null","(1-(5-Fluoropentyl)-1H-indol-3-yl)(4-methylnaphthalen-1-yl)methanone","","HMDB0242280","NA","66570720","NA","null","null",FALSE,TRUE,NA,NA,NA
"(17-hydroxy-13-methyl-6,7,8,9,11,12,14,15,16,17-decahydrocyclopenta[a]phenanthren-3-yl) n,n-bis(2-chloroethyl)carbamate","15350_pos","(17-hydroxy-13-methyl-6,7,8,9,11,12,14,15,16,17-decahydrocyclopenta[a]phenanthren-3-yl) n,n-bis(2-chloroethyl)carbamate",0.09,11.5,NA,"Unknown","null","(17-Hydroxy-13-methyl-6,7,8,9,11,12,14,15,16,17-decahydrocyclopenta[a]phenanthren-3-yl) N,N-bis(2-chloroethyl)carbamate","","HMDB0242296","NA","18140","NA","null","null",FALSE,TRUE,NA,NA,NA
"(1e)-1-{[(diaminomethylidene)amino]imino}-2,3-dihydro-1h-indene-4-carboximidamide","5308_pos","(1e)-1-{[(diaminomethylidene)amino]imino}-2,3-dihydro-1h-indene-4-carboximidamide",0.53,883.49,NA,"Unknown","null","(1E)-1-{[(Diaminomethylidene)amino]imino}-2,3-dihydro-1H-indene-4-carboximidamide","","HMDB0242312","NA","NA","NA","null","null",FALSE,TRUE,NA,NA,NA
"(1e,4e)-1,5-bis(4-hydroxy-3-methoxyphenyl)penta-1,4-dien-3-one","10171_pos","(1e,4e)-1,5-bis(4-hydroxy-3-methoxyphenyl)penta-1,4-dien-3-one",0.4,11.63,NA,"Unknown","null","(1E,4E)-1,5-Bis(4-hydroxy-3-methoxyphenyl)penta-1,4-dien-3-one;Aspirin eugenol ester;Ethyl 8-azido-5-methyl-6-oxo-4H-imidazo[1,5-a][1,4]benzodiazepine-3-carboxylate","","HMDB0242309;HMDB0248669;HMDB0257255","NA;NA;NA","468133;25157143;NA","NA;NA;NA","null","null",FALSE,TRUE,NA,NA,NA
"(1r)-1-amino-2-sulfanylethanesulfinic acid","1344_pos","(1r)-1-amino-2-sulfanylethanesulfinic acid",0.42,1499713,NA,"Unknown","null","(1R)-1-Amino-2-sulfanylethanesulfinic acid","","HMDB0242353","NA","17841242","NA","null","null",FALSE,TRUE,NA,NA,NA
"(1r,2s,5r,6s)-6-(3,4-dihydroxyphenyl)-2-(3,4-methylenedioxyphenyl)-3,7-dioxabicyclo-[3,3,0]octane","10401_neg","(1r,2s,5r,6s)-6-(3,4-dihydroxyphenyl)-2-(3,4-methylenedioxyphenyl)-3,7-dioxabicyclo-[3,3,0]octane",0.18,13.84,NA,"Unknown","null","(1R,2S,5R,6S)-6-(3,4-Dihydroxyphenyl)-2-(3,4-methylenedioxyphenyl)-3,7-dioxabicyclo-[3,3,0]octane;3,5,6,7-Tetramethoxyflavone;(9R)-4,5,6,7-Tetrahydroxy-1,8,8,9-tetramethyl-9H-phenaleno[1,2-b]furan-3-one","","HMDB0059746;HMDB0246073;HMDB0258413","NA;NA;NA","101423087;471721;629966","NA;NA;NA","null","null",FALSE,TRUE,NA,NA,NA
"(1r,3r)-1-aminocyclopentane-1,3-dicarboxylic acid","2417_neg","(1r,3r)-1-aminocyclopentane-1,3-dicarboxylic acid",0.42,103.87,NA,"Unknown","null","(1r,3r)-1-Aminocyclopentane-1,3-dicarboxylic acid;L-Proline, 1-acetyl-4-hydroxy-, cis-","","HMDB0242328;HMDB0253913","NA;NA","1310;538341","NA;NA","null","null",FALSE,TRUE,NA,NA,NA
"(1r,4ar,5s,7r)-7-methyl-1-[(2r,3s,4r,5r,6s)-3,4,5-trihydroxy-6-(hydroxymethyl)oxan-2-yl]oxy-1,5,6,7a-tetrahydrocyclopenta[c]pyran-4a,5,7-triol","11392_neg","(1r,4ar,5s,7r)-7-methyl-1-[(2r,3s,4r,5r,6s)-3,4,5-trihydroxy-6-(hydroxymethyl)oxan-2-yl]oxy-1,5,6,7a-tetrahydrocyclopenta[c]pyran-4a,5,7-triol",0.36,16.82,NA,"Unknown","null","(1R,4Ar,5S,7R)-7-methyl-1-[(2R,3S,4R,5R,6S)-3,4,5-trihydroxy-6-(hydroxymethyl)oxan-2-yl]oxy-1,5,6,7a-tetrahydrocyclopenta[c]pyran-4a,5,7-triol;Clofoctol;Pyridaben","C18614","HMDB0242331;HMDB0250345;HMDB0256960","NA;NA;38626","4678529;NA;NA","NA;NA;NA","null","null",FALSE,TRUE,NA,NA,NA
"(1r,4e,6s,7s,17r)-4-ethylidene-7-hydroxy-7-(hydroxymethyl)-6-methyl-2,9-dioxa-14-azatricyclo[9.5.1.014,17]heptadec-11-ene-3,8-dione","10809_neg","(1r,4e,6s,7s,17r)-4-ethylidene-7-hydroxy-7-(hydroxymethyl)-6-methyl-2,9-dioxa-14-azatricyclo[9.5.1.014,17]heptadec-11-ene-3,8-dione",0.27,52.13,NA,"Unknown","null","(1R,4E,6S,7S,17R)-4-Ethylidene-7-hydroxy-7-(hydroxymethyl)-6-methyl-2,9-dioxa-14-azatricyclo[9.5.1.014,17]heptadec-11-ene-3,8-dione;Senecionine N-oxide","","HMDB0242334;HMDB0258230","NA;NA","267891;4416755","NA;NA","null","null",FALSE,TRUE,NA,NA,NA
"(1r,4r,5s)-1-[(1s)-1-hydroxy-2-methylpropyl]-4-propyl-6-oxa-2-azabicyclo[3.2.0]heptane-3,7-dione","5654_neg","(1r,4r,5s)-1-[(1s)-1-hydroxy-2-methylpropyl]-4-propyl-6-oxa-2-azabicyclo[3.2.0]heptane-3,7-dione",0.42,634.18,NA,"Unknown","null","(1R,4R,5S)-1-[(1S)-1-Hydroxy-2-methylpropyl]-4-propyl-6-oxa-2-azabicyclo[3.2.0]heptane-3,7-dione","","HMDB0242338","NA","20728552","NA","null","null",FALSE,TRUE,NA,NA,NA
"(1r,4r,5s,6r)-4-amino-2-oxabicyclo[3.1.0]hexane-4,6-dicarboxylic acid","2999_neg","(1r,4r,5s,6r)-4-amino-2-oxabicyclo[3.1.0]hexane-4,6-dicarboxylic acid",0.49,131.92,NA,"Unknown","null","(1R,4R,5S,6R)-4-Amino-2-oxabicyclo[3.1.0]hexane-4,6-dicarboxylic acid","","HMDB0242337","NA","10130273","NA","null","null",TRUE,TRUE,NA,NA,NA
"(1r,7s,13s,15s)-2,15-dihydroxy-7-methyl-6-oxabicyclo[11.3.0]hexadeca-3,11-dien-5-one","7863_pos","(1r,7s,13s,15s)-2,15-dihydroxy-7-methyl-6-oxabicyclo[11.3.0]hexadeca-3,11-dien-5-one",0.4,210385.1,"Macrolides and analogues","no MS2: Brefeldin-A; LC-ESI-QTOF; MS2; [M+H]+; CE","C16H24O4","(1R,7S,13S,15S)-2,15-Dihydroxy-7-methyl-6-oxabicyclo[11.3.0]hexadeca-3,11-dien-5-one","","HMDB0242339","91555","2430","NA","KQNZDYYTLMIZCT-KQPMLPITSA-N","C[C@H]1CCC\C=C\[C@@H]2C[C@H](O)C[C@H]2[C@H](O)\C=C\C(=O)O1",FALSE,TRUE,NA,NA,NA
"(1s,2r)-n-methyl-1-oxo-2-pyridin-3-ylthiane-2-carbothioamide","7237_pos","(1s,2r)-n-methyl-1-oxo-2-pyridin-3-ylthiane-2-carbothioamide",0.27,4.85,NA,"Unknown","null","(1S,2R)-N-Methyl-1-oxo-2-pyridin-3-ylthiane-2-carbothioamide;5,5-Diphenyl-2-thiohydantoin","","HMDB0242446;HMDB0246851","NA;NA","9838279;30476","NA;NA","null","null",FALSE,TRUE,NA,NA,NA
"(1s,3r)-3-(2,2-dichlorovinyl)-2,2-dimethylcyclopropanecarboxylic acid","4004_neg","(1s,3r)-3-(2,2-dichlorovinyl)-2,2-dimethylcyclopropanecarboxylic acid",0.33,10.48,NA,"Unknown","null","(1S,3R)-3-(2,2-Dichlorovinyl)-2,2-dimethylcyclopropanecarboxylic acid;[3-(2,2-Dichloroethenyl)-2,2-dimethylcyclopropyl] formate","","HMDB0242452;HMDB0257853","39308;NA","NA;56984460","NA;NA","null","null",FALSE,TRUE,NA,NA,NA
"(1s,4ar,5r,8s,8as)-2,5-dimethyl-8-propan-2-yl-4,4a,6,7,8,8a-hexahydro-1h-naphthalene-1,5-diol","5513_neg","(1s,4ar,5r,8s,8as)-2,5-dimethyl-8-propan-2-yl-4,4a,6,7,8,8a-hexahydro-1h-naphthalene-1,5-diol",0.84,1023034,NA,"Unknown","null","(1S,4Ar,5R,8S,8aS)-2,5-dimethyl-8-propan-2-yl-4,4a,6,7,8,8a-hexahydro-1H-naphthalene-1,5-diol;Methyl 9-tetradecynoate","","HMDB0250424;HMDB0254572","NA;NA","NA;557205","NA;NA","null","null",TRUE,TRUE,NA,NA,NA
"(1z)-1-(3-ethyl-5-methoxy-1,3-benzothiazol-2-ylidene)propan-2-one","6020_neg","(1z)-1-(3-ethyl-5-methoxy-1,3-benzothiazol-2-ylidene)propan-2-one",0.22,14.29,NA,"Unknown","null","(1Z)-1-(3-Ethyl-5-methoxy-1,3-benzothiazol-2-ylidene)propan-2-one;(E)-3-(4-Tert-butylphenylsulfonyl)acrylonitrile;TVP-1022","","HMDB0242454;HMDB0248890;HMDB0259329","NA;107653;NA","647991;2302;NA","NA;NA;NA","null","null",FALSE,TRUE,NA,NA,NA
"(2,5-dihydroxypyrrol-1-yl) 5-[(3as,4s,6ar)-2-oxo-1,3,3a,4,6,6a-hexahydrothieno[3,4-d]imidazol-4-yl]pentanoate","10930_pos","(2,5-dihydroxypyrrol-1-yl) 5-[(3as,4s,6ar)-2-oxo-1,3,3a,4,6,6a-hexahydrothieno[3,4-d]imidazol-4-yl]pentanoate",0.04,154444.1,NA,"Unknown","null","(2,5-Dihydroxypyrrol-1-yl) 5-[(3aS,4S,6aR)-2-oxo-1,3,3a,4,6,6a-hexahydrothieno[3,4-d]imidazol-4-yl]pentanoate;(2,5-Dioxopyrrolidin-1-yl) 5-(2-oxo-1,3,3a,4,6,6a-hexahydrothieno[3,4-d]imidazol-4-yl)pentanoate","","HMDB0242491;HMDB0242494","NA;NA","54153932;434213","NA;NA","null","null",TRUE,TRUE,NA,NA,NA
"(2,5-dioxopyrrolidin-1-yl) 5-(2-hydroxyethoxy)-4-oxopentanoate","7476_pos","(2,5-dioxopyrrolidin-1-yl) 5-(2-hydroxyethoxy)-4-oxopentanoate",0.47,18.49,NA,"Unknown","null","(2,5-Dioxopyrrolidin-1-yl) 5-(2-hydroxyethoxy)-4-oxopentanoate","","HMDB0242493","NA","127583","NA","null","null",TRUE,TRUE,NA,NA,NA
"(2,6-dioxo-3h-purin-9-yl) pyridine-3-carboxylate","7143_neg","(2,6-dioxo-3h-purin-9-yl) pyridine-3-carboxylate",0.51,71.19,NA,"Unknown","null","(2,6-Dioxo-3H-purin-9-yl) pyridine-3-carboxylate;6-Imidazol-1-yl-7-nitro-1,4-dihydroquinoxaline-2,3-dione","","HMDB0242495;HMDB0259953","NA;NA","57002623;5486548","NA;NA","null","null",TRUE,TRUE,NA,NA,NA
"(2-((5-chloro-2-((4-(4-(dimethylamino)piperidin-1-yl)-2-methoxyphenyl)amino)pyrimidin-4-yl)amino)phenyl)dimethylphosphine oxide","18716_pos","(2-((5-chloro-2-((4-(4-(dimethylamino)piperidin-1-yl)-2-methoxyphenyl)amino)pyrimidin-4-yl)amino)phenyl)dimethylphosphine oxide",0.2,271043.3,NA,"Unknown","null","(2-((5-Chloro-2-((4-(4-(dimethylamino)piperidin-1-yl)-2-methoxyphenyl)amino)pyrimidin-4-yl)amino)phenyl)dimethylphosphine oxide","","HMDB0242456","NA","57390074","NA","null","null",FALSE,TRUE,NA,NA,NA
"(2-carbamoyl-7-oxo-1,6-diazabicyclo[3.2.1]octan-6-yl) hydrogen sulfate","7072_pos","(2-carbamoyl-7-oxo-1,6-diazabicyclo[3.2.1]octan-6-yl) hydrogen sulfate",0.13,18.64,NA,"Unknown","null","(2-Carbamoyl-7-oxo-1,6-diazabicyclo[3.2.1]octan-6-yl) hydrogen sulfate","","HMDB0242465","NA","9838180","NA","null","null",TRUE,TRUE,NA,NA,NA
"(2-ethylcrotonoyl)urea","1931_pos","(2-ethylcrotonoyl)urea",0.84,55.44,NA,"Unknown","null","(2-Ethylcrotonoyl)urea","","HMDB0242468","NA","7214","NA","null","null",TRUE,TRUE,NA,NA,NA
"(2-phenylacetyl) (2r)-2,5-diaminopentanoate","6325_pos","(2-phenylacetyl) (2r)-2,5-diaminopentanoate",0.22,18.14,NA,"Unknown","null","(2-Phenylacetyl) (2R)-2,5-diaminopentanoate;Lacosamide","","HMDB0242478;HMDB0253940","NA;NA","76551561;21634109","NA;NA","null","null",FALSE,TRUE,NA,NA,NA
"(2-pyridin-3-ylpyrrolidin-1-yl)methanol","2863_pos","(2-pyridin-3-ylpyrrolidin-1-yl)methanol",0.24,39.54,"N-phenylureas","no MS2: Isoproturon-didemethyl; LC-ESI-ITFT; MS2; CE","C10H14N2O","(2-Pyridin-3-ylpyrrolidin-1-yl)methanol;1,2,2-Trimethylpropyl dimethylphosphinate;Nicotine-N-oxide;Nikethamide","","HMDB0242480;HMDB0244104;HMDB0255588;HMDB0255604","NA;NA;NA;NA","18679079;119152;17785;5497","NA;NA;NA;NA","ABBKOIZWGCVCKE-UHFFFAOYSA-N","CC(C)C1=CC=C(NC(O)=N)C=C1",FALSE,TRUE,NA,NA,NA
"(2-quinoxalinylmethylene)hydrazinecarboxylic acid methyl ester","5138_neg","(2-quinoxalinylmethylene)hydrazinecarboxylic acid methyl ester",0.31,5.38,NA,"Unknown","null","(2-Quinoxalinylmethylene)hydrazinecarboxylic acid methyl ester;Galactitol, 1,2:5,6-dianhydro-, diacetate","","HMDB0242481;HMDB0246021","NA;NA","150654;99960","NA;NA","null","null",FALSE,TRUE,NA,NA,NA
"(2e)-2-heptenal","411_neg","(2e)-2-heptenal",0.42,310.36,NA,"Unknown","null","(2E)-2-Heptenal","","HMDB0033827","143912","5283316","NA","null","null",FALSE,TRUE,NA,NA,NA
"(2e)-3-[3-(sulfooxy)phenyl]prop-2-enoic acid","5784_neg","(2e)-3-[3-(sulfooxy)phenyl]prop-2-enoic acid",0.16,160.12,NA,"Unknown","null","(2E)-3-[3-(sulfooxy)phenyl]prop-2-enoic acid;p-Coumaric acid sulfate;O-Coumaric acid sulfate;cis-p-Coumaric acid sulfate","","HMDB0124975;HMDB0125166;HMDB0240549;HMDB0240710","NA;NA;NA;NA","6443141;6070438;59950526;NA","NA;NA;NA;NA","null","null",TRUE,TRUE,NA,NA,NA
"(2r)-2-(3,4-dihydroxyphenyl)-3,5,7-trihydroxy-2,3-dihydrochromen-4-one","8647_neg","(2r)-2-(3,4-dihydroxyphenyl)-3,5,7-trihydroxy-2,3-dihydrochromen-4-one",0.16,14.39,NA,"Unknown","null","(2R)-2-(3,4-Dihydroxyphenyl)-3,5,7-trihydroxy-2,3-dihydrochromen-4-one;2-(3,4-Dihydroxy-phenyl)-3,5,7-trihydroxy-chroman-4-one","","HMDB0242509;HMDB0243555","38747;NA","NA;53708475","NA;NA","null","null",FALSE,TRUE,NA,NA,NA
"(2r)-2-amino-3-methyl-3-(2-nitrosoacetyl)sulfanylbutanoic acid","4762_pos","(2r)-2-amino-3-methyl-3-(2-nitrosoacetyl)sulfanylbutanoic acid",0.42,48.42,NA,"Unknown","null","(2R)-2-Amino-3-methyl-3-(2-nitrosoacetyl)sulfanylbutanoic acid;s-Nitroso-n-acetyl-d-penicillamine","","HMDB0242714;HMDB0250051","NA;NA","22242589;NA","NA;NA","null","null",TRUE,TRUE,NA,NA,NA
"(2r)-2-{(1r)-2-oxo-1-[(2-thienylacetyl)amino]ethyl}-5,6-dihydro-2h-1,3-thiazine-4-carboxylic acid","9638_neg","(2r)-2-{(1r)-2-oxo-1-[(2-thienylacetyl)amino]ethyl}-5,6-dihydro-2h-1,3-thiazine-4-carboxylic acid",0.2,287.47,NA,"Unknown","null","(2R)-2-{(1R)-2-Oxo-1-[(2-thienylacetyl)amino]ethyl}-5,6-dihydro-2H-1,3-thiazine-4-carboxylic acid;Gliotoxin","","HMDB0242604;HMDB0252746","NA;NA","NA;NA","NA;NA","null","null",FALSE,TRUE,NA,NA,NA
"(2r)-3-sulfanylpropane-1,2-diol","375_pos","(2r)-3-sulfanylpropane-1,2-diol",0.87,136.93,NA,"Unknown","null","(2R)-3-Sulfanylpropane-1,2-diol","","HMDB0242566","74537","7291","NA","null","null",TRUE,TRUE,NA,NA,NA
"(2r*,3r*)-1,2,3-butanetriol","294_neg","(2r*,3r*)-1,2,3-butanetriol",0.4,35.54,NA,"Unknown","null","(2R*,3R*)-1,2,3-Butanetriol;Trihydroxybutane;DI(Hydroxyethyl)ether","C14689","HMDB0034778;HMDB0061944;HMDB0251245","131388;NA;46807","20497;18970792;8117","NA;NA;NA","null","null",FALSE,TRUE,NA,NA,NA
"(2r,3r)-3-[[(2s)-1-[4-(diaminomethylideneamino)butylamino]-4-methyl-1-oxopentan-2-yl]carbamoyl]oxirane-2-carboxylic acid","11716_pos","(2r,3r)-3-[[(2s)-1-[4-(diaminomethylideneamino)butylamino]-4-methyl-1-oxopentan-2-yl]carbamoyl]oxirane-2-carboxylic acid",0.27,11.13,NA,"Unknown","null","(2R,3R)-3-[[(2S)-1-[4-(Diaminomethylideneamino)butylamino]-4-methyl-1-oxopentan-2-yl]carbamoyl]oxirane-2-carboxylic acid","","HMDB0251665","NA","4641099","NA","null","null",FALSE,TRUE,NA,NA,NA
"(2r,3r,4r)-hexane-1,2,3,4,6-pentol","2349_pos","(2r,3r,4r)-hexane-1,2,3,4,6-pentol",0.6,108.11,NA,"Unknown","null","(2R,3R,4R)-Hexane-1,2,3,4,6-pentol","","HMDB0242546","NA","14048461","NA","null","null",FALSE,TRUE,NA,NA,NA
"(2r,3r,4r,5s)-2-(hydroxymethyl)-1-nonylpiperidine-3,4,5-triol","8326_pos","(2r,3r,4r,5s)-2-(hydroxymethyl)-1-nonylpiperidine-3,4,5-triol",0.09,569133.6,NA,"Unknown","null","(2R,3R,4R,5S)-2-(Hydroxymethyl)-1-nonylpiperidine-3,4,5-triol","","HMDB0242572","NA","3272526","NA","null","null",FALSE,TRUE,NA,NA,NA
"(2r,3r,4s,5s,6r)-2-(3-(4-cyclopropylbenzyl)-4-fluoro-1h-indol-1-yl)-6-(hydroxymethyl)tetrahydro-2h-pyran-3,4,5-triol","14875_pos","(2r,3r,4s,5s,6r)-2-(3-(4-cyclopropylbenzyl)-4-fluoro-1h-indol-1-yl)-6-(hydroxymethyl)tetrahydro-2h-pyran-3,4,5-triol",0.42,439.18,NA,"Unknown","null","(2R,3R,4S,5S,6R)-2-(3-(4-Cyclopropylbenzyl)-4-fluoro-1H-indol-1-yl)-6-(hydroxymethyl)tetrahydro-2H-pyran-3,4,5-triol","","HMDB0259648","NA","77985993","NA","null","null",FALSE,TRUE,NA,NA,NA
"(2r,3r,5s,6r)-2,6-bis(hydroxymethyl)piperidine-3,4,5-triol","3480_pos","(2r,3r,5s,6r)-2,6-bis(hydroxymethyl)piperidine-3,4,5-triol",0.31,15.96,NA,"Unknown","null","(2r,3r,5s,6r)-2,6-Bis(hydroxymethyl)piperidine-3,4,5-triol;N-Methylglucosamine","","HMDB0242543;HMDB0255188","NA;NA","469849;NA","NA;NA","null","null",FALSE,TRUE,NA,NA,NA
"(2r,3r,6s)-4-methoxy-16,18-dioxa-10-azapentacyclo[11.7.0.02,6.06,10.015,19]icosa-1(20),4,13,15(19)-tetraen-3-ol","9624_pos","(2r,3r,6s)-4-methoxy-16,18-dioxa-10-azapentacyclo[11.7.0.02,6.06,10.015,19]icosa-1(20),4,13,15(19)-tetraen-3-ol",0.13,9.09,"Phenanthrenes and derivatives","no MS2: Oxycodone; LC-ESI-QQ; MS2; CE","C18H21NO4","(2R,3R,6S)-4-Methoxy-16,18-dioxa-10-azapentacyclo[11.7.0.02,6.06,10.015,19]icosa-1(20),4,13,15(19)-tetraen-3-ol","","HMDB0242691","NA","278679","NA","BRUQQQPBMZOVGD-UHFFFAOYNA-N","COC1=C2OC3C(=O)CCC4(O)C5CC(C=C1)=C2C34CCN5C",FALSE,TRUE,NA,NA,NA
"(2r,3s,4r,5r)-2,3,4,5,6-pentahydroxyhexanoyl fluoride","3532_neg","(2r,3s,4r,5r)-2,3,4,5,6-pentahydroxyhexanoyl fluoride",0.16,5.45,"N-phenylureas","no MS2: Monuron; LC-ESI-ITFT; MS2; CE","C9H11ClN2O","(2R,3S,4R,5R)-2,3,4,5,6-Pentahydroxyhexanoyl Fluoride;5-[(Azetidin-2-yl)methoxy]-2-chloropyridine;Monuron;(2R,4R,5R)-1-Fluoro-1,2,4,5,6-pentahydroxyhexan-3-one","C19087","HMDB0242668;HMDB0246740;HMDB0254876;HMDB0255313","NA;NA;38214;NA","21881183;21851774;8800;76136801","NA;NA;NA;NA","BMLIZLVNXIYGCK-UHFFFAOYSA-N","CN(C)C(=O)NC1=CC=C(Cl)C=C1",FALSE,TRUE,NA,NA,NA
"(2r,3s,4r,5r)-2-fluoro-3,4,5,6-tetrahydroxyhexanal","2917_pos","(2r,3s,4r,5r)-2-fluoro-3,4,5,6-tetrahydroxyhexanal",0.87,347.26,NA,"3-(4-HYDROXYPHENYL)LACTATE","null","(2R,3S,4R,5R)-2-Fluoro-3,4,5,6-tetrahydroxyhexanal;2-Deoxy-2-fluoro-alpha-D-galactopyranose;3-Deoxy-3-fluoro-D-glucose;Imidazobenzodiazepine;(3R,4S,5R)-3,4,5,6-Tetrahydroxyhexanoyl fluoride","","HMDB0242548;HMDB0245096;HMDB0245854;HMDB0253416;HMDB0258135","NA;49140;NA;NA;NA","13715114;315411;4386393;66618719;NA","NA;NA;NA;NA;NA","null","null",TRUE,TRUE,NA,NA,NA
"(2r,3s,4r,5r,6s)-2-[[(1r,2r,4r,5r,6s,10r)-5-hydroxy-2-(hydroxymethyl)-3,9-dioxatricyclo[4.4.0.02,4]dec-7-en-10-yl]oxy]-6-(hydroxymethyl)oxane-3,4,5-triol","11292_neg","(2r,3s,4r,5r,6s)-2-[[(1r,2r,4r,5r,6s,10r)-5-hydroxy-2-(hydroxymethyl)-3,9-dioxatricyclo[4.4.0.02,4]dec-7-en-10-yl]oxy]-6-(hydroxymethyl)oxane-3,4,5-triol",0.33,7.43,NA,"Unknown","null","(2R,3S,4R,5R,6S)-2-[[(1R,2R,4R,5R,6S,10R)-5-Hydroxy-2-(hydroxymethyl)-3,9-dioxatricyclo[4.4.0.02,4]dec-7-en-10-yl]oxy]-6-(hydroxymethyl)oxane-3,4,5-triol","","HMDB0242754","NA","3917786","NA","null","null",FALSE,TRUE,NA,NA,NA
"(2r,3s,4r,5r,8r,9s,10r,11r)-5-amino-1,2,3,4,8,9,10,11-octahydroxydodecane-6,7-dione","10936_pos","(2r,3s,4r,5r,8r,9s,10r,11r)-5-amino-1,2,3,4,8,9,10,11-octahydroxydodecane-6,7-dione",0.22,51665.32,NA,"Unknown","null","(2R,3S,4R,5R,8R,9S,10R,11R)-5-Amino-1,2,3,4,8,9,10,11-octahydroxydodecane-6,7-dione","","HMDB0242759","NA","76059871","NA","null","null",FALSE,TRUE,NA,NA,NA
"(2r,3s,5r)-2-[6-[[(1s,2s)-2-hydroxycyclopentyl]amino]-9-purinyl]-5-(hydroxymethyl)oxolane-3,4-diol","11426_pos","(2r,3s,5r)-2-[6-[[(1s,2s)-2-hydroxycyclopentyl]amino]-9-purinyl]-5-(hydroxymethyl)oxolane-3,4-diol",0.42,12.18,"Purine nucleosides","no MS2: Cis-Zeatin-riboside-[d5]; LC-ESI-ITFT; MS2; CE 15.0 eV; [M+H]+","C15H21N5O5","(2R,3S,5R)-2-[6-[[(1S,2S)-2-Hydroxycyclopentyl]amino]-9-purinyl]-5-(hydroxymethyl)oxolane-3,4-diol","","HMDB0242715","NA","4545575","NA","GOSWTRUMMSCNCW-BAJUWZQUSA-N","C\C(CO)=C\CNC1=C2N=CN([C@@H]3O[C@H](CO)[C@@H](O)[C@H]3O)C2=NC=N1",FALSE,TRUE,NA,NA,NA
"(2r,3z)-phycocyanobilin","20263_pos","(2r,3z)-phycocyanobilin",0.13,1068888,NA,"Bilirubin","null","(2R,3Z)-Phycocyanobilin;7-Ethyl-10-[4-(1-piperidino)-1-piperidino]carbonyloxycamptothecin","","HMDB0242598;HMDB0247250","NA;NA","365902;24878416","NA;NA","null","null",FALSE,TRUE,NA,NA,NA
"(2r,4r,5r)-2,4,5,6-tetrahydroxy-1-sulfanylhexan-3-one","3434_neg","(2r,4r,5r)-2,4,5,6-tetrahydroxy-1-sulfanylhexan-3-one",0.42,241.31,NA,"Unknown","null","(2R,4R,5R)-2,4,5,6-Tetrahydroxy-1-sulfanylhexan-3-one;(2r,3r,4s,5r,6s)-2-(Hydroxymethyl)-6-Sulfanyl-Oxane-3,4,5-Triol;5-Thio-D-Glucose;(2R,4R,5S)-1,4,5,6-Tetrahydroxy-2-sulfanylhexan-3-one;Thioglucose","","HMDB0242758;HMDB0243582;HMDB0246843;HMDB0255314;HMDB0259013","NA;NA;NA;NA;NA","53679480;175998;1841;NA;15742866","NA;NA;NA;NA;NA","null","null",FALSE,TRUE,NA,NA,NA
"(2r,4r,5s,6s)-2,4-dihydroxy-5-[(2-hydroxyacetyl)amino]-6-[(1s,2s)-1,2,3-trihydroxypropyl]oxane-2-carboxylic acid","9608_neg","(2r,4r,5s,6s)-2,4-dihydroxy-5-[(2-hydroxyacetyl)amino]-6-[(1s,2s)-1,2,3-trihydroxypropyl]oxane-2-carboxylic acid",0.87,21637.69,NA,"Unknown","null","(2R,4R,5S,6S)-2,4-Dihydroxy-5-[(2-hydroxyacetyl)amino]-6-[(1S,2S)-1,2,3-trihydroxypropyl]oxane-2-carboxylic acid","","HMDB0242723","NA","4603312","NA","null","null",TRUE,TRUE,NA,NA,NA
"(2r,4s)-1-(tert-butoxycarbonyl)-4-phenylpyrrolidine-2-carboxylic acid","8406_pos","(2r,4s)-1-(tert-butoxycarbonyl)-4-phenylpyrrolidine-2-carboxylic acid",0.27,14.14,NA,"Unknown","null","(2R,4S)-1-(Tert-butoxycarbonyl)-4-phenylpyrrolidine-2-carboxylic acid;Befunolol","","HMDB0242741;HMDB0248930","NA;NA","4712506;2309","NA;NA","null","null",FALSE,TRUE,NA,NA,NA
"(2r,4s)-1-tert-butyl 2-methyl 4-aminopyrrolidine-1,2-dicarboxylate","6024_pos","(2r,4s)-1-tert-butyl 2-methyl 4-aminopyrrolidine-1,2-dicarboxylate",0.6,2478.85,NA,"Unknown","null","(2R,4S)-1-Tert-Butyl 2-methyl 4-aminopyrrolidine-1,2-dicarboxylate","","HMDB0242584","NA","4913064","NA","null","null",TRUE,TRUE,NA,NA,NA
"(2r,4s)-pyrrolidine-2,4-dicarboxylic acid","1880_neg","(2r,4s)-pyrrolidine-2,4-dicarboxylic acid",0.4,35.97,NA,"Unknown","null","(2R,4S)-Pyrrolidine-2,4-dicarboxylic acid;1,N6-Ethenoadenine","","HMDB0242583;HMDB0244259","NA;29146","3868;104994","NA;NA","null","null",FALSE,TRUE,NA,NA,NA
"(2r,5r)-hept-6-yne-2,5-diamine","865_pos","(2r,5r)-hept-6-yne-2,5-diamine",0.44,127.74,NA,"Unknown","null","(2R,5R)-Hept-6-yne-2,5-diamine","","HMDB0242520","NA","122175","NA","null","null",FALSE,TRUE,NA,NA,NA
"(2s)-1-[(2s)-3-(4h-imidazol-4-yl)-2-[[(2s)-5-oxopyrrolidine-2-carbonyl]amino]propanoyl]pyrrolidine-2-carboxylic acid","12014_pos","(2s)-1-[(2s)-3-(4h-imidazol-4-yl)-2-[[(2s)-5-oxopyrrolidine-2-carbonyl]amino]propanoyl]pyrrolidine-2-carboxylic acid",0.42,361107.3,NA,"Unknown","null","(2S)-1-[(2S)-3-(4H-Imidazol-4-yl)-2-[[(2S)-5-oxopyrrolidine-2-carbonyl]amino]propanoyl]pyrrolidine-2-carboxylic acid;N-((Tetrahydro-5-oxo-2-furanyl)carbonyl)-L-histidyl-L-prolinamide;Pglu-his-pro","","HMDB0250908;HMDB0252610;HMDB0256375","NA;NA;NA","20564081;10007863;4968","NA;NA;NA","null","null",TRUE,TRUE,NA,NA,NA
"(2s)-2-((3-((4-(4-fluorophenoxy)phenyl)methylcarbamoyl)-4-methoxy-phenyl)methyl)butanoic acid","15394_neg","(2s)-2-((3-((4-(4-fluorophenoxy)phenyl)methylcarbamoyl)-4-methoxy-phenyl)methyl)butanoic acid",0.24,392618.3,NA,"Unknown","null","(2S)-2-((3-((4-(4-Fluorophenoxy)phenyl)methylcarbamoyl)-4-methoxy-phenyl)methyl)butanoic acid","","HMDB0259671","NA","9955469","NA","null","null",FALSE,TRUE,NA,NA,NA
"(2s)-2-[(2-carboxy-2-oxoethyl)amino]pentanedioic acid","5256_neg","(2s)-2-[(2-carboxy-2-oxoethyl)amino]pentanedioic acid",0.07,4.84,NA,"Unknown","null","(2S)-2-[(2-Carboxy-2-oxoethyl)amino]pentanedioic acid","","HMDB0257920","NA","NA","NA","null","null",FALSE,TRUE,NA,NA,NA
"(2s)-2-[[(2s)-2-acetamido-5-[[n-(methylcarbamoyl)carbamimidoyl]amino]pentanoyl]-methyl-amino]-3-phenyl-propanoic acid","15168_pos","(2s)-2-[[(2s)-2-acetamido-5-[[n-(methylcarbamoyl)carbamimidoyl]amino]pentanoyl]-methyl-amino]-3-phenyl-propanoic acid",0.29,62.89,NA,"Unknown","null","(2s)-2-[[(2s)-2-Acetamido-5-[[n-(Methylcarbamoyl)carbamimidoyl]amino]pentanoyl]-Methyl-Amino]-3-Phenyl-Propanoic Acid","","HMDB0250026","NA","NA","NA","null","null",FALSE,TRUE,NA,NA,NA
"(2s)-2-amino-3-[(2s)-2-amino-5-(diaminomethylideneamino)pentanoyl]oxypropanoic acid","6896_pos","(2s)-2-amino-3-[(2s)-2-amino-5-(diaminomethylideneamino)pentanoyl]oxypropanoic acid",0.29,7.45,NA,"Unknown","null","(2S)-2-Amino-3-[(2S)-2-amino-5-(diaminomethylideneamino)pentanoyl]oxypropanoic acid","","HMDB0257845","NA","NA","NA","null","null",FALSE,TRUE,NA,NA,NA
"(2s)-2-amino-3-[(2s,3r)-2-amino-3-hydroxybutanoyl]oxypropanoic acid","4060_pos","(2s)-2-amino-3-[(2s,3r)-2-amino-3-hydroxybutanoyl]oxypropanoic acid",0.27,6.77,NA,"Unknown","null","(2S)-2-Amino-3-[(2S,3R)-2-amino-3-hydroxybutanoyl]oxypropanoic acid;(2S,3R)-2-Amino-3-[(2S)-2-amino-3-hydroxypropanoyl]oxybutanoic acid","","HMDB0257561;HMDB0257621","NA;NA","NA;NA","NA;NA","null","null",FALSE,TRUE,NA,NA,NA
"(2s)-3-[3-[(4-carbamimidoylbenzoyl)amino]propanoylamino]-2-[(4-ethylphenyl)sulfonylamino]propanoic acid","17326_pos","(2s)-3-[3-[(4-carbamimidoylbenzoyl)amino]propanoylamino]-2-[(4-ethylphenyl)sulfonylamino]propanoic acid",0.11,9.07,NA,"Unknown","null","(2S)-3-[3-[(4-Carbamimidoylbenzoyl)amino]propanoylamino]-2-[(4-ethylphenyl)sulfonylamino]propanoic acid","","HMDB0258340","NA","NA","NA","null","null",FALSE,TRUE,NA,NA,NA
"(2s)-5-(diaminomethylideneamino)-2-(hydroxyamino)pentanoic acid","3176_neg","(2s)-5-(diaminomethylideneamino)-2-(hydroxyamino)pentanoic acid",0.04,2.5,NA,"Unknown","null","(2S)-5-(Diaminomethylideneamino)-2-(hydroxyamino)pentanoic Acid;(Carbamoylamino) (2R)-2,5-diaminopentanoate","","HMDB0257593;HMDB0257678","NA;NA","21884715;NA","NA;NA","null","null",FALSE,TRUE,NA,NA,NA
"(2s,3as,6as)-1-[(2r)-2-carboxy-2-[[(2s)-1-ethoxy-1-oxo-4-phenylbutan-2-yl]amino]acetyl]-3,3a,4,5,6,6a-hexahydro-2h-cyclopenta[b]pyrrole-2-carboxylic acid","15654_pos","(2s,3as,6as)-1-[(2r)-2-carboxy-2-[[(2s)-1-ethoxy-1-oxo-4-phenylbutan-2-yl]amino]acetyl]-3,3a,4,5,6,6a-hexahydro-2h-cyclopenta[b]pyrrole-2-carboxylic acid",0.24,5.36,NA,"Unknown","null","(2S,3As,6aS)-1-[(2R)-2-carboxy-2-[[(2S)-1-ethoxy-1-oxo-4-phenylbutan-2-yl]amino]acetyl]-3,3a,4,5,6,6a-hexahydro-2H-cyclopenta[b]pyrrole-2-carboxylic acid","","HMDB0257995","NA","NA","NA","null","null",FALSE,TRUE,NA,NA,NA
"(2s,3r,4r)-2-amino-3,4-dihydroxy-2-(hydroxymethyl)-14-oxoicos-6-enoic acid","13730_pos","(2s,3r,4r)-2-amino-3,4-dihydroxy-2-(hydroxymethyl)-14-oxoicos-6-enoic acid",0.13,1255633,NA,"Unknown","null","(2S,3R,4R)-2-Amino-3,4-dihydroxy-2-(hydroxymethyl)-14-oxoicos-6-enoic acid","","HMDB0242536","NA","301119","NA","null","null",FALSE,TRUE,NA,NA,NA
"(2s,3r,4s,5r)-3,4,5-trihydroxy-6-oxopiperidine-2-carboxylic acid","3201_neg","(2s,3r,4s,5r)-3,4,5-trihydroxy-6-oxopiperidine-2-carboxylic acid",0.87,39.34,NA,"Unknown","null","(2s,3r,4s,5r)-3,4,5-Trihydroxy-6-oxopiperidine-2-carboxylic acid;6-Formylpterin;Isosorbide 2-nitrate;Nitrilotriacetic acid","C14695","HMDB0242545;HMDB0247066;HMDB0253694;HMDB0255635","NA;70981;NA;44557","451784;NA;2724484;8758","NA;NA;NA;NA","null","null",TRUE,TRUE,NA,NA,NA
"(2s,3r,4s,5r,6r)-6-ethyloxane-2,3,4,5-tetrol","2647_neg","(2s,3r,4s,5r,6r)-6-ethyloxane-2,3,4,5-tetrol",0.42,686.92,NA,"Unknown","null","(2S,3R,4S,5R,6R)-6-Ethyloxane-2,3,4,5-tetrol;beta-D-galactosyl;Glycerol 3-hydroxybutyrate","","HMDB0242656;HMDB0249118;HMDB0252839","NA;NA;NA","20707644;3816043;57101247","NA;NA;NA","null","null",FALSE,TRUE,NA,NA,NA
"(2s,3s,3ar)-2-(2h-1,3-benzodioxol-5-yl)-5-methoxy-3-methyl-3a-(prop-2-en-1-yl)-3,3a-dihydro-1-benzofuran-6(2h)-one","10886_pos","(2s,3s,3ar)-2-(2h-1,3-benzodioxol-5-yl)-5-methoxy-3-methyl-3a-(prop-2-en-1-yl)-3,3a-dihydro-1-benzofuran-6(2h)-one",0.09,9.24,NA,"Unknown","null","(2S,3S,3Ar)-2-(2H-1,3-benzodioxol-5-yl)-5-methoxy-3-methyl-3a-(prop-2-en-1-yl)-3,3a-dihydro-1-benzofuran-6(2H)-one;8-Prenylnaringenin","","HMDB0242672;HMDB0247465","NA;NA","100199;509245","NA;NA","null","null",FALSE,TRUE,NA,NA,NA
"(2s,3s,4s,5r)-3,4,5-trihydroxy-6-[2-methoxy-5-(3,5,7-trihydroxy-3,4-dihydro-2h-chromen-2-yl)phenoxy]oxane-2-carboxylic acid","16995_pos","(2s,3s,4s,5r)-3,4,5-trihydroxy-6-[2-methoxy-5-(3,5,7-trihydroxy-3,4-dihydro-2h-chromen-2-yl)phenoxy]oxane-2-carboxylic acid",0.04,107472.5,NA,"Unknown","null","(2S,3S,4S,5R)-3,4,5-Trihydroxy-6-[2-methoxy-5-(3,5,7-trihydroxy-3,4-dihydro-2H-chromen-2-yl)phenoxy]oxane-2-carboxylic acid;(2S,3S,4S,5R)-6-[[3,5-Dihydroxy-2-(4-hydroxy-3-methoxyphenyl)-3,4-dihydro-2H-chromen-7-yl]oxy]-3,4,5-trihydroxyoxane-2-carboxylic acid","","HMDB0257648;HMDB0257723","NA;NA","78054226;75032637","NA;NA","null","null",FALSE,TRUE,NA,NA,NA
"(3r)-3-hydroxy-n-[(3s)-2-oxooxolan-3-yl]butanamide","3012_neg","(3r)-3-hydroxy-n-[(3s)-2-oxooxolan-3-yl]butanamide",0.64,945.6,NA,"Unknown","null","(3R)-3-Hydroxy-N-[(3S)-2-oxooxolan-3-yl]butanamide","","HMDB0243607","NA","130846","NA","null","null",FALSE,TRUE,NA,NA,NA
"(3r,4r,5r)-3-fluoro-5-(hydroxymethyl)oxolane-2,3,4-triol","2338_pos","(3r,4r,5r)-3-fluoro-5-(hydroxymethyl)oxolane-2,3,4-triol",0.4,98.72,NA,"THIOPURINE S-METHYLETHER","null","(3R,4R,5R)-3-Fluoro-5-(hydroxymethyl)oxolane-2,3,4-triol","","HMDB0257780","NA","NA","NA","null","null",FALSE,TRUE,NA,NA,NA
"(3r,4s)-2-[6-(cyclohexylamino)purin-9-yl]-5-(hydroxymethyl)oxolane-3,4-diol","11321_pos","(3r,4s)-2-[6-(cyclohexylamino)purin-9-yl]-5-(hydroxymethyl)oxolane-3,4-diol",0.47,13830.33,NA,"Unknown","null","(3R,4S)-2-[6-(Cyclohexylamino)purin-9-yl]-5-(hydroxymethyl)oxolane-3,4-diol;Cyclohexyladenosine","","HMDB0243620;HMDB0250660","108287;NA","2692;17891077","NA;NA","null","null",TRUE,TRUE,NA,NA,NA
"(3r,5r)-3-butyl-3-ethyl-5-phenyl-4,5-dihydro-2h-1$l^{6},4-benzothiazepine 1,1-dioxide","11710_pos","(3r,5r)-3-butyl-3-ethyl-5-phenyl-4,5-dihydro-2h-1$l^{6},4-benzothiazepine 1,1-dioxide",0.09,4.75,NA,"Unknown","null","(3R,5R)-3-Butyl-3-ethyl-5-phenyl-4,5-dihydro-2H-1$l^{6},4-benzothiazepine 1,1-dioxide","","HMDB0249932","NA","54287043","NA","null","null",FALSE,TRUE,NA,NA,NA
"(3r-(3alpha,4alpha(2r*,3r*),5beta,6beta))-5-methoxy-4-(2-methyl-3-(3-methyl-2-butenyl)oxiranyl)-1-oxaspiro(2.5)octan-6-ol carbamate","10124_pos","(3r-(3alpha,4alpha(2r*,3r*),5beta,6beta))-5-methoxy-4-(2-methyl-3-(3-methyl-2-butenyl)oxiranyl)-1-oxaspiro(2.5)octan-6-ol carbamate",0.29,18.97,NA,"Unknown","null","(3R-(3alpha,4alpha(2R*,3R*),5beta,6beta))-5-Methoxy-4-(2-methyl-3-(3-methyl-2-butenyl)oxiranyl)-1-oxaspiro(2.5)octan-6-ol carbamate","","HMDB0260151","NA","14942886","NA","null","null",FALSE,TRUE,NA,NA,NA
"(3s)-3-[[(2s)-2-[[(2s)-2-amino-3-methylbutanoyl]amino]propanoyl]-phenylmethoxycarbonylamino]-6-fluoro-4,5-dioxohexanoic acid","16602_neg","(3s)-3-[[(2s)-2-[[(2s)-2-amino-3-methylbutanoyl]amino]propanoyl]-phenylmethoxycarbonylamino]-6-fluoro-4,5-dioxohexanoic acid",0.04,749599.5,NA,"Unknown","null","(3S)-3-[[(2S)-2-[[(2S)-2-Amino-3-methylbutanoyl]amino]propanoyl]-phenylmethoxycarbonylamino]-6-fluoro-4,5-dioxohexanoic acid;Benzyloxycarbonylvalyl-alanyl-aspartyl Fluoromethyl Ketone","","HMDB0257943;HMDB0258100","NA;NA","NA;NA","NA;NA","null","null",FALSE,TRUE,NA,NA,NA
"(3s,4r,5r)-1,3,4,5,6-pentahydroxy-1-morpholin-4-ylhexan-2-one","7093_pos","(3s,4r,5r)-1,3,4,5,6-pentahydroxy-1-morpholin-4-ylhexan-2-one",0.44,44.27,NA,"Unknown","null","(3S,4R,5R)-1,3,4,5,6-Pentahydroxy-1-morpholin-4-ylhexan-2-one;3-(6-Aminopurin-9-yl)-5-(hydroxymethyl)cyclopentane-1,2-diol;Lobucavir;Metacavir;""N6-Methyl-2'-deoxyadenosine""","","HMDB0243864;HMDB0244841;HMDB0254142;HMDB0254497;HMDB0255300","NA;NA;NA;NA;NA","78411199;2235;132189;85119850;248869","NA;NA;NA;NA;NA","null","null",FALSE,TRUE,NA,NA,NA
"(3s,5r)-7-[3-(4-fluorophenyl)-1-propan-2-yl-2-indolyl]-3,5-dihydroxy-6-heptenoic acid","14167_pos","(3s,5r)-7-[3-(4-fluorophenyl)-1-propan-2-yl-2-indolyl]-3,5-dihydroxy-6-heptenoic acid",0.04,6.64,NA,"Unknown","null","(3S,5R)-7-[3-(4-Fluorophenyl)-1-propan-2-yl-2-indolyl]-3,5-dihydroxy-6-heptenoic acid","","HMDB0250570","95159","3403","NA","null","null",FALSE,TRUE,NA,NA,NA
"(4-aminophenyl)phosphonic acid","2411_neg","(4-aminophenyl)phosphonic acid",0.42,26.62,NA,"Unknown","null","(4-Aminophenyl)phosphonic acid","","HMDB0243614","NA","53590","NA","null","null",TRUE,TRUE,NA,NA,NA
"(4-chlorophenyl) (1r)-6-chloro-1-(4-methoxyphenyl)-1,3,4,9-tetrahydropyrido[3,4-b]indole-2-carboxylate","16031_neg","(4-chlorophenyl) (1r)-6-chloro-1-(4-methoxyphenyl)-1,3,4,9-tetrahydropyrido[3,4-b]indole-2-carboxylate",0.11,21.82,NA,"Unknown","null","(4-Chlorophenyl) (1R)-6-chloro-1-(4-methoxyphenyl)-1,3,4,9-tetrahydropyrido[3,4-b]indole-2-carboxylate","","HMDB0256909","NA","11190538","NA","null","null",FALSE,TRUE,NA,NA,NA
"(4e)-2-(4-chlorophenyl)-4-methoxyimino-3,3-dimethyl-1-(1,2,4-triazol-1-yl)butan-2-ol","9482_neg","(4e)-2-(4-chlorophenyl)-4-methoxyimino-3,3-dimethyl-1-(1,2,4-triazol-1-yl)butan-2-ol",0.13,13.22,NA,"Unknown","null","(4E)-2-(4-Chlorophenyl)-4-methoxyimino-3,3-dimethyl-1-(1,2,4-triazol-1-yl)butan-2-ol;Neobavaisoflavone;Pyranocoumarin","","HMDB0248894;HMDB0255518;HMDB0256942","NA;66614;NA","164217;NA;NA","NA;NA;NA","null","null",FALSE,TRUE,NA,NA,NA
"(4s)-4-amino-1,3-dioxohexane-1,2,6-tricarboxylic acid","6872_pos","(4s)-4-amino-1,3-dioxohexane-1,2,6-tricarboxylic acid",0.16,4.17,NA,"Unknown","null","(4S)-4-Amino-1,3-dioxohexane-1,2,6-tricarboxylic acid","","HMDB0260161","NA","20029727","NA","null","null",FALSE,TRUE,NA,NA,NA
"(4s,7s,12br)-6-oxo-7-[[(2s)-3-phenyl-2-sulfanylpropanoyl]amino]-2,3,4,7,8,12b-hexahydro-1h-pyrido[2,1-a][2]benzazepine-4-carboxylic acid","15304_pos","(4s,7s,12br)-6-oxo-7-[[(2s)-3-phenyl-2-sulfanylpropanoyl]amino]-2,3,4,7,8,12b-hexahydro-1h-pyrido[2,1-a][2]benzazepine-4-carboxylic acid",0.4,13.3,NA,"Unknown","null","(4S,7S,12Br)-6-oxo-7-[[(2S)-3-phenyl-2-sulfanylpropanoyl]amino]-2,3,4,7,8,12b-hexahydro-1H-pyrido[2,1-a][2]benzazepine-4-carboxylic acid","","HMDB0254372","NA","23080423","NA","null","null",FALSE,TRUE,NA,NA,NA
"(4z)-7-[(1s,2s,5r)-5-[([1,1'-biphenyl]-4-yl)methoxy]-2-(morpholin-4-yl)-3-oxocyclopentyl]hept-4-enoic acid","16892_pos","(4z)-7-[(1s,2s,5r)-5-[([1,1'-biphenyl]-4-yl)methoxy]-2-(morpholin-4-yl)-3-oxocyclopentyl]hept-4-enoic acid",0.02,4.27,NA,"Unknown","null","""(4Z)-7-[(1S,2S,5R)-5-[([1,1'-Biphenyl]-4-yl)methoxy]-2-(morpholin-4-yl)-3-oxocyclopentyl]hept-4-enoic acid""","","HMDB0248067","NA","53394242","NA","null","null",FALSE,TRUE,NA,NA,NA
"(5s,6r)-methyl 5,6,7-trihydroxyheptanoate","3262_neg","(5s,6r)-methyl 5,6,7-trihydroxyheptanoate",0.42,147.54,NA,"Unknown","null","(5S,6R)-Methyl 5,6,7-trihydroxyheptanoate","","HMDB0247393","NA","12898083","NA","null","null",TRUE,TRUE,NA,NA,NA
"(6r,7r)-6-methoxy-3,7-dimethyl-8-oxo-5-thia-1-azabicyclo[4.2.0]oct-2-ene-2-carboxylic acid","5733_neg","(6r,7r)-6-methoxy-3,7-dimethyl-8-oxo-5-thia-1-azabicyclo[4.2.0]oct-2-ene-2-carboxylic acid",0.42,81.42,NA,"Unknown","null","(6R,7R)-6-Methoxy-3,7-dimethyl-8-oxo-5-thia-1-azabicyclo[4.2.0]oct-2-ene-2-carboxylic acid","","HMDB0258050","NA","NA","NA","null","null",FALSE,TRUE,NA,NA,NA
"(8r)-3-[(4s,5r)-4-hydroxy-5-(hydroxymethyl)oxolan-2-yl]-7,8-dihydro-4h-imidazo[4,5-d][1,3]diazepin-8-ol","7254_pos","(8r)-3-[(4s,5r)-4-hydroxy-5-(hydroxymethyl)oxolan-2-yl]-7,8-dihydro-4h-imidazo[4,5-d][1,3]diazepin-8-ol",0.8,31.51,NA,"Unknown","null","(8R)-3-[(4S,5R)-4-Hydroxy-5-(hydroxymethyl)oxolan-2-yl]-7,8-dihydro-4H-imidazo[4,5-d][1,3]diazepin-8-ol;Razoxane, (R)-;N-Acetylcarnosine","","HMDB0245535;HMDB0245675;HMDB0255058","NA;50225;NA","4739;NA;91814","NA;NA;NA","null","null",TRUE,TRUE,NA,NA,NA
"(9s)-9-acetyl-7-[(2r,4s,6s)-4-amino-5-hydroxy-6-methyloxan-2-yl]oxy-6,9,11-trihydroxy-8,10-dihydro-7h-tetracene-5,12-dione","17577_pos","(9s)-9-acetyl-7-[(2r,4s,6s)-4-amino-5-hydroxy-6-methyloxan-2-yl]oxy-6,9,11-trihydroxy-8,10-dihydro-7h-tetracene-5,12-dione",0.2,1224743,NA,"Unknown","null","(9S)-9-Acetyl-7-[(2R,4S,6S)-4-amino-5-hydroxy-6-methyloxan-2-yl]oxy-6,9,11-trihydroxy-8,10-dihydro-7H-tetracene-5,12-dione","","HMDB0253412","NA","3685","NA","null","null",FALSE,TRUE,NA,NA,NA
"(E)-2-octenal","860_pos","(E)-2-octenal",0.49,94.95,NA,"Unknown","null","(E)-2-octenal;2-Octenal;1-Octen-3-one;3-Octen-2-one;Sulcatone;2-Ethyl-2-hexenal","C07287","HMDB0013809;HMDB0030961;HMDB0031309;HMDB0033547;HMDB0035915;HMDB0061945","61725;NA;NA;NA;16310;88838","16900;6427080;61346;5363229;9862;5354264","NA;NA;NA;NA;NA;NA","null","null",FALSE,TRUE,"Medium-chain aldehydes","Organooxygen compounds","Carbonyl compounds"
"(E)-3-(2-(1h-tetrazol-5-yl)vinyl)-6-fluoro-1h-indole","5223_pos","(E)-3-(2-(1h-tetrazol-5-yl)vinyl)-6-fluoro-1h-indole",0.2,22.48,NA,"Unknown","null","(E)-3-(2-(1H-Tetrazol-5-YL)vinyl)-6-fluoro-1H-indole","","HMDB0244544","NA","136961756","NA","null","null",FALSE,TRUE,NA,NA,NA
"(E)-3-tosylacrylonitrile","3955_neg","(E)-3-tosylacrylonitrile",0.33,16.71,NA,"Unknown","null","(E)-3-Tosylacrylonitrile","","HMDB0248889","NA","NA","NA","null","null",FALSE,TRUE,NA,NA,NA
"(E)-5-(quinoxalin-6-ylmethylene)thiazolidine-2,4-dione","6382_neg","(E)-5-(quinoxalin-6-ylmethylene)thiazolidine-2,4-dione",0.2,30.03,NA,"Unknown","null","(E)-5-(Quinoxalin-6-ylmethylene)thiazolidine-2,4-dione","","HMDB0247170","91356","24906273","NA","null","null",FALSE,TRUE,NA,NA,NA
"(E)-n-(2-amino-4-fluorophenyl)-3-(1-cinnamyl-1h-pyrazol-4-yl)acrylamide","11967_pos","(E)-n-(2-amino-4-fluorophenyl)-3-(1-cinnamyl-1h-pyrazol-4-yl)acrylamide",0.24,15.52,NA,"Unknown","null","(E)-N-(2-Amino-4-fluorophenyl)-3-(1-cinnamyl-1H-pyrazol-4-yl)acrylamide","","HMDB0257192","131163","68294530","NA","null","null",FALSE,TRUE,NA,NA,NA
"(Imidazolylbiphenylyl)sulfonylurea","10390_neg","(Imidazolylbiphenylyl)sulfonylurea",0.22,11.7,NA,"Unknown","null","(Imidazolylbiphenylyl)sulfonylurea;Benzotript","","HMDB0243650;HMDB0249033","NA;NA","53946133;2787526","NA;NA","null","null",FALSE,TRUE,"Biphenyls and derivatives","Benzene and substituted derivatives","Biphenyls and derivatives"
"(N-acetylneuraminosyl(a2-6)lactosamine)","22008_neg","(N-acetylneuraminosyl(a2-6)lactosamine)",0.24,990696.9,NA,"Unknown","null","(N-acetylneuraminosyl(a2-6)lactosamine);3-Sialyl-N-acetyllactosamine;""3'-Sialyl-N-acetyllactosamine""","C04886","HMDB0001081;HMDB0006581;HMDB0246107","17725;NA;NA","NA;16213476;4390797","NA;NA;NA","null","null",FALSE,TRUE,"Neuraminic acids","Organooxygen compounds","Carbohydrates and carbohydrate conjugates"
"(R)-1-(5-tert-butyl-2,3-dihydro-1h-inden-1-yl)-3-(1h-indazol-4-yl)urea","10678_neg","(R)-1-(5-tert-butyl-2,3-dihydro-1h-inden-1-yl)-3-(1h-indazol-4-yl)urea",0.09,12.85,"C20-gibberellin 6-carboxylic acids","no MS2: Gibberellin A53; LC-ESI-QQ; MS2; CE","C20H28O5","(R)-1-(5-Tert-Butyl-2,3-dihydro-1H-inden-1-yl)-3-(1H-indazol-4-yl)urea;ingenol;Intoplicine","","HMDB0247759;HMDB0253484;HMDB0253504","NA;NA;NA","11244984;3719;65954","NA;NA;NA","CZEMYYICWZPENF-VOLTXKGXSA-N","C[C@@]12CCC[C@](C)([C@H]1[C@H](C(O)=O)[C@@]13CC(=C)[C@@](O)(C1)CC[C@@H]23)C(O)=O",FALSE,TRUE,NA,NA,NA
"(R)-3-amino-4-phenylbutyric acid","2687_neg","(R)-3-amino-4-phenylbutyric acid",0.33,87.48,"Beta amino acids and derivatives","no MS2: (R)-3-Amino-4-phenylbutyric acid; LC-ESI-QTOF; MS2; CE","C10H13NO2",NA,NA,NA,NA,NA,NA,"OFVBLKINTLPEGH-SECBINFHSA-N","N[C@@H](CC(O)=O)CC1=CC=CC=C1",FALSE,TRUE,NA,NA,NA
"(R)-5-hydroxy-2-(4-hydroxyphenyl)-7-(((2s,3r,4s,5s,6r)-3,4,5-trihydroxy-6-(hydroxymethyl)tetrahydro-2h-pyran-2-yl)oxy)chroman-4-one","15150_pos","(R)-5-hydroxy-2-(4-hydroxyphenyl)-7-(((2s,3r,4s,5s,6r)-3,4,5-trihydroxy-6-(hydroxymethyl)tetrahydro-2h-pyran-2-yl)oxy)chroman-4-one",0.02,7.57,"Flavonoid-7-O-glycosides","no MS2: Prunin; LC-ESI-QTOF; MS2; CE","C21H22O10","(R)-5-Hydroxy-2-(4-hydroxyphenyl)-7-(((2S,3R,4S,5S,6R)-3,4,5-trihydroxy-6-(hydroxymethyl)tetrahydro-2H-pyran-2-yl)oxy)chroman-4-one","","HMDB0246916","NA","282013","NA","DLIKSSGEMUFQOK-SFTVRKLSSA-N","OC[C@H]1O[C@@H](OC2=CC(O)=C3C(=O)C[C@H](OC3=C2)C2=CC=C(O)C=C2)[C@H](O)[C@@H](O)[C@@H]1O",FALSE,TRUE,NA,NA,NA
"(R)-6-hydroxywarfarin","10062_pos","(R)-6-hydroxywarfarin",0.04,4.25,NA,"Unknown","null","(R)-6-Hydroxywarfarin;(R)-7-Hydroxywarfarin","","HMDB0243666;HMDB0243667","NA;NA","54682459;54682507","NA;NA","null","null",FALSE,TRUE,NA,NA,NA
"(R)-n-(1-methyl-2-phenylethyl)adenosine","12995_pos","(R)-n-(1-methyl-2-phenylethyl)adenosine",0.36,31.65,NA,"Unknown","null","(R)-N-(1-Methyl-2-phenylethyl)adenosine;Isopropylphenyladenosine;n6-phenylisopropyladenosine","","HMDB0243695;HMDB0253681;HMDB0255302","NA;NA;NA","5022;44275974;77606429","NA;NA;NA","null","null",FALSE,TRUE,NA,NA,NA
"(R)n-(5-chloro-3,4-dihydro-8-hydroxy-3-methyl-1-oxo-1h-2-benzopyran-7-yl)phenylalanine","13819_pos","(R)n-(5-chloro-3,4-dihydro-8-hydroxy-3-methyl-1-oxo-1h-2-benzopyran-7-yl)phenylalanine",0.11,10.25,NA,"Unknown","null","(R)N-(5-Chloro-3,4-dihydro-8-hydroxy-3-methyl-1-oxo-1H-2-benzopyran-7-yl)phenylalanine","","HMDB0248107","NA","4580","NA","null","null",FALSE,TRUE,NA,NA,NA
"(S)-2-((6,7-dichloro-2-cyclopentyl-2-methyl-1-oxo-2,3-dihydro-1h-inden-5-yl)oxy)acetic acid","11001_neg","(S)-2-((6,7-dichloro-2-cyclopentyl-2-methyl-1-oxo-2,3-dihydro-1h-inden-5-yl)oxy)acetic acid",0.24,308.82,NA,"Unknown","null","(S)-2-((6,7-Dichloro-2-cyclopentyl-2-methyl-1-oxo-2,3-dihydro-1H-inden-5-yl)oxy)acetic acid","","HMDB0253319","NA","3667","NA","null","null",FALSE,TRUE,NA,NA,NA
"(S)-3,4-dihydroxybutyric acid","624_neg","(S)-3,4-dihydroxybutyric acid",0.87,1738.22,NA,"PURINE","null","(S)-3,4-Dihydroxybutyric acid;2,4-Dihydroxybutanoic acid;4-Deoxyerythronic acid;Purine;4-Deoxythreonic acid;A,b-Dihydroxyisobutyric acid;Erythrose;(2-Hydroxyethoxy)acetic acid;1H-Pyrazolo[4,3-d]pyrimidine;2,3-Dihydroxybutanoic acid;5-Aminopyrimidine-2-carbonitrile;D-Erythrose;1,3-Dihydroxypropan-2-yl formate;pyrazolopyridazine","C15587;C01796","HMDB0000337;HMDB0000360;HMDB0000498;HMDB0001366;HMDB0002453;HMDB0002601;HMDB0002649;HMDB0242471;HMDB0244901;HMDB0245394;HMDB0246753;HMDB0250746;HMDB0254858;HMDB0256954","86371;86348;NA;17258;86391;36532;23956;NA;50092;86347;NA;NA;NA;NA","150929;192742;13120901;1044;10964471;560781;439574;25935;21083976;250402;12215995;101561;17756737;54448404","NA;NA;NA;NA;NA;NA;NA;NA;NA;NA;NA;NA;NA;NA","null","null",TRUE,TRUE,NA,NA,NA
"(S)-3-(2-methylphenoxy)propane-1,2-diol","2818_neg","(S)-3-(2-methylphenoxy)propane-1,2-diol",0.73,35.37,NA,"Unknown","null","(S)-3-(2-Methylphenoxy)propane-1,2-diol","","HMDB0247880","94398","4059","NA","null","null",FALSE,TRUE,NA,NA,NA
"(S)-ethyl 4-((3-chloro-4-methoxybenzyl)amino)-2-(2-(hydroxymethyl)pyrrolidin-1-yl)pyrimidine-5-carboxylate","14565_pos","(S)-ethyl 4-((3-chloro-4-methoxybenzyl)amino)-2-(2-(hydroxymethyl)pyrrolidin-1-yl)pyrimidine-5-carboxylate",0.02,17.9,NA,"Unknown","null","(S)-Ethyl 4-((3-chloro-4-methoxybenzyl)amino)-2-(2-(hydroxymethyl)pyrrolidin-1-yl)pyrimidine-5-carboxylate;Pomiferin","C10519","HMDB0246161;HMDB0256696","NA;NA","22665593;NA","NA;NA","null","null",FALSE,TRUE,NA,NA,NA
"(S)-n-benzyl-2-((s)-2-(2-hydroxyacetyl)pyrrolidine-1-carbonyl)pyrrolidine-1-carboxamide","11832_pos","(S)-n-benzyl-2-((s)-2-(2-hydroxyacetyl)pyrrolidine-1-carbonyl)pyrrolidine-1-carboxamide",0.02,5.74,NA,"Unknown","null","(S)-N-Benzyl-2-((S)-2-(2-hydroxyacetyl)pyrrolidine-1-carbonyl)pyrrolidine-1-carboxamide","","HMDB0253741","NA","23296668","NA","null","null",FALSE,TRUE,NA,NA,NA
"(S)-norfenfluramine","3934_pos","(S)-norfenfluramine",0.16,12.95,NA,"Unknown","null","(S)-Norfenfluramine","","HMDB0243739","NA","15897","NA","null","null",FALSE,TRUE,NA,NA,NA
"(S,s)-2-{1-carboxy-2-[3-(3,5-dichloro-benzyl)-3h-imidazol-4-yl]-ethylamino}-4-methyl-pentanoic acid","14868_pos","(S,s)-2-{1-carboxy-2-[3-(3,5-dichloro-benzyl)-3h-imidazol-4-yl]-ethylamino}-4-methyl-pentanoic acid",0.13,477570.4,NA,"Unknown","null","(S,S)-2-{1-Carboxy-2-[3-(3,5-dichloro-benzyl)-3H-imidazol-4-YL]-ethylamino}-4-methyl-pentanoic acid","","HMDB0254803","NA","9954278","NA","null","null",FALSE,TRUE,NA,NA,NA
"(Z)-1,3-octadiene","385_pos","(Z)-1,3-octadiene",0.4,61.93,NA,"Unknown","null","(Z)-1,3-Octadiene;Vinylcyclohexene;4-Vinylcyclohexene;Cyclooctyne","C19310","HMDB0061897;HMDB0244016;HMDB0246592;HMDB0250663","88407;NA;NA;37815","6432393;17497;7499;NA","NA;NA;NA;NA","null","null",FALSE,TRUE,NA,NA,NA
"(Z)-2-((r)-1-((s)-1-(2-chlorophenyl)-2-methoxy-2-oxoethyl)-4-((2-(3-methoxyphenyl)-2-oxoethyl)thio)piperidin-3-ylidene)acetic acid","17410_neg","(Z)-2-((r)-1-((s)-1-(2-chlorophenyl)-2-methoxy-2-oxoethyl)-4-((2-(3-methoxyphenyl)-2-oxoethyl)thio)piperidin-3-ylidene)acetic acid",0.24,170200,NA,"Unknown","null","(Z)-2-((R)-1-((S)-1-(2-Chlorophenyl)-2-methoxy-2-oxoethyl)-4-((2-(3-methoxyphenyl)-2-oxoethyl)thio)piperidin-3-ylidene)acetic acid","","HMDB0254912","NA","75304408","NA","null","null",FALSE,TRUE,NA,NA,NA
"(Z)-n-coumaroyl-5-hydroxyanthranilic acid","8787_pos","(Z)-n-coumaroyl-5-hydroxyanthranilic acid",0.36,7.8,NA,"Unknown","null","(Z)-N-Coumaroyl-5-hydroxyanthranilic acid","C08472","HMDB0038577","2939","5281157","NA","null","null",FALSE,TRUE,NA,NA,NA
"1'-hydroxybufuralol","7733_pos","1'-hydroxybufuralol",0.13,27.28,NA,"Unknown","null","""1'-Hydroxybufuralol""","","HMDB0244261","NA","NA","NA","null","null",FALSE,TRUE,NA,NA,NA
"1(3h)-isobenzofuranone, 3-butylidene-","3247_pos","1(3h)-isobenzofuranone, 3-butylidene-",0.29,14.11,NA,"Unknown","null","1(3H)-Isobenzofuranone, 3-butylidene-","","HMDB0245829","NA","NA","NA","null","null",FALSE,TRUE,NA,NA,NA
"1,1'-(1,8-dioxo-1,8-octanediyl)bis-2,5-pyrrolidinedione","10671_pos","1,1'-(1,8-dioxo-1,8-octanediyl)bis-2,5-pyrrolidinedione",0.04,3.6,NA,"Unknown","null","""1,1'-(1,8-Dioxo-1,8-octanediyl)bis-2,5-pyrrolidinedione""","","HMDB0259675","NA","114813","NA","null","null",FALSE,TRUE,NA,NA,NA
"1,1'-azobis(n,n-dimethylformamide)","2581_pos","1,1'-azobis(n,n-dimethylformamide)",0.27,55.18,NA,"Unknown","null","""1,1'-Azobis(N,N-dimethylformamide)""","","HMDB0244313","48958","4278","NA","null","null",FALSE,TRUE,NA,NA,NA
"1,1'-thiocarbonyldiimidazole","2844_pos","1,1'-thiocarbonyldiimidazole",0.36,29.69,NA,"Unknown","null","""1,1'-Thiocarbonyldiimidazole""","","HMDB0244051","NA","80264","NA","null","null",TRUE,TRUE,NA,NA,NA
"1,1,1,3,3,3-hexafluoropropane","1772_pos","1,1,1,3,3,3-hexafluoropropane",0.07,17.41,NA,"Unknown","null","1,1,1,3,3,3-Hexafluoropropane;Ethylene glycol dinitrate","","HMDB0244039;HMDB0252070","NA;NA","12722;40818","NA;NA","null","null",FALSE,TRUE,NA,NA,NA
"1,1,1-tri(butyryloxy)propane","8574_neg","1,1,1-tri(butyryloxy)propane",0.13,11.86,NA,"Unknown","null","1,1,1-Tri(butyryloxy)propane;tributyrylglycerol","","HMDB0257803;HMDB0259168","NA;NA","23423985;19981195","NA;NA","null","null",FALSE,TRUE,NA,NA,NA
"1,1,1-trifluoro-3-hydroxypropan-2-one","861_neg","1,1,1-trifluoro-3-hydroxypropan-2-one",0.42,134.14,NA,"Unknown","null","1,1,1-Trifluoro-3-hydroxypropan-2-one","","HMDB0245298","NA","13861740","NA","null","null",FALSE,TRUE,NA,NA,NA
"1,1,1-trifluoro-n-((trifluoromethyl)sulfonyl)methanesulfonamide","7508_neg","1,1,1-trifluoro-n-((trifluoromethyl)sulfonyl)methanesulfonamide",0.2,1545288,NA,"Unknown","null","1,1,1-Trifluoro-N-((trifluoromethyl)sulfonyl)methanesulfonamide","","HMDB0247493","NA","157857","NA","null","null",FALSE,TRUE,NA,NA,NA
"1,1,2,2-tetrahydroperfluoro-1-decanol","15935_neg","1,1,2,2-tetrahydroperfluoro-1-decanol",0.4,95348.38,NA,"Unknown","null","1,1,2,2-Tetrahydroperfluoro-1-decanol","","HMDB0247193","63919","NA","NA","null","null",FALSE,TRUE,NA,NA,NA
"1,1-dichloroheptane","2225_neg","1,1-dichloroheptane",0.18,25.51,NA,"THIOPURINE S-METHYLETHER","null","1,1-Dichloroheptane","","HMDB0244021","NA","13184","NA","null","null",FALSE,TRUE,NA,NA,NA
"1,1-diethyl-2-hydroxy-3-oxotriazane","1055_pos","1,1-diethyl-2-hydroxy-3-oxotriazane",0.89,19413.58,NA,"CREATINE","null","1,1-Diethyl-2-hydroxy-3-oxotriazane","","HMDB0250561","NA","135503456","NA","null","null",TRUE,TRUE,NA,NA,NA
"1,11-undecanedicarboxylic acid","5820_neg","1,11-undecanedicarboxylic acid",0.42,131.25,NA,"Unknown","null","1,11-Undecanedicarboxylic acid;Dimethyl (3,3-diethylbutyl)malonate","","HMDB0002327;HMDB0247330","73718;NA","10458;42552953","NA;NA","null","null",FALSE,TRUE,NA,NA,NA
"1,2,3,9-tetrahydropyrrolo[2,1-b]quinazolin-3-ol","3060_neg","1,2,3,9-tetrahydropyrrolo[2,1-b]quinazolin-3-ol",0.13,48.93,NA,"Unknown","null","1,2,3,9-Tetrahydropyrrolo[2,1-b]quinazolin-3-ol;5-Hydroxytryptoline","","HMDB0256199;HMDB0256638","NA;NA","NA;NA","NA;NA","null","null",FALSE,TRUE,NA,NA,NA
"1,2,3-trihydroxybenzene","834_pos","1,2,3-trihydroxybenzene",0.76,60.57,NA,"Unknown","null","1,2,3-Trihydroxybenzene;1,3,5-Trihydroxybenzene;Methyl 2-furoate;Maltol;5-Methylfuran-2-carboxylic acid;2,3-Dimethylmaleic anhydride;3-(Hydroxymethyl)furan-2-carbaldehyde","C01108;C02183;C11918","HMDB0013674;HMDB0013675;HMDB0029750;HMDB0030776;HMDB0059735;HMDB0245404;HMDB0246148","16164;16204;NA;142577;NA;NA;NA","1057;359;11902;8369;74710;13010;16730373","NA;NA;NA;NA;NA;NA;NA","null","null",TRUE,TRUE,NA,NA,NA
"1,2,4-trimethylbenzene","673_pos","1,2,4-trimethylbenzene",0.38,23.85,NA,"Unknown","null","1,2,4-Trimethylbenzene;Isopropylbenzene;o-Ethyltoluene;m-Ethyl_toluene;Propylbenzene;Hemimellitene","C14533;C14396;C14572;C14522;C14518","HMDB0013733;HMDB0034029;HMDB0059819;HMDB0059848;HMDB0059877;HMDB0059901","34039;34656;34276;77512;42630;34037","7247;7406;11903;12100;7668;10686","NA;NA;NA;NA;NA;NA","null","null",FALSE,TRUE,NA,NA,NA
"1,2-benzenedithiol","1364_pos","1,2-benzenedithiol",0.38,86.64,NA,"Unknown","null","1,2-Benzenedithiol","","HMDB0244056","NA","69370","NA","null","null",TRUE,TRUE,NA,NA,NA
"1,2-benzisothiazole-2(3h)-acetamide, n-(4-hydroxyphenyl)-3-oxo-, 1,1-dioxide","9932_neg","1,2-benzisothiazole-2(3h)-acetamide, n-(4-hydroxyphenyl)-3-oxo-, 1,1-dioxide",0.04,18.81,NA,"Unknown","null","1,2-Benzisothiazole-2(3H)-acetamide, N-(4-hydroxyphenyl)-3-oxo-, 1,1-dioxide","","HMDB0258182","NA","667575","NA","null","null",FALSE,TRUE,NA,NA,NA
"1,2-benzisoxazole","629_pos","1,2-benzisoxazole",0.64,227.39,NA,"Unknown","null","1,2-Benzisoxazole;Benzoxazole;Furo[3,2-b]pyridine","","HMDB0244058;HMDB0249037;HMDB0252540","51554;38814;NA","71073;9228;12210217","NA;NA;NA","null","null",FALSE,TRUE,NA,NA,NA
"1,2-dichloropropane","391_neg","1,2-dichloropropane",0.6,177.75,NA,"Unknown","null","1,2-Dichloropropane;Methyl sulfate","C19034;C02704","HMDB0244069;HMDB0254614","142468;17760","6564;NA","NA;NA","null","null",FALSE,TRUE,NA,NA,NA
"1,2-didecanoyl-sn-glycero-3-phosphocholine","19771_pos","1,2-didecanoyl-sn-glycero-3-phosphocholine",0.13,654362.8,NA,"[PC (10:0)] 1,2-didecanoyl-sn-glycero-3-phosphocholine","null","1,2-Didecanoyl-sn-glycero-3-phosphocholine","","HMDB0244070","NA","166886","NA","null","null",FALSE,TRUE,NA,NA,NA
"1,2-dilauroyl-sn-glycero-3-phosphate","18585_neg","1,2-dilauroyl-sn-glycero-3-phosphate",0.04,4.75,"1,2-diacylglycerol-3-phosphates","no MS2: 1,2-Dilauroyl-sn-glycero-3-phosphate; LC-ESI-QTOF; MS2; CE","C27H53O8P",NA,NA,NA,NA,NA,NA,"OKLASJZQBDJAPH-RUZDIDTESA-N","CCCCCCCCCCCC(=O)OC[C@H](COP(O)(O)=O)OC(=O)CCCCCCCCCCC",FALSE,TRUE,NA,NA,NA
"1,2-naphthalenedicarboxaldehyde","3067_pos","1,2-naphthalenedicarboxaldehyde",0.02,36.7,NA,"Unknown","null","1,2-Naphthalenedicarboxaldehyde;2,3-Naphthalenedicarboxaldehyde;Diphenoquinone;Phenyl-p-benzoquinone","","HMDB0244100;HMDB0247313;HMDB0251447;HMDB0256429","NA;NA;NA;NA","10154340;96400;NA;NA","NA;NA;NA;NA","null","null",FALSE,TRUE,NA,NA,NA
"1,2-naphthoquinone","2003_pos","1,2-naphthoquinone",0.33,11.16,NA,"Unknown","null","1,2-Naphthoquinone;1,4-Naphthoquinone","C14783;C02617","HMDB0244101;HMDB0244221","34055;27418","10667;NA","NA;NA","null","null",FALSE,TRUE,NA,NA,NA
"1,2-o-isopropylidene-d-glucofuranose","4617_neg","1,2-o-isopropylidene-d-glucofuranose",0.02,10.23,NA,"Unknown","null","1,2-O-Isopropylidene-D-glucofuranose","","HMDB0242729","NA","219905","NA","null","null",FALSE,TRUE,NA,NA,NA
"1,3,2-dioxathiolane 2,2-dioxide","725_neg","1,3,2-dioxathiolane 2,2-dioxide",0.38,5.66,NA,"Unknown","null","1,3,2-Dioxathiolane 2,2-dioxide","","HMDB0252075","NA","14075","NA","null","null",FALSE,TRUE,NA,NA,NA
"1,3,4-pentanetriol","637_neg","1,3,4-pentanetriol",0.4,137.21,NA,"Unknown","null","1,3,4-Pentanetriol;2-(2-Methoxyethoxy)ethanol;Trimethyl orthoacetate","","HMDB0244182;HMDB0244920;HMDB0259236","NA;44836;NA","21749233;8134;NA","NA;NA;NA","null","null",FALSE,TRUE,NA,NA,NA
"1,3,7-trimethyl-8-(3-chlorostyryl)xanthine","10365_pos","1,3,7-trimethyl-8-(3-chlorostyryl)xanthine",0.18,23.69,NA,"Unknown","null","1,3,7-Trimethyl-8-(3-chlorostyryl)xanthine;4-(Dipropylsulfamoyl)-2-nitrobenzoic acid;8-(3-Chlorostyryl)caffeine","","HMDB0244192;HMDB0245264;HMDB0247411","NA;NA;NA","44134628;193351;1902","NA;NA;NA","null","null",FALSE,TRUE,NA,NA,NA
"1,3,7-trimethyluric acid","4139_neg","1,3,7-trimethyluric acid",0.8,23.42,NA,"Unknown","null","1,3,7-Trimethyluric acid;Sedoheptulose;Caffeinol;d-Glycero-d-galacto-heptose;MANNOHEPTULOSE;(3R,5R,6R)-1,2,3,5,6,7-Hexahydroxyheptan-4-one","C16361;C08355","HMDB0002123;HMDB0003219;HMDB0249533;HMDB0253107;HMDB0254327;HMDB0255327","691622;27520;NA;NA;NA;NA","79437;441483;53630515;219662;102926;53928572","NA;NA;NA;NA;NA;NA","null","null",TRUE,TRUE,NA,NA,NA
"1,3-diacetylpropane","874_neg","1,3-diacetylpropane",0.42,53.93,NA,"Unknown","null","1,3-Diacetylpropane;Cyclohexanecarboxylic acid;2,3-Heptanedione;Dihydro-5-propyl-2(3H)-furanone;Butyl acrylate;Isobutyl acrylate","C09822;C10921","HMDB0029165;HMDB0031342;HMDB0031476;HMDB0031681;HMDB0249474;HMDB0253609","NA;36096;NA;NA;3245;NA","100532;7413;60983;7742;8846;NA","NA;NA;NA;NA;NA;NA","null","null",FALSE,TRUE,NA,NA,NA
"1,3-dipropyl-8-p-sulfophenylxanthine","12776_neg","1,3-dipropyl-8-p-sulfophenylxanthine",0.49,210.74,NA,"Unknown","null","1,3-Dipropyl-8-p-sulfophenylxanthine;2,6-Dioxo-9-phenyl-1,3-dipropylpurine-8-sulfonic acid","","HMDB0244176;HMDB0257790","NA;NA","1330;57014952","NA;NA","null","null",FALSE,TRUE,NA,NA,NA
"1,3-dithiane","621_neg","1,3-dithiane",0.22,11.06,NA,"Unknown","null","1,3-Dithiane;Methyl 2-propenyl disulfide","C08383","HMDB0031473;HMDB0041389","47845;6854","10451;62434","NA;NA","null","null",FALSE,TRUE,NA,NA,NA
"1,4-bisdesoxycyadox","5543_neg","1,4-bisdesoxycyadox",0.36,183.46,NA,"Unknown","null","1,4-Bisdesoxycyadox","","HMDB0244200","NA","72727583","NA","null","null",FALSE,TRUE,NA,NA,NA
"1,4-diacetoxy-2,3-dicyanobenzene","6003_pos","1,4-diacetoxy-2,3-dicyanobenzene",0.16,13.44,NA,"Unknown","null","1,4-Diacetoxy-2,3-dicyanobenzene","","HMDB0244205","NA","134319","NA","null","null",TRUE,TRUE,NA,NA,NA
"1,4-diamino-2,3-dicyano-1,4-bis(o-aminophenylmercapto)butadiene","12189_neg","1,4-diamino-2,3-dicyano-1,4-bis(o-aminophenylmercapto)butadiene",0.51,19887.15,NA,"Unknown","null","1,4-Diamino-2,3-dicyano-1,4-bis(o-aminophenylmercapto)butadiene","","HMDB0259375","NA","NA","NA","null","null",TRUE,TRUE,NA,NA,NA
"1,4-dihydroxy-2-naphthoic acid","3963_pos","1,4-dihydroxy-2-naphthoic acid",0.16,11.09,NA,"Unknown","null","1,4-Dihydroxy-2-naphthoic acid;7,7,8,8-Tetracyanoquinodimethane","C03657","HMDB0244212;HMDB0244685","18094;52445","671;73697","NA;NA","null","null",FALSE,TRUE,NA,NA,NA
"1,4-dithiothreitol","1715_neg","1,4-dithiothreitol",0.16,178.18,NA,"Unknown","null","1,4-Dithiothreitol;(2R,3S)-3,4-DImercaptobutane-1,2-diol;2-Hydroxyethyl disulfide;Dithioerythritol","C00265","HMDB0013593;HMDB0243584;HMDB0245158;HMDB0251493","42106;NA;43136;18320","439196;3027721;15906;NA","NA;NA;NA;NA","null","null",FALSE,TRUE,NA,NA,NA
"1,5-benzothiazepin-4(5h)-one, 2,3-dihydro-3-hydroxy-2-(4-methoxyphenyl)-5-(2-(methylamino)ethyl)-, (2s,3s)-","11766_pos","1,5-benzothiazepin-4(5h)-one, 2,3-dihydro-3-hydroxy-2-(4-methoxyphenyl)-5-(2-(methylamino)ethyl)-, (2s,3s)-",0.53,12003.72,NA,"Unknown","null","1,5-Benzothiazepin-4(5H)-one, 2,3-dihydro-3-hydroxy-2-(4-methoxyphenyl)-5-(2-(methylamino)ethyl)-, (2S,3S)-","","HMDB0247530","NA","162440","NA","null","null",TRUE,TRUE,NA,NA,NA
"1,7-bis(4-hydroxyphenyl)hepta-1,6-diene-3,5-dione","9277_pos","1,7-bis(4-hydroxyphenyl)hepta-1,6-diene-3,5-dione",0.4,6.4,"4-hydroxycoumarins","no MS2: Warfarin; LC-ESI-ITFT; MS2; CE","C19H16O4","1,7-Bis(4-hydroxyphenyl)hepta-1,6-diene-3,5-dione","","HMDB0244245","NA","147439","NA","PJVWKTKQMONHTI-UHFFFAOYNA-N","CC(=O)CC(C1=CC=CC=C1)C1=C(O)C2=CC=CC=C2OC1=O",FALSE,TRUE,NA,NA,NA
"1,n6-ethenoadenosine","8397_pos","1,n6-ethenoadenosine",0.51,23.54,NA,"Unknown","null","1,N6-Ethenoadenosine;2-Deoxy-2,3-dehydro-n-acetyl-neuraminic acid;Carprazidil;Ethenoadenosine","","HMDB0244260;HMDB0245680;HMDB0249688;HMDB0252011","NA;NA;NA;NA","3260;1553;NA;NA","NA;NA;NA;NA","null","null",TRUE,TRUE,NA,NA,NA
"1-((1-(4-chlorophenyl)-1h-1,2,3-triazol-4-yl)methyl)-4-phenylpiperazine","10882_neg","1-((1-(4-chlorophenyl)-1h-1,2,3-triazol-4-yl)methyl)-4-phenylpiperazine",0.42,11.69,NA,"Unknown","null","1-((1-(4-Chlorophenyl)-1H-1,2,3-triazol-4-yl)methyl)-4-phenylpiperazine","","HMDB0250044","NA","NA","NA","null","null",TRUE,TRUE,NA,NA,NA
"1-((4-methylsulfonyl)phenyl)-3-trifluoromethyl-5-(4-fluorophenyl)pyrazole","12934_pos","1-((4-methylsulfonyl)phenyl)-3-trifluoromethyl-5-(4-fluorophenyl)pyrazole",0.02,10.05,NA,"Unknown","null","1-((4-Methylsulfonyl)phenyl)-3-trifluoromethyl-5-(4-fluorophenyl)pyrazole","C11705","HMDB0257537","8983","NA","NA","null","null",FALSE,TRUE,NA,NA,NA
"1-(1,3-benzodioxol-5-yl)-4,4-dimethyl-1-penten-3-ol","5518_pos","1-(1,3-benzodioxol-5-yl)-4,4-dimethyl-1-penten-3-ol",0.29,8.53,NA,"Unknown","null","1-(1,3-Benzodioxol-5-yl)-4,4-dimethyl-1-penten-3-ol","","HMDB0246697","NA","NA","NA","null","null",FALSE,TRUE,NA,NA,NA
"1-(1-hydroxy-2,2,6,6-tetramethylpiperidin-4-yl)-1h-pyrrole-2,5-dione","6439_pos","1-(1-hydroxy-2,2,6,6-tetramethylpiperidin-4-yl)-1h-pyrrole-2,5-dione",0.4,18.33,NA,"Unknown","null","1-(1-Hydroxy-2,2,6,6-tetramethylpiperidin-4-yl)-1h-pyrrole-2,5-dione","","HMDB0243771","NA","123849","NA","null","null",FALSE,TRUE,NA,NA,NA
"1-(1-naphthyl)-2-thiourea","3710_neg","1-(1-naphthyl)-2-thiourea",0.38,20.45,NA,"Unknown","null","1-(1-Naphthyl)-2-thiourea","C19136","HMDB0243772","NA","NA","NA","null","null",FALSE,TRUE,NA,NA,NA
"1-(1-phenylcyclohexyl)-3-methylpiperidine","6690_pos","1-(1-phenylcyclohexyl)-3-methylpiperidine",0.31,14295.65,NA,"Unknown","null","1-(1-Phenylcyclohexyl)-3-methylpiperidine","","HMDB0250006","NA","150980","NA","null","null",TRUE,TRUE,NA,NA,NA
"1-(10h-phenothiazin-2-yl)ethanone","5640_neg","1-(10h-phenothiazin-2-yl)ethanone",0.2,4.53,NA,"Unknown","null","1-(10H-Phenothiazin-2-yl)ethanone;""Morin-5'-sulfonic acid""","","HMDB0244969;HMDB0254884","NA;NA","81131;86098104","NA;NA","null","null",FALSE,TRUE,NA,NA,NA
"1-(2,4-dichlorophenyl)-1-(4-fluorophenyl)-2-(1,2,4-triazol-1-yl)ethanol","10792_neg","1-(2,4-dichlorophenyl)-1-(4-fluorophenyl)-2-(1,2,4-triazol-1-yl)ethanol",0.36,45.45,NA,"Unknown","null","1-(2,4-Dichlorophenyl)-1-(4-fluorophenyl)-2-(1,2,4-triazol-1-yl)ethanol;2-Methyl-N-(5-methyl-2-thiazolyl)-1,1,4-trioxo-3H-1$l^{6},2-benzothiazine-3-carboxamide;2-(2-Chlorophenyl)-2-(6,7-dihydro-4H-thieno[3,2-c]pyridin-5-yl)propanedioic acid","","HMDB0253361;HMDB0254811;HMDB0257750","NA;NA;NA","131280;10291556;67237777","NA;NA;NA","null","null",FALSE,TRUE,NA,NA,NA
"1-(2-aminoacetyl)-n-(4-nitrophenyl)pyrrolidine-2-carboxamide","8452_pos","1-(2-aminoacetyl)-n-(4-nitrophenyl)pyrrolidine-2-carboxamide",0.09,18.12,NA,"Unknown","null","1-(2-Aminoacetyl)-N-(4-nitrophenyl)pyrrolidine-2-carboxamide","","HMDB0243776","NA","4297684","NA","null","null",FALSE,TRUE,NA,NA,NA
"1-(2-hydroxy-5-(trifluoromethyl)phenyl)-5-(trifluoromethyl)-1h-benzo[d]imidazol-2(3h)-one","11279_neg","1-(2-hydroxy-5-(trifluoromethyl)phenyl)-5-(trifluoromethyl)-1h-benzo[d]imidazol-2(3h)-one",0.04,6.37,NA,"Unknown","null","1-(2-Hydroxy-5-(trifluoromethyl)phenyl)-5-(trifluoromethyl)-1H-benzo[d]imidazol-2(3H)-one","C13833","HMDB0255771","34879","4552","NA","null","null",FALSE,TRUE,NA,NA,NA
"1-(2-hydroxyethyl-2-hydroxymethyl)-5-nitro-imidazole","3003_neg","1-(2-hydroxyethyl-2-hydroxymethyl)-5-nitro-imidazole",0.33,26.43,NA,"Unknown","null","1-(2-Hydroxyethyl-2-hydroxymethyl)-5-nitro-imidazole;Desmethylmisonidazole;1-(2-Hydroxyethyl)-2-hydroxymethyl-5-nitroimidazole","","HMDB0243779;HMDB0244560;HMDB0246690","NA;NA;NA","129723792;NA;121858","NA;NA;NA","null","null",FALSE,TRUE,NA,NA,NA
"1-(2-methoxyphenyl)piperazine","3444_pos","1-(2-methoxyphenyl)piperazine",0.2,9.56,"N-phenylureas","no MS2: Isoproturon-monodemethyl; LC-ESI-ITFT; MS2; CE","C11H16N2O","1-(2-Methoxyphenyl)piperazine;Pozanicline","","HMDB0243781;HMDB0256713","NA;NA","1346;21851902","NA;NA","DOULWWSSZVEPIN-UHFFFAOYSA-N","CN=C(O)NC1=CC=C(C=C1)C(C)C",FALSE,TRUE,NA,NA,NA
"1-(3,4-dichlorophenyl)-3-azabicyclo[3.1.0]hexane","5111_pos","1-(3,4-dichlorophenyl)-3-azabicyclo[3.1.0]hexane",0.31,6.55,NA,"Unknown","null","1-(3,4-Dichlorophenyl)-3-azabicyclo[3.1.0]hexane","","HMDB0243789","NA","9795276","NA","null","null",FALSE,TRUE,NA,NA,NA
"1-(3-carboxypropyl)-3,7-dimethylxanthine","6820_neg","1-(3-carboxypropyl)-3,7-dimethylxanthine",0.42,16.63,NA,"Unknown","null","1-(3-Carboxypropyl)-3,7-dimethylxanthine;3-Deazaadenosine;""7-Deaza-2'-deoxyguanosine"";Doxofylline;Forodesine;Glucose 3-hydroxybutyrate;Glucose butyrate;2,2-Dimethylpropanal 2,4-dinitrophenylhydrazone;(2S)-3-(4H-Imidazol-4-yl)-2-[[(2S)-5-oxopyrrolidine-2-carbonyl]amino]propanoic acid;[(2R,3S,4R,5R)-3,4,5,6-Tetrahydroxy-1-oxohexan-2-yl] 3-hydroxybutanoate;tubercidin","","HMDB0243498;HMDB0245849;HMDB0247243;HMDB0251602;HMDB0252454;HMDB0252771;HMDB0252773;HMDB0255799;HMDB0256374;HMDB0257924;HMDB0259318","NA;NA;NA;94714;NA;NA;NA;NA;NA;NA;NA","151419;1651;13915762;NA;1336;NA;NA;349748;NA;NA;NA","NA;NA;NA;NA;NA;NA;NA;NA;NA;NA;NA","null","null",FALSE,TRUE,NA,NA,NA
"1-(3-methylphenyl)-3-[(3r)-1-[2-(2-methylphenyl)-2-oxoethyl]-2-oxo-5-phenyl-3h-1,4-benzodiazepin-3-yl]urea","18299_pos","1-(3-methylphenyl)-3-[(3r)-1-[2-(2-methylphenyl)-2-oxoethyl]-2-oxo-5-phenyl-3h-1,4-benzodiazepin-3-yl]urea",0.07,445183,NA,"Unknown","null","1-(3-Methylphenyl)-3-[(3R)-1-[2-(2-methylphenyl)-2-oxoethyl]-2-oxo-5-phenyl-3H-1,4-benzodiazepin-3-yl]urea","","HMDB0244634","NA","3452843","NA","null","null",FALSE,TRUE,NA,NA,NA
"1-(4,5-dimethylthiazol-2-yl)-3,5-diphenylformazan","10622_pos","1-(4,5-dimethylthiazol-2-yl)-3,5-diphenylformazan",0.31,14.89,NA,"Unknown","null","1-(4,5-Dimethylthiazol-2-yl)-3,5-diphenylformazan;3-(4,5-Dimethylthiazol-2-yl)-2,5-diphenyl-2,3-dihydro-1H-tetrazole","","HMDB0254940;HMDB0258022","NA;NA","3634887;NA","NA;NA","null","null",FALSE,TRUE,NA,NA,NA
"1-(5'-phosphoribosyl)-5-amino-4-imidazolecarboxamide","10302_neg","1-(5'-phosphoribosyl)-5-amino-4-imidazolecarboxamide",0.4,7.44,NA,"1-(5'-Phosphoribosyl)-5-amino-4-imidazolecarboxamide","null",NA,NA,NA,NA,NA,NA,"null","null",FALSE,TRUE,NA,NA,NA
"1-(5-fluoropentyl)-1h-indole-3-carboxylic acid 8-quinolinyl ester","11985_neg","1-(5-fluoropentyl)-1h-indole-3-carboxylic acid 8-quinolinyl ester",0.42,48.74,NA,"Unknown","null","1-(5-Fluoropentyl)-1H-indole-3-carboxylic acid 8-quinolinyl ester;10,10-Bis(pyridin-4-ylmethyl)anthracen-9-one","C13779","HMDB0244595;HMDB0259926","NA;35046","72710774;656732","NA;NA","null","null",FALSE,TRUE,NA,NA,NA
"1-(5-fluoropentyl)-3-(2-iodobenzoyl)indole","15195_pos","1-(5-fluoropentyl)-3-(2-iodobenzoyl)indole",0.2,3231983,NA,"Unknown","null","1-(5-Fluoropentyl)-3-(2-iodobenzoyl)indole","","HMDB0248268","138017","9889172","NA","null","null",FALSE,TRUE,NA,NA,NA
"1-(d-3-mercapto-2-methyl-1-oxopropyl)-l-proline","4609_pos","1-(d-3-mercapto-2-methyl-1-oxopropyl)-l-proline",0.13,113.25,NA,"Unknown","null","1-(D-3-Mercapto-2-methyl-1-oxopropyl)-L-proline;N-[(2R)-4-(Hydroxymethyl)-3-oxo-1-sulfanylhex-4-en-2-yl]acetamide","","HMDB0247169;HMDB0260423","NA;NA","2550;NA","NA;NA","null","null",FALSE,TRUE,NA,NA,NA
"1-(difluoromethyl)-2,3,4-trifluorobenzene","2792_neg","1-(difluoromethyl)-2,3,4-trifluorobenzene",0.07,16.5,NA,"Unknown","null","1-(Difluoromethyl)-2,3,4-trifluorobenzene;1,2-Dinitroglycerin;1,3-Dinitroglycerin;Flurothyl","","HMDB0243802;HMDB0244085;HMDB0244171;HMDB0252412","NA;18898;18921;NA","19967836;79076;NA;NA","NA;NA;NA;NA","null","null",FALSE,TRUE,NA,NA,NA
"1-[(5-amino-5-carboxypentyl)amino]-1-deoxyfructose","9291_pos","1-[(5-amino-5-carboxypentyl)amino]-1-deoxyfructose",0.56,21.31,NA,"Unknown","null","1-[(5-Amino-5-carboxypentyl)amino]-1-deoxyfructose;1-Deoxy-1-(N6-lysino)-D-fructose;Fructose-lysine;Fructosyl-lysine","C16488","HMDB0034879;HMDB0062186;HMDB0252494;HMDB0252495","24109;NA;NA;NA","131751634;NA;20111804;18546378","NA;NA;NA;NA","null","null",FALSE,TRUE,NA,NA,NA
"1-[(5-chloro-1h-indol-2-yl)carbonyl]-4-methylpiperazine","7716_pos","1-[(5-chloro-1h-indol-2-yl)carbonyl]-4-methylpiperazine",0.42,24.48,"Anilides","no MS2: Metazachlor; LC-ESI-ITFT; MS2; CE","C14H16ClN3O","1-[(5-Chloro-1H-indol-2-yl)carbonyl]-4-methylpiperazine;METAZACHLOR","C10948","HMDB0253737;HMDB0254508","NA;6798","4908365;49384","NA;NA","STEPQTYSZVCJPV-UHFFFAOYSA-N","CC1=CC=CC(C)=C1N(CN1C=CC=N1)C(=O)CCl",FALSE,TRUE,NA,NA,NA
"1-[3,4-dihydroxy-5-(hydroxymethyl)-2-oxolanyl]-1,2,4-triazole-3-carboxamide","5805_neg","1-[3,4-dihydroxy-5-(hydroxymethyl)-2-oxolanyl]-1,2,4-triazole-3-carboxamide",0.31,35.83,NA,"Unknown","null","1-[3,4-Dihydroxy-5-(hydroxymethyl)-2-oxolanyl]-1,2,4-triazole-3-carboxamide;""5'-Azacytidine"";arabinofuranosyl-5-azacytosine;4-Amino-1-(6-aminopurin-9-yl)pyrimidin-2-one","","HMDB0243988;HMDB0246880;HMDB0248552;HMDB0257570","94463;NA;NA;NA","5064;NA;1805;56974816","NA;NA;NA;NA","null","null",TRUE,TRUE,NA,NA,NA
"1-[3,4-dihydroxy-5-(hydroxymethyl)oxolan-2-yl]-4-hydroxyhydropyridin-2-one","5946_pos","1-[3,4-dihydroxy-5-(hydroxymethyl)oxolan-2-yl]-4-hydroxyhydropyridin-2-one",0.18,20.7,NA,"Unknown","null","1-[3,4-Dihydroxy-5-(hydroxymethyl)oxolan-2-yl]-4-hydroxyhydropyridin-2-one","","HMDB0243807","NA","54676525","NA","null","null",TRUE,TRUE,NA,NA,NA
"1-[3,4-dihydroxy-5-(hydroxymethyl)oxolan-2-yl]-5-hydroxyimidazole-4-carboxamide","6774_pos","1-[3,4-dihydroxy-5-(hydroxymethyl)oxolan-2-yl]-5-hydroxyimidazole-4-carboxamide",0.36,12,NA,"Unknown","null","1-[3,4-Dihydroxy-5-(hydroxymethyl)oxolan-2-yl]-5-hydroxyimidazole-4-carboxamide;Pyrazofurin;4-Amino-1-[(2R,3S,4S,5R)-3,4-dihydroxy-5-(hydroxymethyl)oxolan-2-yl]oxypyrimidin-2-one;1-(6-Aminopurin-9-yl)-5-methylpyrimidine-2,4-dione","","HMDB0255794;HMDB0256946;HMDB0257637;HMDB0257910","NA;NA;NA;NA","4213;135447984;18505434;57262882","NA;NA;NA;NA","null","null",FALSE,TRUE,NA,NA,NA
"1-[5-(thiophen-2-ylmethoxy)-1h-indol-3-yl]propan-2-amine","8149_pos","1-[5-(thiophen-2-ylmethoxy)-1h-indol-3-yl]propan-2-amine",0.02,16.1,NA,"Unknown","null","1-[5-(Thiophen-2-ylmethoxy)-1H-indol-3-yl]propan-2-amine;pifithrin","","HMDB0249491;HMDB0256544","91556;NA","4284720;NA","NA;NA","null","null",FALSE,TRUE,NA,NA,NA
"1-[6-[(3-acetyl-2,4,6-trihydroxy-5-methylphenyl)methyl]-5,7-dihydroxy-2,2-dimethyl-1-benzopyran-8-yl]-3-phenyl-2-propen-1-one","17932_neg","1-[6-[(3-acetyl-2,4,6-trihydroxy-5-methylphenyl)methyl]-5,7-dihydroxy-2,2-dimethyl-1-benzopyran-8-yl]-3-phenyl-2-propen-1-one",0.38,1992044,NA,"Unknown","null","1-[6-[(3-Acetyl-2,4,6-trihydroxy-5-methylphenyl)methyl]-5,7-dihydroxy-2,2-dimethyl-1-benzopyran-8-yl]-3-phenyl-2-propen-1-one","","HMDB0247787","NA","NA","NA","null","null",FALSE,TRUE,NA,NA,NA
"1-[bis(4-fluorophenyl)methyl]-4-(3-phenylprop-2-enyl)piperazine","13333_neg","1-[bis(4-fluorophenyl)methyl]-4-(3-phenylprop-2-enyl)piperazine",0.02,26,NA,"Unknown","null","1-[Bis(4-fluorophenyl)methyl]-4-(3-phenylprop-2-enyl)piperazine","","HMDB0255487","92209","3378","NA","null","null",FALSE,TRUE,NA,NA,NA
"1-aminopiperidine","233_pos","1-aminopiperidine",0.33,39.29,NA,"Unknown","null","1-Aminopiperidine;1-Methylpiperazine;4-Aminopiperidine;Homopiperazine","","HMDB0243829;HMDB0243942;HMDB0246362;HMDB0253208","NA;NA;NA;NA","16658;NA;424361;68163","NA;NA;NA;NA","null","null",FALSE,TRUE,NA,NA,NA
"1-benzenesulfonyl-5-ethyl-5-phenylhydantoin","11070_pos","1-benzenesulfonyl-5-ethyl-5-phenylhydantoin",0.31,16.26,NA,"Unknown","null","1-Benzenesulfonyl-5-ethyl-5-phenylhydantoin;2-Chloro-21H,23H-porphyrin","","HMDB0245613;HMDB0250122","NA;NA","89498;NA","NA;NA","null","null",FALSE,TRUE,NA,NA,NA
"1-benzyl-4-(chloromethyl)benzene","4407_neg","1-benzyl-4-(chloromethyl)benzene",0.13,9.75,NA,"Unknown","null","1-Benzyl-4-(chloromethyl)benzene","","HMDB0243834","NA","84334","NA","null","null",FALSE,TRUE,NA,NA,NA
"1-benzylimidazole","2018_pos","1-benzylimidazole",0.56,21.33,NA,"Unknown","null","1-Benzylimidazole;1,2-Diaminonaphthalene;1,5-Naphthalenediamine;2,3-Diaminonaphthalene;Nicotyrine","C19463;C10161","HMDB0243836;HMDB0244064;HMDB0244231;HMDB0245385;HMDB0255591","NA;NA;53003;NA;NA","77918;13648;16720;69872;10249","NA;NA;NA;NA;NA","null","null",TRUE,TRUE,NA,NA,NA
"1-cyclohexene-1-carboxylic acid","806_neg","1-cyclohexene-1-carboxylic acid",0.42,70.36,NA,"Unknown","null","1-Cyclohexene-1-carboxylic acid","C12101","HMDB0243852","NA","69470","NA","null","null",FALSE,TRUE,NA,NA,NA
"1-deoxy-1-morpholino-d-fructose","6267_pos","1-deoxy-1-morpholino-d-fructose",0.38,32.44,NA,"Unknown","null","1-Deoxy-1-morpholino-D-fructose","","HMDB0243858","NA","220877","NA","null","null",TRUE,TRUE,NA,NA,NA
"1-ethyl-2-pyrrolidinone","478_pos","1-ethyl-2-pyrrolidinone",0.62,215.34,NA,"Unknown","null","1-Ethyl-2-pyrrolidinone;2-Methoxyisobutylisonitrile;5,5-Dimethyl-1-pyrroline N-oxide;Cyclohexanone oxime;Methoxyisobutylisonitrile;N-ISOPROPYLACRYLAMIDE","","HMDB0243878;HMDB0244336;HMDB0246162;HMDB0250654;HMDB0254551;HMDB0255163","NA;NA;149489;NA;NA;NA","NA;130600;1774;NA;450283;16637","NA;NA;NA;NA;NA;NA","null","null",FALSE,TRUE,NA,NA,NA
"1-fluoro-2,4-dinitrobenzene","2954_neg","1-fluoro-2,4-dinitrobenzene",0.09,16.29,NA,"Unknown","null","1-Fluoro-2,4-dinitrobenzene;1-Fluoro-2,3-dinitrobenzene;3-Chloro-4-hydroxy-5-methoxybenzaldehyde;4-Chlorophenoxyacetic acid","C07088","HMDB0245460;HMDB0245696;HMDB0245834;HMDB0246399","53049;NA;NA;1808","6264;15556753;29622;NA","NA;NA;NA;NA","null","null",FALSE,TRUE,NA,NA,NA
"1-hydroxy-2-(n-acetylcysteinyl)-3-butene","5260_neg","1-hydroxy-2-(n-acetylcysteinyl)-3-butene",0.31,9.61,NA,"Unknown","null","1-Hydroxy-2-(N-acetylcysteinyl)-3-butene;(2R)-2-Acetamido-6-hydroxy-2-(sulfanylmethyl)hex-3-enoic acid","","HMDB0244631;HMDB0257715","NA;NA","3547512;NA","NA;NA","null","null",FALSE,TRUE,NA,NA,NA
"1-hydroxyanthraquinone","4793_neg","1-hydroxyanthraquinone",0.42,126.78,NA,"Unknown","null","1-Hydroxyanthraquinone;7-Methyl-6,8-bis(methylthio)pyrrolo(1,2-a)pyrazine;cis-Mevinphos","C02980","HMDB0243898;HMDB0247512;HMDB0250292","28877;NA;38725","8512;128585;NA","NA;NA;NA","null","null",FALSE,TRUE,NA,NA,NA
"1-hydroxycyclohexyl phenyl ketone","3984_pos","1-hydroxycyclohexyl phenyl ketone",0.42,18.3,NA,"Unknown","null","1-Hydroxycyclohexyl phenyl ketone","","HMDB0247678","NA","70355","NA","null","null",FALSE,TRUE,NA,NA,NA
"1-hydroxyhexanoylglycine","3293_pos","1-hydroxyhexanoylglycine",0.53,1909.18,NA,"Unknown","null","1-hydroxyhexanoylglycine;2-hydroxyhexanoylglycine;3-hydroxyhexanoylglycine;4-hydroxyhexanoylglycine;5-hydroxyhexanoylglycine;1-Carboxyethylvaline;Castanospermine;H-D-Asp(OtBu)-OH","","HMDB0094718;HMDB0094719;HMDB0094720;HMDB0094721;HMDB0094722;HMDB0240627;HMDB0249700;HMDB0253009","NA;NA;NA;NA;NA;NA;NA;NA","87772907;131802902;131802903;131802904;131802905;NA;2592;102930","NA;NA;NA;NA;NA;NA;NA;NA","null","null",FALSE,TRUE,"Alpha amino acids","Carboxylic acids and derivatives","Amino acids, peptides, and analogues"
"1-hydroxyibuprofen","4885_pos","1-hydroxyibuprofen",0.42,408.54,NA,"Unknown","null","1-Hydroxyibuprofen;2-Hydroxyibuprofen;3-Hydroxyibuprofen;Hexyl salicylic acid;3-Hexylsalicylic acid;3,5-Diisopropylsalicylic acid","","HMDB0060565;HMDB0060920;HMDB0060921;HMDB0061943;HMDB0245879;HMDB0246059","NA;133197;NA;88836;NA;NA","45117195;10443535;71312545;22629;153705;30543","NA;NA;NA;NA;NA;NA","null","null",FALSE,TRUE,NA,NA,NA
"1-hydroxypyrene glucuronide","13382_pos","1-hydroxypyrene glucuronide",0.16,8.73,NA,"Unknown","null","1-Hydroxypyrene glucuronide;9,10-Anthracenedione, 1,5-dihydroxy-3-methyl-8-((2,6,7,7a-tetrahydro-4 H-furo(3,2-c)pyran-4-yl)oxy)-;(2S,3S,4S,5R)-3,4,5-Trihydroxy-6-pyren-1-yloxyoxane-2-carboxylic acid","","HMDB0059759;HMDB0247666;HMDB0258066","NA;NA;NA","59751652;146437;74603300","NA;NA;NA","null","null",FALSE,TRUE,NA,NA,NA
"1-iodoheptane","5049_pos","1-iodoheptane",0.09,9.28,NA,"Unknown","null","1-Iodoheptane;Methyl 3,5-dinitrobenzoate","","HMDB0243907;HMDB0254567","NA;NA","20274;NA","NA;NA","null","null",TRUE,TRUE,NA,NA,NA
"1-iodopentane","3511_neg","1-iodopentane",0.49,169.82,NA,"Unknown","null","1-Iodopentane","","HMDB0243909","NA","12335","NA","null","null",TRUE,TRUE,NA,NA,NA
"1-isothiocyanato-8-(methylsulfinyl)-octane","5443_pos","1-isothiocyanato-8-(methylsulfinyl)-octane",0.42,252.29,"Sulfoxides","no MS2: 1-Isothiocyanato-8-(methylsulfinyl)-octane; LC-ESI-QTOF; MS2; CE","C10H19NOS2",NA,NA,NA,NA,NA,NA,"BCRXKWOQVFKZAG-UHFFFAOYNA-N","CS(=O)CCCCCCCCN=C=S",FALSE,TRUE,NA,NA,NA
"1-methyl-1,2-dihydropyridine-3-carboxamide","1219_pos","1-methyl-1,2-dihydropyridine-3-carboxamide",0.49,4976.36,"Dihydropyridines","no MS2: 1-Methyl-2-pyridinium aldoxime; LC-ESI-QTOF; MS2; CE","C7H9N2O","1-Methyl-1,2-dihydropyridine-3-carboxamide;2,4-Diaminoanisole;3-Hydroxybenzylhydrazine","C19218","HMDB0243919;HMDB0245445;HMDB0245893","NA;NA;NA","17944990;11976;NA","NA;NA;NA","JBKPUQTUERUYQE-VOTSOKGWSA-O","CN1C=CC=CC1=C[NH+]=O",TRUE,TRUE,NA,NA,NA
"1-methyl-2-(2-thiophen-2-ylethenyl)-5,6-dihydro-4h-pyrimidine","4059_pos","1-methyl-2-(2-thiophen-2-ylethenyl)-5,6-dihydro-4h-pyrimidine",0.31,86.74,NA,"Unknown","null","1-Methyl-2-(2-thiophen-2-ylethenyl)-5,6-dihydro-4H-pyrimidine;(2S)-2-Amino-3-[(2S,3R)-2-amino-3-hydroxybutanoyl]oxypropanoic acid;(2S,3R)-2-Amino-3-[(2S)-2-amino-3-hydroxypropanoyl]oxybutanoic acid","","HMDB0247786;HMDB0257561;HMDB0257621","94685;NA;NA","4989;NA;NA","NA;NA;NA","null","null",TRUE,TRUE,NA,NA,NA
"1-methyl-2-hydroadenosine","7905_pos","1-methyl-2-hydroadenosine",0.89,263851.4,NA,"N6-Methyladenosine","null","1-Methyl-2-hydroadenosine","","HMDB0243923","NA","138114954","NA","null","null",TRUE,TRUE,NA,NA,NA
"1-methyl-2-nitro-3-((tetrahydrofuran-3-yl)methyl)guanidine","3887_pos","1-methyl-2-nitro-3-((tetrahydrofuran-3-yl)methyl)guanidine",0.42,42.32,NA,"Unknown","null","1-Methyl-2-nitro-3-((tetrahydrofuran-3-yl)methyl)guanidine","C18509","HMDB0244741","39183","197701","NA","null","null",FALSE,TRUE,NA,NA,NA
"1-methyl-3,4-dihydroisoquinoline","1429_neg","1-methyl-3,4-dihydroisoquinoline",0.07,41.6,NA,"Unknown","null","1-Methyl-3,4-dihydroisoquinoline;1,3-Dimethylindole;N-Benzylprop-2-yn-1-amine","","HMDB0243928;HMDB0244168;HMDB0244443","NA;NA;NA","231502;70130;99277","NA;NA;NA","null","null",FALSE,TRUE,NA,NA,NA
"1-methyl-4-(1-methylpropyl)-benzene","1543_neg","1-methyl-4-(1-methylpropyl)-benzene",0.51,73803.11,NA,"Unknown","null","1-Methyl-4-(1-methylpropyl)-benzene;2,4-Dimethyl-1-(1-methylethyl)-benzene","","HMDB0061809;HMDB0061810","88583;NA","519195;20832","NA;NA","null","null",FALSE,TRUE,NA,NA,NA
"1-methyladenine","1558_neg","1-methyladenine",0.42,121.39,NA,"Glutamic Acid","null","1-Methyladenine;3-Methyladenine;7-Methyladenine;9-Methyladenine;4-Amino-4-deoxyarabinose","C02216;C00913;C02241","HMDB0011599;HMDB0011600;HMDB0011614;HMDB0240713;HMDB0246348","18083;38635;28921;40526;NA","78821;1673;71593;69689;71437049","NA;NA;NA;NA;NA","null","null",FALSE,TRUE,NA,NA,NA
"1-methyladenosine","7540_neg","1-methyladenosine",0.49,28.92,NA,"1-METHYLADENOSINE","null","1-Methyladenosine;N6-Methyladenosine;1-Methyladenosin;""O(6)-Methyl-2'-deoxyguanosine""","C02494","HMDB0003331;HMDB0004044;HMDB0243935;HMDB0255876","16020;21891;NA;NA","27476;102175;260623;NA","NA;NA;NA;NA","null","null",FALSE,TRUE,NA,NA,NA
"1-methylcyclohexane-1,2-dicarboxylic acid","2963_neg","1-methylcyclohexane-1,2-dicarboxylic acid",0.78,33.97,NA,"Unknown","null","1-Methylcyclohexane-1,2-dicarboxylic acid;1,2-Cyclohexanedicarboxylic acid, 4-methyl-","","HMDB0243937;HMDB0253138","NA;NA","114473;NA","NA;NA","null","null",FALSE,TRUE,NA,NA,NA
"1-methylcytosine","776_neg","1-methylcytosine",0.42,12.59,NA,"Unknown","null","1-Methylcytosine;N(4)-Methylcytosine","","HMDB0243939;HMDB0247144","39624;21839","79143;122004","NA;NA","null","null",FALSE,TRUE,NA,NA,NA
"1-methylguanosine","8320_neg","1-methylguanosine",0.42,224.64,NA,"Unknown","null","1-Methylguanosine;""2'-C-Methylguanosine""","C04545","HMDB0001563;HMDB0246218","19062;NA","96373;21910853","NA;NA","null","null",FALSE,TRUE,NA,NA,NA
"1-methylhistidine","2267_neg","1-methylhistidine",0.87,229.74,"Histidine and derivatives","no MS2: alpha-Methyl-DL-histidine; LC-ESI-QTOF; MS2; CE","C7H11N3O2","1-Methylhistidine;3-Methylhistidine;Ipronidazole;N-Methyl-L-histidine;4-[(2R)-2-Aminopropyl]imidazole-1-carboxylic acid","C01152;C01152","HMDB0000001;HMDB0000479;HMDB0253571;HMDB0255176;HMDB0258056","50599;27596;NA;137683;NA","92105;64969;26951;5186528;NA","NA;NA;NA;NA;NA","HRRYYCWYCMJNGA-UHFFFAOYNA-N","CC(N)(CC1=CN=CN1)C(O)=O",TRUE,TRUE,NA,NA,NA
"1-methylinosine","7946_pos","1-methylinosine",0.87,16994.54,NA,"Unknown","null","1-Methylinosine;2-{2-[3-(2-Carbamimidoylsulfanyl-ethyl)-phenyl]-ethyl}-isothiourea;""S,S'-(1,4-Phenylene-bis(1,2-ethanediyl))bis-isothiourea"";D-Xylose, 4-O-beta-D-xylopyranosyl-","","HMDB0002721;HMDB0249903;HMDB0250014;HMDB0250808","19065;NA;NA;NA","65095;1331;1337;5107731","NA;NA;NA;NA","null","null",FALSE,TRUE,NA,NA,NA
"1-methylpiperidin-4-yl butanoate","3126_pos","1-methylpiperidin-4-yl butanoate",0.11,10.67,NA,"Unknown","null","1-Methylpiperidin-4-yl butanoate;2-(Diethylamino)ethyl methacrylate","","HMDB0243943;HMDB0244939","NA;NA","9815447;61012","NA;NA","null","null",FALSE,TRUE,NA,NA,NA
"1-naphthalenesulfonic acid","4008_neg","1-naphthalenesulfonic acid",0.87,510.25,"2-naphthalene sulfonates","no MS2: 2-Naphthalenesulfonic acid; LC-ESI-ITFT; MS2; CE","C10H8O3S","1-Naphthalenesulfonic acid;2-Naphthalenesulfonic acid","C16201;C16202","HMDB0243955;HMDB0255446","30895;44229","6812;8420","NA;NA","KVBGVZZKJNLNJU-UHFFFAOYSA-N","OS(=O)(=O)C1=CC2=CC=CC=C2C=C1",TRUE,TRUE,NA,NA,NA
"1-naphthalenyl[4-(pentyloxy)-1-naphthalenyl]methanone","12212_pos","1-naphthalenyl[4-(pentyloxy)-1-naphthalenyl]methanone",0.09,11.28,NA,"Unknown","null","1-Naphthalenyl[4-(pentyloxy)-1-naphthalenyl]methanone;Arildone","","HMDB0246670;HMDB0248594","NA;NA","9799417;NA","NA;NA","null","null",FALSE,TRUE,NA,NA,NA
"1-naphthyl isothiocyanate","2913_neg","1-naphthyl isothiocyanate",0.36,9.79,NA,"Unknown","null","1-Naphthyl isothiocyanate;2-Naphthyl isothiocyanate","","HMDB0243961;HMDB0245184","35455;NA","NA;74222","NA;NA","null","null",FALSE,TRUE,NA,NA,NA
"1-naphthylamine","1346_neg","1-naphthylamine",0.33,12.34,NA,"Unknown","null","1-Naphthylamine;1-Benzazepine;8-Methylquinoline","C14790","HMDB0243964;HMDB0244865;HMDB0247450","50450;38430;48984","8640;15559658;11910","NA;NA;NA","null","null",TRUE,TRUE,NA,NA,NA
"1-nitropyrene","6148_pos","1-nitropyrene",0.49,20.42,NA,"Unknown","null","1-Nitropyrene;Fluoroazomycin arabinoside","C14421","HMDB0243967;HMDB0259428","34107;NA","NA;56671599","NA;NA","null","null",TRUE,TRUE,NA,NA,NA
"1-nitrosopiperazine","473_pos","1-nitrosopiperazine",0.91,5370.91,NA,"CREATININE","null","1-Nitrosopiperazine","","HMDB0243969","NA","21845","NA","null","null",TRUE,TRUE,NA,NA,NA
"1-o-pentylglycerol","2019_neg","1-o-pentylglycerol",0.31,74.83,NA,"Unknown","null","1-O-Pentylglycerol;2-(2-Butoxyethoxy)ethanol;""4,4'-Oxydi-2-butanol""","","HMDB0243976;HMDB0244918;HMDB0245040","NA;NA;NA","90819;NA;92141","NA;NA;NA","null","null",FALSE,TRUE,NA,NA,NA
"1-oxoestazolam","9376_pos","1-oxoestazolam",0.4,18.6,NA,"Unknown","null","1-Oxoestazolam","","HMDB0243984","NA","3082325","NA","null","null",FALSE,TRUE,NA,NA,NA
"1-oxononan-4-yl (2r)-2-acetamido-3-sulfanylpropanoate","8616_neg","1-oxononan-4-yl (2r)-2-acetamido-3-sulfanylpropanoate",0.42,31.16,NA,"Unknown","null","1-Oxononan-4-yl (2R)-2-acetamido-3-sulfanylpropanoate","","HMDB0255339","NA","NA","NA","null","null",FALSE,TRUE,NA,NA,NA
"1-pentanesulfonic acid","1699_pos","1-pentanesulfonic acid",0.38,101.87,NA,"Ortho-Hydroxyphenylacetic Acid","null","1-Pentanesulfonic acid","","HMDB0243986","NA","89827","NA","null","null",FALSE,TRUE,NA,NA,NA
"1-phenyl-2-hexanone","2799_pos","1-phenyl-2-hexanone",0.31,6.9,NA,"Unknown","null","1-Phenyl-2-hexanone;Ethanone, 1-(4-butylphenyl)-","","HMDB0094661;HMDB0246227","NA;NA","33191;123470","NA;NA","null","null",FALSE,TRUE,NA,NA,NA
"1-pyrenecarboxaldehyde","5135_neg","1-pyrenecarboxaldehyde",0.33,12.66,NA,"Unknown","null","1-Pyrenecarboxaldehyde;Benzanthrone","","HMDB0244005;HMDB0248974","NA;NA","232848;6697","NA;NA","null","null",TRUE,TRUE,NA,NA,NA
"1-pyrrolidinyloxy, 3-(methoxycarbonyl)-2,2,5,5-tetramethyl-","3798_pos","1-pyrrolidinyloxy, 3-(methoxycarbonyl)-2,2,5,5-tetramethyl-",0.29,38.42,NA,"Unknown","null","1-Pyrrolidinyloxy, 3-(methoxycarbonyl)-2,2,5,5-tetramethyl-","","HMDB0254362","NA","10878167","NA","null","null",FALSE,TRUE,NA,NA,NA
"1-pyrroline-5-carboxylic acid","423_neg","1-pyrroline-5-carboxylic acid",0.73,135.75,NA,"Unknown","null","1-Pyrroline-5-carboxylic acid;2,3-Dihydro-1H-pyrrole-2-carboxylic acid;2,5-Dihydro-1H-pyrrole-2-carboxylic acid;(2s)-5-Oxopyrrolidine-2-carbaldehyde;2-(Prop-2-ynylamino)acetic acid;DL-Propargylglycine;Glutarimide;N-Methylsuccinimide;1-Methylpyrrole-2,5-diol","C03912;C07275","HMDB0001301;HMDB0244902;HMDB0245496;HMDB0246837;HMDB0246989;HMDB0251529;HMDB0252816;HMDB0255192;HMDB0255337","371;NA;NA;NA;NA;NA;5435;NA;NA","440162;13419849;97858;3033056;185909;NA;70726;70717;21326740","NA;NA;NA;NA;NA;NA;NA;NA;NA","null","null",TRUE,TRUE,NA,NA,NA
"1-salicylate glucuronide","9123_neg","1-salicylate glucuronide",0.58,92.24,NA,"Unknown","null","1-Salicylate glucuronide;Beta-D-Glucopyranuronic acid;6-(3-carboxyphenoxy)-3,4,5-trihydroxyoxane-2-carboxylic acid;6-(4-carboxyphenoxy)-3,4,5-trihydroxyoxane-2-carboxylic acid;5-Hydroxy-3-[[5-(4-nitrophenyl)furan-2-yl]methylideneamino]-1H-imidazol-2-one","","HMDB0010313;HMDB0010314;HMDB0124994;HMDB0125174;HMDB0260376","73961;NA;NA;NA;NA","3084023;168876;131831545;131637326;53924553","NA;NA;NA;NA;NA","null","null",TRUE,TRUE,NA,NA,NA
"1-sulfooxymethylpyrene","9039_neg","1-sulfooxymethylpyrene",0.42,47.72,NA,"Unknown","null","1-Sulfooxymethylpyrene","","HMDB0244010","NA","131320","NA","null","null",FALSE,TRUE,NA,NA,NA
"1-tert-butyl 4-ethyl 3-oxopiperidine-1,4-dicarboxylate","7049_neg","1-tert-butyl 4-ethyl 3-oxopiperidine-1,4-dicarboxylate",0.36,596044.5,NA,"Unknown","null","1-Tert-Butyl 4-ethyl 3-oxopiperidine-1,4-dicarboxylate;N-Benzyl-D-glucamine","","HMDB0247311;HMDB0255091","NA;NA","15852989;14777110","NA;NA","null","null",FALSE,TRUE,NA,NA,NA
"1-tert-butyl 4-ethyl 5-oxoazepane-1,4-dicarboxylate","7724_neg","1-tert-butyl 4-ethyl 5-oxoazepane-1,4-dicarboxylate",0.29,15.33,NA,"Unknown","null","1-Tert-butyl 4-ethyl 5-oxoazepane-1,4-dicarboxylate","","HMDB0244604","NA","NA","NA","null","null",FALSE,TRUE,NA,NA,NA
"1-{2-[(3-ethylphenyl)amino]-2-oxoethyl}-6-oxo-1,6-dihydropyridine-3-carboxylic acid","8465_neg","1-{2-[(3-ethylphenyl)amino]-2-oxoethyl}-6-oxo-1,6-dihydropyridine-3-carboxylic acid",0.47,28718.84,NA,"Unknown","null","1-{2-[(3-Ethylphenyl)amino]-2-oxoethyl}-6-oxo-1,6-dihydropyridine-3-carboxylic acid;Bcl-2 Inhibitor;Desmedipham;5-Nitro-2-(3-phenylpropylamino)benzoic acid;Phenmedipham","C18417;C13705;C18420","HMDB0243809;HMDB0248902;HMDB0251050;HMDB0255766;HMDB0256405","NA;NA;81733;NA;81734","71700183;11822705;24743;4549;NA","NA;NA;NA;NA;NA","null","null",TRUE,TRUE,NA,NA,NA
"10-(2-(diethylamino)ethyl)-9(10h)-acridinone (4,5-dihydro-2-thiazolyl)hydrazone","13350_pos","10-(2-(diethylamino)ethyl)-9(10h)-acridinone (4,5-dihydro-2-thiazolyl)hydrazone",0.2,10.36,NA,"Unknown","null","10-(2-(Diethylamino)ethyl)-9(10H)-acridinone (4,5-dihydro-2-thiazolyl)hydrazone","","HMDB0257256","NA","NA","NA","null","null",FALSE,TRUE,NA,NA,NA
"10-chloro-1-[(3s)-3-hydroxypyrrolidine-1-carbonyl]-3-phenyl-6,7-dihydrobenzo[a]quinolizin-4-one","14559_pos","10-chloro-1-[(3s)-3-hydroxypyrrolidine-1-carbonyl]-3-phenyl-6,7-dihydrobenzo[a]quinolizin-4-one",0.38,20.2,NA,"Unknown","null","10-Chloro-1-[(3S)-3-hydroxypyrrolidine-1-carbonyl]-3-phenyl-6,7-dihydrobenzo[a]quinolizin-4-one","","HMDB0259567","NA","10454840","NA","null","null",FALSE,TRUE,NA,NA,NA
"10-hydroxy-2-decenoic acid","2977_neg","10-hydroxy-2-decenoic acid",0.58,156.83,NA,"Unknown","null","10-Hydroxy-2-decenoic acid;Cyclohexyl propan-2-yl carbonate","","HMDB0244269;HMDB0250658","NA;NA","92837;22123692","NA;NA","null","null",FALSE,TRUE,NA,NA,NA
"10-nitrooleate","10239_pos","10-nitrooleate",0.07,999463.5,NA,"Unknown","null","10-Nitrooleate;Nitro-oleic acid;18-Nitrooctadec-9-enoic acid","","HMDB0247556;HMDB0255637;HMDB0257702","NA;NA;NA","53394576;NA;87276089","NA;NA;NA","null","null",FALSE,TRUE,NA,NA,NA
"10-piperazinylpropylphenothiazine","9615_neg","10-piperazinylpropylphenothiazine",0.27,2781828,NA,"Unknown","null","10-Piperazinylpropylphenothiazine","","HMDB0250993","NA","NA","NA","null","null",FALSE,TRUE,NA,NA,NA
"10h-pyrido(3,2-b)(1,4)benzothiazine, 10-(2-morpholinoethyl)-","9528_pos","10h-pyrido(3,2-b)(1,4)benzothiazine, 10-(2-morpholinoethyl)-",0.22,11.88,NA,"Unknown","null","10H-Pyrido(3,2-b)(1,4)benzothiazine, 10-(2-morpholinoethyl)-","","HMDB0250728","NA","3051464","NA","null","null",FALSE,TRUE,NA,NA,NA
"11,17-dihydroxy-3,20-dioxopregn-4-en-21-yl acetate","13889_pos","11,17-dihydroxy-3,20-dioxopregn-4-en-21-yl acetate",0.04,24.88,NA,"Unknown","null","11,17-Dihydroxy-3,20-dioxopregn-4-en-21-yl acetate;Desoxycortisone acetate;strophanthidin","","HMDB0244374;HMDB0251066;HMDB0258516","NA;NA;131147","3641;NA;5303","NA;NA;NA","null","null",FALSE,TRUE,NA,NA,NA
"11-beta-hydroxyandrosterone-3-glucuronide","16644_neg","11-beta-hydroxyandrosterone-3-glucuronide",0.31,2114686,NA,"Unknown","null","11-beta-Hydroxyandrosterone-3-glucuronide","C05643","HMDB0010351","2198","1864","46185","null","null",TRUE,TRUE,NA,NA,NA
"11-dehydrodexamethasone","12677_neg","11-dehydrodexamethasone",0.11,34.43,NA,"Unknown","null","11-Dehydrodexamethasone;Fluocortin","","HMDB0244350;HMDB0252349","NA;NA","75000659;21959983","NA;NA","null","null",FALSE,TRUE,NA,NA,NA
"11-hydroxyyohimbine","11689_neg","11-hydroxyyohimbine",0.16,163758,NA,"Unknown","null","11-Hydroxyyohimbine;Samidorphan","","HMDB0244362;HMDB0257474","NA;NA","18412807;11624889","NA;NA","null","null",TRUE,TRUE,NA,NA,NA
"11-mercaptoundecanoic acid","4529_neg","11-mercaptoundecanoic acid",0.4,120.1,NA,"N-A-Acetyl-L-Arginine","null","11-Mercaptoundecanoic acid","","HMDB0244368","NA","NA","NA","null","null",FALSE,TRUE,NA,NA,NA
"12(13)ep-9-kode","9404_pos","12(13)ep-9-kode",0.18,402014,NA,"Unknown","null","12(13)Ep-9-KODE;9-Oxo-11-(3-pentyloxiran-2-YL)undec-10-enoic acid","","HMDB0013623;HMDB0246689","89606;NA","5283007;53394018","NA;NA","null","null",FALSE,TRUE,NA,NA,NA
"14-deoxy-11,12-didehydroandrographolide","9961_neg","14-deoxy-11,12-didehydroandrographolide",0.22,15726.62,NA,"Unknown","null","14-Deoxy-11,12-didehydroandrographolide;Glaucocalyxin A;Dehydroandrographolide","","HMDB0244578;HMDB0252739;HMDB0259665","NA;NA;NA","4262071;14193397;53394883","NA;NA;NA","null","null",TRUE,TRUE,NA,NA,NA
"16alpha-fluoroestradiol","8368_pos","16alpha-fluoroestradiol",0.42,24.72,NA,"Unknown","null","16alpha-Fluoroestradiol;4-Fluoroestradiol","","HMDB0244757;HMDB0246427","NA;NA","14211618;261652","NA;NA","null","null",FALSE,TRUE,NA,NA,NA
"17-ethynyl-16-fluoroestradiol","9582_pos","17-ethynyl-16-fluoroestradiol",0.2,7.08,NA,"Unknown","null","17-Ethynyl-16-fluoroestradiol","","HMDB0244769","NA","14728728","NA","null","null",FALSE,TRUE,NA,NA,NA
"17beta-estradiol 3-sulfate","10853_neg","17beta-estradiol 3-sulfate",0.42,18.94,NA,"Unknown","null","17beta-Estradiol 3-sulfate;Estradiol 17-sulfate;1-(2-Chlorophenyl)-N-methyl-N-(1-methylpropyl)-3-isoquinolinecarboxamide;[(8R,9S,13S,14S)-13-Methyl-17-oxo-4,6,7,8,9,11,12,14,15,16-decahydro-3H-cyclopenta[a]phenanthren-3-yl] hydrogen sulfate","C08357","HMDB0004448;HMDB0251958;HMDB0256625;HMDB0257854","4866;NA;73290;NA","66416;NA;NA;NA","NA;NA;NA;NA","null","null",TRUE,TRUE,NA,NA,NA
"18-hydroxycortisol","12099_neg","18-hydroxycortisol",0.13,571989.6,NA,"Unknown","null","18-Hydroxycortisol;6-Hydroxycortisol;(2E)-2-[(4,5-Dimethoxy-2-methyl-3,6-dioxocyclohexa-1,4-dien-1-yl)methylidene]undecanoic acid;hydroxycortisol;3-(2-Aminoethyl)-5-methoxy-N-[2-(5-methoxy-1H-indol-3-yl)ethyl]indol-1-amine;Pregn-4-ene-3,20-dione, 11,17,18,21-tetrahydroxy-, (11beta)-;(8S,9S,10S,11S,13S,14S,17R)-11,17-Dihydroxy-17-(2-hydroxyacetyl)-10,13-dimethyl-1,4,5,6,7,8,9,11,12,14,15,16-dodecahydrocyclopenta[a]phenanthrene-2,3-dione","","HMDB0000418;HMDB0247074;HMDB0251668;HMDB0253262;HMDB0255401;HMDB0259664;HMDB0260196","89455;NA;NA;NA;NA;NA;NA","44263343;253325;131939;NA;91256568;NA;NA","NA;NA;NA;NA;NA;NA;NA","null","null",FALSE,TRUE,NA,NA,NA
"1beta-methylcarbapenem","766_pos","1beta-methylcarbapenem",0.24,40.89,NA,"Unknown","null","1beta-Methylcarbapenem;4-(Methylamino)phenol;O-Anisidine","C19191","HMDB0244863;HMDB0246311;HMDB0255842","NA;55416;82288","73323488;5931;NA","NA;NA;NA","null","null",FALSE,TRUE,NA,NA,NA
"1h,1'h-2,2'-disulfanediyl-bis-imidazole","3514_neg","1h,1'h-2,2'-disulfanediyl-bis-imidazole",0.2,77.2,NA,"Unknown","null","""1H,1'H-2,2'-Disulfanediyl-bis-imidazole""","","HMDB0245174","NA","15592785","NA","null","null",FALSE,TRUE,NA,NA,NA
"1h-1,2,4-triazole-3-carboxamide","453_pos","1h-1,2,4-triazole-3-carboxamide",0.04,106.95,NA,"Unknown","null","1H-1,2,4-Triazole-3-carboxamide","","HMDB0244869","NA","NA","NA","null","null",FALSE,TRUE,NA,NA,NA
"1h-indole-2,3-dione","1596_pos","1h-indole-2,3-dione",0.38,30.59,"Indolines","no MS2: Isatin; LC-ESI-QTOF; MS2; [M+H]+; CE","C8H5NO2","1H-Indole-2,3-dione;Phthalimide","C11129","HMDB0061933;HMDB0256502","27539;38817","7054;NA","NA;NA","JXDYKVIHCLTXOP-UHFFFAOYSA-N","O=C1NC2=CC=CC=C2C1=O",TRUE,TRUE,NA,NA,NA
"1r-cis-3,3,5-trimethylcyclohexyl ester5-oxo-l-proline","6189_neg","1r-cis-3,3,5-trimethylcyclohexyl ester5-oxo-l-proline",0.49,59.05,NA,"Unknown","null","1R-cis-3,3,5-Trimethylcyclohexyl ester5-oxo-L-proline;O-Demethylmetoprolol","","HMDB0244460;HMDB0255850","NA;NA","60724;162181","NA;NA","null","null",FALSE,TRUE,NA,NA,NA
"2',3'-dideoxyadenosine","5573_pos","2',3'-dideoxyadenosine",0.24,17.49,NA,"Unknown","null","""2',3'-Dideoxyadenosine"";""2',5'-Dideoxyadenosine"";(2R,3R,4R,5R)-2-Amino-4,5,6-trihydroxy-3-[(2R)-1-oxopropan-2-yl]oxyhexanal","","HMDB0245544;HMDB0245554;HMDB0255309","110174;93820;NA","263976;3044;NA","NA;NA;NA","null","null",FALSE,TRUE,NA,NA,NA
"2',3'-dideoxyuridine","4226_neg","2',3'-dideoxyuridine",0.4,87.21,NA,"Unknown","null","""2',3'-Dideoxyuridine"";(1R,2R)-2-Amino-1-(4-nitrophenyl)propane-1,3-diol","","HMDB0245547;HMDB0247315","NA;NA","355836;92743","NA;NA","null","null",FALSE,TRUE,NA,NA,NA
"2',4'-dihydroxy-6'-methoxy-3'-methylchalcone","7671_neg","2',4'-dihydroxy-6'-methoxy-3'-methylchalcone",0.11,5.09,NA,"Unknown","null","""2',4'-Dihydroxy-6'-methoxy-3'-methylchalcone"";2-Propenoic acid, 3-(3,4-dihydroxyphenyl)-, 2-phenylethyl ester;Mollugin","","HMDB0245553;HMDB0246033;HMDB0254836","NA;93478;141063","73097563;108042;NA","NA;NA;NA","null","null",FALSE,TRUE,NA,NA,NA
"2'-carboxymethoxy-4,4'-bis(3-methyl-2-butenyloxy) chalcone","15825_pos","2'-carboxymethoxy-4,4'-bis(3-methyl-2-butenyloxy) chalcone",0.24,7.44,NA,"Unknown","null","""2'-Carboxymethoxy-4,4'-bis(3-methyl-2-butenyloxy) chalcone""","","HMDB0247789","NA","5249","NA","null","null",FALSE,TRUE,NA,NA,NA
"2'-fluoro-2',3'-dideoxyinosine","6231_neg","2'-fluoro-2',3'-dideoxyinosine",0.09,17.94,NA,"Unknown","null","""2'-Fluoro-2',3'-dideoxyinosine"";Neosalacinol","","HMDB0245537;HMDB0255529","NA;NA","135455575;75029133","NA;NA","null","null",FALSE,TRUE,NA,NA,NA
"2(n)-methyl-norsalsolinol","2888_pos","2(n)-methyl-norsalsolinol",0.31,36.6,"Tetrahydroisoquinolines","no MS2: Salsolinol; LC-ESI-QQ; MS2; CE","C10H13NO2","2(N)-Methyl-norsalsolinol;(R)-Salsolinol;alpha-Methylphenylalanine;N-methylphenylalanine;Salsolinol;Methyl l-phenylalaninate;4-Amino-3-phenylbutanoic acid;""4'-Hydroxybutyranilide"";6,7-Dihydroxy-2-aminotetralin;Arecaidine propargyl ester;D-Homophenylalanine;Fusaric acid;Phenacetin;Phenprobamate;2-(1-Phenylpropan-2-yl)-1,3,2-dioxazetidine","C09642;C09642;C10146;C07591","HMDB0001189;HMDB0005199;HMDB0029223;HMDB0029224;HMDB0042012;HMDB0245704;HMDB0246346;HMDB0246632;HMDB0248032;HMDB0248570;HMDB0250764;HMDB0252556;HMDB0256387;HMDB0256418;HMDB0257801","767276;123715;NA;NA;113;NA;NA;NA;NA;NA;NA;NA;8050;NA;NA","37764;54456;108055;NA;91588;75737;14113;66874;3153;2229;102530;NA;NA;NA;21954929","NA;NA;NA;NA;NA;NA;NA;NA;NA;NA;NA;NA;NA;NA;NA","IBRKLUSXDYATLG-LURJTMIESA-N","C[C@@H]1NCCC2=CC(O)=C(O)C=C12",FALSE,TRUE,NA,NA,NA
"2,2'-anhydrocytidine","4850_neg","2,2'-anhydrocytidine",0.42,123.63,NA,"Unknown","null","""2,2'-Anhydrocytidine""","","HMDB0243629","NA","279063","NA","null","null",FALSE,TRUE,NA,NA,NA
"2,2'-bithiophene","2330_pos","2,2'-bithiophene",0.22,141.28,NA,"Unknown","null","""2,2'-Bithiophene""","","HMDB0245353","36821","68120","NA","null","null",FALSE,TRUE,NA,NA,NA
"2,2,3,3-tetramethylcyclopropanecarboxamide","1359_pos","2,2,3,3-tetramethylcyclopropanecarboxamide",0.33,31.62,NA,"Unknown","null","2,2,3,3-Tetramethylcyclopropanecarboxamide;Allylisopropylacetamide;N,N,1,2-Tetramethylcyclopropane-1-carboxamide;Tropine","C02066","HMDB0246955;HMDB0248168;HMDB0257885;HMDB0259297","NA;NA;NA;NA","181152;9297;54017435;NA","NA;NA;NA;NA","null","null",FALSE,TRUE,NA,NA,NA
"2,2-dichloro-12-(4-chlorophenyl)dodecanoic acid","12075_neg","2,2-dichloro-12-(4-chlorophenyl)dodecanoic acid",0.73,270663.6,NA,"Unknown","null","2,2-Dichloro-12-(4-chlorophenyl)dodecanoic acid","","HMDB0249301","NA","9929731","NA","null","null",TRUE,TRUE,NA,NA,NA
"2,3,4-tri-o-acetylarabinopyranosyl isothiocyanate","9707_pos","2,3,4-tri-o-acetylarabinopyranosyl isothiocyanate",0.16,27.68,NA,"Unknown","null","2,3,4-Tri-O-acetylarabinopyranosyl isothiocyanate","","HMDB0247146","NA","3884507","NA","null","null",FALSE,TRUE,NA,NA,NA
"2,3,5,6-tetramethylpyrazine phosphate","5006_neg","2,3,5,6-tetramethylpyrazine phosphate",0.29,5.27,NA,"Unknown","null","2,3,5,6-Tetramethylpyrazine phosphate","","HMDB0245439","NA","129862857","NA","null","null",FALSE,TRUE,NA,NA,NA
"2,3-bis(3,4-dihydroxyphenyl)butanedioic acid","10052_neg","2,3-bis(3,4-dihydroxyphenyl)butanedioic acid",0.09,10.83,NA,"Unknown","null","2,3-Bis(3,4-dihydroxyphenyl)butanedioic acid","","HMDB0250004","NA","3011689","NA","null","null",TRUE,TRUE,NA,NA,NA
"2,3-butanedione monoxime","211_neg","2,3-butanedione monoxime",0.47,137.32,"Alpha amino acids","no MS2: 1-Aminocyclopropane-1-carboxylic acid; LC-ESI-QTOF; MS2; CE","C4H7NO2","2,3-Butanedione monoxime;Azetidine-1-carboxylic acid;3-Azetidinecarboxylic acid;N-(Hydroxymethyl)acrylamide;3-Nitroso-2-butanone","C19456","HMDB0245382;HMDB0246969;HMDB0248797;HMDB0255023;HMDB0257634","NA;NA;NA;NA;NA","6398969;21866494;93192;13543;53900601","NA;NA;NA;NA;NA","PAJPWUMXBYXFCZ-UHFFFAOYSA-N","NC1(CC1)C(O)=O",FALSE,TRUE,NA,NA,NA
"2,3-diaminopropionic acid","321_pos","2,3-diaminopropionic acid",0.4,20.5,NA,"Unknown","null","2,3-Diaminopropionic acid;Alanine amine;(S)-2-Hydrazinopropionic acid","C03401","HMDB0002006;HMDB0248102;HMDB0248305","16303;NA;NA","97328;18546419;122757","NA;NA;NA","null","null",FALSE,TRUE,NA,NA,NA
"2,3-diaminosalicylic acid","2416_pos","2,3-diaminosalicylic acid",0.87,966.26,NA,"Unknown","null","2,3-Diaminosalicylic acid;Dephostatin","","HMDB0013159;HMDB0251017","88769;NA","53481699;2990","NA;NA","null","null",TRUE,TRUE,NA,NA,NA
"2,3-dichlorobiphenyl","4847_pos","2,3-dichlorobiphenyl",0.04,26.21,NA,"Unknown","null","2,3-Dichlorobiphenyl;""2,4'-Dichlorobiphenyl"";2,6-Dichlorobiphenyl;""3,3'-Dichlorobiphenyl""","C14246;C14355","HMDB0245390;HMDB0245485;HMDB0245513;HMDB0246000","NA;34232;34249;NA","NA;36982;36342;16307","NA;NA;NA;NA","null","null",FALSE,TRUE,NA,NA,NA
"2,3-dihydroxy-5-methylthio-4-pentenoic acid","2624_neg","2,3-dihydroxy-5-methylthio-4-pentenoic acid",0.58,1701.8,NA,"Unknown","null","2,3-Dihydroxy-5-methylthio-4-pentenoic acid;""1,1'-Thiocarbonyldiimidazole"";4-Amino-7-chloroquinoline;Dimethyl mercaptosuccinate","","HMDB0240388;HMDB0244051;HMDB0247242;HMDB0251387","NA;NA;NA;NA","154603736;80264;NA;95335","NA;NA;NA;NA","null","null",TRUE,TRUE,NA,NA,NA
"2,3-dihydroxypropyl 4-phenylbutanoate","5504_neg","2,3-dihydroxypropyl 4-phenylbutanoate",0.11,57.95,NA,"Unknown","null","2,3-Dihydroxypropyl 4-phenylbutanoate","","HMDB0257749","NA","NA","NA","null","null",FALSE,TRUE,NA,NA,NA
"2,3-dihydroxypropyl octanoate","4531_neg","2,3-dihydroxypropyl octanoate",0.02,13.99,NA,"Unknown","null","2,3-Dihydroxypropyl octanoate","","HMDB0254850","84309","3033877","NA","null","null",FALSE,TRUE,NA,NA,NA
"2,3-dimercapto-1-propanol tributyrate","10585_pos","2,3-dimercapto-1-propanol tributyrate",0.04,5.97,NA,"Unknown","null","2,3-Dimercapto-1-propanol tributyrate","","HMDB0245388","NA","194061","NA","null","null",FALSE,TRUE,NA,NA,NA
"2,3-dinitrobenzamide","4162_neg","2,3-dinitrobenzamide",0.4,24.31,NA,"Unknown","null","2,3-Dinitrobenzamide;3,5-Dinitrobenzamide;4-Oxo-5-phosphononorvaline","","HMDB0245406;HMDB0246066;HMDB0250780","NA;NA;NA","606817;4511;3025834","NA;NA;NA","null","null",FALSE,TRUE,NA,NA,NA
"2,3-dinitrophenol","2874_neg","2,3-dinitrophenol",0.42,18.08,NA,"Unknown","null","2,3-Dinitrophenol;2,4-Dinitrophenol;2,5-Dinitrophenol;2,6-Dinitrophenol;3,5-Dinitrophenol","C02496","HMDB0245407;HMDB0245462;HMDB0245504;HMDB0245520;HMDB0246070","39354;42017;40810;39357;39360","6191;1493;9492;11312;11459","NA;NA;NA;NA;NA","null","null",FALSE,TRUE,NA,NA,NA
"2,3-dinitrophenylhydrazine","3528_neg","2,3-dinitrophenylhydrazine",0.8,27.34,NA,"Unknown","null","2,3-Dinitrophenylhydrazine;2,4-Dinitrophenylhydrazine;Rivafurazon;N-Nitramido-N-phenylnitramide","C11283","HMDB0245408;HMDB0245463;HMDB0257247;HMDB0257937","NA;66932;44368;NA","14574745;3772977;1839;11356065","NA;NA;NA;NA","null","null",FALSE,TRUE,NA,NA,NA
"2,3-dinitrosobutanbildung","492_pos","2,3-dinitrosobutanbildung",0.89,1684.14,NA,"5,6-DIHYDROURACIL","null","2,3-Dinitrosobutanbildung;3-Amino-1-hydroxypyrrolidin-2-one;Biacetyl dioxime;N-NITROSOMORPHOLINE;3-Amino-4-oxobutanamide;Succinamide","C19283","HMDB0245409;HMDB0245803;HMDB0249176;HMDB0255208;HMDB0258109;HMDB0258539","NA;NA;NA;76326;NA;NA","13141646;1232;135459645;6046;22284063;NA","NA;NA;NA;NA;NA;NA","null","null",TRUE,TRUE,NA,NA,NA
"2,3-octanedione","1325_neg","2,3-octanedione",0.4,76.05,NA,"Unknown","null","2,3-Octanedione;Methyl cyclohexanecarboxylate;1-Methylcyclohexanecarboxylic acid;2-Pentenoic acid, 2-propyl-;2,2,3,3-Tetramethylcyclopropanecarboxylic acid;3-Cyclopentylpropionic acid;Butyl methacrylate","","HMDB0031293;HMDB0031343;HMDB0243938;HMDB0245305;HMDB0245340;HMDB0245846;HMDB0249475","NA;88845;NA;124938;39355;50899;NA","11449;20748;70744;104893;NA;NA;7354","NA;NA;NA;NA;NA;NA;NA","null","null",FALSE,TRUE,NA,NA,NA
"2,4(1h,3h)-pyrimidinedione, 5-fluoro-1-(tetrahydro-2-furanyl)-, (r)-","3780_pos","2,4(1h,3h)-pyrimidinedione, 5-fluoro-1-(tetrahydro-2-furanyl)-, (r)-",0.24,38,NA,"Unknown","null","2,4(1H,3H)-Pyrimidinedione, 5-fluoro-1-(tetrahydro-2-furanyl)-, (R)-","C12673","HMDB0246215","NA","NA","NA","null","null",FALSE,TRUE,NA,NA,NA
"2,4,5-trihydroxyphenylalanine","4399_pos","2,4,5-trihydroxyphenylalanine",0.33,17.93,NA,"Unknown","null","2,4,5-Trihydroxyphenylalanine;Serine, 3-(3,4-dihydroxyphenyl)-","","HMDB0247070;HMDB0258251","20725;NA","NA;NA","NA;NA","null","null",FALSE,TRUE,NA,NA,NA
"2,4,5-triphenylimidazole","8651_pos","2,4,5-triphenylimidazole",0.07,7.1,NA,"Unknown","null","2,4,5-Triphenylimidazole","","HMDB0245477","NA","10232","NA","null","null",FALSE,TRUE,NA,NA,NA
"2,4-bis(2-methoxyethoxy)-1,3,5-triazine","5122_pos","2,4-bis(2-methoxyethoxy)-1,3,5-triazine",0.69,101.89,NA,"Deoxycytidine","null","2,4-Bis(2-methoxyethoxy)-1,3,5-triazine","","HMDB0245444","NA","126305","NA","null","null",TRUE,TRUE,NA,NA,NA
"2,4-bis(methylthio)butyric acid","2712_neg","2,4-bis(methylthio)butyric acid",0.38,224.33,NA,"Unknown","null","2,4-Bis(methylthio)butyric acid","","HMDB0257800","NA","54110821","NA","null","null",TRUE,TRUE,NA,NA,NA
"2,4-diaminobutyric acid","589_neg","2,4-diaminobutyric acid",0.2,69.69,NA,"Unknown","null","2,4-Diaminobutyric acid;L-2,4-diaminobutyric acid;N-Ethyl-N-(2-hydroxyethyl)nitrosamine;beta-N-Methylamino-L-alanine;4-Diaminobutyric acid;alpha-N-Methylamino-l-alanine;Diaminobutyric acid","C03283","HMDB0002362;HMDB0006284;HMDB0244541;HMDB0244715;HMDB0246410;HMDB0248238;HMDB0251135","64307;48950;141568;NA;NA;NA;NA","470;134490;25742;NA;53823588;76634873;21864360","NA;41559;NA;NA;NA;NA;NA","null","null",FALSE,TRUE,NA,NA,NA
"2,4-difluoroaniline","949_pos","2,4-difluoroaniline",0.29,33.52,"Alpha amino acids and derivatives","no MS2: L-5-Oxoproline; LC-ESI-QTOF; MS2; CE","C5H7NO3","2,4-Difluoroaniline","","HMDB0245451","NA","9709","NA","ODHCTXKNWHHXJC-VKHMYHEASA-N","OC(=O)[C@@H]1CCC(O)=N1",FALSE,TRUE,NA,NA,NA
"2,4-dihydroxy-1,4-benzoxazin-3-one glucuronide","11056_neg","2,4-dihydroxy-1,4-benzoxazin-3-one glucuronide",0.29,8.34,NA,"Unknown","null","2,4-Dihydroxy-1,4-benzoxazin-3-one glucuronide","","HMDB0240442","NA","NA","NA","null","null",FALSE,TRUE,NA,NA,NA
"2,4-dihydroxy-2h-1,4-benzoxazin-3(4h)-one","2749_neg","2,4-dihydroxy-2h-1,4-benzoxazin-3(4h)-one",0.11,141.24,NA,"Unknown","null","2,4-Dihydroxy-2H-1,4-benzoxazin-3(4H)-one;2-Nitrophenyl acetate;3-Aminophthalic acid;4-Hydroxy-3-nitrophenylacetaldehyde;4-Nitrophenyl acetate;4-Nitrophenylacetic acid","C15770","HMDB0033733;HMDB0245261;HMDB0245819;HMDB0246445;HMDB0246538;HMDB0246546","63558;NA;NA;71235;82635;40443","28495;11890;79490;22034936;13243;NA","NA;NA;NA;NA;NA;NA","null","null",FALSE,TRUE,NA,NA,NA
"2,4-dihydroxybenzophenone","4459_pos","2,4-dihydroxybenzophenone",0.2,20.04,"Diphenylethers","no MS2: 3-Phenoxybenzoic acid; LC-ESI-ITFT; MS2; CE","C13H10O3","2,4-Dihydroxybenzophenone","C14215","HMDB0240715","NA","8572","NA","NXTDJHZGHOFSQG-UHFFFAOYSA-N","OC(=O)C1=CC(OC2=CC=CC=C2)=CC=C1",FALSE,TRUE,NA,NA,NA
"2,4-dimethylfuran","166_pos","2,4-dimethylfuran",0.2,24.35,NA,"Unknown","null","2,4-Dimethylfuran;2,5-Dimethylfuran;2-Cyclohexen-1-one;2,3-Dimethylfuran","C02395","HMDB0032965;HMDB0033182;HMDB0245089;HMDB0245403","89526;89052;15977;NA","19462;12266;NA;NA","NA;NA;NA;NA","null","null",FALSE,TRUE,NA,NA,NA
"2,4-thiazolidinedicarboxylic acid, 2-methyl-","3367_pos","2,4-thiazolidinedicarboxylic acid, 2-methyl-",0.87,148.81,NA,"Unknown","null","2,4-Thiazolidinedicarboxylic acid, 2-methyl-","","HMDB0244750","NA","98342","NA","null","null",TRUE,TRUE,NA,NA,NA
"2,5-dimethyl-3(2h)-furanone","403_pos","2,5-dimethyl-3(2h)-furanone",0.42,40.94,NA,"2,4-Hexadienoic Acid","null","2,5-Dimethyl-3(2H)-furanone;1,3-Cyclohexanedione;2-Methylenecyclopropaneacetic Acid;2-Butenoic acid, ethenyl ester;3,5-Cyclohexadiene-1,2-diol;Hexadienic acid;Methylenecyclopropylacetic acid;Propenylacrylic Acid","C01066","HMDB0032233;HMDB0244161;HMDB0244327;HMDB0245043;HMDB0246048;HMDB0253115;HMDB0254638;HMDB0256823","NA;17766;NA;NA;18887;35962;NA;NA","85730;NA;NA;NA;418;5251;150877;57150984","NA;NA;NA;NA;NA;NA;NA;NA","null","null",FALSE,TRUE,NA,NA,NA
"2,5-furandicarboxylic acid","1912_pos","2,5-furandicarboxylic acid",0.67,11.89,NA,"Unknown","null","2,5-Furandicarboxylic acid;3-Hydroxy-4-oxo-4H-pyran-2-carboxylic acid;cis-Aconitic anhydride","C20450","HMDB0004812;HMDB0245887;HMDB0250284","84212;NA;NA","76720;3010943;NA","NA;NA;NA","null","null",FALSE,TRUE,NA,NA,NA
"2,6-di-tert-butylbenzoquinone","4779_pos","2,6-di-tert-butylbenzoquinone",0.36,17.36,NA,"Unknown","null","2,6-Di-tert-butylbenzoquinone;Pentamethylchromanol","","HMDB0013817;HMDB0256272","NA;NA","12867;22590626","NA;NA","null","null",FALSE,TRUE,NA,NA,NA
"2,6-diamino-9-(2-hydroxyethoxymethyl)purine","4807_neg","2,6-diamino-9-(2-hydroxyethoxymethyl)purine",0.38,212.92,NA,"Unknown","null","2,6-Diamino-9-(2-hydroxyethoxymethyl)purine","","HMDB0246998","NA","94588","NA","null","null",FALSE,TRUE,NA,NA,NA
"2,6-diaminopurine 2',3'-dideoxyriboside","6320_pos","2,6-diaminopurine 2',3'-dideoxyriboside",0.62,17.59,NA,"Unknown","null","""2,6-Diaminopurine 2',3'-dideoxyriboside""","","HMDB0250896","NA","14607007","NA","null","null",FALSE,TRUE,NA,NA,NA
"2,6-dimethoxy-4-methylphenol","2232_neg","2,6-dimethoxy-4-methylphenol",0.36,279.68,NA,"Unknown","null","2,6-Dimethoxy-4-methylphenol;(4-Hydroxy-3-methoxyphenyl)ethanol;1,3,5-Trimethoxybenzene;Hexahydro-4-methylphthalic anhydride;methoxyhydroxyphenylethanol;Methylhexahydrophthalic anhydride","","HMDB0029680;HMDB0038925;HMDB0059963;HMDB0244846;HMDB0254549;HMDB0254649","446746;NA;31038;NA;NA;55461","240925;16928;69301;86876;129678603;3016472","NA;NA;NA;NA;NA;NA","null","null",FALSE,TRUE,NA,NA,NA
"2,6-dimethylpyrazine","379_pos","2,6-dimethylpyrazine",0.51,172.49,NA,"Unknown","null","2,6-Dimethylpyrazine;2,5-Dimethylpyrazine;2-Amino-4-methylpyridine;Adiponitrile;m-Phenylenediamine;o-Phenylenediamine;p-Phenylenediamine;Phenylhydrazine","C02454;C14402;C19499;C02304","HMDB0035248;HMDB0035289;HMDB0246517;HMDB0248015;HMDB0254282;HMDB0255864;HMDB0256055;HMDB0256439","NA;NA;NA;NA;8092;34043;51403;27924","7938;31252;NA;8128;NA;7243;NA;NA","NA;NA;NA;NA;NA;NA;NA;NA","null","null",TRUE,TRUE,NA,NA,NA
"2,7-di-tert-butyl-9-fluorenylmethyl chloroformate","12311_pos","2,7-di-tert-butyl-9-fluorenylmethyl chloroformate",0.2,8.38,NA,"Unknown","null","2,7-Di-tert-butyl-9-fluorenylmethyl chloroformate","","HMDB0245524","NA","4686311","NA","null","null",FALSE,TRUE,NA,NA,NA
"2,7-diamino-7-iminoheptanoic acid","2629_pos","2,7-diamino-7-iminoheptanoic acid",0.42,4297.97,NA,"Unknown","null","2,7-Diamino-7-iminoheptanoic acid;5-[(1-Iminoethyl)amino]-2-aminopentanoic acid;n-iminoethyl-l-ornithine","","HMDB0245671;HMDB0246210;HMDB0255161","NA;NA;NA","4479245;NA;21954793","NA;NA;NA","null","null",FALSE,TRUE,NA,NA,NA
"2,7-dichlorofluorescin","13210_neg","2,7-dichlorofluorescin",0.02,6.69,NA,"Unknown","null","2,7-Dichlorofluorescin;dichlorodihydrofluorescein;Dichlorofluorescin;""7,7a-Dichloro-3',6'-dihydroxyspiro[7H-2-benzofuran-3,9'-xanthene]-1-one""","","HMDB0250892;HMDB0251190;HMDB0251194;HMDB0257577","NA;NA;NA;NA","NA;129650981;129630296;22239673","NA;NA;NA;NA","null","null",FALSE,TRUE,NA,NA,NA
"2,7-difluoro-4-methoxyspiro[fluorene-9,5'-imidazolidine]-2',4'-dione","9210_neg","2,7-difluoro-4-methoxyspiro[fluorene-9,5'-imidazolidine]-2',4'-dione",0.07,11.68,NA,"Unknown","null","""2,7-Difluoro-4-methoxyspiro[fluorene-9,5'-imidazolidine]-2',4'-dione""","","HMDB0248091","NA","159501","NA","null","null",TRUE,TRUE,NA,NA,NA
"2,8-dihydroxyquinoline-beta-d-glucuronide","10172_neg","2,8-dihydroxyquinoline-beta-d-glucuronide",0.42,162.19,NA,"Unknown","null","2,8-Dihydroxyquinoline-beta-D-glucuronide;3-Indole carboxylic acid glucuronide;Ezutromid","","HMDB0011658;HMDB0013189;HMDB0252151","145209;68486;NA","53481014;53481645;25109292","NA;NA;NA","null","null",FALSE,TRUE,NA,NA,NA
"2,9-dimethyl-4,7-diphenyl-1,10-phenanthroline","11888_pos","2,9-dimethyl-4,7-diphenyl-1,10-phenanthroline",0.38,7.37,NA,"Unknown","null","2,9-Dimethyl-4,7-diphenyl-1,10-phenanthroline","","HMDB0245527","NA","65149","NA","null","null",FALSE,TRUE,NA,NA,NA
"2-(((3,5-dichlorophenyl)carbamoyl)oxy)-2-methyl-3-butenoic acid","8994_pos","2-(((3,5-dichlorophenyl)carbamoyl)oxy)-2-methyl-3-butenoic acid",0.22,143.86,NA,"Unknown","null","2-(((3,5-Dichlorophenyl)carbamoyl)oxy)-2-methyl-3-butenoic acid","C14206","HMDB0245093","34826","119359","NA","null","null",FALSE,TRUE,NA,NA,NA
"2-(1,2,3,4-tetrahydroxybutyl)thiazolidine-4-carboxylic acid","6179_neg","2-(1,2,3,4-tetrahydroxybutyl)thiazolidine-4-carboxylic acid",0.18,31.72,NA,"Unknown","null","2-(1,2,3,4-Tetrahydroxybutyl)thiazolidine-4-carboxylic acid;[(2R,3R,4R)-3,4,5-Trihydroxy-1-oxopentan-2-yl] (2R)-2-amino-3-sulfanylpropanoate","","HMDB0244783;HMDB0260216","NA;NA","NA;NA","NA;NA","null","null",FALSE,TRUE,NA,NA,NA
"2-(1,3-dimethyl-2,6-dioxo-1,2,3,6-tetrahydro-7h-purin-7-yl)-n-(4-isopropylphenyl)acetamide","10971_neg","2-(1,3-dimethyl-2,6-dioxo-1,2,3,6-tetrahydro-7h-purin-7-yl)-n-(4-isopropylphenyl)acetamide",0.18,17.3,NA,"Unknown","null","2-(1,3-Dimethyl-2,6-dioxo-1,2,3,6-tetrahydro-7H-purin-7-yl)-N-(4-isopropylphenyl)acetamide","","HMDB0253057","NA","1150897","NA","null","null",FALSE,TRUE,NA,NA,NA
"2-(1-adamantyl)-1,3-dioxetane","3347_neg","2-(1-adamantyl)-1,3-dioxetane",0.87,460766.9,NA,"Unknown","null","2-(1-Adamantyl)-1,3-dioxetane","","HMDB0257906","NA","57178134","NA","null","null",TRUE,TRUE,NA,NA,NA
"2-(1-carboxy-2-hydroxypropyl)-4-{[5-(dimethylcarbamoyl)pyrrolidin-3-yl]sulfanyl}-3-methyl-3,4-dihydro-2h-pyrrole-5-carboxylic acid","13714_pos","2-(1-carboxy-2-hydroxypropyl)-4-{[5-(dimethylcarbamoyl)pyrrolidin-3-yl]sulfanyl}-3-methyl-3,4-dihydro-2h-pyrrole-5-carboxylic acid",0.33,15.45,NA,"Unknown","null","2-(1-carboxy-2-hydroxypropyl)-4-{[5-(dimethylcarbamoyl)pyrrolidin-3-yl]sulfanyl}-3-methyl-3,4-dihydro-2h-pyrrole-5-carboxylic acid;Ghrelin agonist HM01","","HMDB0244910;HMDB0252713","NA;NA","4074;60168666","NA;NA","null","null",FALSE,TRUE,"Proline and derivatives","Carboxylic acids and derivatives","Amino acids, peptides, and analogues"
"2-(1h-indazol-3-yl)acetic acid","2788_pos","2-(1h-indazol-3-yl)acetic acid",0.84,56.02,NA,"Unknown","null","2-(1H-Indazol-3-yl)acetic acid;4-Quinolinamine, N-hydroxy-, 1-oxide;5-Phenylhydantoin;Pemoline","C07899","HMDB0244912;HMDB0246310;HMDB0246838;HMDB0256214","NA;NA;NA;7953","12470263;20753;1002;NA","NA;NA;NA;NA","null","null",TRUE,TRUE,NA,NA,NA
"2-(2-aminoethyl)pyridine","738_pos","2-(2-aminoethyl)pyridine",0.27,46.58,NA,"Unknown","null","2-(2-Aminoethyl)pyridine;2-Dimethylaminopyridine;2,3-Diaminotoluene;3,4-Diaminotoluene;4-Dimethylaminopyridine;Benzylhydrazine;Tetrahydroindazole","","HMDB0244915;HMDB0245104;HMDB0245386;HMDB0246023;HMDB0246412;HMDB0249078;HMDB0258900","74024;NA;NA;NA;NA;NA;NA","75919;NA;NA;10332;14284;11157;17799104","NA;NA;NA;NA;NA;NA;NA","null","null",FALSE,TRUE,NA,NA,NA
"2-(2-aminophenyl)-2-oxoacetaldehyde","1553_neg","2-(2-aminophenyl)-2-oxoacetaldehyde",0.07,24.62,NA,"Unknown","null","2-(2-Aminophenyl)-2-oxoacetaldehyde;5-Hydroxyoxindole;Dopaminechrome;Benzoxazinone;5-Hydroperoxy-1H-indole","","HMDB0244917;HMDB0246809;HMDB0248311;HMDB0249036;HMDB0260025","NA;NA;NA;NA;NA","54035853;76955;170262;19937448;46835348","NA;NA;NA;NA;NA","null","null",TRUE,TRUE,NA,NA,NA
"2-(2-cyclopropylhydrazinyl)-9-[(2r,5r)-3,4-dihydroxy-5-(hydroxymethyl)oxolan-2-yl]-1h-purin-6-one","10765_pos","2-(2-cyclopropylhydrazinyl)-9-[(2r,5r)-3,4-dihydroxy-5-(hydroxymethyl)oxolan-2-yl]-1h-purin-6-one",0.78,519548.3,NA,"Unknown","null","2-(2-Cyclopropylhydrazinyl)-9-[(2R,5R)-3,4-dihydroxy-5-(hydroxymethyl)oxolan-2-yl]-1H-purin-6-one;N-[[(2S,3S,4R,5R)-5-(6-Aminopurin-9-yl)-3,4-dihydroxyoxolan-2-yl]-hydroxymethyl]-N-ethylformamide","","HMDB0255354;HMDB0257719","NA;NA","NA;NA","NA;NA","null","null",TRUE,TRUE,NA,NA,NA
"2-(2-hydroxyethyl)-4-oxohexanedioic acid","3803_neg","2-(2-hydroxyethyl)-4-oxohexanedioic acid",0.44,22.27,NA,"Unknown","null","2-(2-Hydroxyethyl)-4-oxohexanedioic acid","","HMDB0258156","NA","54171967","NA","null","null",TRUE,TRUE,NA,NA,NA
"2-(2-nitroimidazol-1-yl)-n-(3,3,3-trifluoropropyl)acetamide","6816_neg","2-(2-nitroimidazol-1-yl)-n-(3,3,3-trifluoropropyl)acetamide",0.62,121.88,NA,"Unknown","null","2-(2-Nitroimidazol-1-yl)-n-(3,3,3-trifluoropropyl)acetamide;Glucose pyruvate","","HMDB0251709;HMDB0252786","NA;NA","9993055;129703791","NA;NA","null","null",FALSE,TRUE,NA,NA,NA
"2-(2-phenylacetoxy)propionylglycine","6774_neg","2-(2-phenylacetoxy)propionylglycine",0.42,94.86,NA,"Unknown","null","2-(2-Phenylacetoxy)propionylglycine;N-Phenylacetylglutamic acid;Nigerloxin","","HMDB0059732;HMDB0059772;HMDB0255600","89911;89860;NA","124202120;11579826;NA","NA;NA;NA","null","null",TRUE,TRUE,NA,NA,NA
"2-(20-hydroxyicosa-5,14-dienoylamino)acetic acid","12834_pos","2-(20-hydroxyicosa-5,14-dienoylamino)acetic acid",0.33,2554579,NA,"Unknown","null","2-(20-Hydroxyicosa-5,14-dienoylamino)acetic acid","","HMDB0255357","NA","91044940","NA","null","null",FALSE,TRUE,NA,NA,NA
"2-(3,7,11-trimethyldodeca-2,6,10-trienylsulfanyl)benzoic acid","11779_pos","2-(3,7,11-trimethyldodeca-2,6,10-trienylsulfanyl)benzoic acid",0.44,13.87,NA,"Unknown","null","2-(3,7,11-Trimethyldodeca-2,6,10-trienylsulfanyl)benzoic acid;""4,4'-Thiobis(6-tert-butyl-m-cresol)""","","HMDB0244927;HMDB0247683","NA;NA","389644;7308","NA;NA","null","null",TRUE,TRUE,NA,NA,NA
"2-(3-mercaptopropyl)pentanedioic acid","3909_neg","2-(3-mercaptopropyl)pentanedioic acid",0.27,19.08,NA,"Unknown","null","2-(3-Mercaptopropyl)pentanedioic acid;Bisazobiphenyl","","HMDB0245244;HMDB0249265","NA;NA","10198171;129651751","NA;NA","null","null",FALSE,TRUE,NA,NA,NA
"2-(4-((5-chloro-3-fluoro-2-pyridinyl)oxy)phenoxy)propanoic acid 2-propyn-1-yl ester","11300_pos","2-(4-((5-chloro-3-fluoro-2-pyridinyl)oxy)phenoxy)propanoic acid 2-propyn-1-yl ester",0.13,4.53,NA,"Unknown","null","2-(4-((5-Chloro-3-fluoro-2-pyridinyl)oxy)phenoxy)propanoic acid 2-propyn-1-yl ester","","HMDB0244318","NA","NA","NA","null","null",FALSE,TRUE,NA,NA,NA
"2-(4-(2-((3,5-dichlorophenyl)amino)-2-oxoethyl)phenoxy)-2-methylpropanoic acid","12815_pos","2-(4-(2-((3,5-dichlorophenyl)amino)-2-oxoethyl)phenoxy)-2-methylpropanoic acid",0.11,10.62,NA,"Unknown","null","2-(4-(2-((3,5-Dichlorophenyl)amino)-2-oxoethyl)phenoxy)-2-methylpropanoic acid","","HMDB0257339","NA","NA","NA","null","null",FALSE,TRUE,NA,NA,NA
"2-(4-(3,4-dichlorophenylureido)phenoxy)-2-methylpropionic acid","12851_pos","2-(4-(3,4-dichlorophenylureido)phenoxy)-2-methylpropionic acid",0.04,3.46,NA,"Unknown","null","2-(4-(3,4-Dichlorophenylureido)phenoxy)-2-methylpropionic acid","","HMDB0254185","NA","3082814","NA","null","null",FALSE,TRUE,NA,NA,NA
"2-(4-(piperidin-3-yl)phenyl)-2h-indazole-7-carboxamide","9391_neg","2-(4-(piperidin-3-yl)phenyl)-2h-indazole-7-carboxamide",0.31,864717.8,NA,"Unknown","null","2-(4-(Piperidin-3-yl)phenyl)-2H-indazole-7-carboxamide","","HMDB0244308","177298","24958198","NA","null","null",FALSE,TRUE,NA,NA,NA
"2-(4-amino-1-isopropyl-1h-pyrazolo[3,4-d]pyrimidin-3-yl)-1h-indol-5-ol","8878_neg","2-(4-amino-1-isopropyl-1h-pyrazolo[3,4-d]pyrimidin-3-yl)-1h-indol-5-ol",0.38,16.12,NA,"Unknown","null","2-(4-Amino-1-isopropyl-1H-pyrazolo[3,4-d]pyrimidin-3-yl)-1H-indol-5-ol","","HMDB0256714","90679","NA","NA","null","null",FALSE,TRUE,NA,NA,NA
"2-(4-chlorobenzyl)-3-hydroxy-7,8,9,10-tetrahydrobenzo(h)quinoline-4-carboxylic acid","12166_pos","2-(4-chlorobenzyl)-3-hydroxy-7,8,9,10-tetrahydrobenzo(h)quinoline-4-carboxylic acid",0.22,7.49,NA,"Unknown","null","2-(4-Chlorobenzyl)-3-hydroxy-7,8,9,10-tetrahydrobenzo(H)quinoline-4-carboxylic acid","","HMDB0256897","NA","NA","NA","null","null",FALSE,TRUE,NA,NA,NA
"2-(4-chlorophenoxy)propionic acid","3610_neg","2-(4-chlorophenoxy)propionic acid",0.22,32.48,"Chlorophenoxyacetates","no MS2: MCPA; LC-ESI-ITFT; MS2; CE","C9H9ClO3","2-(4-Chlorophenoxy)propionic acid;(4-Chloro-2-methylphenoxy)acetic acid","C13701;C18528","HMDB0244931;HMDB0254366","NA;50099","NA;7204","NA;NA","WHKUVVPPKQRRBV-UHFFFAOYSA-N","CC1=CC(Cl)=CC=C1OCC(O)=O",FALSE,TRUE,NA,NA,NA
"2-(4-morpholinyl)-8-phenyl-4h-1-benzopyran-4-one","9217_pos","2-(4-morpholinyl)-8-phenyl-4h-1-benzopyran-4-one",0.22,20.24,NA,"Unknown","null","2-(4-Morpholinyl)-8-phenyl-4H-1-benzopyran-4-one;Carbocysteine-lysine","C15195","HMDB0244699;HMDB0249634","65329;NA","NA;78171884","NA;NA","null","null",FALSE,TRUE,NA,NA,NA
"2-(5-chloro-2-fluorophenyl)-n-(pyridin-4-yl)pteridin-4-amine","10845_neg","2-(5-chloro-2-fluorophenyl)-n-(pyridin-4-yl)pteridin-4-amine",0.42,264.22,NA,"Unknown","null","2-(5-Chloro-2-fluorophenyl)-N-(pyridin-4-yl)pteridin-4-amine","","HMDB0258189","NA","NA","NA","null","null",TRUE,TRUE,NA,NA,NA
"2-(6-(5-chloro-2-methoxyphenyl)-4-oxo-2-thioxo-3,4-dihydropyrimidin-1(2h)-yl)acetamide","9597_neg","2-(6-(5-chloro-2-methoxyphenyl)-4-oxo-2-thioxo-3,4-dihydropyrimidin-1(2h)-yl)acetamide",0.09,11.63,NA,"Unknown","null","2-(6-(5-Chloro-2-methoxyphenyl)-4-oxo-2-thioxo-3,4-dihydropyrimidin-1(2H)-yl)acetamide","","HMDB0256364","NA","NA","NA","null","null",TRUE,TRUE,NA,NA,NA
"2-(6-hydroxy-3-oxo-3h-xanthen-9-yl)benzoic acid","9937_neg","2-(6-hydroxy-3-oxo-3h-xanthen-9-yl)benzoic acid",0.24,15.94,NA,"Unknown","null","2-(6-Hydroxy-3-oxo-3H-xanthen-9-yl)benzoic acid","","HMDB0244936","172923","NA","NA","null","null",FALSE,TRUE,NA,NA,NA
"2-(6-hydroxy-4-oxo-2-sulfanylidene-1h-pyrimidin-5-yl)propanedial","4298_neg","2-(6-hydroxy-4-oxo-2-sulfanylidene-1h-pyrimidin-5-yl)propanedial",0.6,42.22,NA,"Unknown","null","2-(6-Hydroxy-4-oxo-2-sulfanylidene-1H-pyrimidin-5-yl)propanedial","","HMDB0255358","NA","54314512","NA","null","null",TRUE,TRUE,NA,NA,NA
"2-(bis(2-(2,6-dioxomorpholino)ethyl)amino)acetic acid","11701_pos","2-(bis(2-(2,6-dioxomorpholino)ethyl)amino)acetic acid",0.07,28.77,NA,"Unknown","null","2-(Bis(2-(2,6-dioxomorpholino)ethyl)amino)acetic acid","","HMDB0245650","NA","100825","NA","null","null",FALSE,TRUE,NA,NA,NA
"2-(bis(2-chloroethyl)amino)-4-hydroxytetrahydro-2h-1,3,2-oxazaphosphorine","6534_neg","2-(bis(2-chloroethyl)amino)-4-hydroxytetrahydro-2h-1,3,2-oxazaphosphorine",0.07,16.8,NA,"Unknown","null","2-(Bis(2-chloroethyl)amino)-4-hydroxytetrahydro-2H-1,3,2-oxazaphosphorine","","HMDB0246558","NA","3051113","NA","null","null",FALSE,TRUE,NA,NA,NA
"2-(n-(7-nitrobenz-2-oxa-1,3-diazol-4-yl)amino)-2-deoxyglucose","10395_neg","2-(n-(7-nitrobenz-2-oxa-1,3-diazol-4-yl)amino)-2-deoxyglucose",0.22,78.01,NA,"Unknown","null","2-(N-(7-Nitrobenz-2-oxa-1,3-diazol-4-yl)amino)-2-deoxyglucose;(Imidazolylbiphenylyl)sulfonylurea;D-Glucose, 6-deoxy-6-((7-nitro-4-benzofurazanyl)amino)-;(2R,3R,4S,5R)-3,4,5,6-Tetrahydroxy-2-((7-nitrobenzo[c][1,2,5]oxadiazol-4-yl)amino)hexanal","","HMDB0243583;HMDB0243650;HMDB0244332;HMDB0245252","NA;NA;NA;NA","59950268;53946133;22253792;22253794","NA;NA;NA;NA","null","null",FALSE,TRUE,NA,NA,NA
"2-(n-morpholino)-ethanesulfonic acid","3464_pos","2-(n-morpholino)-ethanesulfonic acid",0.31,28.8,NA,"3-Hydroxyhippuric Acid","null","2-(N-Morpholino)-ethanesulfonic acid","","HMDB0246678","39005","78165","NA","null","null",FALSE,TRUE,NA,NA,NA
"2-(nonylphenoxy)ethanol","7055_pos","2-(nonylphenoxy)ethanol",0.42,469489.7,NA,"Unknown","null","2-(Nonylphenoxy)ethanol;Nonoxinol;Heptadeca-2,4,6-trienoic acid","","HMDB0244950;HMDB0244952;HMDB0253100","NA;NA;NA","NA;NA;NA","NA;NA;NA","null","null",FALSE,TRUE,NA,NA,NA
"2-(phosphonomethyl)pentanedioic acid","5050_pos","2-(phosphonomethyl)pentanedioic acid",0.6,597.72,NA,"Unknown","null","2-(Phosphonomethyl)pentanedioic acid;Methyl 3,5-dinitrobenzoate","","HMDB0244955;HMDB0254567","NA;NA","10130754;NA","NA;NA","null","null",FALSE,TRUE,NA,NA,NA
"2-(sec-butyldisulfanyl)-1h-imidazole","3051_neg","2-(sec-butyldisulfanyl)-1h-imidazole",0.38,188.22,NA,"Unknown","null","2-(Sec-butyldisulfanyl)-1h-imidazole","","HMDB0244601","NA","219104","NA","null","null",FALSE,TRUE,NA,NA,NA
"2-(trifluoromethyl)benzhydrol","6411_pos","2-(trifluoromethyl)benzhydrol",0.42,15.87,NA,"Unknown","null","2-(Trifluoromethyl)benzhydrol;N-[1-(Hydroxymethyl)-2-(4-nitrophenyl)-2-oxoethyl]acetamide;""5-Ethynyl-2'-deoxyuridine""","","HMDB0244958;HMDB0246136;HMDB0246787","NA;NA;NA","2777401;65112;122879","NA;NA;NA","null","null",FALSE,TRUE,NA,NA,NA
"2-({4-[5-(3,4-diethoxyphenyl)-1,2,4-oxadiazol-3-yl]-2,3-dihydro-1h-inden-1-yl}amino)ethan-1-ol","13564_neg","2-({4-[5-(3,4-diethoxyphenyl)-1,2,4-oxadiazol-3-yl]-2,3-dihydro-1h-inden-1-yl}amino)ethan-1-ol",0.16,37289.07,NA,"Unknown","null","2-({4-[5-(3,4-Diethoxyphenyl)-1,2,4-oxadiazol-3-yl]-2,3-dihydro-1H-inden-1-yl}amino)ethan-1-ol;2-Ethyl-5,7-dimethyl-3-((4-(2-(2H-tetrazol-5-yl)phenyl)phenyl)methyl)imidazo(4,5-b)pyridine;2-Methyl-2-[4-[3-[1-(4-methylbenzyl)-5-oxo-4,5-dihydro-1H-1,2,4-triazol-3-yl]propyl]phenoxy]propanoic acid","","HMDB0244335;HMDB0253846;HMDB0254247","NA;NA;NA","25110406;183134;9909438","NA;NA;NA","null","null",FALSE,TRUE,NA,NA,NA
"2-({5-chloro-2-[(2-methoxy-4-morpholin-4-ylphenyl)amino]pyrimidin-4-yl}amino)-n-methylbenzamide","16117_neg","2-({5-chloro-2-[(2-methoxy-4-morpholin-4-ylphenyl)amino]pyrimidin-4-yl}amino)-n-methylbenzamide",0.18,10.69,NA,"Unknown","null","2-({5-Chloro-2-[(2-Methoxy-4-Morpholin-4-Ylphenyl)amino]pyrimidin-4-Yl}amino)-N-Methylbenzamide","","HMDB0247374","NA","9934347","NA","null","null",FALSE,TRUE,NA,NA,NA
"2-({6-amino-3,5-dicyano-4-[4-(cyclopropylmethoxy)phenyl]pyridin-2-yl}sulfanyl)acetamide","12130_neg","2-({6-amino-3,5-dicyano-4-[4-(cyclopropylmethoxy)phenyl]pyridin-2-yl}sulfanyl)acetamide",0.11,2.55,NA,"Unknown","null","2-({6-Amino-3,5-dicyano-4-[4-(cyclopropylmethoxy)phenyl]pyridin-2-yl}sulfanyl)acetamide","","HMDB0248893","131358","11717831","NA","null","null",TRUE,TRUE,NA,NA,NA
"2-[(2,4-dinitrophenyl)diazenyl]acetic acid","6216_neg","2-[(2,4-dinitrophenyl)diazenyl]acetic acid",0.22,17.48,NA,"Unknown","null","2-[(2,4-Dinitrophenyl)diazenyl]acetic acid","","HMDB0255364","NA","53942679","NA","null","null",FALSE,TRUE,NA,NA,NA
"2-[(2-amino-2-oxoethyl)-[(2s)-2-[(2-amino-2-oxoethyl)-(carboxymethyl)amino]propyl]amino]acetic acid","9070_pos","2-[(2-amino-2-oxoethyl)-[(2s)-2-[(2-amino-2-oxoethyl)-(carboxymethyl)amino]propyl]amino]acetic acid",0.62,352264.2,NA,"Unknown","null","2-[(2-Amino-2-oxoethyl)-[(2S)-2-[(2-amino-2-oxoethyl)-(carboxymethyl)amino]propyl]amino]acetic acid;Desmethyl Fluvoxamine","","HMDB0247365;HMDB0251053","NA;NA","126521;71433886","NA;NA","null","null",TRUE,TRUE,NA,NA,NA
"2-[(2-fluorophenyl)sulfanylmethyl]-5-[6-[(2-hydroxycyclopentyl)amino]purin-9-yl]oxolane-3,4-diol","16272_pos","2-[(2-fluorophenyl)sulfanylmethyl]-5-[6-[(2-hydroxycyclopentyl)amino]purin-9-yl]oxolane-3,4-diol",0.31,7.73,NA,"Unknown","null","2-[(2-Fluorophenyl)sulfanylmethyl]-5-[6-[(2-hydroxycyclopentyl)amino]purin-9-yl]oxolane-3,4-diol","","HMDB0257696","NA","22239901","NA","null","null",FALSE,TRUE,NA,NA,NA
"2-[(2s)-2-amino-3-carboxypropanoyl]oxybutanedioic acid","6248_pos","2-[(2s)-2-amino-3-carboxypropanoyl]oxybutanedioic acid",0.47,185.06,NA,"Unknown","null","2-[(2S)-2-Amino-3-carboxypropanoyl]oxybutanedioic acid","","HMDB0258136","NA","NA","NA","null","null",TRUE,TRUE,NA,NA,NA
"2-[(3-iodophenyl)methyl]-1-[[n'-[(3-iodophenyl)methyl]carbamimidoyl]amino]guanidine","18974_neg","2-[(3-iodophenyl)methyl]-1-[[n'-[(3-iodophenyl)methyl]carbamimidoyl]amino]guanidine",0.22,1997925,NA,"Unknown","null","""2-[(3-Iodophenyl)methyl]-1-[[N'-[(3-iodophenyl)methyl]carbamimidoyl]amino]guanidine""","","HMDB0255366","NA","90738448","NA","null","null",FALSE,TRUE,NA,NA,NA
"2-[(3s,5r)-5-[6-(2,4-dichlorophenyl)hexyl]-3-hydroxy-2-oxooxolan-3-yl]acetic acid","12570_neg","2-[(3s,5r)-5-[6-(2,4-dichlorophenyl)hexyl]-3-hydroxy-2-oxooxolan-3-yl]acetic acid",0.27,8.71,NA,"Unknown","null","2-[(3S,5R)-5-[6-(2,4-Dichlorophenyl)hexyl]-3-hydroxy-2-oxooxolan-3-yl]acetic acid","","HMDB0257512","NA","19387341","NA","null","null",TRUE,TRUE,NA,NA,NA
"2-[(4-hydroxycyclohexyl)amino]-4-(3,6,6-trimethyl-4-oxo-5,7-dihydroindazol-1-yl)benzamide","13622_neg","2-[(4-hydroxycyclohexyl)amino]-4-(3,6,6-trimethyl-4-oxo-5,7-dihydroindazol-1-yl)benzamide",0.07,14.5,"Triterpenoids","no MS2: Forskolin; LC-ESI-QTOF; MS2; [M-H]-; CE","C22H34O7","2-[(4-Hydroxycyclohexyl)amino]-4-(3,6,6-trimethyl-4-oxo-5,7-dihydroindazol-1-yl)benzamide;Forskolin;Isoforskolin","","HMDB0250037;HMDB0252457;HMDB0253641","NA;93891;NA","24820800;3413;4613279","NA;NA;NA","OHCQJHSOBUTRHG-KGGHGJDLSA-N","CC(=O)O[C@H]1[C@@H](O)[C@H]2C(C)(C)CC[C@H](O)[C@]2(C)[C@@]2(O)C(=O)C[C@@](C)(O[C@]12C)C=C",FALSE,TRUE,NA,NA,NA
"2-[(4s)-6-(4-chlorophenyl)-8-methoxy-1-methyl-4h-[1,2,4]triazolo[4,3-a][1,4]benzodiazepin-4-yl]-n-ethylacetamide","14196_neg","2-[(4s)-6-(4-chlorophenyl)-8-methoxy-1-methyl-4h-[1,2,4]triazolo[4,3-a][1,4]benzodiazepin-4-yl]-n-ethylacetamide",0.07,6.91,NA,"Unknown","null","2-[(4s)-6-(4-Chlorophenyl)-8-Methoxy-1-Methyl-4h-[1,2,4]triazolo[4,3-A][1,4]benzodiazepin-4-Yl]-N-Ethylacetamide","","HMDB0244491","NA","52934829","NA","null","null",TRUE,TRUE,NA,NA,NA
"2-[(6-aminopurin-9-yl)methoxy]ethyl dihydrogen phosphate","7889_neg","2-[(6-aminopurin-9-yl)methoxy]ethyl dihydrogen phosphate",0.22,29715.39,NA,"Unknown","null","2-[(6-Aminopurin-9-yl)methoxy]ethyl dihydrogen phosphate","","HMDB0244961","NA","501025","NA","null","null",TRUE,TRUE,NA,NA,NA
"2-[(e)-2-(3-nitrophenyl)vinyl]quinoline","7671_pos","2-[(e)-2-(3-nitrophenyl)vinyl]quinoline",0.42,90.24,NA,"Unknown","null","2-[(E)-2-(3-Nitrophenyl)vinyl]quinoline;Meisoindigo","","HMDB0244962;HMDB0254414","NA;NA","224964;126274","NA;NA","null","null",FALSE,TRUE,NA,NA,NA
"2-[1-[(2s)-2-[[4-[(e)-n'-hydroxycarbamimidoyl]benzoyl]amino]propanoyl]piperidin-4-yl]oxyacetic acid","12787_neg","2-[1-[(2s)-2-[[4-[(e)-n'-hydroxycarbamimidoyl]benzoyl]amino]propanoyl]piperidin-4-yl]oxyacetic acid",0.13,3.12,NA,"Unknown","null","""2-[1-[(2S)-2-[[4-[(E)-N'-Hydroxycarbamimidoyl]benzoyl]amino]propanoyl]piperidin-4-yl]oxyacetic acid""","","HMDB0257278","NA","18538416","NA","null","null",FALSE,TRUE,NA,NA,NA
"2-[2-(2-butoxy-2-oxoethoxy)-4-[2-(4,5,6,7-tetrahydrothieno[3,2-c]pyridine-2-carbonylamino)acetyl]phenoxy]acetic acid","17845_pos","2-[2-(2-butoxy-2-oxoethoxy)-4-[2-(4,5,6,7-tetrahydrothieno[3,2-c]pyridine-2-carbonylamino)acetyl]phenoxy]acetic acid",0.11,487236.9,NA,"Unknown","null","2-[2-(2-Butoxy-2-oxoethoxy)-4-[2-(4,5,6,7-tetrahydrothieno[3,2-c]pyridine-2-carbonylamino)acetyl]phenoxy]acetic acid","","HMDB0256650","NA","10097627","NA","null","null",FALSE,TRUE,NA,NA,NA
"2-[3-(sulfooxy)phenyl]acetic acid","5210_neg","2-[3-(sulfooxy)phenyl]acetic acid",0.87,6343.67,NA,"Unknown","null","2-[3-(sulfooxy)phenyl]acetic acid;2-[4-(sulfooxy)phenyl]acetic acid;2-Hydroxyphenylacetic acid sulfate","","HMDB0125163;HMDB0132500;HMDB0240441","NA;NA;NA","131831698;70223057;141909252","NA;NA;NA","null","null",TRUE,TRUE,"Phenylsulfates","Organic sulfuric acids and derivatives","Arylsulfates"
"2-[4-(4-chloro-1,2-diphenylbut-1-enyl)phenoxy]-n,n-dimethylethanamine","13370_neg","2-[4-(4-chloro-1,2-diphenylbut-1-enyl)phenoxy]-n,n-dimethylethanamine",0.09,21.88,NA,"Unknown","null","2-[4-(4-Chloro-1,2-diphenylbut-1-enyl)phenoxy]-N,N-dimethylethanamine","","HMDB0247567","92893","5516","NA","null","null",FALSE,TRUE,NA,NA,NA
"2-[4-(carboxymethyl)-1,4,8,11-tetrazabicyclo[6.6.2]hexadecan-11-yl]acetic acid","10998_pos","2-[4-(carboxymethyl)-1,4,8,11-tetrazabicyclo[6.6.2]hexadecan-11-yl]acetic acid",0.27,5.69,NA,"Unknown","null","2-[4-(Carboxymethyl)-1,4,8,11-tetrazabicyclo[6.6.2]hexadecan-11-yl]acetic acid","","HMDB0247867","NA","5255303","NA","null","null",FALSE,TRUE,NA,NA,NA
"2-[4-(dimethylamino)phenyl]benzothiazole-6-ol","6992_neg","2-[4-(dimethylamino)phenyl]benzothiazole-6-ol",0.4,54.88,NA,"Unknown","null","2-[4-(Dimethylamino)phenyl]benzothiazole-6-ol","","HMDB0250064","NA","10956585","NA","null","null",TRUE,TRUE,NA,NA,NA
"2-[4-[(2,5-difluorophenyl)methoxy]phenoxy]-5-ethoxyaniline","11728_neg","2-[4-[(2,5-difluorophenyl)methoxy]phenoxy]-5-ethoxyaniline",0.11,8.73,NA,"Unknown","null","2-[4-[(2,5-Difluorophenyl)methoxy]phenoxy]-5-ethoxyaniline;(3z)-N,N-Dimethyl-2-Oxo-3-(4,5,6,7-Tetrahydro-1h-Indol-2-Ylmethylidene)-2,3-Dihydro-1h-Indole-5-Sulfonamide","","HMDB0258196;HMDB0258527","NA;91462","NA;5309","NA;NA","null","null",FALSE,TRUE,NA,NA,NA
"2-[cyclopentyloxy(methyl)phosphoryl]sulfanyl-n,n-dimethylethanamine","6363_pos","2-[cyclopentyloxy(methyl)phosphoryl]sulfanyl-n,n-dimethylethanamine",0.42,64.82,NA,"Unknown","null","2-[Cyclopentyloxy(methyl)phosphoryl]sulfanyl-N,N-dimethylethanamine","","HMDB0249739","NA","168074","NA","null","null",FALSE,TRUE,NA,NA,NA
"2-acetyl-4,5-dihydrothiazole","896_neg","2-acetyl-4,5-dihydrothiazole",0.2,284.82,NA,"Unknown","null","2-Acetyl-4,5-dihydrothiazole;Epigoitrin","","HMDB0033561;HMDB0251849","NA;NA","169110;102419","NA;NA","null","null",FALSE,TRUE,NA,NA,NA
"2-acetylisonicotinohydrazide","2882_pos","2-acetylisonicotinohydrazide",0.2,45.34,NA,"Unknown","null","2-Acetylisonicotinohydrazide;4-Guanidinobenzoic acid","","HMDB0244968;HMDB0246433","NA;125204","20976742;NA","NA;NA","null","null",FALSE,TRUE,NA,NA,NA
"2-amino-1,3-propanediol","91_pos","2-amino-1,3-propanediol",0.87,640.05,NA,"BETA-ALANINE","null","2-Amino-1,3-propanediol","","HMDB0244971","NA","68294","NA","null","null",TRUE,TRUE,NA,NA,NA
"2-amino-1,5-dihydro-4h-imidazol-4-one","202_pos","2-amino-1,5-dihydro-4h-imidazol-4-one",0.49,215.08,NA,"Unknown","null","2-Amino-1,5-dihydro-4H-imidazol-4-one","","HMDB0244985","NA","459429","NA","null","null",FALSE,TRUE,NA,NA,NA
"2-amino-2,3,6,7-tetrahydro-1h-pteridin-4-one","2381_pos","2-amino-2,3,6,7-tetrahydro-1h-pteridin-4-one",0.2,21.76,NA,"Unknown","null","2-Amino-2,3,6,7-tetrahydro-1H-pteridin-4-one;tetrahydropterin","","HMDB0255369;HMDB0258903","NA;NA","73188274;NA","NA;NA","null","null",FALSE,TRUE,NA,NA,NA
"2-amino-2-deoxy-d-gluconate","3371_neg","2-amino-2-deoxy-d-gluconate",0.42,597.16,NA,"2-Amino-2-Deoxy-D-Gluconate","null",NA,NA,NA,NA,NA,NA,"null","null",FALSE,TRUE,NA,NA,NA
"2-amino-2-thiazoline-4-carboxylic acid","1550_pos","2-amino-2-thiazoline-4-carboxylic acid",0.62,76.41,NA,"Unknown","null","2-Amino-2-thiazoline-4-carboxylic acid","","HMDB0245615","64777","NA","NA","null","null",TRUE,TRUE,NA,NA,NA
"2-amino-3,7,8-trimethylimidazo(4,5-f)quinoxaline","5126_pos","2-amino-3,7,8-trimethylimidazo(4,5-f)quinoxaline",0.42,28.77,NA,"Unknown","null","2-Amino-3,7,8-trimethylimidazo(4,5-f)quinoxaline","","HMDB0247658","NA","104855","NA","null","null",FALSE,TRUE,NA,NA,NA
"2-amino-3-fluoropropanoic acid","369_pos","2-amino-3-fluoropropanoic acid",0.13,90.73,NA,"Unknown","null","2-Amino-3-fluoropropanoic acid;2-Pyridinecarboxaldehyde;3-Pyridinecarboxaldehyde;4-Pyridinecarboxaldehyde;Fluoro-beta-alanine;Nitrosobenzene;p-Benzoquinone imine;3-Amino-3-fluoropropanoic acid","C07327;C06876","HMDB0244980;HMDB0245308;HMDB0245978;HMDB0246576;HMDB0252366;HMDB0255658;HMDB0256032;HMDB0258078","NA;73012;28345;NA;NA;27986;50192;NA","37164;14273;NA;NA;22665129;NA;NA;22311168","NA;NA;NA;NA;NA;NA;NA;NA","null","null",FALSE,TRUE,NA,NA,NA
"2-amino-3-methyl-1-butanol","248_pos","2-amino-3-methyl-1-butanol",0.42,130.5,"Tetraalkylammonium salts","no MS2: Betaine-Aldehyde; LC-ESI-QQ; MS2; CE","C5H12NO","2-Amino-3-methyl-1-butanol","","HMDB0244984","NA","NA","NA","SXKNCCSPZDCRFD-UHFFFAOYSA-N","C[N+](C)(C)CC=O",FALSE,TRUE,NA,NA,NA
"2-amino-3-methyl-1-pyrrolidin-1-yl-butan-1-one","2506_pos","2-amino-3-methyl-1-pyrrolidin-1-yl-butan-1-one",0.4,301.41,NA,"Unknown","null","2-Amino-3-methyl-1-pyrrolidin-1-YL-butan-1-one","","HMDB0246938","NA","4470972","NA","null","null",FALSE,TRUE,NA,NA,NA
"2-amino-4,6-dinitrotoluene","3632_pos","2-amino-4,6-dinitrotoluene",0.07,5.41,NA,"Unknown","null","2-Amino-4,6-dinitrotoluene;4-Amino-2,6-dinitrotoluene;2-Amino-5-phosphonopentanoic acid","C16395;C16394;C13734","HMDB0245219;HMDB0246344;HMDB0247376","19452;77424;138644","37182;29574;NA","NA;NA;NA","null","null",TRUE,TRUE,NA,NA,NA
"2-amino-4,8-naphthalenedisulfonic acid","8992_pos","2-amino-4,8-naphthalenedisulfonic acid",0.42,3653372,NA,"Unknown","null","2-Amino-4,8-naphthalenedisulfonic acid;7-Amino-1,3-naphthalenedisulfonic acid","","HMDB0244536;HMDB0247528","NA;NA","8563;NA","NA;NA","null","null",FALSE,TRUE,NA,NA,NA
"2-amino-4-[(2-amino-2-carboxyethyl)disulfanyl]butanoic acid","6509_pos","2-amino-4-[(2-amino-2-carboxyethyl)disulfanyl]butanoic acid",0.42,185.64,NA,"Unknown","null","2-Amino-4-[(2-amino-2-carboxyethyl)disulfanyl]butanoic acid;Djenkolic acid","","HMDB0246700;HMDB0251505","NA;NA","193401;253305","NA;NA","null","null",TRUE,TRUE,NA,NA,NA
"2-amino-4-hydroxy-6,7-dimethyl-5,6,7,8-tetrahydropteridine","3570_pos","2-amino-4-hydroxy-6,7-dimethyl-5,6,7,8-tetrahydropteridine",0.33,41.5,NA,"Unknown","null","2-Amino-4-hydroxy-6,7-dimethyl-5,6,7,8-tetrahydropteridine;Methylglucamine","","HMDB0247132;HMDB0254645","NA;95217","73579;4049","NA;NA","null","null",FALSE,TRUE,NA,NA,NA
"2-amino-4-hydroxy-6-pteridinecarboxylic acid","4095_pos","2-amino-4-hydroxy-6-pteridinecarboxylic acid",0.47,17271.43,NA,"Unknown","null","2-Amino-4-hydroxy-6-pteridinecarboxylic acid","","HMDB0033136","NA","70361","NA","null","null",FALSE,TRUE,NA,NA,NA
"2-amino-4-methylpentanal","538_pos","2-amino-4-methylpentanal",0.8,1312.37,NA,"Unknown","null","2-Amino-4-methylpentanal;1-Pyrrolidineethanol;2-Amino-3-methylpentanal","","HMDB0244989;HMDB0245748;HMDB0257959","NA;48293;NA","4473091;76288;19739657","NA;NA;NA","null","null",FALSE,TRUE,NA,NA,NA
"2-amino-4-nitrophenol","1724_neg","2-amino-4-nitrophenol",0.42,544.6,NA,"Unknown","null","2-Amino-4-nitrophenol;4-Amino-2-nitrophenol;Acipimox","C19321;C19323","HMDB0244990;HMDB0246341;HMDB0247941","NA;NA;NA","3613389;3417419;NA","NA;NA;NA","null","null",FALSE,TRUE,NA,NA,NA
"2-amino-4-phosphonobutyric acid","3017_pos","2-amino-4-phosphonobutyric acid",0.33,166.88,NA,"Unknown","null","2-Amino-4-phosphonobutyric acid;N-Nitro-N-phenylnitramide;Fosmidomycin","","HMDB0244992;HMDB0248976;HMDB0252468","NA;NA;443725","NA;19843716;572","NA;NA;NA","null","null",FALSE,TRUE,NA,NA,NA
"2-amino-5-((1-((carboxymethyl)amino)-3-(methylthio)-1-oxopropan-2-yl)amino)-5-oxopentanoic acid","9427_neg","2-amino-5-((1-((carboxymethyl)amino)-3-(methylthio)-1-oxopropan-2-yl)amino)-5-oxopentanoic acid",0.13,16773.37,NA,"Unknown","null","2-Amino-5-((1-((carboxymethyl)amino)-3-(methylthio)-1-oxopropan-2-yl)amino)-5-oxopentanoic acid;Glycine, L-g-glutamyl-L-cysteinyl-, 3-methyl ester","","HMDB0244993;HMDB0260312","NA;NA","NA;13960592","NA;NA","null","null",TRUE,TRUE,NA,NA,NA
"2-amino-6-chloro-9-(2,3-dideoxy-beta-d-glycero-pentofuranosyl)-9h-purine","6934_neg","2-amino-6-chloro-9-(2,3-dideoxy-beta-d-glycero-pentofuranosyl)-9h-purine",0.02,4.64,NA,"Unknown","null","2-Amino-6-chloro-9-(2,3-dideoxy-beta-D-glycero-pentofuranosyl)-9H-purine","","HMDB0245000","NA","14430370","NA","null","null",FALSE,TRUE,NA,NA,NA
"2-amino-6-chloropurine","2254_neg","2-amino-6-chloropurine",0.16,8.85,NA,"Unknown","null","2-Amino-6-chloropurine;2-Chloroadenine;Glyphosate","C01705","HMDB0245001;HMDB0245062;HMDB0252891","72345;NA;27744","25144;94904;3496","NA;NA;NA","null","null",FALSE,TRUE,NA,NA,NA
"2-amino-7-methoxy-3h-phenoxazin-3-one","5694_neg","2-amino-7-methoxy-3h-phenoxazin-3-one",0.29,12.63,NA,"Unknown","null","2-Amino-7-methoxy-3H-phenoxazin-3-one;2-(4-Hydroxyphenylazo)benzoic acid","","HMDB0240720;HMDB0244932","NA;NA","5251220;74215","NA;NA","null","null",FALSE,TRUE,NA,NA,NA
"2-amino-9-[4-hydroxy-2-(hydroxymethyl)butyl]-3h-purin-6-one","6480_pos","2-amino-9-[4-hydroxy-2-(hydroxymethyl)butyl]-3h-purin-6-one",0.4,80.01,NA,"Unknown","null","2-Amino-9-[4-hydroxy-2-(hydroxymethyl)butyl]-3H-purin-6-one","","HMDB0244320","NA","129136","NA","null","null",FALSE,TRUE,NA,NA,NA
"2-amino-n-[1-[[2-[[1-(2-hydroxyethylamino)-1-oxo-3-phenylpropan-2-yl]-methylamino]-2-oxoethyl]amino]-1-oxopropan-2-yl]-3-(4-hydroxyphenyl)propanamide","18186_pos","2-amino-n-[1-[[2-[[1-(2-hydroxyethylamino)-1-oxo-3-phenylpropan-2-yl]-methylamino]-2-oxoethyl]amino]-1-oxopropan-2-yl]-3-(4-hydroxyphenyl)propanamide",0.13,694410.1,NA,"Unknown","null","2-Amino-N-[1-[[2-[[1-(2-hydroxyethylamino)-1-oxo-3-phenylpropan-2-yl]-methylamino]-2-oxoethyl]amino]-1-oxopropan-2-yl]-3-(4-hydroxyphenyl)propanamide","","HMDB0247859","NA","4488326","NA","null","null",FALSE,TRUE,NA,NA,NA
"2-aminobicyclo[2.2.1]heptane-2-carboxylic acid","1755_neg","2-aminobicyclo[2.2.1]heptane-2-carboxylic acid",0.38,217.44,NA,"Unknown","null","2-Aminobicyclo[2.2.1]heptane-2-carboxylic acid;3H-Dopamine;bemegride;Heliotridine;3-Ethyl-5-hydroxy-4,5-dimethyl-pyrrolin-2-one;4-(2-Aminoethyl)cyclohexa-3,5-diene-1,2-diol;Scopine","","HMDB0245588;HMDB0246265;HMDB0248936;HMDB0253071;HMDB0253169;HMDB0257596;HMDB0258181","NA;NA;NA;NA;NA;NA;NA","115288;57350278;NA;10626;171278;54016676;274439","NA;NA;NA;NA;NA;NA;NA","null","null",FALSE,TRUE,NA,NA,NA
"2-aminobicyclo[3.1.0]hexane-2,6-dicarboxylic acid","3110_pos","2-aminobicyclo[3.1.0]hexane-2,6-dicarboxylic acid",0.87,91.75,NA,"Unknown","null","2-Aminobicyclo[3.1.0]hexane-2,6-dicarboxylic acid","","HMDB0244794","NA","114827","NA","null","null",TRUE,TRUE,NA,NA,NA
"2-aminoethane-1,1,1-triol","75_neg","2-aminoethane-1,1,1-triol",0.4,143.61,NA,"Unknown","null","2-Aminoethane-1,1,1-triol;Tri-hydroxymethylaminomethane","","HMDB0247334;HMDB0259134","NA;NA","17840933;NA","NA;NA","null","null",FALSE,TRUE,NA,NA,NA
"2-aminoethanesulfonamide","730_neg","2-aminoethanesulfonamide",0.02,3.03,NA,"Unknown","null","2-Aminoethanesulfonamide","","HMDB0245014","NA","101263","NA","null","null",FALSE,TRUE,NA,NA,NA
"2-aminosulfonyl-benzoic acid methyl ester","4497_pos","2-aminosulfonyl-benzoic acid methyl ester",0.38,28.66,"Benzoic acid esters","no MS2: 2-Aminosulfonyl-benzoic acid methyl ester; LC-ESI-ITFT; MS2; CE","C8H9NO4S",NA,NA,NA,NA,NA,NA,"VSOOBQALJVLTBH-UHFFFAOYSA-N","COC(=O)C1=CC=CC=C1S(N)(=O)=O",TRUE,TRUE,NA,NA,NA
"2-benzyl-4-chlorophenol","4508_neg","2-benzyl-4-chlorophenol",0.02,49.61,NA,"Unknown","null","2-Benzyl-4-chlorophenol","","HMDB0245035","NA","8425","NA","null","null",TRUE,TRUE,NA,NA,NA
"2-butanone peroxide","4260_pos","2-butanone peroxide",0.42,135.45,NA,"Unknown","null","2-Butanone peroxide;Etimizol","","HMDB0245041;HMDB0252102","NA;NA","NA;6168","NA;NA","null","null",FALSE,TRUE,NA,NA,NA
"2-chloro-3'-deoxyadenosine","8090_pos","2-chloro-3'-deoxyadenosine",0.38,17.33,NA,"Unknown","null","""2-Chloro-3'-deoxyadenosine"";2-Chloro-9-(2-deoxy-beta-D-arabinofuranosyl)adenine","","HMDB0245052;HMDB0257922","NA;NA","14485373;NA","NA;NA","null","null",FALSE,TRUE,NA,NA,NA
"2-chloro-5-nitro-n-4-pyridinylbenzamide","7698_pos","2-chloro-5-nitro-n-4-pyridinylbenzamide",0.42,42.06,NA,"Unknown","null","2-Chloro-5-nitro-N-4-pyridinylbenzamide","","HMDB0246142","NA","2777391","NA","null","null",FALSE,TRUE,NA,NA,NA
"2-chloro-n-[(z)-[3-hydroxy-5-(hydroxymethyl)-2-methylpyridin-4-yl]methylideneamino]benzamide","9335_neg","2-chloro-n-[(z)-[3-hydroxy-5-(hydroxymethyl)-2-methylpyridin-4-yl]methylideneamino]benzamide",0.07,5,NA,"Unknown","null","2-Chloro-N-[(Z)-[3-hydroxy-5-(hydroxymethyl)-2-methylpyridin-4-yl]methylideneamino]benzamide;Sarmazenil","","HMDB0255835;HMDB0257499","NA;NA","3272499;NA","NA;NA","null","null",TRUE,TRUE,NA,NA,NA
"2-chloro-n-[[4-[(2-chloroanilino)methyl]cyclohexyl]methyl]aniline","11294_neg","2-chloro-n-[[4-[(2-chloroanilino)methyl]cyclohexyl]methyl]aniline",0.22,6.39,NA,"Unknown","null","2-Chloro-N-[[4-[(2-chloroanilino)methyl]cyclohexyl]methyl]aniline","","HMDB0257764","NA","56607143","NA","null","null",FALSE,TRUE,NA,NA,NA
"2-chloroaniline","834_neg","2-chloroaniline",0.11,561.87,NA,"Unknown","null","2-Chloroaniline;3-(Chloromethyl)pyridine;3-Chloroaniline;4-Chloroaniline;n-chloroaniline","C14450","HMDB0245064;HMDB0245786;HMDB0245839;HMDB0246391;HMDB0255099","NA;NA;NA;20331;NA","NA;18358;7932;7812;258030","NA;NA;NA;NA;NA","null","null",TRUE,TRUE,NA,NA,NA
"2-chloroquinoxaline","2059_neg","2-chloroquinoxaline",0.09,7.75,NA,"Unknown","null","2-Chloroquinoxaline","","HMDB0245081","NA","238938","NA","null","null",FALSE,TRUE,NA,NA,NA
"2-cyano-3-[3-ethoxy-4-hydroxy-5-[(phenylthio)methyl]phenyl]-2-propenamide","11561_pos","2-cyano-3-[3-ethoxy-4-hydroxy-5-[(phenylthio)methyl]phenyl]-2-propenamide",0.42,65.05,NA,"Unknown","null","2-Cyano-3-[3-ethoxy-4-hydroxy-5-[(phenylthio)methyl]phenyl]-2-propenamide","","HMDB0248195","92896","5276","NA","null","null",FALSE,TRUE,NA,NA,NA
"2-cyclohexylidenecyclohexanone","2865_pos","2-cyclohexylidenecyclohexanone",0.42,143.19,NA,"Unknown","null","2-Cyclohexylidenecyclohexanone","","HMDB0245090","NA","13892","NA","null","null",FALSE,TRUE,NA,NA,NA
"2-dichloromethylene-3a,7a-dichloro-3a,4,7,7a-tetrahydro-4,7-methanoindene-1,3-dione","10145_neg","2-dichloromethylene-3a,7a-dichloro-3a,4,7,7a-tetrahydro-4,7-methanoindene-1,3-dione",0.2,11.47,NA,"Unknown","null","2-Dichloromethylene-3a,7a-dichloro-3a,4,7,7a-tetrahydro-4,7-methanoindene-1,3-dione","","HMDB0251708","NA","13540","NA","null","null",FALSE,TRUE,NA,NA,NA
"2-ethyl-5-methylfuran","371_neg","2-ethyl-5-methylfuran",0.04,17.75,NA,"Unknown","null","2-Ethyl-5-methylfuran;3-Methyl-2-cyclohexen-1-one;2,4-Heptadienal;Cyclohexa-2,4-dienylmethanol;Cyclohexanecarbonyl","","HMDB0029728;HMDB0031541;HMDB0243577;HMDB0250648;HMDB0250650","88617;NA;NA;NA;NA","74346;14511;20307;556313;12535215","NA;NA;NA;NA;NA","null","null",FALSE,TRUE,NA,NA,NA
"2-fluoro-5-hydroxy-l-phenylalanine","3726_pos","2-fluoro-5-hydroxy-l-phenylalanine",0.04,16.3,NA,"Unknown","null","2-Fluoro-5-hydroxy-L-phenylalanine;Dictamnine;INDOPHENOL","C10660","HMDB0244653;HMDB0251209;HMDB0253476","NA;NA;50428","14211589;68085;10379","NA;NA;NA","null","null",FALSE,TRUE,NA,NA,NA
"2-fluorobutyl 2-(8-azabicyclo[3.2.1]octan-1-yl)-5-iodobenzoate","14547_neg","2-fluorobutyl 2-(8-azabicyclo[3.2.1]octan-1-yl)-5-iodobenzoate",0.13,4.54,NA,"Unknown","null","2-Fluorobutyl 2-(8-azabicyclo[3.2.1]octan-1-yl)-5-iodobenzoate;Ioflupane","","HMDB0252390;HMDB0259676","NA;NA","129637682;22896913","NA;NA","null","null",FALSE,TRUE,NA,NA,NA
"2-furanmethanol","158_neg","2-furanmethanol",0.42,60.25,NA,"Unknown","null","2-Furanmethanol;alpha-Methylene-gamma-butyrolactone;2-Pentenedial","C20441;C20578","HMDB0013742;HMDB0246945;HMDB0252802","207496;104120;NA","7361;68352;192727","NA;NA;NA","null","null",FALSE,TRUE,NA,NA,NA
"2-furoic acid","396_neg","2-furoic acid",0.93,591.59,NA,"3-Furoic Acid","null","2-Furoic acid;Citraconic anhydride","C01546","HMDB0000617;HMDB0250302","30845;NA","6919;12012","NA;NA","null","null",TRUE,TRUE,NA,NA,NA
"2-furoylglycine","2261_neg","2-furoylglycine",0.44,165.49,NA,"Unknown","null","2-Furoylglycine;(2,5-Dihydroxy-1H-pyrrol-3-yl) prop-2-enoate;(2,5-Dihydroxypyrrol-1-yl) prop-2-enoate;2,5-Dioxopyrrolidin-1-yl acrylate;Didox","","HMDB0000439;HMDB0242487;HMDB0242492;HMDB0246241;HMDB0251226","82912;NA;NA;NA;NA","21863;53896498;53643718;181508;3045","NA;NA;NA;NA;NA","null","null",FALSE,TRUE,NA,NA,NA
"2-hepteneoylglycine","2924_neg","2-hepteneoylglycine",0.78,557.81,NA,"Unknown","null","2-Hepteneoylglycine;3-Hepteneoylglycine;4-Hepteneoylglycine;5-Hepteneoylglycine;3h-Adrenaline","","HMDB0094728;HMDB0094729;HMDB0094730;HMDB0094731;HMDB0246263","NA;NA;NA;NA;NA","NA;NA;NA;NA;129636259","NA;NA;NA;NA;NA","null","null",TRUE,TRUE,NA,NA,NA
"2-hexenoylcarnitine","6684_pos","2-hexenoylcarnitine",0.49,34.98,NA,"Unknown","null","2-Hexenoylcarnitine;Hexenoylcarnitine","","HMDB0013161;HMDB0253155","NA;NA","53481638;129846791","NA;NA","null","null",FALSE,TRUE,NA,NA,NA
"2-hydrazinopyridine","395_pos","2-hydrazinopyridine",0.6,345.51,NA,"Unknown","null","2-Hydrazinopyridine;3,4-Diaminopyridine","","HMDB0245139;HMDB0246022","NA;NA","NA;NA","NA;NA","null","null",TRUE,TRUE,NA,NA,NA
"2-hydrazinylidenepropanoic acid","257_pos","2-hydrazinylidenepropanoic acid",0.47,451.73,NA,"Unknown","null","2-Hydrazinylidenepropanoic acid;4-Aminoisoxazolidin-3-one;MALONAMIDE","C06682","HMDB0245750;HMDB0251514;HMDB0254314","NA;23503;48537","71446783;401;7911","NA;NA;NA","null","null",FALSE,TRUE,NA,NA,NA
"2-hydroxy-1,4-benzoxazin-3-one sulfate","5832_neg","2-hydroxy-1,4-benzoxazin-3-one sulfate",0.4,12.12,NA,"Unknown","null","2-Hydroxy-1,4-benzoxazin-3-one sulfate","","HMDB0240439","NA","NA","NA","null","null",FALSE,TRUE,NA,NA,NA
"2-hydroxy-3-methylpentanoic acid","1009_neg","2-hydroxy-3-methylpentanoic acid",0.93,158.22,NA,"Mevalonolactone","null","2-Hydroxy-3-methylpentanoic acid;5-Hydroxyhexanoic acid;Leucinic acid;Hydroxyisocaproic acid;2-Hydroxycaproic acid;6-Hydroxyhexanoic acid;Threo-3-Hydroxy-2-methylbutyric acid;3-Hydroxyhexanoic acid;1-Methoxy-2-propyl acetate;2-Ethoxyethyl acetate;3-Hydroxybutyl acetate;Diethylene glycol monovinyl ether;methoxypyrimidinyl piperazine;1,4-Dihydroxy-3,3-dimethylbutan-2-one;Solketal","C06103","HMDB0000317;HMDB0000525;HMDB0000665;HMDB0000746;HMDB0001624;HMDB0012843;HMDB0059770;HMDB0061652;HMDB0243916;HMDB0245111;HMDB0245894;HMDB0251247;HMDB0254555;HMDB0257729;HMDB0258367","89228;131434;59783;44510;86542;17869;NA;37049;NA;NA;NA;NA;NA;NA;NA","10796774;170748;92779;83697;99824;14490;642248;11829482;NA;NA;102703;13581;3033863;57248394;NA","NA;NA;NA;NA;NA;NA;NA;NA;NA;NA;NA;NA;NA;NA;NA","null","null",TRUE,TRUE,NA,NA,NA
"2-hydroxy-3-morpholinopropanesulfonic acid","5015_pos","2-hydroxy-3-morpholinopropanesulfonic acid",0.2,217.71,NA,"Unknown","null","2-Hydroxy-3-morpholinopropanesulfonic Acid","","HMDB0254881","NA","109333","NA","null","null",FALSE,TRUE,NA,NA,NA
"2-hydroxy-4-carboxybutyrylhistidylprolinamide","12825_pos","2-hydroxy-4-carboxybutyrylhistidylprolinamide",0.29,10.41,"Glycosylamines","no MS2: Trans-Zeatin-9-glucoside; LC-ESI-ITFT; MS2; CE 28.0 eV; [M+H]+","C16H23N5O6","2-Hydroxy-4-carboxybutyrylhistidylprolinamide","","HMDB0251550","NA","21126480","NA","VYRAJOITMBSQSE-HNVSNYHQSA-N","C\C(CO)=C/CNC1=C2N=CN([C@@H]3O[C@H](CO)[C@@H](O)[C@H](O)[C@H]3O)C2=NC=N1",FALSE,TRUE,NA,NA,NA
"2-hydroxy-4-methylthiobutyric acid","1062_neg","2-hydroxy-4-methylthiobutyric acid",0.53,27.95,NA,"Unknown","null","2-Hydroxy-4-methylthiobutyric acid;Dimethylpropiothetin","C04022","HMDB0245145;HMDB0251405","NA;16457","11491941;23736","NA;NA","null","null",TRUE,TRUE,NA,NA,NA
"2-hydroxy-5-(trifluoromethoxy)benzoic acid","4684_neg","2-hydroxy-5-(trifluoromethoxy)benzoic acid",0.36,26.45,NA,"Unknown","null","2-Hydroxy-5-(trifluoromethoxy)benzoic Acid","","HMDB0245146","NA","2775103","NA","null","null",FALSE,TRUE,NA,NA,NA
"2-hydroxyacetaminophen sulfate","6139_pos","2-hydroxyacetaminophen sulfate",0.93,53.66,NA,"Unknown","null","2-Hydroxyacetaminophen sulfate;HHPAA sulfate","","HMDB0062547;HMDB0240380","82942;NA","NA;NA","NA;NA","null","null",TRUE,TRUE,NA,NA,NA
"2-hydroxyadipic acid","2002_neg","2-hydroxyadipic acid",0.87,2108.34,"Hydroxy fatty acids","no MS2: 3-Hydroxy-3-methylglutaric acid; LC-ESI-QTOF; MS2; CE","C6H10O5","2-Hydroxyadipic acid;3-Hydroxyadipic acid;3-Hydroxymethylglutaric acid;Levoglucosan;2-Hydroxy-2-ethylsuccinic acid;1,2,4-Benzotriazin-3-amine 1-oxide;2,5-Anhydro-D-mannose;3-Deoxyglucosone;(2S)-2-[(2S,3S,4R)-3,4-Dihydroxyoxolan-2-yl]-2-hydroxyacetaldehyde;""1,1'-Carbonyldiimidazole"";2-(2-Hydroxy-1-oxopropoxy)propionic acid;Conduritol epoxide;Glycerol pyruvate;1,5,6-Trihydroxyhexane-2,3-dione","C02360;C03761;C02488","HMDB0000321;HMDB0000345;HMDB0000355;HMDB0000640;HMDB0059758;HMDB0243493;HMDB0245490;HMDB0245856;HMDB0246074;HMDB0246922;HMDB0247139;HMDB0247281;HMDB0252845;HMDB0255346","17023;89205;16831;30997;89897;NA;NA;NA;NA;NA;NA;67235;NA;NA","193530;151913;1662;2724705;439736;NA;4243512;15120156;5229255;NA;69241;2859;22168925;18951586","NA;NA;NA;NA;NA;NA;NA;NA;NA;NA;NA;NA;NA;NA","NPOAOTPXWNWTSH-UHFFFAOYSA-N","CC(O)(CC(O)=O)CC(O)=O",TRUE,TRUE,NA,NA,NA
"2-hydroxybutyric acid","276_neg","2-hydroxybutyric acid",0.82,110.27,NA,"3-Hydroxybutyric Acid","null","2-Hydroxybutyric acid;3-Hydroxybutyric acid;(S)-3-Hydroxyisobutyric acid;(R)-3-Hydroxyisobutyric acid;(S)-3-Hydroxybutyric acid;4-Hydroxybutyric acid;alpha-Hydroxyisobutyric acid;(1,2-Dihydroxyethyl)oxirane;Methyl lactate","C05984;C01089;C06001;C03197;C01991","HMDB0000008;HMDB0000011;HMDB0000023;HMDB0000336;HMDB0000442;HMDB0000710;HMDB0000729;HMDB0243558;HMDB0254599","50613;17066;37373;NA;17290;30830;50129;NA;83221","440864;92135;440873;11217234;94318;10413;11671;108199;NA","NA;36784;37034;NA;NA;NA;NA;NA;NA","null","null",TRUE,TRUE,NA,NA,NA
"2-hydroxyestriol","9079_pos","2-hydroxyestriol",0.09,3.6,NA,"Unknown","null","2-Hydroxyestriol;Tert-butyl 4-(1H-pyrazolo[3,4-d]pyrimidin-4-yl)piperazine-1-carboxylate;Estetrol","","HMDB0245157;HMDB0245674;HMDB0251955","NA;NA;NA","5225094;NA;9995208","NA;NA;NA","null","null",FALSE,TRUE,NA,NA,NA
"2-hydroxyethanesulfonate","783_neg","2-hydroxyethanesulfonate",0.87,5528.36,NA,"2-Hydroxyethanesulfonate","null","2-Hydroxyethanesulfonate;Ethyl hydrogen sulfate","C05123","HMDB0003903;HMDB0031233","1157;NA","7866;6004","NA;NA","null","null",TRUE,TRUE,NA,NA,NA
"2-hydroxynaphthaldehydebenzoylhydrazone","8355_pos","2-hydroxynaphthaldehydebenzoylhydrazone",0.24,5.24,NA,"Unknown","null","2-Hydroxynaphthaldehydebenzoylhydrazone","","HMDB0244678","NA","99759","NA","null","null",FALSE,TRUE,NA,NA,NA
"2-hydroxypent-3-enenitrile","137_neg","2-hydroxypent-3-enenitrile",0.42,232.22,NA,"2-Hydroxypyridine","null","2-Hydroxypent-3-enenitrile;4-Oxopentanenitrile;Cyanohydroxybutene","","HMDB0245162;HMDB0246564;HMDB0250611","NA;NA;NA","245627;225303;73668527","NA;NA;NA","null","null",FALSE,TRUE,NA,NA,NA
"2-hydroxyterephthalic acid","2793_neg","2-hydroxyterephthalic acid",0.42,48.83,NA,"Unknown","null","2-Hydroxyterephthalic acid","","HMDB0245171","NA","97257","NA","null","null",FALSE,TRUE,NA,NA,NA
"2-imidazolidone","47_pos","2-imidazolidone",0.36,24.81,NA,"Unknown","null","2-Imidazolidone;3-Aminoazetidin-2-one;4-Imidazolidinone","","HMDB0245173;HMDB0245813;HMDB0246471","37001;NA;NA","8453;13019092;1502063","NA;NA;NA","null","null",FALSE,TRUE,NA,NA,NA
"2-iminiopropanoate","15_neg","2-iminiopropanoate",0.42,72.42,NA,"Unknown","null","2-Iminiopropanoate;2-Oxazolidinone;Glycidamide;Isonitrosoacetone;Vinyl carbamate","C06695","HMDB0245175;HMDB0245282;HMDB0252860;HMDB0253665;HMDB0259822","44400;1237;NA;NA;27292","NA;73949;91550;6399213;NA","NA;NA;NA;NA;NA","null","null",FALSE,TRUE,NA,NA,NA
"2-indolecarboxylic acid","2141_pos","2-indolecarboxylic acid",0.44,63.43,"Indolecarboxylic acids and derivatives","no MS2: 1H-indole-3-carboxylic acid; LC-ESI-QTOF; MS2; CE","C9H7NO2","2-Indolecarboxylic acid;Indole-3-carboxylic acid;4,6-Dihydroxyquinoline;Quinoline-4,8-diol;2,8-Quinolinediol;1,5-Isoquinolinediol;2,4-Quinolinediol;3-Hydroxyquinolin-2(1h)-One;Indole-5-carboxylic acid","C19837;C05639;C05637;C06342;C16716","HMDB0002285;HMDB0003320;HMDB0004077;HMDB0060289;HMDB0240311;HMDB0244237;HMDB0245468;HMDB0245908;HMDB0253469","130363;24809;28799;28883;17715;64044;75926;NA;131778","72899;69867;440738;440737;NA;1340;6864;818159;74280","NA;NA;46176;NA;NA;NA;NA;NA;NA","KMAKOBLIOCQGJP-UHFFFAOYSA-N","OC(=O)C1=CNC2=CC=CC=C12",TRUE,TRUE,NA,NA,NA
"2-isopropylmalic acid","2567_neg","2-isopropylmalic acid",0.42,117.15,"Hydroxy fatty acids","no MS2: 2-Isopropylmalic acid; LC-ESI-QTOF; MS2; CE","C7H12O5","2-Isopropylmalic acid","C02504","HMDB0000402","35128","5280523","NA","BITYXLXUCSKTJS-UHFFFAOYNA-N","CC(C)C(O)(CC(O)=O)C(O)=O",FALSE,TRUE,NA,NA,NA
"2-ketobutyric acid","234_neg","2-ketobutyric acid",0.87,200.55,NA,"2-Ketobutyric Acid","null","2-Ketobutyric acid;Acetoacetic acid;Succinic acid semialdehyde;Acetic anhydride;2-Oxoethyl acetate;Methyl pyruvate;Propylene carbonate","C00109;C00164;C00232","HMDB0000005;HMDB0000060;HMDB0001259;HMDB0031646;HMDB0245285;HMDB0254610;HMDB0256840","30831;15344;16265;36610;NA;51850;NA","58;96;1112;7918;11115995;11748;NA","33889;NA;34331;NA;NA;NA;NA","null","null",TRUE,TRUE,NA,NA,NA
"2-mercaptoacetamide","113_pos","2-mercaptoacetamide",0.36,56.77,NA,"Unknown","null","2-Mercaptoacetamide;Thioacetamide-S-oxide","","HMDB0245188;HMDB0258997","NA;NA","12961;NA","NA;NA","null","null",FALSE,TRUE,NA,NA,NA
"2-mercaptonicotinic acid","1742_neg","2-mercaptonicotinic acid",0.42,30.71,NA,"Unknown","null","2-Mercaptonicotinic acid;3-Mercaptopicolinic acid;4-Nitrothiophenol","","HMDB0245193;HMDB0245916;HMDB0246550","NA;NA;NA","161966;119070;15809","NA;NA;NA","null","null",FALSE,TRUE,NA,NA,NA
"2-mercaptopyridine","418_pos","2-mercaptopyridine",0.27,11.09,NA,"Unknown","null","2-Mercaptopyridine;4-Mercaptopyridine","","HMDB0245194;HMDB0246488","45223;NA","17523;20690","NA;NA","null","null",FALSE,TRUE,NA,NA,NA
"2-methacryloyloxyethyl phosphorylcholine","8596_pos","2-methacryloyloxyethyl phosphorylcholine",0.42,21.21,NA,"Unknown","null","2-Methacryloyloxyethyl phosphorylcholine;Indobufen","","HMDB0247194;HMDB0253465","NA;NA","128934;107641","NA;NA","null","null",FALSE,TRUE,NA,NA,NA
"2-methoxy-n-[2-(4-sulfamoylphenyl)ethyl]benzamide","10578_pos","2-methoxy-n-[2-(4-sulfamoylphenyl)ethyl]benzamide",0.11,6.75,NA,"Unknown","null","2-Methoxy-N-[2-(4-sulfamoylphenyl)ethyl]benzamide;Valine, 3-mercapto-N-((5-oxo-2-(phenylmethyl)-4(5H)-oxazolylidene)methyl)-;Pentids","","HMDB0245201;HMDB0246155;HMDB0256229","NA;NA;NA","7478489;65117;NA","NA;NA;NA","null","null",FALSE,TRUE,NA,NA,NA
"2-methoxyacetaminophen sulfate","6578_neg","2-methoxyacetaminophen sulfate",0.87,67762.04,NA,"Unknown","null","2-Methoxyacetaminophen sulfate;O-Sulfotyrosine","","HMDB0062550;HMDB0155722","82944;46215","NA;514186","NA;NA","null","null",TRUE,TRUE,NA,NA,NA
"2-methoxyethyl phenyl ether","1792_pos","2-methoxyethyl phenyl ether",0.4,44.96,NA,"Unknown","null","2-Methoxyethyl phenyl ether;4-Isopropoxyphenol;Cumene hydroperoxide","","HMDB0243568;HMDB0246479;HMDB0250588","NA;NA;78673","96375;82001;6629","NA;NA;NA","null","null",FALSE,TRUE,NA,NA,NA
"2-methoxyidazoxan","5323_neg","2-methoxyidazoxan",0.36,72.76,NA,"Unknown","null","2-Methoxyidazoxan;Cyclopentobarbital","","HMDB0245206;HMDB0250670","73287;NA","108094;6454","NA;NA","null","null",FALSE,TRUE,NA,NA,NA
"2-methyl-3-hydroxybutyric acid","585_neg","2-methyl-3-hydroxybutyric acid",0.91,2054.59,NA,"3-Hydroxyisovaleric Acid","null","2-Methyl-3-hydroxybutyric acid;2-Ethylhydracrylic acid;2-Hydroxy-3-methylbutyric acid;3-Hydroxyvaleric acid;3-Hydroxyisovaleric acid;2-Hydroxyvaleric acid;2-Hydroxy-2-methylbutyric acid;4-Hydroxyisovaleric acid;5-Hydroxypentanoic acid;2-Methoxyethyl acetate;Ethyl 3-hydroxypropanoate","C02804","HMDB0000354;HMDB0000396;HMDB0000407;HMDB0000531;HMDB0000754;HMDB0001863;HMDB0001987;HMDB0002011;HMDB0061927;HMDB0245204;HMDB0252030","37051;82956;60645;139272;37084;60647;68454;384411;45564;NA;NA","160471;188979;99823;107802;69362;98009;95433;131760;25945;8054;12870589","NA;NA;NA;NA;NA;NA;NA;NA;NA;NA;NA","null","null",TRUE,TRUE,NA,NA,NA
"2-methyl-3-ketovaleric acid","951_neg","2-methyl-3-ketovaleric acid",0.87,1498.4,NA,"Unknown","null","2-Methyl-3-ketovaleric acid;3-Methyl-2-oxovaleric acid;Ketoleucine;2-Ketohexanoic acid;Mevalonolactone;4-Acetylbutyrate;2H-Pyran-2-one, tetrahydro-4-hydroxy-4-methyl-, (R)-;2-Hydroxyethyl methacrylate;2-Methyl-2-hydroxypentane-1,5-dial;Diglycidyl ether;hydroxyethyl methacrylic acid;ketomethylvalerate;ketomethylvaleric acid;2-(Hydroxymethyl)pentanedial;Propionic anhydride;4-Methoxy-2-methylidenebutanoic acid;3-Hydroxy-3-methylpentanedial","C00671;C00233;C00902;C02129;C14530","HMDB0000408;HMDB0000491;HMDB0000695;HMDB0001864;HMDB0006024;HMDB0061881;HMDB0244840;HMDB0245159;HMDB0245213;HMDB0251282;HMDB0253265;HMDB0253790;HMDB0253791;HMDB0255360;HMDB0256826;HMDB0257691;HMDB0257911","86365;15614;48430;17308;NA;15888;NA;34288;NA;NA;NA;NA;NA;NA;NA;NA;NA","189028;439286;70;159664;5325923;18407;10428;NA;54303135;NA;53782531;17998011;19743428;21914504;NA;10441724;15575779","NA;NA;34334;NA;NA;NA;NA;NA;NA;NA;NA;NA;NA;NA;NA;NA;NA","null","null",TRUE,TRUE,NA,NA,NA
"2-methyl-5-nitroimidazole","838_neg","2-methyl-5-nitroimidazole",0.07,11.15,NA,"TAURINE","null","2-Methyl-5-nitroimidazole","","HMDB0245223","NA","12760","NA","null","null",FALSE,TRUE,NA,NA,NA
"2-methylbut-3-en-2-yl phosphono hydrogen phosphate","5880_neg","2-methylbut-3-en-2-yl phosphono hydrogen phosphate",0.42,318.63,NA,"Unknown","null","2-Methylbut-3-en-2-yl phosphono hydrogen phosphate","","HMDB0257674","NA","10354532","NA","null","null",FALSE,TRUE,NA,NA,NA
"2-methylbutyroylcarnitine","6067_pos","2-methylbutyroylcarnitine",0.76,128.95,NA,"Valerylcarnitine","null","2-Methylbutyroylcarnitine;Isovalerylcarnitine;Pinacidil","","HMDB0000378;HMDB0000688;HMDB0256556","73026;73025;NA","6426901;NA;NA","NA;NA;NA","null","null",TRUE,TRUE,NA,NA,NA
"2-methylbutyrylglycine","1889_neg","2-methylbutyrylglycine",0.89,1513.03,NA,"Unknown","null","2-Methylbutyrylglycine;Isovalerylglycine;Valerylglycine;N-Acetylvaline;3-Dehydrocarnitine;Betonicine;2-Pivalamidoacetic acid","C02636;C08269","HMDB0000339;HMDB0000678;HMDB0000927;HMDB0011757;HMDB0012154;HMDB0029412;HMDB0245297","86366;70984;NA;21565;57885;85533;NA","193872;546304;4737557;66789;6991982;164642;NA","NA;NA;NA;NA;NA;NA;NA","null","null",TRUE,TRUE,NA,NA,NA
"2-methylcitric acid","3902_neg","2-methylcitric acid",0.87,284.01,NA,"Lipoic Acid","null","2-Methylcitric acid;(R)-Lipoic acid;Homocitric acid;2-Methoxypropane-1,2,3-tricarboxylic acid;Thioctic acid;Glucose ketone","C16241;C01251;C00725","HMDB0000379;HMDB0001451;HMDB0003518;HMDB0245209;HMDB0251530;HMDB0252777","30835;30314;52222;NA;16494;NA","515;6112;439459;15788107;864;141057530","39369;35801;NA;NA;NA;NA","null","null",TRUE,TRUE,NA,NA,NA
"2-methylerythritol","1131_neg","2-methylerythritol",0.44,510.52,NA,"Unknown","null","2-Methylerythritol;2-C-Methyl-D-erythritol","","HMDB0011659;HMDB0245046","86367;NA","53481015;6451933","NA;NA","null","null",FALSE,TRUE,NA,NA,NA
"2-methylglutaric acid","1460_neg","2-methylglutaric acid",0.58,87.06,NA,"2,2-Dimethylsuccinic Acid","null","2-Methylglutaric acid;Adipic acid;Methylglutaric acid;Monomethyl glutaric acid;Solerol;Dimethyl succinate;4-Ethoxy-4-oxobutanoic acid;1,2,4-Benzotriazin-3-amine;2-Ethylbutanedioic acid;2,3-Dimethylsuccinic acid;(5S)-5,6-Dihydroxy-2-oxohexanal;Ethylidene diacetate;Acetone lactate;Conduritol B;Dianhydrodulcitol;Glucal;isosorbide;3-(Hydroxymethyl)-5-oxopentanoic acid","C06104","HMDB0000422;HMDB0000448;HMDB0000752;HMDB0000858;HMDB0002173;HMDB0033837;HMDB0061930;HMDB0244140;HMDB0245124;HMDB0245405;HMDB0246029;HMDB0246940;HMDB0247912;HMDB0250433;HMDB0251140;HMDB0252763;HMDB0253693;HMDB0255410","68567;30832;68566;86396;89760;NA;NA;NA;NA;167506;NA;NA;NA;67218;NA;NA;NA;NA","12046;196;12284;73917;21252275;7820;70610;88336;69466;11848;53828819;222536;59592090;136345;NA;89465;99937;91377940","NA;NA;NA;NA;NA;NA;NA;NA;NA;NA;NA;NA;NA;NA;NA;NA;NA;NA","null","null",FALSE,TRUE,NA,NA,NA
"2-methylthiazolidine-4-carboxylic acid","1599_pos","2-methylthiazolidine-4-carboxylic acid",0.73,48.69,NA,"Unknown","null","2-Methylthiazolidine-4-carboxylic acid","","HMDB0246657","NA","160736","NA","null","null",TRUE,TRUE,NA,NA,NA
"2-methylthioadenosine","9519_pos","2-methylthioadenosine",0.22,20.74,NA,"Unknown","null","2-Methylthioadenosine","","HMDB0245242","NA","235484","NA","null","null",FALSE,TRUE,NA,NA,NA
"2-nitrophenyl a-d-galactopyranoside","8889_pos","2-nitrophenyl a-d-galactopyranoside",0.64,101196.5,NA,"Unknown","null","2-Nitrophenyl a-D-galactopyranoside;4-Nitrophenyl beta-D-glucopyranoside","","HMDB0244855;HMDB0245678","NA;NA","219973;259380","NA;NA","null","null",FALSE,TRUE,NA,NA,NA
"2-nitrophenyl octyl ether","6105_neg","2-nitrophenyl octyl ether",0.8,524.15,NA,"Unknown","null","2-Nitrophenyl octyl ether","","HMDB0245262","NA","169952","NA","null","null",FALSE,TRUE,NA,NA,NA
"2-nonenal","1259_neg","2-nonenal",0.4,78.95,NA,"Unknown","null","2-Nonenal;Non-2-enal","","HMDB0031269;HMDB0255708","NA;61726","5354833;NA","NA;NA","null","null",FALSE,TRUE,NA,NA,NA
"2-nonenal, 4-oxo-","1734_neg","2-nonenal, 4-oxo-",0.42,43.58,NA,"Unknown","null","2-Nonenal, 4-oxo-","","HMDB0245270","NA","216297","NA","null","null",FALSE,TRUE,NA,NA,NA
"2-nonenoylglycine","4269_neg","2-nonenoylglycine",0.42,971.44,NA,"Unknown","null","2-nonenoylglycine;3-nonenoylglycine;4-nonenoylglycine;5-nonenoylglycine;6-nonenoylglycine;7-nonenoylglycine;8-nonenoylglycine;Ecgonine Ethyl Ester","","HMDB0094807;HMDB0094808;HMDB0094809;HMDB0094810;HMDB0094811;HMDB0094812;HMDB0094813;HMDB0251685","NA;NA;NA;NA;NA;NA;NA;NA","NA;NA;NA;NA;NA;NA;131802992;14808811","NA;NA;NA;NA;NA;NA;NA;NA","null","null",FALSE,TRUE,"Alpha amino acids","Carboxylic acids and derivatives","Amino acids, peptides, and analogues"
"2-nonyl-1,4-dioxine","4264_pos","2-nonyl-1,4-dioxine",0.44,3011.06,NA,"Unknown","null","2-Nonyl-1,4-dioxine","","HMDB0255390","NA","57047586","NA","null","null",FALSE,TRUE,NA,NA,NA
"2-octenedioic acid","2376_neg","2-octenedioic acid",0.42,127,NA,"Unknown","null","2-Octenedioic acid;cis-4-Octenedioic acid;trans-3-Octenedioic acid;1,2-Cyclohexanedicarboxylic acid;2-Butenedioic acid (2E)-, 1,4-diethyl ester;2,3-Diethylbut-2-enedioic acid","","HMDB0000341;HMDB0004982;HMDB0013312;HMDB0250649;HMDB0251249;HMDB0255396","89192;NA;173786;NA;NA;NA","6079438;11805205;22495178;15522;12201;53400730","NA;NA;NA;NA;NA;NA","null","null",FALSE,TRUE,NA,NA,NA
"2-octyl-3(2h)-isothiazolone","4418_pos","2-octyl-3(2h)-isothiazolone",0.42,42,"Thiazoles","no MS2: 2-Octyl-3(2H)-isothiazolone; LC-ESI-ITFT; MS2; CE","C11H19NOS",NA,NA,NA,NA,NA,NA,"JPMIIZHYYWMHDT-UHFFFAOYSA-N","CCCCCCCCN1SC=CC1=O",FALSE,TRUE,NA,NA,NA
"2-octynoic acid","1255_neg","2-octynoic acid",0.13,84.35,NA,"Unknown","null","2-Octynoic acid;4-Vinylcyclohexene dioxide;5,5-Dimethyl-1,3-cyclohexanedione","C19311","HMDB0245278;HMDB0246593;HMDB0251369","60295;59001;NA","21872;NA;31358","NA;NA;NA","null","null",FALSE,TRUE,NA,NA,NA
"2-oxoarginine","2618_pos","2-oxoarginine",0.87,1942.84,NA,"Unknown","null","2-Oxoarginine","C03771","HMDB0004225","28116","558","42500","null","null",TRUE,TRUE,NA,NA,NA
"2-oxoquazepam","11658_neg","2-oxoquazepam",0.38,4.5,NA,"Unknown","null","2-Oxoquazepam;4-[[4-Amino-6-[(2,6-dichlorophenyl)methyl]-1,3,5-triazin-2-yl]amino]benzonitrile","","HMDB0245286;HMDB0246321","NA;NA","93250;486362","NA;NA","null","null",FALSE,TRUE,NA,NA,NA
"2-pentanamido-3-phenylpropanoic acid","6029_neg","2-pentanamido-3-phenylpropanoic acid",0.42,422.28,NA,"Unknown","null","2-Pentanamido-3-phenylpropanoic acid;(4Ar,10bR)-rel-4-Propyl-2,3,4,4a,5,10b-hexahydrochromeno[4,3-b][1,4]oxazin-9-ol;""Acetophenone, 4'-hydroxy-3'-methoxy-2-(2-piperidyl)-"";(S)-(4-Hydroxy-phenyl)-(S)-piperidin-2-yl-acetic acid methyl ester; hydrochloride","","HMDB0094646;HMDB0243617;HMDB0247917;HMDB0250035","NA;NA;NA;NA","13890535;NA;255505;10332290","NA;NA;NA;NA","null","null",FALSE,TRUE,NA,NA,NA
"2-pentylfuran","1286_pos","2-pentylfuran",0.44,33.18,NA,"Unknown","null","2-Pentylfuran;2,4-Nonadienal;Phorone","","HMDB0013824;HMDB0031685;HMDB0245519","89197;NA;35572","19602;6428555;10438","NA;NA;NA","null","null",FALSE,TRUE,NA,NA,NA
"2-phosphoglyceric acid","3137_pos","2-phosphoglyceric acid",0.76,15.4,"Sugar acids and derivatives","no MS2: 3-Phospho-D-glycerate; LC-ESI-ITFT; MS2; m/z","C3H7O7P","2-Phosphoglyceric acid;3-Phosphoglyceric acid;2-Phospho-D-glyceric acid;D-Glycerate 3-phosphate;Diethyldithiophosphate","C00597;C00631;C00197","HMDB0000362;HMDB0000807;HMDB0003391;HMDB0060180;HMDB0061736","24344;17050;17835;17794;NA","59;724;439278;439183;9274","NA;34230;35542;NA;NA","OSJPPGNTCRNQQC-UWTATZPHSA-N","O[C@H](COP(O)(O)=O)C(O)=O",TRUE,TRUE,NA,NA,NA
"2-phosphonopropionic acid","1711_neg","2-phosphonopropionic acid",0.87,472.97,NA,"Unknown","null","2-Phosphonopropionic acid","","HMDB0245296","NA","73187","NA","null","null",TRUE,TRUE,NA,NA,NA
"2-piperidinone","173_neg","2-piperidinone",0.4,59.08,NA,"Unknown","null","2-Piperidinone;2-Ethyl-2-oxazoline;4,4-Dimethyl-2-oxazoline;N,N-Dimethylacrylamide;PYRROLIDINE-2-CARBALDEHYDE","","HMDB0011749;HMDB0245112;HMDB0246597;HMDB0255259;HMDB0256999","77761;NA;NA;NA;NA","12665;NA;121630;17587;NA","NA;NA;NA;NA;NA","null","null",FALSE,TRUE,NA,NA,NA
"2-pyrrolidinone","20_pos","2-pyrrolidinone",0.84,24.14,NA,"Unknown","null","2-Pyrrolidinone;2-Methyl-2-oxazoline;METHACRYLAMIDE;N-Vinylacetamide","C11118","HMDB0002039;HMDB0245215;HMDB0254513;HMDB0255246","36592;53614;51759;NA","12025;70713;6595;NA","NA;NA;NA;NA","null","null",TRUE,TRUE,NA,NA,NA
"2-sulfamoylacetic acid","1211_neg","2-sulfamoylacetic acid",0.42,38.23,NA,"Unknown","null","2-Sulfamoylacetic Acid","","HMDB0245317","NA","11083961","NA","null","null",FALSE,TRUE,NA,NA,NA
"2-thiouric acid","2870_neg","2-thiouric acid",0.44,122.87,NA,"Unknown","null","2-Thiouric acid","","HMDB0245324","NA","NA","NA","null","null",TRUE,TRUE,NA,NA,NA
"2-trans,4-cis-decadienoylcarnitine","9010_neg","2-trans,4-cis-decadienoylcarnitine",0.29,1272100,NA,"Unknown","null","2-trans,4-cis-Decadienoylcarnitine","","HMDB0013325","NA","155906470","NA","null","null",FALSE,TRUE,NA,NA,NA
"20-cooh ltb4","12212_neg","20-cooh ltb4",0.31,1296334,NA,"Unknown","null","20-Cooh ltb4","","HMDB0245561","NA","72726445","NA","null","null",FALSE,TRUE,NA,NA,NA
"2h-1-benzopyran-2-carboxylic acid, 3,4-dihydro-6-phenyl-, ethyl ester","7956_pos","2h-1-benzopyran-2-carboxylic acid, 3,4-dihydro-6-phenyl-, ethyl ester",0.16,17.23,NA,"Unknown","null","2H-1-Benzopyran-2-carboxylic acid, 3,4-dihydro-6-phenyl-, ethyl ester;4-Hydroxyequilenin;2,3-Dihydro-6-(3-(2-hydroxymethyl)phenyl-2-propenyl)-benzofuranol","","HMDB0245758;HMDB0246456;HMDB0253850","NA;NA;NA","12264986;18680654;127246","NA;NA;NA","null","null",FALSE,TRUE,NA,NA,NA
"3',4',5',5,7-pentamethoxyflavone","11785_neg","3',4',5',5,7-pentamethoxyflavone",0.07,4.11,NA,"Unknown","null","""3',4',5',5,7-Pentamethoxyflavone"";Quercetin pentamethyl ether;2-(3,4-Dihydroxyphenyl)-3,5,7-trimethoxy-6,8-dimethylchromen-4-one","","HMDB0246928;HMDB0257020;HMDB0257708","NA;NA;NA","493376;NA;54356680","NA;NA;NA","null","null",FALSE,TRUE,NA,NA,NA
"3',5'-cyclic gmp","10609_neg","3',5'-cyclic gmp",0.42,16.98,NA,"3',5'-Cyclic GMP","null",NA,NA,NA,NA,NA,NA,"null","null",FALSE,TRUE,NA,NA,NA
"3',6'-dihydroxy-6-isothiocyanatospiro[isobenzofuran-1(3h),9'-[9h]xanthen]-3-one","12618_neg","3',6'-dihydroxy-6-isothiocyanatospiro[isobenzofuran-1(3h),9'-[9h]xanthen]-3-one",0.4,84.69,NA,"Unknown","null","""3',6'-Dihydroxy-6-isothiocyanatospiro[isobenzofuran-1(3H),9'-[9H]xanthen]-3-one"";Fluorescein-5-isothiocyanate;Fluoresceine isothiocyanate","","HMDB0246164;HMDB0246165;HMDB0252364","NA;37918;NA","15764346;18730;129651159","NA;NA;NA","null","null",TRUE,TRUE,NA,NA,NA
"3'-(1-butylphosphoryl)adenosine","13268_neg","3'-(1-butylphosphoryl)adenosine",0.02,4.94,NA,"Unknown","null","""3'-(1-Butylphosphoryl)adenosine""","","HMDB0246085","NA","13672004","NA","null","null",TRUE,TRUE,NA,NA,NA
"3'-azido-2',3'-dideoxyuridine 5'-(1,4-dihydro-1-methyl-3-pyridinecarboxylate)","12508_pos","3'-azido-2',3'-dideoxyuridine 5'-(1,4-dihydro-1-methyl-3-pyridinecarboxylate)",0.16,7.32,NA,"Unknown","null","""3'-Azido-2',3'-dideoxyuridine 5'-(1,4-dihydro-1-methyl-3-pyridinecarboxylate)""","","HMDB0244497","NA","122627","NA","null","null",FALSE,TRUE,NA,NA,NA
"3'-deoxy-3'-fluorothymidine","5806_neg","3'-deoxy-3'-fluorothymidine",0.42,338.79,NA,"Unknown","null","""3'-DEOXY-3'-FLUOROTHYMIDINE"";Phthalimidinoglutarimide","","HMDB0246092;HMDB0256503","NA;NA","284240;NA","NA;NA","null","null",FALSE,TRUE,NA,NA,NA
"3'-hydroxyamobarbital","5903_pos","3'-hydroxyamobarbital",0.18,23.21,NA,"Unknown","null","""3'-Hydroxyamobarbital"";2,4,6(1H,3H,5H)-Pyrimidinetrione, 5-ethyl-5-(3-hydroxy-1-methylbutyl)-","","HMDB0246097;HMDB0246099","NA;NA","121454;94288","NA;NA","null","null",TRUE,TRUE,NA,NA,NA
"3'-o-methyl-(-)-epicatechin-5-o-sulphate","10844_neg","3'-o-methyl-(-)-epicatechin-5-o-sulphate",0.87,3272.41,NA,"Unknown","null","""3'-O-Methyl-(-)-epicatechin-5-O-sulphate"";""4'-O-Methyl-(-)-epicatechin-5-O-sulphate"";""4'-O-Methyl-(-)-epicatechin-7-O-sulphate"";2-(5-Chloro-2-fluorophenyl)-N-(pyridin-4-yl)pteridin-4-amine","","HMDB0029176;HMDB0029182;HMDB0029184;HMDB0258189","145963;175492;175493;NA","131834117;131834220;131834262;NA","NA;NA;NA;NA","null","null",TRUE,TRUE,NA,NA,NA
"3'-sialyllactose","21269_neg","3'-sialyllactose",0.02,8.69,NA,"Unknown","null","""3'-Sialyllactose"";""6'-Sialyllactose"";Neu5NAcalpha2->6lactose","","HMDB0000825;HMDB0006569;HMDB0255553","NA;NA;NA","123914;643987;4302459","NA;NA;NA","null","null",FALSE,TRUE,NA,NA,NA
"3(2h)-isoflavene","4158_pos","3(2h)-isoflavene",0.38,79.14,"Retrochalcones","no MS2: Chalcone; LC-ESI-QTOF; MS2; CE","C15H12O","3(2H)-Isoflavene","","HMDB0246115","NA","500460","NA","DQFBYFPFKXHELB-VAWYXSNFSA-N","O=C(\C=C\C1=CC=CC=C1)C1=CC=CC=C1",FALSE,TRUE,NA,NA,NA
"3, 5-tetradecadiencarnitine","12181_pos","3, 5-tetradecadiencarnitine",0.36,682971.9,NA,"Unknown","null","3, 5-Tetradecadiencarnitine;Tetradecadienoylcarnitine","","HMDB0013331;HMDB0258882","NA;NA","NA;129691756","NA;NA","null","null",FALSE,TRUE,NA,NA,NA
"3,3'-dichlorobenzidine","6131_neg","3,3'-dichlorobenzidine",0.51,120.96,NA,"Unknown","null","""3,3'-Dichlorobenzidine"";Thiacloprid","C19225","HMDB0245999;HMDB0258967","NA;39175","NA;115224","NA;NA","null","null",TRUE,TRUE,NA,NA,NA
"3,3-bis(carboxymethyl)hexadecanedioic acid","13237_neg","3,3-bis(carboxymethyl)hexadecanedioic acid",0.47,6761.5,NA,"Unknown","null","3,3-Bis(carboxymethyl)hexadecanedioic acid","","HMDB0257897","NA","87523092","NA","null","null",FALSE,TRUE,NA,NA,NA
"3,3-bis(chloromethyl)oxetane","1708_neg","3,3-bis(chloromethyl)oxetane",0.24,7.9,NA,"Unknown","null","3,3-Bis(chloromethyl)oxetane","","HMDB0245991","NA","6550","NA","null","null",FALSE,TRUE,NA,NA,NA
"3,4-bis(carboxymethyl)-3,4-dihydroxyhexanedioic acid","8146_neg","3,4-bis(carboxymethyl)-3,4-dihydroxyhexanedioic acid",0.04,10.14,NA,"Unknown","null","3,4-Bis(carboxymethyl)-3,4-dihydroxyhexanedioic acid","","HMDB0258023","NA","11580187","NA","null","null",FALSE,TRUE,NA,NA,NA
"3,4-dephostatin, ethyl-","2808_neg","3,4-dephostatin, ethyl-",0.44,75.92,NA,"Nicotinuric Acid","null","3,4-Dephostatin, Ethyl-","","HMDB0246019","NA","NA","NA","null","null",TRUE,TRUE,NA,NA,NA
"3,4-dichloroisocoumarin","4289_neg","3,4-dichloroisocoumarin",0.42,104045.3,NA,"Unknown","null","3,4-Dichloroisocoumarin","","HMDB0246026","109540","1609","NA","null","null",FALSE,TRUE,NA,NA,NA
"3,4-dihydro-2h-pyrimido[1,2-c][1,3]benzothiazin-6-imine","4608_pos","3,4-dihydro-2h-pyrimido[1,2-c][1,3]benzothiazin-6-imine",0.36,63.93,NA,"Unknown","null","3,4-Dihydro-2H-pyrimido[1,2-c][1,3]benzothiazin-6-imine","","HMDB0256178","NA","NA","NA","null","null",FALSE,TRUE,NA,NA,NA
"3,4-dihydroxy-2-methoxy-4-methyl-3-[2-methyl-3-(3-methyl-but-2-enyl)-oxiranyl]-cyclohexanone","8379_neg","3,4-dihydroxy-2-methoxy-4-methyl-3-[2-methyl-3-(3-methyl-but-2-enyl)-oxiranyl]-cyclohexanone",0.38,68.6,NA,"Unknown","null","3,4-Dihydroxy-2-methoxy-4-methyl-3-[2-methyl-3-(3-methyl-but-2-enyl)-oxiranyl]-cyclohexanone;alpha-Artemether","","HMDB0246031;HMDB0248189","NA;NA","3277971;500199","NA;NA","null","null",FALSE,TRUE,NA,NA,NA
"3,4-dihydroxymandelic acid","2880_neg","3,4-dihydroxymandelic acid",0.42,79.2,NA,"3,4-Dihydroxymandelate","null","3,4-Dihydroxymandelic acid;4-O-Methylgallic acid;Methyl gallate","C05580","HMDB0001866;HMDB0013198;HMDB0254590","27637;NA;NA","85782;78016;7428","46062;NA;NA","null","null",FALSE,TRUE,NA,NA,NA
"3,4-dihydroxyphenylglycol","2488_pos","3,4-dihydroxyphenylglycol",0.44,94.55,NA,"Unknown","null","3,4-Dihydroxyphenylglycol;3,4-Methyleneadipic acid;Dihydroxyphenylethyleneglycol;Ethylene glycol diacrylate;Penicillic acid","C05576","HMDB0000318;HMDB0059756;HMDB0251347;HMDB0252068;HMDB0256217","1387;89898;NA;NA;NA","91528;124202119;54199141;75282;NA","46054;NA;NA;NA;NA","null","null",FALSE,TRUE,NA,NA,NA
"3,4-dihydroxyphenylglycol o-sulfate","6046_neg","3,4-dihydroxyphenylglycol o-sulfate",0.42,104.47,NA,"Unknown","null","3,4-Dihydroxyphenylglycol O-sulfate;Hydroxymethoxyphenylcarboxylic acid-O-sulphate","","HMDB0001474;HMDB0060000","166465;89623","22833570;124202111","NA;NA","null","null",FALSE,TRUE,NA,NA,NA
"3,4-dimethoxy-n-(4-(3-nitrophenyl)thiazol-2-yl)benzenesulfonamide","14082_neg","3,4-dimethoxy-n-(4-(3-nitrophenyl)thiazol-2-yl)benzenesulfonamide",0.38,429379.9,NA,"Unknown","null","3,4-Dimethoxy-N-(4-(3-nitrophenyl)thiazol-2-yl)benzenesulfonamide","C14126","HMDB0257267","NA","NA","NA","null","null",FALSE,TRUE,NA,NA,NA
"3,4-dimethylthiophene","452_pos","3,4-dimethylthiophene",0.22,109.51,NA,"Unknown","null","3,4-Dimethylthiophene","","HMDB0032980","NA","79089","NA","null","null",FALSE,TRUE,NA,NA,NA
"3,4-methylene suberic acid","3534_neg","3,4-methylene suberic acid",0.58,340.49,NA,"Unknown","null","3,4-Methylene suberic acid;2,3-Methylene suberic acid;1,2,4,5-Tetramethoxybenzene;1,4-Butanediol diacrylate;Ethylene glycol dimethacrylate;Paeonimetabolin I;(Carbamoylamino)peroxyurea","","HMDB0059768;HMDB0059779;HMDB0244146;HMDB0244202;HMDB0252072;HMDB0256079;HMDB0257890","89887;89869;NA;NA;53436;NA;NA","124202118;124202116;97686;70613;NA;127381;21862929","NA;NA;NA;NA;NA;NA;NA","null","null",TRUE,TRUE,NA,NA,NA
"3,4-methyleneazelaic acid","4230_neg","3,4-methyleneazelaic acid",0.22,26.88,NA,"Unknown","null","3,4-Methyleneazelaic acid;2,4-Diaminoazobenzene","","HMDB0059744;HMDB0245446","89902;NA","122517586;10317","NA;NA","null","null",FALSE,TRUE,NA,NA,NA
"3,4-pyrrolidinediol, 2-(p-methoxybenzyl)-, 3-acetate, (2s,3r,4r)-","6783_neg","3,4-pyrrolidinediol, 2-(p-methoxybenzyl)-, 3-acetate, (2s,3r,4r)-",0.4,1316160,"Alpha amino acids and derivatives","no MS2: Alachlor OXA; LC-ESI-ITFT; MS2; CE","C14H19NO4","3,4-Pyrrolidinediol, 2-(p-methoxybenzyl)-, 3-acetate, (2S,3R,4R)-;Boc-D-phenylalanine","","HMDB0243530;HMDB0249332","NA;NA","2199;269698","NA;NA","MHCYOELBTPOBIU-UHFFFAOYSA-N","CCC1=CC=CC(CC)=C1N(COC)C(=O)C(O)=O",FALSE,TRUE,NA,NA,NA
"3,5-bis(2-fluorobenzylidene)-4-piperidone","9437_pos","3,5-bis(2-fluorobenzylidene)-4-piperidone",0.09,15.68,NA,"Unknown","null","3,5-Bis(2-fluorobenzylidene)-4-piperidone","","HMDB0246046","NA","66993057","NA","null","null",FALSE,TRUE,NA,NA,NA
"3,5-dihydroxyphenylvaleric acid","4253_pos","3,5-dihydroxyphenylvaleric acid",0.2,37.72,NA,"Unknown","null","3,5-Dihydroxyphenylvaleric acid","","HMDB0240450","NA","14080911","NA","null","null",FALSE,TRUE,NA,NA,NA
"3,5-dimethoxy-4-(sulfooxy)benzoic acid","7380_neg","3,5-dimethoxy-4-(sulfooxy)benzoic acid",0.18,14.46,NA,"Unknown","null","3,5-dimethoxy-4-(sulfooxy)benzoic acid","","HMDB0131461","NA","85519434","NA","null","null",FALSE,TRUE,"Gallic acid and derivatives","Benzene and substituted derivatives","Benzoic acids and derivatives"
"3,5-dimethyl-3'-isopropyl-l-thyronine","11029_pos","3,5-dimethyl-3'-isopropyl-l-thyronine",0.69,430320.9,NA,"Unknown","null","""3,5-Dimethyl-3'-isopropyl-L-thyronine"";Cilomilast;TETRAHYDROPAPAVERINE","","HMDB0246061;HMDB0250246;HMDB0258902","NA;94683;NA","10360080;151170;NA","NA;NA;NA","null","null",TRUE,TRUE,NA,NA,NA
"3,5-dinitrobenzoic acid","4205_neg","3,5-dinitrobenzoic acid",0.87,66.04,NA,"Unknown","null","3,5-Dinitrobenzoic acid","","HMDB0246067","73914","7433","NA","null","null",TRUE,TRUE,NA,NA,NA
"3,5-dinitrosalicylic acid","4994_neg","3,5-dinitrosalicylic acid",0.71,455.62,NA,"Unknown","null","3,5-Dinitrosalicylic acid;3-Nitro-2-nitrooxybenzoic acid","C11319","HMDB0246071;HMDB0257673","53648;NA","11873;21864131","NA;NA","null","null",TRUE,TRUE,NA,NA,NA
"3,5-pyridinedicarboxylic acid, 1,4-dihydro-2,4,6-trimethyl-, diethyl ester","6867_neg","3,5-pyridinedicarboxylic acid, 1,4-dihydro-2,4,6-trimethyl-, diethyl ester",0.42,243136.4,"Phenol ethers","no MS2: Atenolol acid; LC-ESI-ITFT; MS2; CE","C14H21NO4","3,5-Pyridinedicarboxylic acid, 1,4-dihydro-2,4,6-trimethyl-, diethyl ester;Metoprolol acid;Diethyl 2,3,4-trimethyl-2,3-dihydropyridine-5,6-dicarboxylate;Diethyl 2,4,6-trimethyl-3,4-dihydropyridine-3,5-dicarboxylate","","HMDB0247156;HMDB0254682;HMDB0258117;HMDB0260367","83605;83478;NA;NA","12446;62936;18473259;53734175","NA;NA;NA;NA","PUQIRTNPJRFRCZ-UHFFFAOYNA-N","CC(C)NCC(O)COC1=CC=C(CC(O)=O)C=C1",FALSE,TRUE,NA,NA,NA
"3,n(4)-ethenodeoxycytidine","6356_pos","3,n(4)-ethenodeoxycytidine",0.33,23.74,NA,"Unknown","null","3,N(4)-Ethenodeoxycytidine","","HMDB0246084","NA","14860098","NA","null","null",FALSE,TRUE,NA,NA,NA
"3-((4-(2-methoxyphenyl)piperazin-1-yl)methyl)-2,3-dihydroimidazo(1,2-c)quinazolin-5(6h)-one","12733_neg","3-((4-(2-methoxyphenyl)piperazin-1-yl)methyl)-2,3-dihydroimidazo(1,2-c)quinazolin-5(6h)-one",0.16,370922.7,NA,"Unknown","null","3-((4-(2-Methoxyphenyl)piperazin-1-yl)methyl)-2,3-dihydroimidazo(1,2-c)quinazolin-5(6H)-one","","HMDB0250890","NA","132891","NA","null","null",FALSE,TRUE,NA,NA,NA
"3-((aminooxy)methyl)phenol","1243_pos","3-((aminooxy)methyl)phenol",0.67,759.71,NA,"Trigonelline","null","3-((Aminooxy)methyl)phenol;3-(1H-Pyrrol-2-yl)propanoic Acid;Deferiprone;Dihydroxybenzylamine;Dimethyl-3-hydroxypyrid-4-one;3-Amino-2,3-dihydrobenzoic acid","C12110","HMDB0245766;HMDB0245768;HMDB0250932;HMDB0251340;HMDB0251390;HMDB0251519","NA;NA;68554;NA;NA;29585","188951;11286501;NA;21652519;66895773;3445","NA;NA;NA;NA;NA;NA","null","null",FALSE,TRUE,NA,NA,NA
"3-(2,4-dichloro-5-methoxyphenyl)-2-sulfanyl-4(3h)-quinazolinone","10831_neg","3-(2,4-dichloro-5-methoxyphenyl)-2-sulfanyl-4(3h)-quinazolinone",0.11,26.91,NA,"Unknown","null","3-(2,4-Dichloro-5-methoxyphenyl)-2-sulfanyl-4(3H)-quinazolinone","","HMDB0254371","NA","3825829","NA","null","null",FALSE,TRUE,NA,NA,NA
"3-(2,4-dichlorophenyl)-4-(1-methyl-1h-indol-3-yl)-1h-pyrrole-2,5-dione","11650_neg","3-(2,4-dichlorophenyl)-4-(1-methyl-1h-indol-3-yl)-1h-pyrrole-2,5-dione",0.11,4.77,NA,"Unknown","null","3-(2,4-Dichlorophenyl)-4-(1-methyl-1H-indol-3-yl)-1H-pyrrole-2,5-dione","","HMDB0245731","NA","176158","NA","null","null",FALSE,TRUE,NA,NA,NA
"3-(2-(n-(1-carboxy-3-phenylpropyl)amino)propionyl)-1-methyl-2-oxoimidazolidine-4-carboxylic acid","12030_neg","3-(2-(n-(1-carboxy-3-phenylpropyl)amino)propionyl)-1-methyl-2-oxoimidazolidine-4-carboxylic acid",0.38,15.79,NA,"Unknown","null","3-(2-(N-(1-Carboxy-3-phenylpropyl)amino)propionyl)-1-methyl-2-oxoimidazolidine-4-carboxylic acid","","HMDB0244459","NA","129109","NA","null","null",FALSE,TRUE,NA,NA,NA
"3-(2-hydroxyethyl)histidine","3642_pos","3-(2-hydroxyethyl)histidine",0.87,1778.92,NA,"N-Acetylhistidine","null","3-(2-Hydroxyethyl)histidine","","HMDB0245773","NA","21120587","NA","null","null",TRUE,TRUE,NA,NA,NA
"3-(3,5-dichlorophenyl)-4-hydroxy-2-oxo-n-propan-2-ylimidazole-1-carboxamide","10309_pos","3-(3,5-dichlorophenyl)-4-hydroxy-2-oxo-n-propan-2-ylimidazole-1-carboxamide",0.22,97026.33,NA,"Unknown","null","3-(3,5-Dichlorophenyl)-4-hydroxy-2-oxo-N-propan-2-ylimidazole-1-carboxamide","","HMDB0255406","NA","54289323","NA","null","null",FALSE,TRUE,NA,NA,NA
"3-(3-hydroxyphenyl)propanoic acid","2155_neg","3-(3-hydroxyphenyl)propanoic acid",0.84,78.77,NA,"3-(3-Hydroxyphenyl)Propanoic Acid","null","3-(3-Hydroxyphenyl)propanoic acid;D-Phenyllactic acid;L-3-Phenyllactic acid;Phenyllactic acid;4-Methoxyphenylacetic acid;Desaminotyrosine;Ethyl salicylate;Ethylparaben;3-(2-Hydroxyphenyl)propanoic acid;4-Hydroxyphenyl-2-propionic acid;3-Methoxyphenylacetic acid;3-Methyltetrahydrophthalic anhydride;Acetovanillone;1,2,3,6-Tetrahydromethylphthalic anhydride;Paeonol;3a,4,5,6,7,7a-Hexahydroindene-1,2,3-trione","C11457;C05607;C05607;C01479;C01744;C01198;C03080;C11380;C10712","HMDB0000375;HMDB0000563;HMDB0000748;HMDB0000779;HMDB0002072;HMDB0002199;HMDB0029817;HMDB0032573;HMDB0033752;HMDB0041683;HMDB0059969;HMDB0245936;HMDB0247918;HMDB0254937;HMDB0256081;HMDB0260012","1427;43065;32978;25998;55501;32980;NA;31575;16104;NA;NA;NA;2781;55466;NA;NA","91;444718;643327;3848;7690;10394;8365;8434;873;102526;15719;12726603;2214;198243;NA;51381126","NA;NA;NA;NA;NA;NA;NA;NA;NA;NA;NA;NA;NA;NA;NA;NA","null","null",TRUE,TRUE,NA,NA,NA
"3-(4-chlorophenyl)-n-(pyridin-4-ylmethyl)adamantane-1-carboxamide","12207_neg","3-(4-chlorophenyl)-n-(pyridin-4-ylmethyl)adamantane-1-carboxamide",0.24,4.71,NA,"Unknown","null","3-(4-Chlorophenyl)-N-(pyridin-4-ylmethyl)adamantane-1-carboxamide;Scarlet red","","HMDB0247745;HMDB0258560","NA;88014","NA;62330","NA;NA","null","null",FALSE,TRUE,NA,NA,NA
"3-(5-acetamido-2-hydroxyphenyl)sulfanyl-2-oxopropanoic acid","6928_neg","3-(5-acetamido-2-hydroxyphenyl)sulfanyl-2-oxopropanoic acid",0.24,6.74,NA,"Unknown","null","3-(5-Acetamido-2-hydroxyphenyl)sulfanyl-2-oxopropanoic acid","","HMDB0255408","NA","91072485","NA","null","null",FALSE,TRUE,NA,NA,NA
"3-(azetidin-2-ylmethoxy)-5-iodopyridine","7930_neg","3-(azetidin-2-ylmethoxy)-5-iodopyridine",0.09,3.1,NA,"Unknown","null","3-(Azetidin-2-ylmethoxy)-5-iodopyridine","","HMDB0250070","NA","44328885","NA","null","null",FALSE,TRUE,NA,NA,NA
"3-(n-maleimidopropionyl)biocytin","18470_pos","3-(n-maleimidopropionyl)biocytin",0.27,389949.8,NA,"Maltotriose","null","3-(N-Maleimidopropionyl)biocytin","","HMDB0245790","NA","5233104","NA","null","null",FALSE,TRUE,NA,NA,NA
"3-[(1r,2r,3s)-3-carboxy-1,2,3-trihydroxypropyl]dioxirane-3-carboxylic acid","4781_neg","3-[(1r,2r,3s)-3-carboxy-1,2,3-trihydroxypropyl]dioxirane-3-carboxylic acid",0.22,56.84,NA,"Unknown","null","3-[(1R,2R,3S)-3-Carboxy-1,2,3-trihydroxypropyl]dioxirane-3-carboxylic acid","","HMDB0255411","NA","76054794","NA","null","null",FALSE,TRUE,NA,NA,NA
"3-[(2e)-2-[(e)-4-(1,3-dibutyl-4,6-dioxo-2-sulfanylidene-1,3-diazinan-5-ylidene)but-2-enylidene]-1,3-benzoxazol-3-yl]propane-1-sulfonic acid","18951_neg","3-[(2e)-2-[(e)-4-(1,3-dibutyl-4,6-dioxo-2-sulfanylidene-1,3-diazinan-5-ylidene)but-2-enylidene]-1,3-benzoxazol-3-yl]propane-1-sulfonic acid",0.27,681950.3,NA,"Unknown","null","3-[(2E)-2-[(E)-4-(1,3-Dibutyl-4,6-dioxo-2-sulfanylidene-1,3-diazinan-5-ylidene)but-2-enylidene]-1,3-benzoxazol-3-yl]propane-1-sulfonic acid","","HMDB0254360","NA","4073","NA","null","null",FALSE,TRUE,NA,NA,NA
"3-[2-[(2r)-2-phenyl-4-[(4-pyridin-4-ylphenyl)methyl]morpholin-2-yl]ethyl]-1h-quinazoline-2,4-dione","18375_pos","3-[2-[(2r)-2-phenyl-4-[(4-pyridin-4-ylphenyl)methyl]morpholin-2-yl]ethyl]-1h-quinazoline-2,4-dione",0.09,537357.3,NA,"Unknown","null","3-[2-[(2R)-2-Phenyl-4-[(4-pyridin-4-ylphenyl)methyl]morpholin-2-yl]ethyl]-1H-quinazoline-2,4-dione","","HMDB0257337","NA","91377396","NA","null","null",FALSE,TRUE,NA,NA,NA
"3-[3-(sulfooxy)phenyl]propanoic acid","5883_neg","3-[3-(sulfooxy)phenyl]propanoic acid",0.69,977.69,NA,"Unknown","null","3-[3-(Sulfooxy)phenyl]propanoic acid;3-[4-(sulfooxy)phenyl]propanoic acid;Ethylparaben sufate","","HMDB0094710;HMDB0125171;HMDB0240706","64414;NA;133704","187488;49844036;22908099","NA;NA;NA","null","null",TRUE,TRUE,NA,NA,NA
"3-[3-fluoro-4-[6-(2-methyl-2h-tetrazol-5-yl)-3-pyridinyl]phenyl]-5-(hydroxymethyl)-2-oxazolidinone","11677_neg","3-[3-fluoro-4-[6-(2-methyl-2h-tetrazol-5-yl)-3-pyridinyl]phenyl]-5-(hydroxymethyl)-2-oxazolidinone",0.42,34.85,NA,"Unknown","null","3-[3-Fluoro-4-[6-(2-methyl-2H-tetrazol-5-YL)-3-pyridinyl]phenyl]-5-(hydroxymethyl)-2-oxazolidinone","","HMDB0245794","NA","11653580","NA","null","null",FALSE,TRUE,NA,NA,NA
"3-[3-tert-butylsulfanyl-1-[(4-chlorophenyl)methyl]-5-propan-2-ylindol-2-yl]-2,2-dimethylpropanoic acid","16668_pos","3-[3-tert-butylsulfanyl-1-[(4-chlorophenyl)methyl]-5-propan-2-ylindol-2-yl]-2,2-dimethylpropanoic acid",0.02,6.53,NA,"Unknown","null","3-[3-Tert-butylsulfanyl-1-[(4-chlorophenyl)methyl]-5-propan-2-ylindol-2-yl]-2,2-dimethylpropanoic acid","","HMDB0254788","75390","3651377","NA","null","null",FALSE,TRUE,NA,NA,NA
"3-[4-(1-imidazolylmethyl)phenyl]-2-propenoic acid","5016_neg","3-[4-(1-imidazolylmethyl)phenyl]-2-propenoic acid",0.22,8.74,NA,"Unknown","null","3-[4-(1-Imidazolylmethyl)phenyl]-2-propenoic acid","","HMDB0245302","92359","4646","NA","null","null",FALSE,TRUE,NA,NA,NA
"3-[[(2r)-2-acetamido-2-carboxyethyl]disulfanyl]-2-aminopropanoic acid","7571_neg","3-[[(2r)-2-acetamido-2-carboxyethyl]disulfanyl]-2-aminopropanoic acid",0.51,97.26,NA,"Unknown","null","3-[[(2R)-2-Acetamido-2-carboxyethyl]disulfanyl]-2-aminopropanoic acid","","HMDB0247775","NA","65352","NA","null","null",TRUE,TRUE,NA,NA,NA
"3-amino-4-sulfanylbutane-1-sulfonic acid","2911_neg","3-amino-4-sulfanylbutane-1-sulfonic acid",0.02,19.4,NA,"Unknown","null","3-Amino-4-sulfanylbutane-1-sulfonic acid","","HMDB0257610","NA","10013250","NA","null","null",FALSE,TRUE,NA,NA,NA
"3-amino-5-(3-thiophenyl)-2-thiophenecarboxamide","4960_pos","3-amino-5-(3-thiophenyl)-2-thiophenecarboxamide",0.29,999681.9,NA,"Unknown","null","3-Amino-5-(3-thiophenyl)-2-thiophenecarboxamide","","HMDB0257535","NA","NA","NA","null","null",FALSE,TRUE,NA,NA,NA
"3-amino-6-{4-[(4-methylpiperazin-1-yl)sulfonyl]phenyl}-n-pyridin-3-ylpyrazine-2-carboxamide","15486_neg","3-amino-6-{4-[(4-methylpiperazin-1-yl)sulfonyl]phenyl}-n-pyridin-3-ylpyrazine-2-carboxamide",0.33,10.48,NA,"Unknown","null","3-Amino-6-{4-[(4-Methylpiperazin-1-Yl)sulfonyl]phenyl}-N-Pyridin-3-Ylpyrazine-2-Carboxamide","","HMDB0248784","167652","10138980","NA","null","null",TRUE,TRUE,NA,NA,NA
"3-amino-n-[(4-methoxyphenyl)methyl]-4,6-dimethylthieno[2,3-b]pyridine-2-carboxamide","10355_neg","3-amino-n-[(4-methoxyphenyl)methyl]-4,6-dimethylthieno[2,3-b]pyridine-2-carboxamide",0.36,6.72,NA,"Unknown","null","3-Amino-N-[(4-methoxyphenyl)methyl]-4,6-dimethylthieno[2,3-b]pyridine-2-carboxamide","","HMDB0259878","NA","NA","NA","null","null",FALSE,TRUE,NA,NA,NA
"3-aminopropylphosphonic acid","1218_neg","3-aminopropylphosphonic acid",0.02,4.9,NA,"Unknown","null","3-Aminopropylphosphonic acid;5-Formylcytosine","","HMDB0245822;HMDB0246797","142993;76794","97587;10986305","NA;NA","null","null",FALSE,TRUE,NA,NA,NA
"3-buten-2-one 1-(2,3,6-trimethyl phenyl)","3259_pos","3-buten-2-one 1-(2,3,6-trimethyl phenyl)",0.02,3.7,NA,"Unknown","null","3-Buten-2-one 1-(2,3,6-trimethyl phenyl);1-H-Inden-1-one,2,3-dihydro-3,3,5,6-tetramethyl","","HMDB0059677;HMDB0059683","NA;89467","41183;599689","NA;NA","null","null",FALSE,TRUE,NA,NA,NA
"3-chloro-2-hydroxypropanoic acid","779_pos","3-chloro-2-hydroxypropanoic acid",0.87,578874.4,NA,"Unknown","null","3-Chloro-2-hydroxypropanoic acid;phosphonoacetaldehyde","C03167","HMDB0244784;HMDB0256485","77855;18124","92899;NA","NA;NA","null","null",TRUE,TRUE,NA,NA,NA
"3-chloro-2-methyl-n-(4-(2-(4-methylpiperazin-1-yl)-2-oxoethyl)thiazol-2-yl)benzenesulfonamide","14405_neg","3-chloro-2-methyl-n-(4-(2-(4-methylpiperazin-1-yl)-2-oxoethyl)thiazol-2-yl)benzenesulfonamide",0.13,8.15,NA,"Unknown","null","3-Chloro-2-methyl-N-(4-(2-(4-methylpiperazin-1-yl)-2-oxoethyl)thiazol-2-yl)benzenesulfonamide","","HMDB0246223","NA","6918651","NA","null","null",FALSE,TRUE,NA,NA,NA
"3-chloro-d-alanine","695_neg","3-chloro-d-alanine",0.4,95.36,NA,"Unknown","null","3-Chloro-D-alanine;2-Chloro-L-alanine","","HMDB0243713;HMDB0245058","88164;NA","78;18923964","NA;NA","null","null",FALSE,TRUE,NA,NA,NA
"3-chlorophenylhydrazone","1243_neg","3-chlorophenylhydrazone",0.13,51.57,NA,"Unknown","null","3-Chlorophenylhydrazone","","HMDB0245842","NA","101131478","NA","null","null",FALSE,TRUE,NA,NA,NA
"3-deazaneplanocin","6937_pos","3-deazaneplanocin",0.02,1.7,NA,"Unknown","null","3-Deazaneplanocin","","HMDB0245851","NA","358177","NA","null","null",FALSE,TRUE,NA,NA,NA
"3-dehydroquinic acid","3157_neg","3-dehydroquinic acid",0.73,2071.91,NA,"Unknown","null","3-Dehydroquinic acid;2-O-Methylascorbic acid;""1,1'-Oxalyldiimidazole""","C00944","HMDB0012710;HMDB0240294;HMDB0244820","17947;NA;NA","439351;54726398;NA","NA;NA;NA","null","null",TRUE,TRUE,NA,NA,NA
"3-dehydroshikimate","2370_neg","3-dehydroshikimate",0.09,6.75,NA,"3-Dehydroshikimate","null",NA,NA,NA,NA,NA,NA,"null","null",FALSE,TRUE,NA,NA,NA
"3-diphosphoglyceric acid","5095_neg","3-diphosphoglyceric acid",0.84,215.68,NA,"Unknown","null","3-Diphosphoglyceric acid","","HMDB0245860","NA","129635475","NA","null","null",TRUE,TRUE,NA,NA,NA
"3-fluorophenmetrazine","3381_neg","3-fluorophenmetrazine",0.18,79.52,NA,"Unknown","null","3-Fluorophenmetrazine;4-(4-Fluorophenyl)piperidin-4-ol","","HMDB0244559;HMDB0246291","NA;NA","NA;77497","NA;NA","null","null",FALSE,TRUE,NA,NA,NA
"3-hexanone","231_pos","3-hexanone",0.24,12.63,NA,"Unknown","null","3-Hexanone;Methyl isobutyl ketone;2-Oxohexane;Ethyl isopropyl ketone;Hexanal;2-Methylpentanal;3-Methyl-1-penten-3-ol;n-Butyl vinyl ether","C19263;C02373","HMDB0000753;HMDB0002939;HMDB0005842;HMDB0005846;HMDB0005994;HMDB0031578;HMDB0061882;HMDB0255093","89891;142806;89206;NA;88528;NA;88375;NA","11509;7909;11583;11265;6184;31245;13519;8108","NA;NA;NA;NA;NA;NA;NA;NA","null","null",FALSE,TRUE,NA,NA,NA
"3-hydroxy-3-carboxymethyl-adipic acid","4606_neg","3-hydroxy-3-carboxymethyl-adipic acid",0.47,321.53,NA,"Unknown","null","3-Hydroxy-3-carboxymethyl-adipic acid","","HMDB0059775","89858","88181051","NA","null","null",TRUE,TRUE,NA,NA,NA
"3-hydroxy-4,5-dimethyl-2(5h)-furanone","867_neg","3-hydroxy-4,5-dimethyl-2(5h)-furanone",0.8,33.42,NA,"Unknown","null","3-Hydroxy-4,5-dimethyl-2(5H)-furanone;(\xc2\xb1)-Furaneol;2,3,5-Hexanetrione","","HMDB0031306;HMDB0040594;HMDB0245435","NA;76247;NA","62835;19309;13418281","NA;NA;NA","null","null",FALSE,TRUE,NA,NA,NA
"3-hydroxy-5,8-tetradecadienoylcarnitine","12916_pos","3-hydroxy-5,8-tetradecadienoylcarnitine",0.42,250.07,NA,"Unknown","null","3-Hydroxy-5,8-tetradecadienoylcarnitine","","HMDB0013332","NA","NA","NA","null","null",FALSE,TRUE,NA,NA,NA
"3-hydroxy-cis-5-tetradecenoylcarnitine","13005_pos","3-hydroxy-cis-5-tetradecenoylcarnitine",0.31,87299.41,NA,"Unknown","null","3-Hydroxy-cis-5-tetradecenoylcarnitine;hydroxytetradecenoylcarnitine","","HMDB0013330;HMDB0253296","NA;NA","53481699;129849063","NA;NA","null","null",TRUE,TRUE,NA,NA,NA
"3-hydroxy-l-aspartic acid","1550_neg","3-hydroxy-l-aspartic acid",0.62,228.43,NA,"Unknown","null","3-Hydroxy-L-aspartic acid;Diethyldithiocarbamic acid;Nereistoxin;6-Aminopurin-8-one;threo-hydroxyaspartic acid","C19150;C11474","HMDB0245891;HMDB0251244;HMDB0255542;HMDB0258004;HMDB0259046","83981;NA;7521;NA;NA","NA;8987;NA;22134339;10313218","NA;NA;NA;NA;NA","null","null",TRUE,TRUE,NA,NA,NA
"3-hydroxyamino-4,6-dimethyldipyrido(1,2-a:3',2'-d)imidazole","5170_pos","3-hydroxyamino-4,6-dimethyldipyrido(1,2-a:3',2'-d)imidazole",0.33,9.48,NA,"Unknown","null","""3-Hydroxyamino-4,6-dimethyldipyrido(1,2-a:3',2'-d)imidazole"";Glycerol 1,2-dimethacrylate","","HMDB0249731;HMDB0252838","NA;NA","152165;9942690","NA;NA","null","null",FALSE,TRUE,NA,NA,NA
"3-hydroxyanthranilic acid","1682_neg","3-hydroxyanthranilic acid",0.22,5.76,NA,"Ahba","null","3-Hydroxyanthranilic acid;3-Aminosalicylic acid;Mesalazine;6-Methoxy-pyridine-3-carboxylic acid;3-Methyl-4-nitrophenol;4-Nitroanisole;4-Nitrobenzyl alcohol;2,5-Dihydroxybenzamide;Salicylhydroxamic acid;2-Aminooxybenzoic acid;5-Formyl-2H-pyran-6-carboxamide","C00632;C07555;C11343","HMDB0001476;HMDB0001972;HMDB0014389;HMDB0059749;HMDB0245927;HMDB0246530;HMDB0246534;HMDB0252697;HMDB0257460;HMDB0257563;HMDB0260351","15793;1162549;6775;NA;38683;1911;41214;NA;45615;NA;NA","86;68443;4075;NA;17412;NA;NA;72877;NA;16051978;18648446","1485273;NA;NA;NA;NA;NA;NA;NA;NA;NA;NA","null","null",FALSE,TRUE,NA,NA,NA
"3-hydroxybenzo(a)pyrene","6904_neg","3-hydroxybenzo(a)pyrene",0.27,9.67,NA,"Unknown","null","3-Hydroxybenzo(a)pyrene","C14461","HMDB0248998","NA","25890","NA","null","null",FALSE,TRUE,NA,NA,NA
"3-hydroxybenzoic acid-3-o-sulphate","4485_neg","3-hydroxybenzoic acid-3-o-sulphate",0.84,263.94,NA,"Unknown","null","3-hydroxybenzoic acid-3-O-sulphate;4-hydroxybenzoic acid-4-O-sulphate","","HMDB0059968;HMDB0059982","88717;88700","21126437;18690341","NA;NA","null","null",TRUE,TRUE,NA,NA,NA
"3-hydroxybutyrylcarnitine","6170_pos","3-hydroxybutyrylcarnitine",0.11,10.46,NA,"Hydroxybutyrylcarnitine","null","3-Hydroxybutyrylcarnitine;(R)-3-hydroxybutyrylcarnitine;Peramine","","HMDB0013127;HMDB0062735;HMDB0256303","NA;84842;NA","NA;90659885;NA","NA;NA;NA","null","null",FALSE,TRUE,NA,NA,NA
"3-hydroxydodecanedioic acid","5908_neg","3-hydroxydodecanedioic acid",0.8,386.63,NA,"Unknown","null","3-Hydroxydodecanedioic acid","","HMDB0000413","NA","16663321","NA","null","null",FALSE,TRUE,NA,NA,NA
"3-hydroxyisovalerylcarnitine","6901_pos","3-hydroxyisovalerylcarnitine",0.84,48.92,NA,"Unknown","null","3-Hydroxyisovalerylcarnitine;hydroxyisovaleroyl carnitine;2-Hydroxyisovalerylcarnitine;Pinacidil pyridine N-oxide","","HMDB0061189;HMDB0062555;HMDB0240421;HMDB0256557","NA;NA;NA;NA","53915061;57357187;NA;64775","NA;NA;NA;NA","null","null",TRUE,TRUE,NA,NA,NA
"3-hydroxynorvaline","1140_pos","3-hydroxynorvaline",0.78,298.71,"Beta amino acids and derivatives","no MS2: L-beta-Homothreonine; LC-ESI-QTOF; MS2; CE","C5H11NO3","3-Hydroxynorvaline;Amyl nitrate","","HMDB0244983;HMDB0256295","74112;NA","65097;NA","NA;NA","NIVRJEWVLMOZNV-QWWZWVQMSA-N","C[C@@H](O)[C@H](N)CC(O)=O",FALSE,TRUE,NA,NA,NA
"3-hydroxypyridine sulfate","2503_neg","3-hydroxypyridine sulfate",0.07,140.06,NA,"Unknown","null","3-Hydroxypyridine sulfate","","HMDB0240652","133559","22642043","NA","null","null",FALSE,TRUE,NA,NA,NA
"3-hydroxysebacic acid","4518_neg","3-hydroxysebacic acid",0.69,3143.26,NA,"Unknown","null","3-Hydroxysebacic acid;2-Hydroxydecanedioic acid","","HMDB0000350;HMDB0000424","NA;89312","124350389;128458","NA;NA","null","null",TRUE,TRUE,NA,NA,NA
"3-hydroxysuberic acid","3170_neg","3-hydroxysuberic acid",0.42,315.96,NA,"Unknown","null","3-Hydroxysuberic acid","","HMDB0000325","70766","22328017","NA","null","null",FALSE,TRUE,NA,NA,NA
"3-hydroxytetradecanedioic acid","7211_neg","3-hydroxytetradecanedioic acid",0.69,6062.2,NA,"Unknown","null","3-Hydroxytetradecanedioic acid","","HMDB0000394","NA","20848956","NA","null","null",TRUE,TRUE,NA,NA,NA
"3-iodo-2-propynyl butylcarbamate","7879_pos","3-iodo-2-propynyl butylcarbamate",0.07,1417606,"Carboximidic acids and derivatives","no MS2: Iodocarb; LC-ESI-ITFT; MS2; CE","C8H12INO2","3-Iodo-2-propynyl butylcarbamate","","HMDB0246958","83279","62097","NA","WYVVKGNFXHOCQV-UHFFFAOYSA-N","CCCCN=C(O)OCC#CI",FALSE,TRUE,NA,NA,NA
"3-mercaptolactic acid","665_neg","3-mercaptolactic acid",0.42,82.19,NA,"Unknown","null","3-Mercaptolactic acid;1,3-Propane sultone","C05823;C19296","HMDB0002127;HMDB0244180","NA;NA","160645;14264","46576;NA","null","null",FALSE,TRUE,NA,NA,NA
"3-mercaptopyruvic acid","619_neg","3-mercaptopyruvic acid",0.42,112.86,NA,"Unknown","null","3-Mercaptopyruvic acid","C00957","HMDB0001368","16208","98","36476","null","null",FALSE,TRUE,NA,NA,NA
"3-methoxy-4-hydroxyphenylglycol glucuronide","11206_neg","3-methoxy-4-hydroxyphenylglycol glucuronide",0.84,2806.29,NA,"Unknown","null","3-Methoxy-4-hydroxyphenylglycol glucuronide;(2S,3S,4S,5R,6R)-3,4,5-Trihydroxy-6-[2-hydroxy-2-(4-hydroxy-3-methoxyphenyl)ethoxy]oxane-2-carboxylic acid","C03033","HMDB0000496;HMDB0242591","89405;NA","22833525;14402156","NA;NA","null","null",FALSE,TRUE,NA,NA,NA
"3-methoxy-4-hydroxyphenylglycol sulfate","6712_neg","3-methoxy-4-hydroxyphenylglycol sulfate",0.42,131.06,NA,"Unknown","null","3-Methoxy-4-Hydroxyphenylglycol sulfate;Raluridine","","HMDB0003332;HMDB0257101","NA;NA","3035420;60708","NA;NA","null","null",FALSE,TRUE,NA,NA,NA
"3-methoxybenzene-1,2-diol","1245_neg","3-methoxybenzene-1,2-diol",0.33,13.75,NA,"Unknown","null","3-methoxybenzene-1,2-diol;2-Methoxy-1,3-benzenediol;Cyclohepta-1,3,5-trione","","HMDB0125538;HMDB0133970;HMDB0250645","141700;NA;NA","13622;121805;18637487","NA;NA;NA","null","null",FALSE,TRUE,"Methoxyphenols","Phenols","Methoxyphenols"
"3-methoxybenzenepropanoic acid","2924_pos","3-methoxybenzenepropanoic acid",0.42,84.4,NA,"Unknown","null","3-Methoxybenzenepropanoic acid;Propylparaben;2-Methyl-2-phenoxypropanoic acid;1-Propanone, 1-(3,4-dihydroxyphenyl)-2-methyl-;Isopropyl 4-hydroxybenzoate","C15475;C20343","HMDB0011751;HMDB0032574;HMDB0245216;HMDB0246944;HMDB0253675","NA;32063;NA;NA;NA","66336;7175;70343;21632;20161","NA;NA;NA;NA;NA","null","null",FALSE,TRUE,NA,NA,NA
"3-methoxytyramine","2309_pos","3-methoxytyramine",0.82,988.48,NA,"Phenylalanine","null","3-Methoxytyramine;Phenylephrine;p-Synephrine;4-Methoxytyramine;(-)-4-Hydroxynorephedrin;1,2-Diethyl-3-hydroxypyridin-4-one;3-(2-Amino-1-hydroxypropyl)phenol;8-Azaspiro[4.5]decane-7,9-dione;3h-Phenylalanine;Anhydroecgonine;4-[2-(Methoxyamino)ethyl]phenol;DL-2,5-Dihydrophenylalanine;dl-Mesatone;l-Tyrosinol;2-Methyldopamine","C05587;C07441;C04548","HMDB0000022;HMDB0002182;HMDB0004826;HMDB0012162;HMDB0243504;HMDB0244071;HMDB0245769;HMDB0245995;HMDB0246272;HMDB0248435;HMDB0249968;HMDB0251507;HMDB0251522;HMDB0253925;HMDB0259535","742324;8093;29081;89641;NA;NA;NA;NA;NA;NA;NA;NA;NA;NA;NA","1669;6041;7172;1748;11099;86322;4087;136843;77552485;101709;20476240;204298;4782;548190;68384","46076;NA;NA;NA;NA;NA;NA;NA;NA;NA;NA;NA;NA;NA;NA","null","null",TRUE,TRUE,NA,NA,NA
"3-methoxytyrosine","4208_pos","3-methoxytyrosine",0.42,139.13,NA,"3-Methoxytyrosine","null",NA,NA,NA,NA,NA,NA,"null","null",FALSE,TRUE,NA,NA,NA
"3-methyl sulfolene","1103_pos","3-methyl sulfolene",0.87,138.04,NA,"Unknown","null","3-Methyl sulfolene","","HMDB0059667","NA","70941","NA","null","null",TRUE,TRUE,NA,NA,NA
"3-methyl-1-(2-methylpropyl)-7h-purine-2,6-dione","4884_pos","3-methyl-1-(2-methylpropyl)-7h-purine-2,6-dione",0.18,14.3,NA,"Unknown","null","3-Methyl-1-(2-methylpropyl)-7H-purine-2,6-dione;3-Isobutyl-1-methylxanthine;3,7-Dihydro-8-methyl-3-(2-methylpropyl)-1H-purine-2,6-dione;Morinamide;3-Methyl-8-(2-methylpropyl)-7H-purine-2,6-dione;9-Methyl-3-(2-methylpropyl)purine-2,6-dione;3-Methyl-9-(2-methylpropyl)purine-2,6-dione","C13708","HMDB0243910;HMDB0245912;HMDB0250815;HMDB0254885;HMDB0257658;HMDB0258040;HMDB0258080","NA;34795;NA;NA;NA;NA;NA","9815900;3758;3059003;70374;54547342;57283441;57028941","NA;NA;NA;NA;NA;NA;NA","null","null",FALSE,TRUE,NA,NA,NA
"3-methyl-2(3h)-benzothiazolone","2099_neg","3-methyl-2(3h)-benzothiazolone",0.2,81.85,NA,"Unknown","null","3-Methyl-2(3H)-benzothiazolone","","HMDB0245729","NA","76031","NA","null","null",FALSE,TRUE,NA,NA,NA
"3-methyladenine","1679_pos","3-methyladenine",0.42,465.81,NA,"3-METHYLADENINE","null",NA,NA,NA,NA,NA,NA,"null","null",FALSE,TRUE,NA,NA,NA
"3-methyladipic acid","1935_neg","3-methyladipic acid",0.67,371.22,NA,"[FA (7:0/2:0)] Heptanedioic acid","null","3-Methyladipic acid;Pimelic acid;2-Methyladipic acid;2-Ethylglutaric acid;5-Dihydroxyhept-6-enoic acid;Diethylmalonic acid;Dimethyl glutarate;Quinazoline-2,4-diamine","C02656","HMDB0000555;HMDB0000857;HMDB0029167;HMDB0059738;HMDB0246781;HMDB0251250;HMDB0251385;HMDB0257036","NA;30531;NA;NA;NA;NA;NA;NA","6999745;385;522067;291968;57016125;NA;14242;NA","NA;NA;NA;NA;NA;NA;NA;NA","null","null",FALSE,TRUE,NA,NA,NA
"3-methyladipoylcarnitine","8673_neg","3-methyladipoylcarnitine",0.09,244.48,NA,"Unknown","null","3-Methyladipoylcarnitine","","HMDB0240666","NA","NA","NA","null","null",FALSE,TRUE,NA,NA,NA
"3-methylcrotonylglycine","1816_neg","3-methylcrotonylglycine",0.89,720.61,"N-acyl-alpha amino acids","no MS2: N-Tigloylglycine; LC-ESI-QTOF; MS2; CE","C7H11NO3","3-Methylcrotonylglycine;Tiglylglycine;N-Acetylproline;Glycine, N-[(2E)-2-methyl-1-oxo-2-butenyl]-","","HMDB0000459;HMDB0000959;HMDB0094701;HMDB0247952","68499;73018;21560;NA","169485;6441567;66141;169720","NA;NA;NA;NA","WRUSVQOKJIDBLP-HWKANZROSA-N","C\C=C(/C)C(O)=NCC(O)=O",TRUE,TRUE,NA,NA,NA
"3-methylglutaconic acid","1377_neg","3-methylglutaconic acid",0.87,106.51,NA,"3-Hexenedioic Acid","null","3-Methylglutaconic acid;(E)-2-Methylglutaconic acid;trans-2-Hexenedioic acid;2-Ethylbut-2-enedioic acid;2,3-Dimethylbut-2-enedioic acid;3,6-Dimethyl-1,4-dioxane-2,5-dione;4-Ethoxy-4-oxobut-2-enoic acid;2-Oxopropyl 2-oxopropanoate;1,1-Cyclobutanedicarboxylic acid;Dimethyl but-2-enedioate;Triacetic acid","C01757","HMDB0000522;HMDB0002266;HMDB0013311;HMDB0245118;HMDB0245400;HMDB0246077;HMDB0246416;HMDB0247914;HMDB0250639;HMDB0251383;HMDB0259137","37245;NA;49296;NA;NA;NA;NA;NA;35691;NA;16558","1551553;6368126;10877230;NA;10262;7272;41331;10149004;2568;NA;NA","NA;NA;NA;NA;NA;NA;NA;NA;NA;NA;NA","null","null",TRUE,TRUE,NA,NA,NA
"3-methylglutarylcarnitine","8313_pos","3-methylglutarylcarnitine",0.87,175.61,NA,"Unknown","null","3-Methylglutarylcarnitine;6,7-Dimethoxy-2-(piperazin-1-yl)quinazolin-4-amine;Etazolate","","HMDB0000552;HMDB0247128;HMDB0251990","NA;NA;138502","NA;NA;NA","NA;NA;NA","null","null",TRUE,TRUE,NA,NA,NA
"3-methylhistamine","821_pos","3-methylhistamine",0.84,700.4,NA,"3-METHYLHISTAMINE","null",NA,NA,NA,NA,NA,NA,"null","null",TRUE,TRUE,NA,NA,NA
"3-methylhistidine","2458_pos","3-methylhistidine",0.87,2600.96,NA,"3-Methylhistidine","null",NA,NA,NA,NA,NA,NA,"null","null",TRUE,TRUE,NA,NA,NA
"3-methylsulfinylpropyl isothiocyanate","2026_neg","3-methylsulfinylpropyl isothiocyanate",0.2,140.82,NA,"Unknown","null","3-Methylsulfinylpropyl isothiocyanate","","HMDB0006095","89494","10455","NA","null","null",FALSE,TRUE,NA,NA,NA
"3-methylthiopropionic acid","606_pos","3-methylthiopropionic acid",0.87,47.29,NA,"3-Methylthiopropionic Acid","null","3-Methylthiopropionic acid;Allyl methyl sulfone;4-Mercaptobutyric acid;Sulfobetaine;Sulfolane","C08276","HMDB0001527;HMDB0112255;HMDB0246487;HMDB0258591;HMDB0258594","1438;NA;138400;16471;74794","563;NA;25700;NA;NA","NA;NA;NA;NA;NA","null","null",TRUE,TRUE,NA,NA,NA
"3-methylthymidine","6616_pos","3-methylthymidine",0.76,9179.01,NA,"Unknown","null","3-Methylthymidine;""5'-o-Methylthymidine"";Edoxudine;Methyl-3H-thymidine;2-(2-Aminopropanoylamino)bicyclo[3.1.0]hexane-2,6-dicarboxylic acid","","HMDB0245937;HMDB0246885;HMDB0251705;HMDB0254620;HMDB0255353","NA;NA;NA;NA;NA","1675;3371855;1814;18623805;72751113","NA;NA;NA;NA;NA","null","null",TRUE,TRUE,NA,NA,NA
"3-methyluric acid","2802_neg","3-methyluric acid",0.58,107.24,NA,"Unknown","null","3-Methyluric acid;1-Methyluric acid;7-Methyluric acid","C16359;C16355","HMDB0001970;HMDB0003099;HMDB0011107","149031;68441;NA","11804;69726;69160","NA;NA;NA","null","null",TRUE,TRUE,NA,NA,NA
"3-nitrobenzaldoxime","2146_neg","3-nitrobenzaldoxime",0.4,689.73,NA,"Unknown","null","3-Nitrobenzaldoxime","","HMDB0245946","NA","219132","NA","null","null",FALSE,TRUE,NA,NA,NA
"3-nitrobenzene-1,2-diol","1745_neg","3-nitrobenzene-1,2-diol",0.11,23.12,NA,"Unknown","null","3-Nitrobenzene-1,2-diol","","HMDB0245948","NA","4675622","NA","null","null",FALSE,TRUE,NA,NA,NA
"3-nitrotyrosine","4907_neg","3-nitrotyrosine",0.22,31.74,NA,"3-Nitrotyrosine","null","3-Nitrotyrosine;5H-Indazole-5,5-dicarboxylicacid, 1,2,3,4,6,7-hexahydro-3-oxo-;Nitrotyrosine","","HMDB0001904;HMDB0244329;HMDB0255667","44454;NA;NA","65124;21121227;18944758","NA;NA;NA","null","null",FALSE,TRUE,NA,NA,NA
"3-oxalomalic acid","3895_neg","3-oxalomalic acid",0.33,10.72,NA,"Unknown","null","3-Oxalomalic acid","C01990","HMDB0245962","30926","439620","NA","null","null",FALSE,TRUE,NA,NA,NA
"3-phenoxypropylene di(acetate)","6157_neg","3-phenoxypropylene di(acetate)",0.29,6.54,NA,"Unknown","null","3-Phenoxypropylene di(acetate);Amdoxovir;Trinexapac-ethyl","C18541","HMDB0245968;HMDB0248284;HMDB0259248","NA;NA;81817","95697;9856349;NA","NA;NA;NA","null","null",FALSE,TRUE,NA,NA,NA
"3-phenyl-1h-pyrazole-4-carbaldehyde","2375_neg","3-phenyl-1h-pyrazole-4-carbaldehyde",0.02,66.97,NA,"Unknown","null","3-Phenyl-1H-pyrazole-4-carbaldehyde;isoquinoline-1-carboxamide;Quinoline-3-carboxamide","","HMDB0245970;HMDB0253684;HMDB0257045","NA;NA;NA","291816;97319;NA","NA;NA;NA","null","null",FALSE,TRUE,NA,NA,NA
"3-propoxy-1h-pyrazole-4,5-diol","2016_pos","3-propoxy-1h-pyrazole-4,5-diol",0.87,991.36,NA,"Unknown","null","3-Propoxy-1H-pyrazole-4,5-diol;N-Nitrosobis(2-oxopropyl)amine;Oxiracetam","","HMDB0245976;HMDB0255200;HMDB0255986","NA;134609;NA","53442608;43371;NA","NA;NA;NA","null","null",TRUE,TRUE,NA,NA,NA
"3-sulfinoalanine","1676_neg","3-sulfinoalanine",0.42,453.21,NA,"3-Sulfino-L-alanine","null","3-Sulfinoalanine;Cysteine sulfinic acid","C00606","HMDB0000996;HMDB0250705","16345;NA","1549098;109","NA;NA","null","null",FALSE,TRUE,NA,NA,NA
"3-sulfobenzoic acid","3694_neg","3-sulfobenzoic acid",0.29,32.4,NA,"Unknown","null","3-Sulfobenzoic acid","","HMDB0245984","NA","8477","NA","null","null",FALSE,TRUE,NA,NA,NA
"3-sulfopropyl methacrylate","4146_pos","3-sulfopropyl methacrylate",0.42,149.77,NA,"Unknown","null","3-Sulfopropyl methacrylate","","HMDB0245985","NA","159157","NA","null","null",FALSE,TRUE,NA,NA,NA
"3-tert-butyl-4-hydroxyanisole","2931_pos","3-tert-butyl-4-hydroxyanisole",0.38,32.37,NA,"Unknown","null","3-tert-Butyl-4-hydroxyanisole;3,7-Dimethylbicyclo[4.1.0]heptane-1,7-dicarbaldehyde","","HMDB0059925;HMDB0260264","76358;NA","8456;54118101","NA;NA","null","null",FALSE,TRUE,NA,NA,NA
"3-thiacytidine","6822_pos","3-thiacytidine",0.29,30.55,NA,"Unknown","null","3-Thiacytidine;4-Thiouridine;TIAZOFURIN","","HMDB0245986;HMDB0246588;HMDB0259072","NA;NA;NA","NA;323398;323701","NA;NA;NA","null","null",FALSE,TRUE,NA,NA,NA
"3[n-morpholino]propane sulfonic acid","4082_neg","3[n-morpholino]propane sulfonic acid",0.27,26.32,NA,"Unknown","null","3[N-Morpholino]propane sulfonic acid","","HMDB0254880","39076","70807","NA","null","null",FALSE,TRUE,NA,NA,NA
"4',6-dichloroflavan","7385_neg","4',6-dichloroflavan",0.24,7.95,NA,"Unknown","null","""4',6-Dichloroflavan"";Benzyl trisulfide","","HMDB0246639;HMDB0249077","NA;NA","126331;122842","NA;NA","null","null",FALSE,TRUE,NA,NA,NA
"4'-azidocytidine","7668_neg","4'-azidocytidine",0.76,68.79,NA,"Unknown","null","""4'-Azidocytidine"";Benzo[a]pyrene diol","","HMDB0246625;HMDB0248999","NA;NA","129317836;85971926","NA;NA","null","null",TRUE,TRUE,NA,NA,NA
"4'-hydroxymethohexital","7403_neg","4'-hydroxymethohexital",0.49,89.13,NA,"Unknown","null","""4'-Hydroxymethohexital""","","HMDB0246635","NA","133547","NA","null","null",FALSE,TRUE,NA,NA,NA
"4'-nitrophenyl-2-acetamido-2-deoxy-beta-glucopyranoside","10970_pos","4'-nitrophenyl-2-acetamido-2-deoxy-beta-glucopyranoside",0.36,10.98,NA,"Unknown","null","""4'-Nitrophenyl-2-acetamido-2-deoxy-beta-glucopyranoside""","","HMDB0246183","NA","558756","NA","null","null",FALSE,TRUE,NA,NA,NA
"4'-thiothymidine","6715_pos","4'-thiothymidine",0.04,4.8,NA,"Unknown","null","""4'-Thiothymidine""","","HMDB0246637","NA","22316427","NA","null","null",FALSE,TRUE,NA,NA,NA
"4(1h)-pteridinone, 2-amino-6-methyl-","2601_neg","4(1h)-pteridinone, 2-amino-6-methyl-",0.36,24.4,NA,"Unknown","null","4(1H)-Pteridinone, 2-amino-6-methyl-;Alanine lactate","","HMDB0247091;HMDB0248104","NA;NA","69724;129630312","NA;NA","null","null",FALSE,TRUE,NA,NA,NA
"4,4'-dihydrazino-biphenyl","4321_neg","4,4'-dihydrazino-biphenyl",0.44,138.16,NA,"Unknown","null","""4,4'-Dihydrazino-biphenyl"";2,3-Diamino-benzidine;""3,3'-Diaminobenzidine""","","HMDB0244050;HMDB0245384;HMDB0245998","NA;NA;90994","111063;21226166;7071","NA;NA;NA","null","null",FALSE,TRUE,NA,NA,NA
"4,4,4-trifluoro-3-oxobutanenitrile","1147_neg","4,4,4-trifluoro-3-oxobutanenitrile",0.31,27.61,NA,"Unknown","null","4,4,4-Trifluoro-3-oxobutanenitrile","","HMDB0246598","NA","13843540","NA","null","null",FALSE,TRUE,NA,NA,NA
"4,5-dichloro-2-n-octyl-3(2h)-isothiazolone (dcoit)","7886_pos","4,5-dichloro-2-n-octyl-3(2h)-isothiazolone (dcoit)",0.24,10.41,"Aryl chlorides","no MS2: 4,5-Dichloro-2-n-octyl-3(2H)-isothiazolone (DCOIT); LC-ESI-ITFT; MS2; CE","C11H17Cl2NOS",NA,NA,NA,NA,NA,NA,"PORQOHRXAJJKGK-UHFFFAOYSA-N","CCCCCCCCN1SC(Cl)=C(Cl)C1=O",FALSE,TRUE,NA,NA,NA
"4,5-dihydroorotic acid","1841_neg","4,5-dihydroorotic acid",0.24,17.85,NA,"(S)-DIHYDROOROTATE","null","4,5-Dihydroorotic acid;L-Dihydroorotic acid;Ibotenic acid","C00337;C00337;C10600","HMDB0000528;HMDB0003349;HMDB0253330","30865;17025;NA","648;439216;1233","NA;34662;NA","null","null",FALSE,TRUE,NA,NA,NA
"4,5dimethyl-3-(2-oxo-2-phenyl-ethyl)-thiazole","5264_neg","4,5dimethyl-3-(2-oxo-2-phenyl-ethyl)-thiazole",0.38,29.51,NA,"Unknown","null","4,5Dimethyl-3-(2-oxo-2-phenyl-ethyl)-thiazole","","HMDB0257730","NA","57239676","NA","null","null",TRUE,TRUE,NA,NA,NA
"4,6-bis(methylthio)hexanoic acid","4018_neg","4,6-bis(methylthio)hexanoic acid",0.76,34.92,NA,"Unknown","null","4,6-Bis(methylthio)hexanoic acid","","HMDB0257963","NA","57516541","NA","null","null",TRUE,TRUE,NA,NA,NA
"4,6-dihydroxy-2-mercaptopyrimidine","1365_neg","4,6-dihydroxy-2-mercaptopyrimidine",0.42,129.54,NA,"Unknown","null","4,6-Dihydroxy-2-mercaptopyrimidine;2-Thiobarbituric acid;6-Sulfanyl-1H-pyrimidine-2,4-dione","","HMDB0245195;HMDB0245321;HMDB0255801","NA;33202;NA","320003;10437;239921","NA;NA;NA","null","null",FALSE,TRUE,NA,NA,NA
"4,7-diphenyl-1,10-phenanthroline","10482_pos","4,7-diphenyl-1,10-phenanthroline",0.64,33.77,NA,"Unknown","null","4,7-Diphenyl-1,10-phenanthroline","","HMDB0246617","77995","NA","NA","null","null",FALSE,TRUE,NA,NA,NA
"4-(1,3-benzothiazol-2-yl)-2-methylaniline","5599_neg","4-(1,3-benzothiazol-2-yl)-2-methylaniline",0.04,72.95,"Dinitrophenols","no MS2: Dinoseb; LC-ESI-ITFT; MS2; CE","C10H12N2O5","4-(1,3-Benzothiazol-2-yl)-2-methylaniline","","HMDB0246375","NA","NA","NA","OWZPCEFYPSAJFR-UHFFFAOYNA-N","CCC(C)C1=C(O)C(=CC(=C1)N(=O)=O)N(=O)=O",FALSE,TRUE,NA,NA,NA
"4-(2,6,6-trimethyl-1-cyclohexen-1-yl)-2-butanone","3539_pos","4-(2,6,6-trimethyl-1-cyclohexen-1-yl)-2-butanone",0.42,624656.3,NA,"Unknown","null","4-(2,6,6-Trimethyl-1-cyclohexen-1-yl)-2-butanone;Theaspirane","C03527","HMDB0032913;HMDB0036823","18015;89598","519382;61953","NA;NA","null","null",FALSE,TRUE,NA,NA,NA
"4-(2-((7-amino-2-(furan-2-yl)-[1,2,4]triazolo[1,5-a][1,3,5]triazin-5-yl)amino)ethyl)phenol","10180_neg","4-(2-((7-amino-2-(furan-2-yl)-[1,2,4]triazolo[1,5-a][1,3,5]triazin-5-yl)amino)ethyl)phenol",0.16,4.04,NA,"Unknown","null","4-(2-((7-Amino-2-(furan-2-yl)-[1,2,4]triazolo[1,5-a][1,3,5]triazin-5-yl)amino)ethyl)phenol","","HMDB0244568","NA","NA","NA","null","null",FALSE,TRUE,NA,NA,NA
"4-(2-aminoethyl)benzenesulfonyl fluoride","3757_neg","4-(2-aminoethyl)benzenesulfonyl fluoride",0.42,149.53,NA,"Unknown","null","4-(2-Aminoethyl)benzenesulfonyl fluoride;2-(2-Aminoethyl)benzenesulfonyl fluoride","","HMDB0246285;HMDB0253773","NA;104019","1701;6710775","NA;NA","null","null",FALSE,TRUE,NA,NA,NA
"4-(2-aminophenyl)-2,4-dioxobutanoic acid","4004_pos","4-(2-aminophenyl)-2,4-dioxobutanoic acid",0.87,788.04,NA,"Xanthurenic Acid","null","4-(2-Aminophenyl)-2,4-dioxobutanoic acid;6-Hydroxy-5-methoxy-1h-indole-2-carboxylic acid;5-Hydroxy-6-methoxy-1h-indole-2-carboxylic acid","C01252","HMDB0000978;HMDB0245714;HMDB0246803","17442;NA;NA","472;122311;160640","37199;NA;NA","null","null",FALSE,TRUE,NA,NA,NA
"4-(2-chlorophenoxy)-n-[3-(methylcarbamoyl)phenyl]piperidine-1-carboxamide","12530_neg","4-(2-chlorophenoxy)-n-[3-(methylcarbamoyl)phenyl]piperidine-1-carboxamide",0.22,41.67,NA,"Unknown","null","4-(2-Chlorophenoxy)-N-[3-(methylcarbamoyl)phenyl]piperidine-1-carboxamide","","HMDB0244300","NA","24905400","NA","null","null",FALSE,TRUE,NA,NA,NA
"4-(4-hydroxyphenoxy)phenylacetic acid","5892_pos","4-(4-hydroxyphenoxy)phenylacetic acid",0.31,9.01,NA,"URIDINE","null","4-(4-Hydroxyphenoxy)phenylacetic acid;Dioxybenzone","C14283","HMDB0246293;HMDB0251439","NA;NA","11253565;NA","NA;NA","null","null",FALSE,TRUE,NA,NA,NA
"4-(4-methylcyclohexyl)-4-oxobutanoic acid","3538_neg","4-(4-methylcyclohexyl)-4-oxobutanoic acid",0.42,134.77,NA,"Unknown","null","4-(4-Methylcyclohexyl)-4-oxobutanoic acid","","HMDB0253742","NA","6919096","NA","null","null",FALSE,TRUE,NA,NA,NA
"4-(5-(4-chlorophenyl)-3-(trifluoromethyl)-1h-pyrazol-1-yl)benzenesulfonamide","13141_neg","4-(5-(4-chlorophenyl)-3-(trifluoromethyl)-1h-pyrazol-1-yl)benzenesulfonamide",0.13,69,NA,"Unknown","null","4-(5-(4-Chlorophenyl)-3-(trifluoromethyl)-1H-pyrazol-1-yl)benzenesulfonamide;S-(1,2-Dichlorovinyl)-glutathione","","HMDB0244782;HMDB0245614","NA;NA","9865808;53939867","NA;NA","null","null",FALSE,TRUE,NA,NA,NA
"4-(6,6-dimethyl-4-oxo-3-(trifluoromethyl)-4,5,6,7-tetrahydro-1h-indazol-1-yl)-2-((1r,4r)-4-hydroxycyclohexylamino)benzamide","16421_pos","4-(6,6-dimethyl-4-oxo-3-(trifluoromethyl)-4,5,6,7-tetrahydro-1h-indazol-1-yl)-2-((1r,4r)-4-hydroxycyclohexylamino)benzamide",0.16,432090.2,NA,"Unknown","null","4-(6,6-Dimethyl-4-oxo-3-(trifluoromethyl)-4,5,6,7-tetrahydro-1H-indazol-1-yl)-2-((1r,4r)-4-hydroxycyclohexylamino)benzamide","","HMDB0258353","NA","NA","NA","null","null",FALSE,TRUE,NA,NA,NA
"4-(7-hydroxy-6,7-dihydro-5h-cyclopenta[d]pyrimidin-4-ylamino)benzonitrile","6158_neg","4-(7-hydroxy-6,7-dihydro-5h-cyclopenta[d]pyrimidin-4-ylamino)benzonitrile",0.51,14.6,NA,"Unknown","null","4-(7-Hydroxy-6,7-dihydro-5H-cyclopenta[d]pyrimidin-4-ylamino)benzonitrile;3-Phenoxypropylene di(acetate);Trinexapac-ethyl","C18541","HMDB0244317;HMDB0245968;HMDB0259248","NA;NA;81817","NA;95697;NA","NA;NA;NA","null","null",TRUE,TRUE,NA,NA,NA
"4-(methylnitrosamino)-1-(3-pyridyl)-1-butanol","4218_pos","4-(methylnitrosamino)-1-(3-pyridyl)-1-butanol",0.22,26.14,NA,"Unknown","null","4-(Methylnitrosamino)-1-(3-pyridyl)-1-butanol;4-(Methylnitrosoamino)-4-(3-pyridyl)-1-butanol;N-(3-Aminopropyl)-4-methyl-2-nitrobenzenamine;4-(Nitrosomethylamino)-1-pyridin-3-ylbutan-1-ol;""N-Hydroxy-N'-(4-hydroxy-4-pyridin-3-ylbutyl)methanimidamide""","C19574","HMDB0041809;HMDB0247003;HMDB0254999;HMDB0257976;HMDB0260419","82569;NA;NA;NA;NA","104856;105067;5276854;87650390;90974837","NA;NA;NA;NA;NA","null","null",FALSE,TRUE,NA,NA,NA
"4-(n,n-dimethylsulfamoyl)-7-hydrazino-benzofurazan","6387_neg","4-(n,n-dimethylsulfamoyl)-7-hydrazino-benzofurazan",0.22,10.65,NA,"Unknown","null","4-(N,N-Dimethylsulfamoyl)-7-hydrazino-benzofurazan","","HMDB0244540","NA","131382","NA","null","null",TRUE,TRUE,NA,NA,NA
"4-(trifluoromethyl)benzaldehyde","2466_neg","4-(trifluoromethyl)benzaldehyde",0.04,12.17,NA,"Unknown","null","4-(Trifluoromethyl)benzaldehyde;2,2,2-Trifluoroacetophenone","","HMDB0246314;HMDB0246671","NA;NA","67996;9905","NA;NA","null","null",FALSE,TRUE,NA,NA,NA
"4-(trifluoromethyl)benzoic acid","3323_pos","4-(trifluoromethyl)benzoic acid",0.49,37.35,NA,"Unknown","null","4-(Trifluoromethyl)benzoic acid","","HMDB0246315","60696","9966","NA","null","null",FALSE,TRUE,NA,NA,NA
"4-[(2r,5r)-5-(6-aminopurin-9-yl)-3,4-dihydroxyoxolan-2-yl]butanamide","9964_pos","4-[(2r,5r)-5-(6-aminopurin-9-yl)-3,4-dihydroxyoxolan-2-yl]butanamide",0.36,18,NA,"Unknown","null","4-[(2R,5R)-5-(6-Aminopurin-9-yl)-3,4-dihydroxyoxolan-2-yl]butanamide","","HMDB0257574","NA","76504417","NA","null","null",FALSE,TRUE,NA,NA,NA
"4-[(e)-2-(7-heptoxy-4,4-dimethyl-1,1-dioxo-2,3-dihydrothiochromen-6-yl)prop-1-enyl]benzoic acid","17161_pos","4-[(e)-2-(7-heptoxy-4,4-dimethyl-1,1-dioxo-2,3-dihydrothiochromen-6-yl)prop-1-enyl]benzoic acid",0.31,6.65,NA,"Unknown","null","4-[(E)-2-(7-Heptoxy-4,4-dimethyl-1,1-dioxo-2,3-dihydrothiochromen-6-yl)prop-1-enyl]benzoic acid","","HMDB0254074","NA","119603","NA","null","null",FALSE,TRUE,NA,NA,NA
"4-[3-(4-chlorophenyl)-1,2,4-oxadiazol-5-yl]butanoic acid","6808_neg","4-[3-(4-chlorophenyl)-1,2,4-oxadiazol-5-yl]butanoic acid",0.2,22.16,NA,"Unknown","null","4-[3-(4-Chlorophenyl)-1,2,4-oxadiazol-5-yl]butanoic acid","","HMDB0246675","NA","731146","NA","null","null",FALSE,TRUE,NA,NA,NA
"4-[4-(dimethylamino)phenyl]-3h-1,2,4-triazole-3,5(4h)-dione","4515_neg","4-[4-(dimethylamino)phenyl]-3h-1,2,4-triazole-3,5(4h)-dione",0.29,8.73,NA,"Unknown","null","4-[4-(Dimethylamino)phenyl]-3H-1,2,4-triazole-3,5(4H)-dione;3,7-Dimethyl-1-propargylxanthine","","HMDB0244380;HMDB0244599","NA;NA","NA;99562","NA;NA","null","null",FALSE,TRUE,NA,NA,NA
"4-[[(2r)-1-(1-benzothiophene-3-carbonyl)-2-methylazetidine-2-carbonyl]-[(3-chlorophenyl)methyl]amino]butanoic acid","17146_pos","4-[[(2r)-1-(1-benzothiophene-3-carbonyl)-2-methylazetidine-2-carbonyl]-[(3-chlorophenyl)methyl]amino]butanoic acid",0.22,221414.3,NA,"Unknown","null","4-[[(2R)-1-(1-Benzothiophene-3-carbonyl)-2-methylazetidine-2-carbonyl]-[(3-chlorophenyl)methyl]amino]butanoic acid;Samixogrel","","HMDB0252754;HMDB0257475","NA;NA","70559604;NA","NA;NA","null","null",FALSE,TRUE,NA,NA,NA
"4-[[5-chloro-4-(2,4,6-trimethylanilino)pyrimidin-2-yl]amino]benzonitrile","12011_pos","4-[[5-chloro-4-(2,4,6-trimethylanilino)pyrimidin-2-yl]amino]benzonitrile",0.04,114491.3,NA,"Unknown","null","4-[[5-Chloro-4-(2,4,6-trimethylanilino)pyrimidin-2-yl]amino]benzonitrile;N-Biotinyl-4-aminobenzoic acid;Biotinyl-p-aminobenzoate","","HMDB0246322;HMDB0248835;HMDB0249231","NA;NA;NA","486391;3249066;NA","NA;NA;NA","null","null",FALSE,TRUE,NA,NA,NA
"4-[[9-chloro-7-(2,6-difluorophenyl)-5h-pyrimido[5,4-d][2]benzazepin-2-yl]amino]benzoic acid","16417_neg","4-[[9-chloro-7-(2,6-difluorophenyl)-5h-pyrimido[5,4-d][2]benzazepin-2-yl]amino]benzoic acid",0.02,5.89,NA,"Unknown","null","4-[[9-Chloro-7-(2,6-difluorophenyl)-5H-pyrimido[5,4-d][2]benzazepin-2-yl]amino]benzoic acid","","HMDB0254805","NA","11712649","NA","null","null",FALSE,TRUE,NA,NA,NA
"4-acetylaminohippuric acid","5622_pos","4-acetylaminohippuric acid",0.27,17.27,NA,"Unknown","null","4-Acetylaminohippuric acid;(2S)-4-(2-Aminophenyl)-2-formamido-4-oxobutanoic acid","","HMDB0246331;HMDB0257647","NA;NA","160605;NA","NA;NA","null","null",FALSE,TRUE,NA,NA,NA
"4-allylphenol sulfate","4306_neg","4-allylphenol sulfate",0.02,9.45,NA,"Unknown","null","4-Allylphenol sulfate","","HMDB0170765","133096","66633409","NA","null","null",FALSE,TRUE,NA,NA,NA
"4-amino-4-deoxyarabinose","1603_pos","4-amino-4-deoxyarabinose",0.47,185.09,NA,"Glutamic Acid","null","4-Amino-4-deoxyarabinose","","HMDB0246348","NA","71437049","NA","null","null",TRUE,TRUE,NA,NA,NA
"4-amino-5-hydroxymethyl-2-methylpyrimidine","1309_pos","4-amino-5-hydroxymethyl-2-methylpyrimidine",0.18,135.93,NA,"Unknown","null","4-Amino-5-hydroxymethyl-2-methylpyrimidine;(2Z)-2-Morpholin-4-yliminoacetonitrile","C01279","HMDB0247327;HMDB0258300","16892;NA","NA;160121","NA;NA","null","null",FALSE,TRUE,NA,NA,NA
"4-aminobenzohydrazide","1620_neg","4-aminobenzohydrazide",0.42,104.24,NA,"Unknown","null","4-Aminobenzohydrazide","","HMDB0246354","NA","21450","NA","null","null",TRUE,TRUE,NA,NA,NA
"4-aminohex-5-ynoic acid","840_neg","4-aminohex-5-ynoic acid",0.51,48.36,"Hydropyridines","no MS2: Isoguvacine; LC-ESI-QTOF; MS2; CE","C6H9NO2","4-Aminohex-5-ynoic acid;Isoguvacine;Methylenecyclopropylglycine","C13694","HMDB0252607;HMDB0253644;HMDB0254639","NA;NA;NA","3452;3765;142776","NA;NA;NA","KRVDMABBKYMBHG-UHFFFAOYSA-N","OC(=O)C1=CCNCC1",FALSE,TRUE,NA,NA,NA
"4-aminohippuric acid","3334_neg","4-aminohippuric acid",0.51,989.44,NA,"Unknown","null","4-Aminohippuric acid;2-Aminohippuric acid","D06890","HMDB0001867;HMDB0245019","104011;NA","2148;3080562","NA;NA","null","null",FALSE,TRUE,NA,NA,NA
"4-aminophenol","349_neg","4-aminophenol",0.22,46.6,NA,"Unknown","null","4-Aminophenol;Piconol;3-Aminophenol;3-Pyridinemethanol;Carbapenem;O-Phenylhydroxylamine","C02372;C05058","HMDB0001169;HMDB0245309;HMDB0245818;HMDB0245980;HMDB0249611;HMDB0255865","17602;NA;28924;45213;NA;NA","403;11474;11568;NA;13293130;2794249","NA;NA;NA;NA;NA;NA","null","null",FALSE,TRUE,NA,NA,NA
"4-aminophenylmannoside","7044_neg","4-aminophenylmannoside",0.33,5.27,NA,"Unknown","null","4-Aminophenylmannoside;zaprinast","","HMDB0246178;HMDB0259987","NA;NA","1685;NA","NA;NA","null","null",FALSE,TRUE,NA,NA,NA
"4-azaspiro[bicyclo[2.2.2]octane-2,2'-[1,4]oxazolidine]-5'-one","3002_pos","4-azaspiro[bicyclo[2.2.2]octane-2,2'-[1,4]oxazolidine]-5'-one",0.44,142.5,NA,"Unknown","null","""4-Azaspiro[bicyclo[2.2.2]octane-2,2'-[1,4]oxazolidine]-5'-one"";Alaptide","","HMDB0244796;HMDB0248111","NA;NA","9852730;NA","NA;NA","null","null",FALSE,TRUE,NA,NA,NA
"4-azidobenzenesulfonamide","3525_neg","4-azidobenzenesulfonamide",0.22,14.69,NA,"Unknown","null","4-Azidobenzenesulfonamide","","HMDB0246374","NA","102282368","NA","null","null",FALSE,TRUE,NA,NA,NA
"4-butyl-5-hydroxy-2-(4-hydroxyphenyl)-1-phenyl-1h-pyrazol-3(2h)-one","10071_pos","4-butyl-5-hydroxy-2-(4-hydroxyphenyl)-1-phenyl-1h-pyrazol-3(2h)-one",0.04,5.59,NA,"Unknown","null","4-Butyl-5-hydroxy-2-(4-hydroxyphenyl)-1-phenyl-1H-pyrazol-3(2H)-one;Bindarit;Ditazole;1,2-Diphenyl-3,5-dioxo-4-(3-hydroxybutyl)pyrazolidine;Oxyphenbutazone","C19494","HMDB0247689;HMDB0249216;HMDB0251487;HMDB0252620;HMDB0256021","NA;NA;NA;NA;76258","199014;71354;29088;120741;NA","NA;NA;NA;NA;NA","null","null",FALSE,TRUE,NA,NA,NA
"4-carbamothioylphenyl 2-(6-methoxynaphthalen-2-yl)propanoate","12090_pos","4-carbamothioylphenyl 2-(6-methoxynaphthalen-2-yl)propanoate",0.29,65.27,NA,"Unknown","null","4-Carbamothioylphenyl 2-(6-methoxynaphthalen-2-yl)propanoate;Furo(3,4-b)pyridine-3-carboxylic acid, 1,4,5,7-tetrahydro-4-(2-(difluoromethoxy)phenyl)-2-methyl-5-oxo-, ethyl ester","C13761","HMDB0248694;HMDB0250227","NA;34600","25065981;123861","NA;NA","null","null",FALSE,TRUE,NA,NA,NA
"4-chloro-1-naphthol","2840_pos","4-chloro-1-naphthol",0.4,55.54,NA,"Unknown","null","4-Chloro-1-naphthol","","HMDB0247127","NA","11787","NA","null","null",FALSE,TRUE,NA,NA,NA
"4-chloro-2-nitrobenzylalcohol","18155_neg","4-chloro-2-nitrobenzylalcohol",0.27,358792.9,NA,"Unknown","null","4-Chloro-2-nitrobenzylalcohol","","HMDB0249542","NA","1959","NA","null","null",FALSE,TRUE,NA,NA,NA
"4-chloro-3-ethoxy-7-guanidinoisocoumarin","7890_pos","4-chloro-3-ethoxy-7-guanidinoisocoumarin",0.29,9.47,NA,"Unknown","null","4-Chloro-3-ethoxy-7-guanidinoisocoumarin","","HMDB0246385","NA","196678","NA","null","null",FALSE,TRUE,NA,NA,NA
"4-chloro-8-methyl-7-(3-methyl-but-2-enyl)-6,7,8,9-tetrahydro-2h-2,7,9a-triaza-benzo[cd]azulene-1-thione","9900_pos","4-chloro-8-methyl-7-(3-methyl-but-2-enyl)-6,7,8,9-tetrahydro-2h-2,7,9a-triaza-benzo[cd]azulene-1-thione",0.22,13.65,NA,"Unknown","null","4-Chloro-8-methyl-7-(3-methyl-but-2-enyl)-6,7,8,9-tetrahydro-2H-2,7,9A-triaza-benzo[CD]azulene-1-thione","","HMDB0247588","NA","5027","NA","null","null",FALSE,TRUE,NA,NA,NA
"4-chlorophenylbiguanide","4287_pos","4-chlorophenylbiguanide",0.02,6.18,NA,"Unknown","null","4-Chlorophenylbiguanide;Avenin;m-Chlorophenylbiguanide;Nicorandil","C13646;C13280","HMDB0246402;HMDB0248738;HMDB0254274;HMDB0255584","NA;NA;NA;31905","19933;95924;1354;47528","NA;NA;NA;NA","null","null",FALSE,TRUE,NA,NA,NA
"4-coumaroylcholine","6270_pos","4-coumaroylcholine",0.09,4.91,"Coumaric acid esters","no MS2: 4-Coumaroylcholine; LC-ESI-QTOF; MS2; CE","C14H20NO3",NA,NA,NA,NA,NA,NA,"WRLCNNSWESNISL-UHFFFAOYSA-O","C[N+](C)(C)CCOC(=O)C=CC1=CC=C(O)C=C1",FALSE,TRUE,NA,NA,NA
"4-ethylphenol","679_neg","4-ethylphenol",0.07,6.76,NA,"Unknown","null","4-Ethylphenol;1-Methoxy-4-methylbenzene;1-Phenylethanol;2-Phenylethanol;3-Ethylphenol;2,4-Dimethylphenol;3,5-Dimethylphenol;Phenetole","C13637;C07112;C05853;C14386;C14582","HMDB0029306;HMDB0032076;HMDB0032619;HMDB0033944;HMDB0059873;HMDB0245456;HMDB0246064;HMDB0252021","49584;NA;669;49000;NA;NA;38572;67129","31242;7731;7409;6054;12101;7771;7948;NA","NA;NA;NA;NA;NA;NA;NA;NA","null","null",FALSE,TRUE,NA,NA,NA
"4-ethylphenol glucuronide","8372_neg","4-ethylphenol glucuronide",0.09,12.86,NA,"Unknown","null","4-Ethylphenol glucuronide;8-Aminoguanosine;Pentaerythritol triacrylate","","HMDB0240654;HMDB0247416;HMDB0256254","NA;NA;NA","NA;259808;NA","NA;NA;NA","null","null",FALSE,TRUE,NA,NA,NA
"4-ethylphenylsulfate","3700_neg","4-ethylphenylsulfate",0.38,48.79,NA,"Unknown","null","4-Ethylphenylsulfate","","HMDB0062551","NA","NA","NA","null","null",FALSE,TRUE,NA,NA,NA
"4-fluoranyl-3-(4-oxidanylpiperidin-1-yl)sulfonyl-~{n}-[3,4,5-tris(fluoranyl)phenyl]benzamide","15062_pos","4-fluoranyl-3-(4-oxidanylpiperidin-1-yl)sulfonyl-~{n}-[3,4,5-tris(fluoranyl)phenyl]benzamide",0.18,16.01,NA,"Unknown","null","4-Fluoranyl-3-(4-Oxidanylpiperidin-1-Yl)sulfonyl-~{n}-[3,4,5-Tris(Fluoranyl)phenyl]benzamide","","HMDB0246420","NA","89663273","NA","null","null",FALSE,TRUE,NA,NA,NA
"4-formylaminoantipyrine","5226_pos","4-formylaminoantipyrine",0.33,18.76,NA,"Ergothioneine","null","4-Formylaminoantipyrine;(2S)-2-Amino-7-(1-aminoethylideneamino)-5-sulfanylideneheptanoic acid;TRIAZIQUONE","C19542","HMDB0246429;HMDB0252980;HMDB0259153","83526;NA;27090","NA;11333713;NA","NA;NA;NA","null","null",TRUE,TRUE,NA,NA,NA
"4-guanidinobutanoic acid","1510_pos","4-guanidinobutanoic acid",0.91,7909.32,NA,"4-Guanidinobutanoic Acid","null",NA,NA,NA,NA,NA,NA,"null","null",TRUE,TRUE,NA,NA,NA
"4-hydroxy duloxetine","9526_pos","4-hydroxy duloxetine",0.78,791475.3,NA,"Unknown","null","4-Hydroxy Duloxetine","","HMDB0246438","NA","46781788","NA","null","null",TRUE,TRUE,NA,NA,NA
"4-hydroxy triamterene","6940_neg","4-hydroxy triamterene",0.33,12.27,NA,"Unknown","null","4-Hydroxy Triamterene","","HMDB0246440","NA","71046","NA","null","null",FALSE,TRUE,NA,NA,NA
"4-hydroxy-(3',4'-dihydroxyphenyl)-valeric acid","4912_neg","4-hydroxy-(3',4'-dihydroxyphenyl)-valeric acid",0.29,15.43,NA,"Unknown","null","""4-Hydroxy-(3',4'-dihydroxyphenyl)-valeric acid"";3-Carboxy-4-methyl-5-ethyl-2-furanpropionic acid","","HMDB0041679;HMDB0244411","137478;NA","52920332;3082710","NA;NA","null","null",FALSE,TRUE,NA,NA,NA
"4-hydroxy-3-methoxy-cinnamoylglycine","6093_neg","4-hydroxy-3-methoxy-cinnamoylglycine",0.31,12.38,NA,"Unknown","null","4-Hydroxy-3-methoxy-cinnamoylglycine;Glycine, N-[3-(4-hydroxy-3-methoxyphenyl)-1-oxo-2-propenyl]-;2-((3-Carboxypropyl)carbamoyl)benzoic acid;N-Benzoyl-L-glutamic acid;Ethylmethylhydroxypyridine succinate","C02564","HMDB0059747;HMDB0244468;HMDB0246138;HMDB0249495;HMDB0252080","17691;NA;NA;NA;NA","5280527;NA;165076;111218;129761399","NA;NA;NA;NA;NA","null","null",FALSE,TRUE,NA,NA,NA
"4-hydroxy-3-nitrophenylacetate","3469_neg","4-hydroxy-3-nitrophenylacetate",0.36,14.18,NA,"Unknown","null","4-hydroxy-3-nitrophenylacetate;4-Hydroxy-3-nitrophenyl acetate","","HMDB0062403;HMDB0246444","546274;NA","447364;82643","NA;NA","null","null",FALSE,TRUE,"Nitrophenols","Phenols","Nitrophenols"
"4-hydroxy-5-(3',4'-dihydroxyphenyl)-valeric acid-o-glucuronide","13228_neg","4-hydroxy-5-(3',4'-dihydroxyphenyl)-valeric acid-o-glucuronide",0.38,16.36,NA,"Unknown","null","""4-Hydroxy-5-(3',4'-dihydroxyphenyl)-valeric acid-O-glucuronide"";""4-Hydroxy-5-(3',5'-dihydroxyphenyl)-valeric acid-O-glucuronide"";6-[4-(4-carboxy-2-hydroxybutyl)-2-hydroxyphenoxy]-3,4,5-trihydroxyoxane-2-carboxylic acid;6-[5-(4-carboxy-2-hydroxybutyl)-2-hydroxyphenoxy]-3,4,5-trihydroxyoxane-2-carboxylic acid","","HMDB0059971;HMDB0059973;HMDB0127743;HMDB0127744","88690;88688;NA;NA","124202072;124202070;131834072;131834073","NA;NA;NA;NA","null","null",TRUE,TRUE,NA,NA,NA
"4-hydroxy-5-(dihydroxyphenyl)-valeric acid-o-sulphate","8748_neg","4-hydroxy-5-(dihydroxyphenyl)-valeric acid-o-sulphate",0.04,7.05,NA,"Unknown","null","4-Hydroxy-5-(dihydroxyphenyl)-valeric acid-O-sulphate;4-hydroxy-5-[4-hydroxy-3-(sulfooxy)phenyl]pentanoic acid;""4-Hydroxy-5-(3',4'-dihydroxyphenyl)-valeric acid 4'-sulfate"";Dictyostelium","","HMDB0059978;HMDB0127746;HMDB0240454;HMDB0251253","NA;NA;NA;64598","131769796;131834075;NA;123886","NA;NA;NA;NA","null","null",TRUE,TRUE,NA,NA,NA
"4-hydroxy-5-(phenyl)-valeric acid-o-glucuronide","11679_neg","4-hydroxy-5-(phenyl)-valeric acid-o-glucuronide",0.02,8.29,NA,"Unknown","null","4-Hydroxy-5-(phenyl)-valeric acid-O-glucuronide","","HMDB0059980","88704","124202082","NA","null","null",TRUE,TRUE,NA,NA,NA
"4-hydroxy-5-(phenyl)-valeric acid-o-sulphate","7195_neg","4-hydroxy-5-(phenyl)-valeric acid-o-sulphate",0.02,3.79,NA,"Unknown","null","4-Hydroxy-5-(phenyl)-valeric acid-O-sulphate","","HMDB0059981","88703","124202081","NA","null","null",FALSE,TRUE,NA,NA,NA
"4-hydroxy-5-[3-[(1-methylcyclohexyl)methoxy]phenyl]-3h-1,3-thiazol-2-one","9811_pos","4-hydroxy-5-[3-[(1-methylcyclohexyl)methoxy]phenyl]-3h-1,3-thiazol-2-one",0.38,4.18,NA,"Unknown","null","4-Hydroxy-5-[3-[(1-methylcyclohexyl)methoxy]phenyl]-3H-1,3-thiazol-2-one","","HMDB0260283","NA","57117436","NA","null","null",FALSE,TRUE,NA,NA,NA
"4-hydroxybenzoate","1206_pos","4-hydroxybenzoate",0.58,94.57,NA,"4-HYDROXYBENZOATE","null",NA,NA,NA,NA,NA,NA,"null","null",TRUE,TRUE,NA,NA,NA
"4-hydroxybenzoic acid","1188_neg","4-hydroxybenzoic acid",0.87,337.26,NA,"3-HYDROXYBENZOATE","null","4-Hydroxybenzoic acid;Salicylic acid;3-Hydroxybenzoic acid;3,4-Dihydroxybenzaldehyde;3,6-Dihydroxycyclohepta-2,4,6-trien-1-one","C00156;C00805;C00587;C16700","HMDB0000500;HMDB0001895;HMDB0002466;HMDB0059965;HMDB0260262","30763;16914;30764;50205;NA","135;338;7420;8768;53734048","34069;NA;NA;NA;NA","null","null",TRUE,TRUE,NA,NA,NA
"4-hydroxycyclohexylcarboxylic acid","1384_neg","4-hydroxycyclohexylcarboxylic acid",0.47,18.26,NA,"Unknown","null","4-Hydroxycyclohexylcarboxylic acid;3-Hydroxypropyl methacrylate","","HMDB0001988;HMDB0245905","16817;NA","151138;17694","NA;NA","null","null",FALSE,TRUE,NA,NA,NA
"4-hydroxynonenal","1794_neg","4-hydroxynonenal",0.67,469.5,NA,"Unknown","null","4-Hydroxynonenal;Dihydro-5-pentyl-2(3H)-furanone;Ethyl cyclohexanecarboxylate;2-Nonenal, 4-hydroxy-, (2E,4R)-;Hexyl acrylate;hydroxynonenal;9-Hydroxynon-2-enal","","HMDB0004362;HMDB0031531;HMDB0033167;HMDB0245269;HMDB0253165;HMDB0253280;HMDB0257844","58968;NA;88965;32585;NA;NA;NA","5283344;7710;18686;NA;17259;87399614;54408708","NA;NA;NA;NA;NA;NA;NA","null","null",TRUE,TRUE,NA,NA,NA
"4-hydroxyphenylpyruvic acid","2714_neg","4-hydroxyphenylpyruvic acid",0.84,1221.9,NA,"4-Hydroxyphenylpyruvic Acid","null","4-Hydroxyphenylpyruvic acid;Aspirin;Caffeic acid;Monomethyl phthalate;3-Hydroxyphenylpyruvic acid;3,5-Dihydroxycinnamic acid","C01179;C01405;C01481","HMDB0000707;HMDB0001879;HMDB0001964;HMDB0002130;HMDB0011663;HMDB0032131","15999;15365;16433;491486;167870;NA","979;2244;689043;20392;5318321;6443769","37006;45400;NA;NA;NA;NA","null","null",TRUE,TRUE,NA,NA,NA
"4-hydroxyproline","951_pos","4-hydroxyproline",0.87,3558.32,NA,"CIS-4-HYDROXY-D-PROLINE","null","4-Hydroxyproline;N-Acetyl-L-alanine;Propionylglycine;5-Aminolevulinic acid;5-Amino-2-oxopentanoic acid;N-Acetyl-beta-alanine;N-Hydroxy-L-proline;1-Hydroxypyrrolidine-3-carboxylic acid;2-Amino-4-oxopentanoic acid;3-Hydroxyproline;4-Amino-5-oxo-pentanoic acid;Glutaramic acid;5-Hydroxyproline;N-Acetyl-DL-alanine","C01157;C00430;C01110;C01073","HMDB0000725;HMDB0000766;HMDB0000783;HMDB0001149;HMDB0006272;HMDB0061880;HMDB0243901;HMDB0243902;HMDB0244991;HMDB0245903;HMDB0246349;HMDB0246746;HMDB0246811;HMDB0255053","18095;40992;89836;17549;49268;16682;NA;NA;15914;64368;NA;24326;NA;NA","5810;88064;98681;137;439402;76406;269023;53983521;423;559314;742;168356;499910;7345","36935;NA;NA;34963;36830;NA;NA;NA;NA;NA;NA;NA;NA;NA","null","null",TRUE,TRUE,NA,NA,NA
"4-ketoniridazole","4991_neg","4-ketoniridazole",0.02,3.98,NA,"Unknown","null","4-Ketoniridazole","","HMDB0246482","NA","197080","NA","null","null",FALSE,TRUE,NA,NA,NA
"4-mercapto-ethyl-pyridine","1219_neg","4-mercapto-ethyl-pyridine",0.02,61.87,NA,"Unknown","null","4-Mercapto-ethyl-pyridine;4-Pyridylethylmercaptan","","HMDB0246484;HMDB0246578","NA;NA","19066657;150969","NA;NA","null","null",FALSE,TRUE,NA,NA,NA
"4-methoxycinnamic acid","2854_pos","4-methoxycinnamic acid",0.42,35.76,"Coumaric acids","no MS2: 2-Methoxycinnamic acid; LC-ESI-QTOF; MS2; CE","C10H10O3","4-Methoxycinnamic acid;(Z)-p-Methoxycinnamic acid","","HMDB0002040;HMDB0246971","260249;48541","699414;NA","NA;NA","FEGVSPGUHMGGBO-VOTSOKGWSA-N","COC1=CC=CC=C1\C=C\C(O)=O",FALSE,TRUE,NA,NA,NA
"4-methyl-1h-pyrrole-3-carboxamide","726_pos","4-methyl-1h-pyrrole-3-carboxamide",0.98,830.06,NA,"2-Acetylpyrazine","null","4-Methyl-1H-pyrrole-3-carboxamide","","HMDB0246501","NA","90790023","NA","null","null",TRUE,TRUE,NA,NA,NA
"4-methyl-2-methylene-1-(1methylethylidene)-cyclohexane","1592_neg","4-methyl-2-methylene-1-(1methylethylidene)-cyclohexane",0.38,92360.8,NA,"Unknown","null","4-Methyl-2-methylene-1-(1methylethylidene)-cyclohexane","","HMDB0061811","88566","564779","NA","null","null",FALSE,TRUE,NA,NA,NA
"4-methyl-2-oxo-2h-chromen-7-yl sulfamate","6269_neg","4-methyl-2-oxo-2h-chromen-7-yl sulfamate",0.38,18.67,NA,"Unknown","null","4-Methyl-2-oxo-2H-chromen-7-yl sulfamate;Propyzamide","C14333","HMDB0250495;HMDB0256847","NA;34935","9859866;NA","NA;NA","null","null",TRUE,TRUE,NA,NA,NA
"4-methyl-l-glutamate","2147_pos","4-methyl-l-glutamate",0.56,137.78,NA,"4-Methyl-L-Glutamate","null",NA,NA,NA,NA,NA,NA,"null","null",TRUE,TRUE,NA,NA,NA
"4-methyl-n-[4-[(4-nitrophenyl)azaniumyl]phenyl]-4-oxidopiperazin-4-ium-1-carboximidothioate","13077_pos","4-methyl-n-[4-[(4-nitrophenyl)azaniumyl]phenyl]-4-oxidopiperazin-4-ium-1-carboximidothioate",0.18,17.76,NA,"Unknown","null","4-Methyl-N-[4-[(4-nitrophenyl)azaniumyl]phenyl]-4-oxidopiperazin-4-ium-1-carboximidothioate;Falnidamol;Tegoprazan","","HMDB0249858;HMDB0252162;HMDB0258778","NA;NA;NA","5748404;6918508;23582788","NA;NA;NA","null","null",FALSE,TRUE,NA,NA,NA
"4-methylbenzenecarbothioamide","1740_pos","4-methylbenzenecarbothioamide",0.87,125.07,NA,"Unknown","null","4-Methylbenzenecarbothioamide;Thioacetanilide","","HMDB0245645;HMDB0258998","NA;NA","92179;NA","NA;NA","null","null",TRUE,TRUE,NA,NA,NA
"4-methylcatechol","732_neg","4-methylcatechol",0.42,5.95,NA,"3-Hydroxybenzyl Alcohol","null","4-Methylcatechol;Guaiacol;4-Hydroxybenzyl alcohol;2-Acetyl-5-methylfuran;Phenoxymethanol;Phenylmethanediol","C06730;C15572;C17467","HMDB0000873;HMDB0001398;HMDB0011724;HMDB0035226;HMDB0244539;HMDB0256441","17254;28591;67410;562752;NA;NA","9958;460;125;14514;NA;NA","NA;NA;NA;NA;NA;NA","null","null",FALSE,TRUE,NA,NA,NA
"4-methylcoumarin","2102_pos","4-methylcoumarin",0.07,20.85,"Coumarins and derivatives","no MS2: 6-Methylcoumarin; LC-ESI-QTOF; MS2; [M+H]+; CE","C10H8O2","4-Methylcoumarin;1,4-Dihydroxynaphthalene","C14785","HMDB0246508;HMDB0255445","NA;34063","NA;11305","NA;NA","FXFYOPQLGGEACP-UHFFFAOYSA-N","CC1=CC2=C(OC(=O)C=C2)C=C1",FALSE,TRUE,NA,NA,NA
"4-methylthioamphetamine","2884_pos","4-methylthioamphetamine",0.73,66.98,NA,"Glucosamine","null","4-Methylthioamphetamine;D-Glucamine","","HMDB0246519;HMDB0246693","NA;NA","NA;10266","NA;NA","null","null",TRUE,TRUE,NA,NA,NA
"4-methylthiobenzamide-s-oxide","2370_pos","4-methylthiobenzamide-s-oxide",0.6,16.22,NA,"Unknown","null","4-Methylthiobenzamide-S-oxide","","HMDB0243616","NA","150642","NA","null","null",TRUE,TRUE,NA,NA,NA
"4-methylumbelliferone glucuronide","10850_neg","4-methylumbelliferone glucuronide",0.2,83.51,NA,"Unknown","null","4-Methylumbelliferone glucuronide;4-Methyl-2-oxo-2H-1-benzopyran-7-yl alpha-L-ido-pyranosiduronic acid","C11584","HMDB0240464;HMDB0247182","1904;NA","91553;3683393","NA;NA","null","null",TRUE,TRUE,NA,NA,NA
"4-nitro-7-piperazinobenzofurazan","6258_pos","4-nitro-7-piperazinobenzofurazan",0.42,23.67,NA,"5'-DEOXYADENOSINE","null","4-Nitro-7-piperazinobenzofurazan;""2',3'-Didehydro-2',3'-dideoxyguanosine""","","HMDB0244572;HMDB0245542","NA;NA","NA;360780","NA;NA","null","null",TRUE,TRUE,NA,NA,NA
"4-nitrophenol","1301_pos","4-nitrophenol",0.38,36.51,"Nitrophenols","no MS2: 4-Nitrophenol; LC-ESI-QTOF; MS2; CE","C6H5NO3","4-Nitrophenol;6-Hydroxynicotinic acid;3-Hydroxypicolinic acid;2-Hydroxynicotinic acid;2-Nitrophenol;3-Nitrophenol","C00870;C01020;C18620;C01988;C14418","HMDB0001232;HMDB0002658;HMDB0013188;HMDB0059710;HMDB0245260;HMDB0245949","16836;16168;64342;178513;16260;34346","980;72924;13401;69114;6947;11137","36247;NA;NA;NA;NA;NA","BTJIUGUIPKRLHP-UHFFFAOYSA-N","OC1=CC=C(C=C1)N(=O)=O",FALSE,TRUE,NA,NA,NA
"4-nitrophenyl beta-d-glucopyranosiduronic acid","9610_pos","4-nitrophenyl beta-d-glucopyranosiduronic acid",0.4,49314.21,NA,"Unknown","null","4-Nitrophenyl beta-D-glucopyranosiduronic acid","","HMDB0244304","NA","NA","NA","null","null",FALSE,TRUE,NA,NA,NA
"4-nitrophenyl phosphate","4535_neg","4-nitrophenyl phosphate",0.4,47.47,"Phenyl phosphates","no MS2: 4-Nitrophenyl phosphate; LC-ESI-QTOF; MS2; CE","C6H6NO6P",NA,NA,NA,NA,NA,NA,"XZKIHKMTEMTJQX-UHFFFAOYSA-N","OP(O)(=O)OC1=CC=C(C=C1)N(=O)=O",FALSE,TRUE,NA,NA,NA
"4-o-alpha-d-galactopyranuronosyl-d-galacturonic acid","11668_neg","4-o-alpha-d-galactopyranuronosyl-d-galacturonic acid",0.22,4.05,NA,"Unknown","null","4-O-alpha-D-Galactopyranuronosyl-D-galacturonic acid;rebamipide","C02273","HMDB0039721;HMDB0257127","33809;NA","4532283;NA","NA;NA","null","null",TRUE,TRUE,NA,NA,NA
"4-o-carboxymethyl ascochlorin","15856_neg","4-o-carboxymethyl ascochlorin",0.02,13.22,NA,"Unknown","null","4-O-Carboxymethyl ascochlorin","","HMDB0248633","NA","NA","NA","null","null",FALSE,TRUE,NA,NA,NA
"4-oxo-2-azetidinecarboxylic acid","472_neg","4-oxo-2-azetidinecarboxylic acid",0.56,145.54,NA,"Unknown","null","4-Oxo-2-azetidinecarboxylic acid;MALEAMIC ACID;N-Hydroxysuccinimide;1-Hydroxypyrrole-2,5-diol","","HMDB0246560;HMDB0254310;HMDB0255159;HMDB0255335","NA;NA;NA;NA","3488064;11187;80170;53887891","NA;NA;NA;NA","null","null",TRUE,TRUE,NA,NA,NA
"4-piperidinol, 1-hydroxy-2,2,6,6-tetramethyl-","2635_pos","4-piperidinol, 1-hydroxy-2,2,6,6-tetramethyl-",0.42,292.87,NA,"Unknown","null","4-Piperidinol, 1-hydroxy-2,2,6,6-tetramethyl-","","HMDB0243489","NA","NA","NA","null","null",FALSE,TRUE,NA,NA,NA
"4-pyridoxic acid","2841_neg","4-pyridoxic acid",0.87,846.83,NA,"4-PYRIDOXATE","null","4-Pyridoxic acid;3,5-Dihydroxyphenylglycine;2-((3,5-Dihydroxyphenyl)amino)acetic acid;triazolobenzodiazepine","C00847","HMDB0000017;HMDB0243702;HMDB0244908;HMDB0259157","17405;NA;NA;NA","6723;108001;9920555;66714960","36190;NA;NA;NA","null","null",TRUE,TRUE,NA,NA,NA
"4-sulfoxyphenylacetyl dehydroalanine","8876_pos","4-sulfoxyphenylacetyl dehydroalanine",0.33,8.34,NA,"Unknown","null","4-Sulfoxyphenylacetyl dehydroalanine;Azinphosmethyl oxon","","HMDB0246581;HMDB0248808","NA;NA","126394;13746","NA;NA","null","null",FALSE,TRUE,NA,NA,NA
"4-trimethylaminobutyraldehyde","982_pos","4-trimethylaminobutyraldehyde",0.42,251.57,NA,"Unknown","null","4-Trimethylaminobutyraldehyde","","HMDB0246589","NA","76121305","NA","null","null",FALSE,TRUE,NA,NA,NA
"4-trimethylammoniobutanoic acid","1512_pos","4-trimethylammoniobutanoic acid",0.87,683.59,NA,"4-Trimethylammoniobutanoic Acid","null",NA,NA,NA,NA,NA,NA,"null","null",TRUE,TRUE,NA,NA,NA
"4-vinylphenol sulfate","3608_neg","4-vinylphenol sulfate",0.04,7.5,NA,"Unknown","null","4-Vinylphenol sulfate","","HMDB0062775","82931","6426766","NA","null","null",FALSE,TRUE,NA,NA,NA
"5'-(1,4-dihydro-1-methyl-3-pyridinylcarbonyl)-3'-azido-3'-deoxythymidine","13135_pos","5'-(1,4-dihydro-1-methyl-3-pyridinylcarbonyl)-3'-azido-3'-deoxythymidine",0.42,13.4,NA,"Unknown","null","""5'-(1,4-Dihydro-1-methyl-3-pyridinylcarbonyl)-3'-azido-3'-deoxythymidine""","","HMDB0248819","NA","359063","NA","null","null",FALSE,TRUE,NA,NA,NA
"5'-amino-5'-deoxyadenosine","7150_pos","5'-amino-5'-deoxyadenosine",0.07,5.77,NA,"Unknown","null","""5'-Amino-5'-deoxyadenosine""","","HMDB0246876","NA","266234","NA","null","null",FALSE,TRUE,NA,NA,NA
"5'-deoxyadenosine","6360_pos","5'-deoxyadenosine",0.38,18.02,NA,"5'-Deoxyadenosine","null",NA,NA,NA,NA,NA,NA,"null","null",FALSE,TRUE,NA,NA,NA
"5'-methylthioadenosine","8688_pos","5'-methylthioadenosine",0.42,150.24,NA,"5'-METHYLTHIOADENOSINE","null",NA,NA,NA,NA,NA,NA,"null","null",FALSE,TRUE,NA,NA,NA
"5'-n-ethylcarboxamidoadenosine","9280_pos","5'-n-ethylcarboxamidoadenosine",0.49,13.31,NA,"Unknown","null","""5'-N-Ethylcarboxamidoadenosine""","","HMDB0255498","91647","2868392","NA","null","null",FALSE,TRUE,NA,NA,NA
"5'-n-methylcarboxamidoadenosine","8544_pos","5'-n-methylcarboxamidoadenosine",0.4,35.26,NA,"Unknown","null","""5'-N-Methylcarboxamidoadenosine""","","HMDB0246883","NA","288044","NA","null","null",FALSE,TRUE,NA,NA,NA
"5'-s-methylthioadenosine","8312_neg","5'-s-methylthioadenosine",0.38,7.63,"5'-deoxy-5'-thionucleosides","no MS2: 5'-S-Methylthioadenosine; LC-ESI-QTOF; MS2; CE","C11H15N5O3S",NA,NA,NA,NA,NA,NA,"WUUGFSXJNOTRMR-IOSLPCCCSA-N","CSC[C@H]1O[C@H]([C@H](O)[C@@H]1O)N1C=NC2=C(N)N=CN=C12",TRUE,TRUE,NA,NA,NA
"5'-sulfamoyl-2-chloroadenosine","12178_neg","5'-sulfamoyl-2-chloroadenosine",0.16,18.93,NA,"Unknown","null","""5'-Sulfamoyl-2-chloroadenosine""","","HMDB0248477","NA","13994713","NA","null","null",FALSE,TRUE,NA,NA,NA
"5,5-dimethyl-1-pyrroline","180_pos","5,5-dimethyl-1-pyrroline",0.4,90.3,NA,"Unknown","null","5,5-Dimethyl-1-pyrroline;Diallylamine;N-Vinylpyrrolidine","","HMDB0246849;HMDB0251129;HMDB0255247","149492;NA;NA","10942349;31279;3014294","NA;NA;NA","null","null",FALSE,TRUE,NA,NA,NA
"5,5-diphenyl-2-thiohydantoin","6897_neg","5,5-diphenyl-2-thiohydantoin",0.42,61.45,NA,"Unknown","null","5,5-Diphenyl-2-thiohydantoin;Alconil;zardaverine","","HMDB0246851;HMDB0248121;HMDB0259989","NA;NA;46548","30476;NA;NA","NA;NA;NA","null","null",TRUE,TRUE,NA,NA,NA
"5,5-diphenylbarbituric acid","7845_pos","5,5-diphenylbarbituric acid",0.24,11.63,NA,"Unknown","null","5,5-Diphenylbarbituric acid","","HMDB0246852","NA","46484","NA","null","null",FALSE,TRUE,NA,NA,NA
"5,6-dichloro-1h-benzimidazole","2938_neg","5,6-dichloro-1h-benzimidazole",0.82,82.17,NA,"Unknown","null","5,6-Dichloro-1H-benzimidazole","","HMDB0247168","NA","331775","NA","null","null",TRUE,TRUE,NA,NA,NA
"5,6-dihydrouridine","5895_neg","5,6-dihydrouridine",0.69,1362.09,NA,"5,6-Dihydrouridine","null","5,6-Dihydrouridine;1-[(2S,5S)-3,4-Dihydroxy-5-(hydroxymethyl)oxolan-2-yl]-1,3-diazinane-2,4-dione","","HMDB0000497;HMDB0257954","23774;NA","94312;NA","NA;NA","null","null",FALSE,TRUE,NA,NA,NA
"5,6-dihydroxyuracil","1369_neg","5,6-dihydroxyuracil",0.31,29.48,NA,"Unknown","null","5,6-Dihydroxyuracil;Dialuric acid","","HMDB0246862;HMDB0251131","132197;76452","67956;179547","NA;NA","null","null",FALSE,TRUE,NA,NA,NA
"5,6-dimethoxynaphtol[2,3-b]furan-4,9-dione","6713_pos","5,6-dimethoxynaphtol[2,3-b]furan-4,9-dione",0.27,30.34,"Naphthofurans","no MS2: 5,6-Dimethoxynaphtol[2,3-b]furan-4,9-dione; LC-ESI-QTOF; MS2; [M+H]+; CE","C14H10O5",NA,NA,NA,NA,NA,NA,"VMGYORRTCREVTB-UHFFFAOYSA-N","COC1=C(OC)C2=C(C=C1)C(=O)C1=C(C=CO1)C2=O",TRUE,TRUE,NA,NA,NA
"5-((1-ethyl-4-piperidinyl)oxy)-9h-pyrrolo(2,3-b:5,4-c')dipyridine-6-carbonitrile","9435_neg","5-((1-ethyl-4-piperidinyl)oxy)-9h-pyrrolo(2,3-b:5,4-c')dipyridine-6-carbonitrile",0.27,2054756,NA,"Unknown","null","""5-((1-Ethyl-4-piperidinyl)oxy)-9H-pyrrolo(2,3-b:5,4-c')dipyridine-6-carbonitrile""","","HMDB0252656","NA","58266779","NA","null","null",FALSE,TRUE,NA,NA,NA
"5-((7-(benzyloxy)quinazolin-4-yl)amino)-4-fluoro-2-methylphenol","12545_pos","5-((7-(benzyloxy)quinazolin-4-yl)amino)-4-fluoro-2-methylphenol",0.02,11.23,NA,"Unknown","null","5-((7-(Benzyloxy)quinazolin-4-yl)amino)-4-fluoro-2-methylphenol","","HMDB0260032","91185","NA","NA","null","null",TRUE,TRUE,NA,NA,NA
"5-((p-hydroxybenzylidene)amino)-3-methylisothiazolo(5,4-d)pyrimidine-4,6(5h,7h)-dione","8940_pos","5-((p-hydroxybenzylidene)amino)-3-methylisothiazolo(5,4-d)pyrimidine-4,6(5h,7h)-dione",0.09,130245.1,NA,"Unknown","null","5-((p-Hydroxybenzylidene)amino)-3-methylisothiazolo(5,4-d)pyrimidine-4,6(5H,7H)-dione","","HMDB0253558","NA","137203016","NA","null","null",TRUE,TRUE,NA,NA,NA
"5-(1,1-dioxido-1,2-thiazinan-2-yl)-n-(4-fluorobenzyl)-8-hydroxy-1,6-naphthyridine-7-carboxamide","14982_pos","5-(1,1-dioxido-1,2-thiazinan-2-yl)-n-(4-fluorobenzyl)-8-hydroxy-1,6-naphthyridine-7-carboxamide",0.31,943810.2,NA,"Unknown","null","5-(1,1-Dioxido-1,2-thiazinan-2-yl)-N-(4-fluorobenzyl)-8-hydroxy-1,6-naphthyridine-7-carboxamide","","HMDB0259494","NA","457930","NA","null","null",FALSE,TRUE,NA,NA,NA
"5-(1h-indol-3-ylmethyl)-3-methyl-2-thioxo-4-imidazolidinone","6488_neg","5-(1h-indol-3-ylmethyl)-3-methyl-2-thioxo-4-imidazolidinone",0.2,5.89,NA,"Unknown","null","5-(1H-Indol-3-ylmethyl)-3-methyl-2-thioxo-4-Imidazolidinone;1-[3,4-Dihydroxy-5-(hydroxymethyl)oxolan-2-yl]-5-hydroxyimidazole-4-carboxamide;Pyrazofurin;4-Amino-1-[(2R,3S,4S,5R)-3,4-dihydroxy-5-(hydroxymethyl)oxolan-2-yl]oxypyrimidin-2-one;1-(6-Aminopurin-9-yl)-5-methylpyrimidine-2,4-dione","","HMDB0255500;HMDB0255794;HMDB0256946;HMDB0257637;HMDB0257910","NA;NA;NA;NA;NA","NA;4213;135447984;18505434;57262882","NA;NA;NA;NA;NA","null","null",TRUE,TRUE,NA,NA,NA
"5-(2-propoxyphenyl)-7h-[1,2,3]triazolo[4,5-d]pyrimidin-7-one","7289_pos","5-(2-propoxyphenyl)-7h-[1,2,3]triazolo[4,5-d]pyrimidin-7-one",0.67,18.25,NA,"Unknown","null","5-(2-Propoxyphenyl)-7H-[1,2,3]triazolo[4,5-d]pyrimidin-7-one;Lagociclovir","","HMDB0247197;HMDB0253955","NA;NA","NA;11687633","NA;NA","null","null",FALSE,TRUE,NA,NA,NA
"5-(3',4',5'-trihydroxyphenyl)-gamma-valerolactone-3'-o-glucuronide","13107_neg","5-(3',4',5'-trihydroxyphenyl)-gamma-valerolactone-3'-o-glucuronide",0.09,23.05,NA,"Unknown","null","""5-(3',4',5'-Trihydroxyphenyl)-gamma-valerolactone-3'-O-glucuronide"";""5-(3',4',5'-Trihydroxyphenyl)-gamma-valerolactone-4'-O-glucuronide"";Sinapinic acid-O-glucuronide isomer;Sinapic acid 4-O-glucuronide","","HMDB0059984;HMDB0059986;HMDB0060019;HMDB0240383","88702;88692;89614;NA","124202080;124202074;124202107;NA","NA;NA;NA;NA","null","null",FALSE,TRUE,NA,NA,NA
"5-(3',5'-dihydroxyphenyl)-gamma-valerolactone 3-o-glucuronide","12382_neg","5-(3',5'-dihydroxyphenyl)-gamma-valerolactone 3-o-glucuronide",0.11,3.21,NA,"Unknown","null","""5-(3',5'-Dihydroxyphenyl)-gamma-valerolactone 3-O-glucuronide"";""5-(3',4'-Dihydroxyphenyl)-gamma-valerolactone-4'-O-glucuronide"";3,4,5-trihydroxy-6-{2-hydroxy-5-[(5-oxooxolan-2-yl)methyl]phenoxy}oxane-2-carboxylic acid","","HMDB0041693;HMDB0059989;HMDB0127731","88659;88695;NA","124202085;124202077;131834060","NA;NA;NA","null","null",FALSE,TRUE,NA,NA,NA
"5-(3',5'-dihydroxyphenyl)-gamma-valerolactone-o-sulphate-o-methyl","8554_neg","5-(3',5'-dihydroxyphenyl)-gamma-valerolactone-o-sulphate-o-methyl",0.31,19.5,NA,"Unknown","null","""5-(3',5'-Dihydroxyphenyl)-gamma-valerolactone-O-sulphate-O-methyl"";{2-methoxy-4-[(5-oxooxolan-2-yl)methyl]phenyl}oxidanesulfonic acid;5-((p-Hydroxybenzylidene)amino)-3-methylisothiazolo(5,4-d)pyrimidine-4,6(5H,7H)-dione","","HMDB0060031;HMDB0127769;HMDB0253558","89538;NA;NA","124202097;131834093;137203016","NA;NA;NA","null","null",TRUE,TRUE,NA,NA,NA
"5-(4-methoxybenzylidene)-1,3-thiazolidine-2,4-dione","5351_neg","5-(4-methoxybenzylidene)-1,3-thiazolidine-2,4-dione",0.42,10.92,NA,"Unknown","null","5-(4-Methoxybenzylidene)-1,3-thiazolidine-2,4-dione;Limazocic;(4R)-3-((2S)-3-Mercapto-2-methylpropanoyl)-4-thiazolidinecarboxylic acid","","HMDB0246721;HMDB0254094;HMDB0259957","NA;NA;NA","233112;18755209;NA","NA;NA;NA","null","null",FALSE,TRUE,NA,NA,NA
"5-(5-(2,6-dichloro-4-(4,5-dihydro-2-oxazoly)phenoxy)pentyl)-3-methyl isoxazole","12277_neg","5-(5-(2,6-dichloro-4-(4,5-dihydro-2-oxazoly)phenoxy)pentyl)-3-methyl isoxazole",0.33,75.88,NA,"Unknown","null","5-(5-(2,6-Dichloro-4-(4,5-Dihydro-2-Oxazoly)phenoxy)pentyl)-3-Methyl Isoxazole","C06493","HMDB0259896","10029","441048","NA","null","null",FALSE,TRUE,NA,NA,NA
"5-(diethylphosphono)-5-methyl-1-pyrroline n-oxide","5571_pos","5-(diethylphosphono)-5-methyl-1-pyrroline n-oxide",0.31,14.86,NA,"Unknown","null","5-(Diethylphosphono)-5-methyl-1-pyrroline N-Oxide","","HMDB0251018","NA","119606","NA","null","null",FALSE,TRUE,NA,NA,NA
"5-(hydroxymethyl)piperidine-3,4-diol","1609_pos","5-(hydroxymethyl)piperidine-3,4-diol",0.91,92.32,NA,"Unknown","null","5-(Hydroxymethyl)piperidine-3,4-diol;Daunosamine;3,4-Pyrrolidinediol, 2-(hydroxymethyl)-1-methyl-, (2R,3R,4R)-","","HMDB0246730;HMDB0250880;HMDB0254400","NA;NA;NA","4452693;419075;10130032","NA;NA;NA","null","null",TRUE,TRUE,NA,NA,NA
"5-(hydroxymethyl-2-furoyl)glycine","3564_neg","5-(hydroxymethyl-2-furoyl)glycine",0.24,14.57,NA,"Unknown","null","5-(Hydroxymethyl-2-furoyl)glycine;(2R,5R)-3-(2-Hydroxyethylidene)-7-oxo-4-oxa-1-azabicyclo[3.2.0]heptane-2-carboxylic acid","","HMDB0240476;HMDB0242517","NA;NA","6537488;2172","NA;NA","null","null",FALSE,TRUE,NA,NA,NA
"5-(hydroxyphenyl)-gamma-valerolactone-o-sulphate","7421_pos","5-(hydroxyphenyl)-gamma-valerolactone-o-sulphate",0.18,12.49,NA,"Unknown","null","5-(Hydroxyphenyl)-gamma-valerolactone-O-sulphate;""5-(4'-Hydroxyphenyl)-\xce\xb3-valerolactone 4'-sulfate""","","HMDB0059993;HMDB0240700","88750;NA","124202065;NA","NA;NA","null","null",FALSE,TRUE,NA,NA,NA
"5-(methoxycarbonyl)thiophene-2-carboxylic acid","2952_neg","5-(methoxycarbonyl)thiophene-2-carboxylic acid",0.02,3.11,NA,"Unknown","null","5-(Methoxycarbonyl)thiophene-2-carboxylic acid","","HMDB0246732","NA","818352","NA","null","null",FALSE,TRUE,NA,NA,NA
"5-[(2r)-3-(2-carboxy-4-oxochromen-6-yl)oxy-2-hydroxypropoxy]-4-oxochromene-2-carboxylic acid","16105_neg","5-[(2r)-3-(2-carboxy-4-oxochromen-6-yl)oxy-2-hydroxypropoxy]-4-oxochromene-2-carboxylic acid",0.24,30134.56,NA,"Unknown","null","5-[(2R)-3-(2-Carboxy-4-oxochromen-6-yl)oxy-2-hydroxypropoxy]-4-oxochromene-2-carboxylic acid","","HMDB0257946","NA","27686","NA","null","null",FALSE,TRUE,NA,NA,NA
"5-[(azetidin-2-yl)methoxy]-2-chloropyridine","3682_pos","5-[(azetidin-2-yl)methoxy]-2-chloropyridine",0.84,297.76,"N-phenylureas","no MS2: Monuron; LC-ESI-ITFT; MS2; CE","C9H11ClN2O","5-[(Azetidin-2-yl)methoxy]-2-chloropyridine;Monuron","C19087","HMDB0246740;HMDB0254876","NA;38214","21851774;8800","NA;NA","BMLIZLVNXIYGCK-UHFFFAOYSA-N","CN(C)C(=O)NC1=CC=C(Cl)C=C1",TRUE,TRUE,NA,NA,NA
"5-[[5-[[5-(pyrrol-2-ylidenemethyl)pyrrol-2-ylidene]methyl]-1h-pyrrol-2-yl]methylidene]pyrrole-2-carboxylic acid","10402_neg","5-[[5-[[5-(pyrrol-2-ylidenemethyl)pyrrol-2-ylidene]methyl]-1h-pyrrol-2-yl]methylidene]pyrrole-2-carboxylic acid",0.31,55.01,NA,"Lactose","null","5-[[5-[[5-(Pyrrol-2-ylidenemethyl)pyrrol-2-ylidene]methyl]-1H-pyrrol-2-yl]methylidene]pyrrole-2-carboxylic acid","","HMDB0260427","NA","91392212","NA","null","null",TRUE,TRUE,NA,NA,NA
"5-aminoimidazole-4-carboxamide","800_neg","5-aminoimidazole-4-carboxamide",0.11,13.01,NA,"Unknown","null","5-Aminoimidazole-4-carboxamide;4-Amino-1H-imidazole-2-carboxamide","C04051","HMDB0003192;HMDB0246339","2030;NA","9679;21983288","NA;NA","null","null",FALSE,TRUE,NA,NA,NA
"5-benzyl-2-[[4-(3-chlorophenyl)piperazin-1-yl]methyl]-6-methylpyridazin-3-one","13515_neg","5-benzyl-2-[[4-(3-chlorophenyl)piperazin-1-yl]methyl]-6-methylpyridazin-3-one",0.18,12.88,NA,"Unknown","null","5-Benzyl-2-[[4-(3-chlorophenyl)piperazin-1-yl]methyl]-6-methylpyridazin-3-one;Benzenesulfonamide, 5-(2-((2-(2-ethoxyphenoxy)ethyl)amino)propyl)-2-methoxy-","","HMDB0256167;HMDB0259951","NA;142546","10047089;121829","NA;NA","null","null",FALSE,TRUE,NA,NA,NA
"5-chloro-2'-deoxyuridine","6627_neg","5-chloro-2'-deoxyuridine",0.84,34.06,NA,"Unknown","null","""5-Chloro-2'-deoxyuridine""","","HMDB0250110","NA","351382","NA","null","null",TRUE,TRUE,NA,NA,NA
"5-chloro-3-[2-(2,6-difluorophenyl)ethyl]-1h-imidazo[4,5-b]pyridine-2-thione","9596_neg","5-chloro-3-[2-(2,6-difluorophenyl)ethyl]-1h-imidazo[4,5-b]pyridine-2-thione",0.11,8.78,NA,"Unknown","null","5-Chloro-3-[2-(2,6-difluorophenyl)ethyl]-1H-imidazo[4,5-b]pyridine-2-thione;2-[(2,6-Dichloro-4-methoxyphenyl)amino]phenylacetic acid","","HMDB0246768;HMDB0250053","NA;NA","483444;14389786","NA;NA","null","null",FALSE,TRUE,NA,NA,NA
"5-chloromethylfluorescein diacetate","15942_neg","5-chloromethylfluorescein diacetate",0.22,87848.77,NA,"Unknown","null","5-Chloromethylfluorescein diacetate","","HMDB0246771","51626","122297","NA","null","null",FALSE,TRUE,NA,NA,NA
"5-diazo-4-oxo-l-norvaline","1954_pos","5-diazo-4-oxo-l-norvaline",0.4,14.18,NA,"Unknown","null","5-Diazo-4-oxo-L-norvaline;1-Methyl-5-nitro-1H-imidazole-2-methanol","","HMDB0246779;HMDB0247667","NA;NA","3950037;557356","NA;NA","null","null",FALSE,TRUE,NA,NA,NA
"5-hydroxy-1-methylhydantoin","944_neg","5-hydroxy-1-methylhydantoin",0.36,63.68,NA,"Unknown","null","5-Hydroxy-1-methylhydantoin;4,5-Dihydroxy-3-methyl-1H-imidazol-2-one","","HMDB0246800;HMDB0257737","NA;NA","3036247;54536894","NA;NA","null","null",FALSE,TRUE,NA,NA,NA
"5-hydroxy-2,4-dimethylthiophen-3-one","1374_neg","5-hydroxy-2,4-dimethylthiophen-3-one",0.09,32.59,NA,"Unknown","null","5-Hydroxy-2,4-dimethylthiophen-3-one","","HMDB0246446","NA","135406870","NA","null","null",FALSE,TRUE,NA,NA,NA
"5-hydroxy-2-imino-1-methylimidazolidin-4-one","905_neg","5-hydroxy-2-imino-1-methylimidazolidin-4-one",0.27,17.3,NA,"Unknown","null","5-Hydroxy-2-imino-1-methylimidazolidin-4-one","","HMDB0244988","NA","124266","NA","null","null",FALSE,TRUE,NA,NA,NA
"5-hydroxy-l-tryptophan","4615_neg","5-hydroxy-l-tryptophan",0.42,41.43,NA,"Unknown","null","5-Hydroxy-L-tryptophan;""4,4'-Dihydroxyantipyrine"";N-hydroxy-L-tryptophan","C00643","HMDB0000472;HMDB0246602;HMDB0255152","17780;NA;NA","439280;126307;14828957","NA;NA;NA","null","null",FALSE,TRUE,NA,NA,NA
"5-hydroxyindole","1136_pos","5-hydroxyindole",0.87,784.08,NA,"Unknown","null","5-Hydroxyindole;1,3-Dihydro-(2H)-indol-2-one;Fluciclovine;1H-Indol-2-ol;4h-Benzoxazine;Benzoxazine;Isoindolin-1-one;p-Tolyl isocyanate","C12312","HMDB0059805;HMDB0061918;HMDB0244302;HMDB0244886;HMDB0246705;HMDB0249034;HMDB0253647;HMDB0256059","89649;31697;NA;NA;NA;NA;74235;53732","16054;321710;10820564;NA;22055063;17845026;10199;NA","NA;NA;NA;NA;NA;NA;NA;NA","null","null",TRUE,TRUE,NA,NA,NA
"5-hydroxyindoleacetic acid","3285_pos","5-hydroxyindoleacetic acid",0.78,132.82,NA,"Kynurenate","null","5-Hydroxyindoleacetic acid;xi-2,3-Dihydro-2-oxo-1H-indole-3-acetic acid;5-Methoxyindole-2-carboxylic acid;Noroxyhydrastinine;2-(3-Hydroxy-1H-indol-2-yl)acetic acid;2-(5-Hydroxy-1H-indol-2-yl)acetic acid;1H-Indol-3-yl 2-hydroxyacetate","C05635","HMDB0000763;HMDB0035514;HMDB0246823;HMDB0255749;HMDB0257584;HMDB0257587;HMDB0257908","27823;133221;133222;NA;NA;NA;NA","1826;3080590;20401;89047;54052793;15919788;68646059","46167;NA;NA;NA;NA;NA;NA","null","null",TRUE,TRUE,NA,NA,NA
"5-hydroxylysine","2200_pos","5-hydroxylysine",0.47,28.83,NA,"5-Hydroxylysine","null",NA,NA,NA,NA,NA,NA,"null","null",FALSE,TRUE,NA,NA,NA
"5-hydroxymethylflucloxacillin","16139_neg","5-hydroxymethylflucloxacillin",0.13,119965.6,NA,"Unknown","null","5-Hydroxymethylflucloxacillin","","HMDB0247366","NA","23277243","NA","null","null",FALSE,TRUE,NA,NA,NA
"5-hydroxymethyluracil","1371_pos","5-hydroxymethyluracil",0.4,27.06,NA,"Unknown","null","5-Hydroxymethyluracil","C03088","HMDB0000469","16964","78168","NA","null","null",FALSE,TRUE,NA,NA,NA
"5-mercapto-2-nitro-benzoic acid","3552_neg","5-mercapto-2-nitro-benzoic acid",0.24,31.66,NA,"Unknown","null","5-Mercapto-2-nitro-benzoic acid","","HMDB0245253","NA","123648","NA","null","null",FALSE,TRUE,NA,NA,NA
"5-methylcytidine","6398_neg","5-methylcytidine",0.42,374.31,NA,"Unknown","null","5-Methylcytidine;Pyro-L-glutaminyl-L-glutamine;3-Methylcytidine;""2'-C-Methylcytidine"";benserazide;4-Amino-1-[(2R,5R)-3,4-dihydroxy-5-(hydroxymethyl)oxolan-2-yl]-5-methylpyrimidin-2-one","","HMDB0000982;HMDB0039229;HMDB0240577;HMDB0245530;HMDB0248960;HMDB0257731","20607;88956;NA;NA;64187;NA","92918;11010621;NA;13871033;2327;262543","NA;NA;NA;NA;NA;NA","null","null",TRUE,TRUE,NA,NA,NA
"5-methylcytosine","814_pos","5-methylcytosine",0.87,41.17,NA,"5-Methylcytosine","null",NA,NA,NA,NA,NA,NA,"null","null",TRUE,TRUE,NA,NA,NA
"5-methyltetrahydrofolic acid","16179_pos","5-methyltetrahydrofolic acid",0.47,135987.1,NA,"Unknown","null","5-Methyltetrahydrofolic acid;Levomefolic acid;Methyltetrahydrofolate;Methyltetrahydrofolic acid","C00440","HMDB0001396;HMDB0254053;HMDB0254616;HMDB0254666","15641;NA;NA;NA","439234;NA;22614198;19754076","34988;NA;NA;NA","null","null",FALSE,TRUE,NA,NA,NA
"5-oxozaleplon","9431_neg","5-oxozaleplon",0.2,4.97,NA,"Unknown","null","5-Oxozaleplon","","HMDB0246836","NA","135465917","NA","null","null",FALSE,TRUE,NA,NA,NA
"5alpha-tetrahydrocortisol","11488_neg","5alpha-tetrahydrocortisol",0.53,1614237,NA,"Urocortisol","null","5alpha-Tetrahydrocortisol;Tetrahydrocortisol;Cortolone;Arbaprostil;Prostaglandin E2 methyl ester","C05465;C05481","HMDB0000526;HMDB0000949;HMDB0003128;HMDB0248565;HMDB0256853","89627;16525;3899;NA;NA","92748;387316;160499;20981549;53394160","NA;45864;NA;NA;NA","null","null",TRUE,TRUE,NA,NA,NA
"5z-dodecenoic acid","3542_neg","5z-dodecenoic acid",0.89,5821.22,NA,"Unknown","null","5Z-Dodecenoic acid","","HMDB0000529","86595","5312378","NA","null","null",TRUE,TRUE,NA,NA,NA
"6","11095_neg","6",0.07,2.46,"Medium-chain fatty acids","no MS2: 6","C8H2F12O2",NA,NA,NA,NA,NA,NA,"BKOBFLVYTXYFQZ-OWOJBTEDSA-N","OC(=O)\C=C(\F)C(F)(F)C(F)(F)C(F)(F)C(F)(F)C(F)(F)F",FALSE,TRUE,NA,NA,NA
"6-(4-(2,2-di(4-fluorophenyl)ethylamino)-1-piperidinyl)-n,n'-di-2-propenyl-1,3,5-triazine-2,4-diamine","17885_pos","6-(4-(2,2-di(4-fluorophenyl)ethylamino)-1-piperidinyl)-n,n'-di-2-propenyl-1,3,5-triazine-2,4-diamine",0.09,7.71,NA,"Unknown","null","""6-(4-(2,2-Di(4-Fluorophenyl)ethylamino)-1-piperidinyl)-N,N'-di-2-propenyl-1,3,5-triazine-2,4-diamine""","","HMDB0257391","NA","NA","NA","null","null",FALSE,TRUE,NA,NA,NA
"6-(4-azanyl-4-methyl-piperidin-1-yl)-3-[2,3-bis(chloranyl)phenyl]pyrazin-2-amine","10802_neg","6-(4-azanyl-4-methyl-piperidin-1-yl)-3-[2,3-bis(chloranyl)phenyl]pyrazin-2-amine",0.07,7.04,NA,"Unknown","null","6-(4-Azanyl-4-Methyl-Piperidin-1-Yl)-3-[2,3-Bis(Chloranyl)phenyl]pyrazin-2-Amine","","HMDB0258274","NA","NA","NA","null","null",FALSE,TRUE,NA,NA,NA
"6-(4-carboxy-2-hydroxyphenoxy)-3,4,5-trihydroxyoxane-2-carboxylic acid","9825_neg","6-(4-carboxy-2-hydroxyphenoxy)-3,4,5-trihydroxyoxane-2-carboxylic acid",0.11,6.8,NA,"Unknown","null","6-(4-carboxy-2-hydroxyphenoxy)-3,4,5-trihydroxyoxane-2-carboxylic acid;6-(5-carboxy-2-hydroxyphenoxy)-3,4,5-trihydroxyoxane-2-carboxylic acid;6-(4-carboxy-3-hydroxyphenoxy)-3,4,5-trihydroxyoxane-2-carboxylic acid;6-(2-carboxy-5-hydroxyphenoxy)-3,4,5-trihydroxyoxane-2-carboxylic acid;6-(3-carboxy-5-hydroxyphenoxy)-3,4,5-trihydroxyoxane-2-carboxylic acid;6-(3-carboxy-2-hydroxyphenoxy)-3,4,5-trihydroxyoxane-2-carboxylic acid;6-(2-carboxy-6-hydroxyphenoxy)-3,4,5-trihydroxyoxane-2-carboxylic acid;6-(3-carboxy-4-hydroxyphenoxy)-3,4,5-trihydroxyoxane-2-carboxylic acid;6-(2-carboxy-4-hydroxyphenoxy)-3,4,5-trihydroxyoxane-2-carboxylic acid;Pirazolac","","HMDB0124990;HMDB0124991;HMDB0126444;HMDB0126445;HMDB0126655;HMDB0134102;HMDB0134103;HMDB0134109;HMDB0134110;HMDB0256590","NA;NA;NA;NA;NA;NA;NA;NA;NA;NA","131831543;92024354;131832862;131832863;131833037;131837848;131837849;131837855;131837856;NA","NA;NA;NA;NA;NA;NA;NA;NA;NA;NA","null","null",FALSE,TRUE,"Phenolic glycosides","Organooxygen compounds","Carbohydrates and carbohydrate conjugates"
"6-[(1z,2z)-3-hydroxy-3-phenyl-2-propene-1-ylidene]-2,4-cyclohexadiene-1-one","4864_pos","6-[(1z,2z)-3-hydroxy-3-phenyl-2-propene-1-ylidene]-2,4-cyclohexadiene-1-one",0.84,98.47,NA,"L-CYSTATHIONINE","null","6-[(1Z,2Z)-3-Hydroxy-3-phenyl-2-propene-1-ylidene]-2,4-cyclohexadiene-1-one;9H-Fluoren-9-ylmethyl Formate;2,3-Diphenylacrylic acid;Pterocarpan;Dibenzoylmethane;Flavanone;Isoflavanone;Phenylbenzylglyoxal","C00766;C01927","HMDB0245774;HMDB0247701;HMDB0248241;HMDB0250204;HMDB0251166;HMDB0252292;HMDB0253636;HMDB0256436","NA;NA;NA;73033;75417;5070;27945;NA","97765;4428483;66677;6451349;8433;10251;160767;NA","NA;NA;NA;NA;NA;NA;NA;NA","null","null",TRUE,TRUE,NA,NA,NA
"6-[(2s,3s,4r,5r)-5-(6-aminopurin-9-yl)-3,4-dihydroxyoxolan-2-yl]oxane-2,5-dione","10714_neg","6-[(2s,3s,4r,5r)-5-(6-aminopurin-9-yl)-3,4-dihydroxyoxolan-2-yl]oxane-2,5-dione",0.42,31.67,NA,"Unknown","null","6-[(2S,3S,4R,5R)-5-(6-Aminopurin-9-yl)-3,4-dihydroxyoxolan-2-yl]oxane-2,5-dione","","HMDB0257755","NA","NA","NA","null","null",TRUE,TRUE,NA,NA,NA
"6-[3-(1-adamantyl)-4-hydroxyphenyl]-2-naphthalenecarboxylic acid","13576_pos","6-[3-(1-adamantyl)-4-hydroxyphenyl]-2-naphthalenecarboxylic acid",0.02,5.14,NA,"Unknown","null","6-[3-(1-Adamantyl)-4-hydroxyphenyl]-2-naphthalenecarboxylic Acid;Moveltipril","","HMDB0244485;HMDB0254905","88334;NA","135411;9962607","NA;NA","null","null",FALSE,TRUE,NA,NA,NA
"6-[3-(2-carboxyeth-1-en-1-yl)phenoxy]-3,4,5-trihydroxyoxane-2-carboxylic acid","10305_neg","6-[3-(2-carboxyeth-1-en-1-yl)phenoxy]-3,4,5-trihydroxyoxane-2-carboxylic acid",0.07,4.15,NA,"Aesculin","null","6-[3-(2-carboxyeth-1-en-1-yl)phenoxy]-3,4,5-trihydroxyoxane-2-carboxylic acid;O-Coumaric acid glucuronide;p-Coumaric acid glucuronide","","HMDB0127983;HMDB0240548;HMDB0240550","NA;NA;NA","NA;131837805;71314996","NA;NA;NA","null","null",FALSE,TRUE,"Phenolic glycosides","Organooxygen compounds","Carbohydrates and carbohydrate conjugates"
"6-[3-(carboxymethyl)phenoxy]-3,4,5-trihydroxyoxane-2-carboxylic acid","9740_neg","6-[3-(carboxymethyl)phenoxy]-3,4,5-trihydroxyoxane-2-carboxylic acid",0.42,6.73,NA,"Unknown","null","6-[3-(carboxymethyl)phenoxy]-3,4,5-trihydroxyoxane-2-carboxylic acid;6-[4-(carboxymethyl)phenoxy]-3,4,5-trihydroxyoxane-2-carboxylic acid;8-Nitroguanosine;bergenin","","HMDB0125161;HMDB0132498;HMDB0247454;HMDB0249087","NA;NA;NA;91545","131831696;131836670;92021966;2356","NA;NA;NA;NA","null","null",FALSE,TRUE,"Phenolic glycosides","Organooxygen compounds","Carbohydrates and carbohydrate conjugates"
"6-[5-(4-carbamimidoylphenyl)-2-furyl]pyridine-3-carboxamidine","8720_neg","6-[5-(4-carbamimidoylphenyl)-2-furyl]pyridine-3-carboxamidine",0.33,14.12,NA,"Unknown","null","6-[5-(4-Carbamimidoylphenyl)-2-furyl]pyridine-3-carboxamidine","","HMDB0260328","NA","9817976","NA","null","null",FALSE,TRUE,NA,NA,NA
"6-[ethoxy(mercapto)methylidene]-1-cyclohexa-2,4-dienone","2799_neg","6-[ethoxy(mercapto)methylidene]-1-cyclohexa-2,4-dienone",0.02,31.3,NA,"Unknown","null","6-[Ethoxy(mercapto)methylidene]-1-cyclohexa-2,4-dienone","","HMDB0257850","NA","135980021","NA","null","null",FALSE,TRUE,NA,NA,NA
"6-amino-1-naphthalenesulfonamide","4859_pos","6-amino-1-naphthalenesulfonamide",0.16,26.34,NA,"Unknown","null","6-Amino-1-naphthalenesulfonamide;2-Cyano-2-(3,4-dihydroxy-benzyl)-thioacetamide;N-(Tetrahydro-2-oxo-3-thienyl)-3-pyridinecarboxamide;Tert-Butylbicyclophosphorothionate;4-Benzyl-2-methyl-1,2,4-thiadiazolidine-3,5-dione","C19930","HMDB0247033;HMDB0250056;HMDB0258469;HMDB0258754;HMDB0258758","NA;NA;NA;NA;147411","71009;44318047;171434;NA;NA","NA;NA;NA;NA;NA","null","null",TRUE,TRUE,NA,NA,NA
"6-amino-n-[6-keto-6-(6-ketohexylamino)hexyl]hexanamide","10950_pos","6-amino-n-[6-keto-6-(6-ketohexylamino)hexyl]hexanamide",0.36,16.06,NA,"Unknown","null","6-Amino-N-[6-keto-6-(6-ketohexylamino)hexyl]hexanamide","","HMDB0256669","NA","71311215","NA","null","null",FALSE,TRUE,NA,NA,NA
"6-aminocoumarinhydrochloride","13090_neg","6-aminocoumarinhydrochloride",0.36,35088.73,NA,"Unknown","null","6-Aminocoumarinhydrochloride","","HMDB0244963","NA","104746","NA","null","null",FALSE,TRUE,NA,NA,NA
"6-chloro-2,3,4,9-tetrahydro-1h-carbazole-1-carboxamide","5983_neg","6-chloro-2,3,4,9-tetrahydro-1h-carbazole-1-carboxamide",0.38,5.91,NA,"Unknown","null","6-Chloro-2,3,4,9-tetrahydro-1H-carbazole-1-carboxamide;3-(3-(Pyridin-3-yl)-1,2,4-oxadiazol-5-yl)benzonitrile","","HMDB0246699;HMDB0247644","90369;NA","5113032;11998180","NA;NA","null","null",FALSE,TRUE,NA,NA,NA
"6-chloro-2-pyridylmethyl nitrate","3035_neg","6-chloro-2-pyridylmethyl nitrate",0.36,21.28,NA,"Unknown","null","6-Chloro-2-pyridylmethyl nitrate","","HMDB0247042","NA","NA","NA","null","null",FALSE,TRUE,NA,NA,NA
"6-chloro-5-(4-(1-hydroxycyclobutyl)phenyl)-1h-indole-3-carboxylic acid","10349_neg","6-chloro-5-(4-(1-hydroxycyclobutyl)phenyl)-1h-indole-3-carboxylic acid",0.02,4.37,NA,"Unknown","null","6-Chloro-5-(4-(1-hydroxycyclobutyl)phenyl)-1H-indole-3-carboxylic acid","","HMDB0244646","NA","71748255","NA","null","null",FALSE,TRUE,NA,NA,NA
"6-chloro-5-methyl-n-quinolin-4-yl-2,3-dihydroindole-1-carboxamide","10718_pos","6-chloro-5-methyl-n-quinolin-4-yl-2,3-dihydroindole-1-carboxamide",0.11,1031466,NA,"Unknown","null","6-Chloro-5-methyl-N-quinolin-4-yl-2,3-dihydroindole-1-carboxamide;6-Chloro-5-methyl-N-quinolin-5-yl-2,3-dihydroindole-1-carboxamide","","HMDB0247045;HMDB0257513","NA;NA","6603999;NA","NA;NA","null","null",TRUE,TRUE,NA,NA,NA
"6-chloromelatonin","7142_pos","6-chloromelatonin",0.42,26.49,NA,"Unknown","null","6-Chloromelatonin;Dihydrocitrinone","","HMDB0247048;HMDB0251297","NA;NA","1858;15558919","NA;NA","null","null",FALSE,TRUE,NA,NA,NA
"6-deoxy-4-o-(3,6-di-o-methyl-beta-d-glucopyranosyl)-2,3-di-o-methyl-alpha-l-mannopyranose","12874_pos","6-deoxy-4-o-(3,6-di-o-methyl-beta-d-glucopyranosyl)-2,3-di-o-methyl-alpha-l-mannopyranose",0.36,20.09,NA,"Unknown","null","6-Deoxy-4-O-(3,6-di-O-methyl-beta-D-glucopyranosyl)-2,3-di-O-methyl-alpha-L-mannopyranose","","HMDB0249889","NA","75115048","NA","null","null",FALSE,TRUE,NA,NA,NA
"6-diazo-5-oxo-l-norleucine","2527_pos","6-diazo-5-oxo-l-norleucine",0.42,35.3,"Nitroimidazoles","no MS2: Metronidazole; LC-ESI-ITFT; MS2; CE","C6H9N3O3","6-Diazo-5-oxo-L-norleucine","","HMDB0247054","NA","136353078","NA","VAOCPAMSLUNLGC-UHFFFAOYSA-N","CC1=NC=C(N1CCO)N(=O)=O",FALSE,TRUE,NA,NA,NA
"6-fluoromevalonate","1557_pos","6-fluoromevalonate",0.44,353.12,NA,"1-Phenyl-1,2-Propanedione","null","6-Fluoromevalonate","","HMDB0247063","125368","119214","NA","null","null",FALSE,TRUE,NA,NA,NA
"6-guanidino-2-oxocaproic acid","3198_pos","6-guanidino-2-oxocaproic acid",0.56,781.33,NA,"Unknown","null","6-Guanidino-2-oxocaproic acid","","HMDB0247067","NA","13154346","NA","null","null",FALSE,TRUE,NA,NA,NA
"6-hydroxy-3,4-dihydro-2(1h)-quinolinone","2036_neg","6-hydroxy-3,4-dihydro-2(1h)-quinolinone",0.07,165.37,NA,"Unknown","null","6-Hydroxy-3,4-dihydro-2(1H)-quinolinone;2-Methyl-2H-1,3-benzoxazin-4(3H)-one","","HMDB0246939;HMDB0249616","NA;NA","2774040;30199","NA;NA","null","null",FALSE,TRUE,NA,NA,NA
"6-hydroxymelatonin","6109_pos","6-hydroxymelatonin",0.82,101.52,NA,"N-ACETYL-D-TRYPTOPHAN","null","6-Hydroxymelatonin","C05643","HMDB0004081","2198","1864","46185","null","null",TRUE,TRUE,NA,NA,NA
"6-hydroxymethylpterin","3465_pos","6-hydroxymethylpterin",0.4,55.06,NA,"2-Amino-2-Deoxy-D-Gluconate","null","6-Hydroxymethylpterin","","HMDB0247079","NA","69736","NA","null","null",FALSE,TRUE,NA,NA,NA
"6-hydroxynorketamine","5761_pos","6-hydroxynorketamine",0.42,98.05,"Chlorobenzenes","no MS2: Clomazone; LC-ESI-ITFT; MS2; CE","C12H14ClNO2","6-Hydroxynorketamine;Clomazone","C11095","HMDB0243590;HMDB0250348","NA;3751","133669;NA","NA;NA","KIEDNEWSYUYDSN-UHFFFAOYSA-N","CC1(C)CON(CC2=CC=CC=C2Cl)C1=O",FALSE,TRUE,NA,NA,NA
"6-methoxy-2(3h)-benzoxazolone","2104_neg","6-methoxy-2(3h)-benzoxazolone",0.58,269.84,NA,"Formylanthranilic Acid","null","6-Methoxy-2(3H)-benzoxazolone;(R)-2-Hydroxy-2H-1,4-benzoxazin-3(4H)-one;""4'-Nitroacetophenone"";Phthalamic acid","C15769;C02803","HMDB0036582;HMDB0038318;HMDB0256052;HMDB0256499","NA;63559;28735;50736","10772;322636;NA;NA","NA;NA;NA;NA","null","null",FALSE,TRUE,NA,NA,NA
"6-methoxy-2-[(4-methylphenyl)methylsulfanyl]-1h-benzimidazole","8046_pos","6-methoxy-2-[(4-methylphenyl)methylsulfanyl]-1h-benzimidazole",0.27,9.15,NA,"Unknown","null","6-Methoxy-2-[(4-methylphenyl)methylsulfanyl]-1H-benzimidazole","","HMDB0249927","NA","702869","NA","null","null",FALSE,TRUE,NA,NA,NA
"6-methyl-1,7-dihydro-2h-purine-2-thione","2145_neg","6-methyl-1,7-dihydro-2h-purine-2-thione",0.4,158.09,NA,"Unknown","null","6-Methyl-1,7-dihydro-2H-purine-2-thione;2-Methyl-6-thiopurine;9-Methylsulfanylpurine","","HMDB0244442;HMDB0245224;HMDB0257625","NA;NA;NA","21651427;181599;56976556","NA;NA;NA","null","null",FALSE,TRUE,NA,NA,NA
"6-methyl-3,5-heptadien-2-one","797_pos","6-methyl-3,5-heptadien-2-one",0.44,56.95,NA,"Unknown","null","6-Methyl-3,5-heptadien-2-one;2-Butylfuran;Methyl-1-cyclopenten-1-yl)-ethanone","","HMDB0031582;HMDB0040272;HMDB0061898","89984;89750;NA","12510894;20534;137847","NA;NA;NA","null","null",FALSE,TRUE,NA,NA,NA
"6-methyl-5-pyridin-4-yl-3,6-dihydro-1,3,4-thiadiazin-2-one","3957_neg","6-methyl-5-pyridin-4-yl-3,6-dihydro-1,3,4-thiadiazin-2-one",0.2,59.36,NA,"Unknown","null","6-Methyl-5-pyridin-4-yl-3,6-dihydro-1,3,4-thiadiazin-2-one","","HMDB0253351","NA","129941","NA","null","null",FALSE,TRUE,NA,NA,NA
"6-methylnicotinamide","1709_pos","6-methylnicotinamide",0.42,153.19,NA,"Unknown","null","6-Methylnicotinamide;1-Acetyl-2-phenylhydrazine;N-Methyl-n-benzylnitrosamine;N-phenylacetohydrazide;N,N-Dimethyl-4-nitrosoaniline;""N'-Benzyl-N-hydroxymethanimidamide""","C19680","HMDB0013704;HMDB0243811;HMDB0254625;HMDB0255224;HMDB0255256;HMDB0260370","88954;NA;NA;NA;59990;NA","14393052;8247;13643;316146;8749;53798838","NA;NA;NA;NA;NA;NA","null","null",FALSE,TRUE,NA,NA,NA
"6-methylthiopurine ribonucleoside","12066_neg","6-methylthiopurine ribonucleoside",0.07,8.73,NA,"Unknown","null","6-Methylthiopurine ribonucleoside","","HMDB0247092","NA","20044223","NA","null","null",FALSE,TRUE,NA,NA,NA
"6-n-propyluracil","1730_neg","6-n-propyluracil",0.42,125.2,NA,"Unknown","null","6-n-Propyluracil;Hexahydropyrrolo[1,2-a]pyrazine-1,4-dione;Methylene bisacrylamide;""N,N'-METHYLENEBISACRYLAMIDE""","","HMDB0247095;HMDB0253141;HMDB0254632;HMDB0255276","NA;NA;NA;NA","96188;193540;53800990;8041","NA;NA;NA;NA","null","null",FALSE,TRUE,NA,NA,NA
"6-oxopiperidine-2-carboxylic acid","1343_neg","6-oxopiperidine-2-carboxylic acid",0.84,2467.87,NA,"Unknown","null","6-Oxopiperidine-2-carboxylic acid;methoprolol;N-Ethylmaleamic acid","","HMDB0061705;HMDB0254537;HMDB0255136","87998;NA;140429","3014237;129651907;98249","NA;NA;NA","null","null",TRUE,TRUE,NA,NA,NA
"6-phosphogluconic acid","7288_neg","6-phosphogluconic acid",0.02,6.29,NA,"6-Phosphogluconic Acid","null","6-Phosphogluconic acid;Phospho gluconate;Phosphogluconic acid","C00345","HMDB0001316;HMDB0256469;HMDB0256477","48928;NA;NA","91493;18322564;NA","34686;NA;NA","null","null",FALSE,TRUE,NA,NA,NA
"6-phosphonoglucono-d-lactone","6704_pos","6-phosphonoglucono-d-lactone",0.07,20.44,NA,"Glucose 6-Phosphate","null","6-Phosphonoglucono-D-lactone","C01236","HMDB0001127","16938","439452","37157","null","null",FALSE,TRUE,NA,NA,NA
"6-thioxanthine","2216_neg","6-thioxanthine",0.4,27.36,NA,"Unknown","null","6-Thioxanthine;Zoxazolamine","C13841","HMDB0247108;HMDB0260050","NA;NA","16161;NA","NA;NA","null","null",FALSE,TRUE,NA,NA,NA
"6h,8h-3,4-dihydropyrimido(4,5-c)(1,2)oxazin-7-one","1812_pos","6h,8h-3,4-dihydropyrimido(4,5-c)(1,2)oxazin-7-one",0.49,186.74,NA,"Unknown","null","6H,8H-3,4-Dihydropyrimido(4,5-c)(1,2)oxazin-7-one;2-Nitrophenylhydrazine;3-Nitrophenylhydrazine;4-Nitro-o-phenylenediamine;6-Hydrazinonicotinic acid","C19384","HMDB0244492;HMDB0245263;HMDB0245950;HMDB0246528;HMDB0247068","NA;NA;NA;67116;NA","130855;3314739;3940977;NA;3782617","NA;NA;NA;NA;NA","null","null",FALSE,TRUE,NA,NA,NA
"6h-dipyrido[3,2-b:2',3'-e][1,4]diazepin-6-one, 11-ethyl-5,11-dihydro-5-methyl-8-[2-[(1-oxido-4-quinolinyl)oxy]ethyl]-","15005_neg","6h-dipyrido[3,2-b:2',3'-e][1,4]diazepin-6-one, 11-ethyl-5,11-dihydro-5-methyl-8-[2-[(1-oxido-4-quinolinyl)oxy]ethyl]-",0.09,166768.8,NA,"Unknown","null","""6H-Dipyrido[3,2-b:2',3'-e][1,4]diazepin-6-one, 11-ethyl-5,11-dihydro-5-methyl-8-[2-[(1-oxido-4-quinolinyl)oxy]ethyl]-"";Brivanib alaninate","","HMDB0249209;HMDB0249387","NA;NA","NA;22508903","NA;NA","null","null",FALSE,TRUE,NA,NA,NA
"7,7,8,8-tetracyanoquinodimethane","3966_pos","7,7,8,8-tetracyanoquinodimethane",0.42,18.64,NA,"Unknown","null","7,7,8,8-Tetracyanoquinodimethane","","HMDB0244685","52445","73697","NA","null","null",FALSE,TRUE,NA,NA,NA
"7,8-dichloro-1,2,3,4-tetrahydroisoquinoline","3813_pos","7,8-dichloro-1,2,3,4-tetrahydroisoquinoline",0.29,31.68,NA,"Unknown","null","7,8-Dichloro-1,2,3,4-tetrahydroisoquinoline","","HMDB0247292","160129","NA","NA","null","null",FALSE,TRUE,NA,NA,NA
"7,8-dihydro-2'-deoxyguanosine","7196_pos","7,8-dihydro-2'-deoxyguanosine",0.8,1389.65,NA,"Adenosine","null","""7,8-Dihydro-2'-deoxyguanosine""","","HMDB0247293","NA","90295342","NA","null","null",TRUE,TRUE,NA,NA,NA
"7-(2-hydroxyethyl)guanine","3372_neg","7-(2-hydroxyethyl)guanine",0.42,187.42,NA,"2-Amino-2-deoxy-D-gluconate","null","7-(2-Hydroxyethyl)guanine;2-Amino-2-deoxy-D-gluconic acid;D-Gluconamide;(4R,5R)-1-Aminooxy-2,4,5,6-tetrahydroxyhexan-3-one","","HMDB0247221;HMDB0250755;HMDB0252768;HMDB0255329","NA;NA;NA;NA","105076;235915;219903;76088265","NA;NA;NA;NA","null","null",TRUE,TRUE,NA,NA,NA
"7-(3,5-dimethyl-1,2-oxazol-4-yl)-6-methoxy-2-methyl-4-(quinolin-4-yl)-9h-pyrimido[4,5-b]indole","15206_pos","7-(3,5-dimethyl-1,2-oxazol-4-yl)-6-methoxy-2-methyl-4-(quinolin-4-yl)-9h-pyrimido[4,5-b]indole",0.09,9.73,NA,"Unknown","null","7-(3,5-Dimethyl-1,2-Oxazol-4-Yl)-6-Methoxy-2-Methyl-4-(Quinolin-4-Yl)-9h-Pyrimido[4,5-B]indole","","HMDB0249738","NA","NA","NA","null","null",FALSE,TRUE,NA,NA,NA
"7-(benzyloxy)-4-(trifluoromethyl)-2h-chromen-2-one","9848_pos","7-(benzyloxy)-4-(trifluoromethyl)-2h-chromen-2-one",0.29,7.91,NA,"Unknown","null","7-(Benzyloxy)-4-(trifluoromethyl)-2H-chromen-2-one","","HMDB0247236","NA","NA","NA","null","null",FALSE,TRUE,NA,NA,NA
"7-(trifluoromethoxy)indolin-2-one","4599_pos","7-(trifluoromethoxy)indolin-2-one",0.29,19.07,NA,"Unknown","null","7-(Trifluoromethoxy)indolin-2-one","","HMDB0247224","NA","53404525","NA","null","null",TRUE,TRUE,NA,NA,NA
"7-[(3r)-3-(aminomethyl)-4-methoxyiminopyrrolidin-1-yl]-1-cyclopropyl-6-fluoro-4-oxo-1,8-naphthyridine-3-carboxylic acid","13178_pos","7-[(3r)-3-(aminomethyl)-4-methoxyiminopyrrolidin-1-yl]-1-cyclopropyl-6-fluoro-4-oxo-1,8-naphthyridine-3-carboxylic acid",0.27,31235.48,NA,"Unknown","null","7-[(3R)-3-(Aminomethyl)-4-methoxyiminopyrrolidin-1-yl]-1-cyclopropyl-6-fluoro-4-oxo-1,8-naphthyridine-3-carboxylic acid","","HMDB0260015","93859","72938","NA","null","null",FALSE,TRUE,NA,NA,NA
"7-[[(2r)-2-amino-2-carboxyethyl]thio]-2-[[[(1s)-2,2-dimethylcyclopropyl]-oxomethyl]amino]-2-heptenoic acid","11129_neg","7-[[(2r)-2-amino-2-carboxyethyl]thio]-2-[[[(1s)-2,2-dimethylcyclopropyl]-oxomethyl]amino]-2-heptenoic acid",0.42,21.49,"N-acyl-alpha amino acids","no MS2: Cilastatin; LC-ESI-ITFT; MS2; CE","C16H26N2O5S","7-[[(2R)-2-Amino-2-carboxyethyl]thio]-2-[[[(1S)-2,2-dimethylcyclopropyl]-oxomethyl]amino]-2-heptenoic acid","","HMDB0247784","91950","104867","NA","DHSUYTOATWAVLW-WFVMDLQDSA-N","CC1(C)C[C@@H]1C(O)=N\C(=C/CCCCSC[C@H](N)C(O)=O)C(O)=O",FALSE,TRUE,NA,NA,NA
"7-acetamidoclonazepam","9691_neg","7-acetamidoclonazepam",0.09,5.48,NA,"Unknown","null","7-Acetamidoclonazepam","","HMDB0247227","NA","162054","NA","null","null",TRUE,TRUE,NA,NA,NA
"7-amino-4-(trifluoromethyl)coumarin","5214_pos","7-amino-4-(trifluoromethyl)coumarin",0.33,28.63,NA,"Unknown","null","7-Amino-4-(trifluoromethyl)coumarin","","HMDB0250491","51772","100641","NA","null","null",TRUE,TRUE,NA,NA,NA
"7-amino-4-hydroxy-2-naphthalenesulfonic acid","5528_neg","7-amino-4-hydroxy-2-naphthalenesulfonic acid",0.4,14.14,NA,"Unknown","null","7-Amino-4-hydroxy-2-naphthalenesulfonic acid","","HMDB0243485","87316","6868","NA","null","null",FALSE,TRUE,NA,NA,NA
"7-carboxynalidixic acid","6925_pos","7-carboxynalidixic acid",0.02,1.68,NA,"Unknown","null","7-Carboxynalidixic acid","","HMDB0247238","NA","NA","NA","null","null",FALSE,TRUE,NA,NA,NA
"7-hydroxyflumequine","7708_pos","7-hydroxyflumequine",0.33,58.39,NA,"Unknown","null","7-Hydroxyflumequine;3-Nitro-3,3a-dihydrobenzo[b]phenalen-7-one","","HMDB0247260;HMDB0258105","NA;NA","162938;57458870","NA;NA","null","null",FALSE,TRUE,NA,NA,NA
"7-hydroxymitragynine","14313_pos","7-hydroxymitragynine",0.71,22.12,NA,"Unknown","null","7-Hydroxymitragynine","","HMDB0247263","NA","74987192","NA","null","null",TRUE,TRUE,NA,NA,NA
"7-hydroxyoctanoic acid","1939_neg","7-hydroxyoctanoic acid",0.44,114.36,NA,"Unknown","null","7-Hydroxyoctanoic acid;Hydroxyoctanoic acid;3-Hydroxyoctanoic acid;(R)-2-Hydroxycaprylic acid;8-Hydroxyoctanoate;2-Ethyl-6-hydroxyhexanoic acid","","HMDB0000486;HMDB0000711;HMDB0001954;HMDB0002264;HMDB0061914;HMDB0245116","NA;86543;37100;NA;79162;NA","167627;94180;11367166;5312860;69820;17867498","NA;NA;NA;NA;NA;NA","null","null",TRUE,TRUE,NA,NA,NA
"7-methyl-2'-deoxyguanosine-3'-monophosphate","12007_pos","7-methyl-2'-deoxyguanosine-3'-monophosphate",0.36,28.82,NA,"Unknown","null","""7-Methyl-2'-deoxyguanosine-3'-monophosphate""","","HMDB0247809","NA","136247468","NA","null","null",TRUE,TRUE,NA,NA,NA
"7-methylguanine","2112_neg","7-methylguanine",0.42,1050.03,NA,"PTERIN","null","7-Methylguanine;N2-Methylguanine;2-Amino-6-methoxypurine;2-Pyrazinoylguanidine","C02242;C04153","HMDB0000897;HMDB0006040;HMDB0245002;HMDB0247125","28664;21818;20689;NA","11361;24828;65275;124704","NA;NA;NA;NA","null","null",FALSE,TRUE,NA,NA,NA
"7-methylguanosine","8695_pos","7-methylguanosine",0.67,236.47,NA,"7-Methylguanosine","null",NA,NA,NA,NA,NA,NA,"null","null",TRUE,TRUE,NA,NA,NA
"7-methylthioheptyl glucosinolate","15899_neg","7-methylthioheptyl glucosinolate",0.4,23.26,"Alkylglucosinolates","no MS2: 7-Methylthioheptyl glucosinolate; LC-ESI-ITFT; MS2; HCD; CE 65.0 eV; [M-H]-","C15H29NO9S3",NA,NA,NA,NA,NA,NA,"SJHVRBSHKTUXLG-MFIRQCQASA-N","CSCCCCCCC\C(S[C@@H]1O[C@H](CO)[C@@H](O)[C@H](O)[C@H]1O)=N/OS(O)(=O)=O",FALSE,TRUE,NA,NA,NA
"7-methylxanthine","2343_pos","7-methylxanthine",0.4,21.63,NA,"7-Methylxanthine","null",NA,NA,NA,NA,NA,NA,"null","null",TRUE,TRUE,NA,NA,NA
"7-o-galloyl-sedoheptulose","11285_neg","7-o-galloyl-sedoheptulose",0.24,11.34,NA,"Unknown","null","7-O-Galloyl-sedoheptulose","","HMDB0247276","NA","74833049","NA","null","null",FALSE,TRUE,NA,NA,NA
"7alpha-thiomethylspironolactone","12595_neg","7alpha-thiomethylspironolactone",0.4,240.87,NA,"Unknown","null","7alpha-Thiomethylspironolactone","","HMDB0246238","143452","14078922","NA","null","null",FALSE,TRUE,NA,NA,NA
"8,9-dichloro-2,3,4,5-tetrahydro-1h-2-benzazepine","4342_neg","8,9-dichloro-2,3,4,5-tetrahydro-1h-2-benzazepine",0.29,9.04,NA,"Unknown","null","8,9-Dichloro-2,3,4,5-tetrahydro-1H-2-benzazepine","","HMDB0247471","NA","121938","NA","null","null",FALSE,TRUE,NA,NA,NA
"8-(2-hydroxyethyl)theophyline","4804_neg","8-(2-hydroxyethyl)theophyline",0.31,14.43,NA,"Unknown","null","8-(2-Hydroxyethyl)theophyline;Etofylline","","HMDB0247410;HMDB0252111","NA;NA","13931929;NA","NA;NA","null","null",FALSE,TRUE,NA,NA,NA
"8-anilino-1-naphthalene sulfonate","8780_pos","8-anilino-1-naphthalene sulfonate",0.2,102.2,NA,"Unknown","null","8-Anilino-1-naphthalene sulfonate","C11326","HMDB0061854","39708","1369","NA","null","null",FALSE,TRUE,NA,NA,NA
"8-azabicyclo[3.2.1]octane","442_pos","8-azabicyclo[3.2.1]octane",0.4,24.34,NA,"Unknown","null","8-Azabicyclo[3.2.1]octane;PYRROLIZIDINE;QUINUCLIDINE","","HMDB0247421;HMDB0257003;HMDB0257057","NA;64950;38420","136097;NA;NA","NA;NA;NA","null","null",FALSE,TRUE,NA,NA,NA
"8-epiloganic acid","11981_neg","8-epiloganic acid",0.13,5.06,NA,"Unknown","null","8-Epiloganic acid;Ethinyl estradiol sulfate","","HMDB0247433;HMDB0252017","NA;NA","4430509;53461774","NA;NA","null","null",TRUE,TRUE,NA,NA,NA
"8-hydroxy-3-methyl-3,4-dihydrotetraphene-1,7,12(2h)-trione","9168_pos","8-hydroxy-3-methyl-3,4-dihydrotetraphene-1,7,12(2h)-trione",0.42,26.9,NA,"Unknown","null","8-Hydroxy-3-methyl-3,4-dihydrotetraphene-1,7,12(2H)-trione","","HMDB0258477","NA","NA","NA","null","null",TRUE,TRUE,NA,NA,NA
"8-hydroxy-7-methylguanine","2755_neg","8-hydroxy-7-methylguanine",0.42,135.25,NA,"Unknown","null","8-Hydroxy-7-methylguanine","","HMDB0006037","74064","308075","NA","null","null",TRUE,TRUE,NA,NA,NA
"8-hydroxyguanine","2180_neg","8-hydroxyguanine",0.58,53.63,NA,"Unknown","null","8-Hydroxyguanine;Carboxyethylphosphoramide;xanthine amine","C20155","HMDB0002032;HMDB0249660;HMDB0259917","52617;NA;NA","65154;53993935;19377753","NA;NA;NA","null","null",TRUE,TRUE,NA,NA,NA
"8-hydroxyquinoline-5-sulfonic acid","4835_neg","8-hydroxyquinoline-5-sulfonic acid",0.38,5.81,NA,"Unknown","null","8-Hydroxyquinoline-5-sulfonic acid","","HMDB0247444","NA","NA","NA","null","null",FALSE,TRUE,NA,NA,NA
"8-nitroguanine","3597_pos","8-nitroguanine",0.13,6.59,NA,"Unknown","null","8-Nitroguanine","","HMDB0247453","NA","4112249","NA","null","null",FALSE,TRUE,NA,NA,NA
"8-pcpt-2'-o-me-camp","16742_neg","8-pcpt-2'-o-me-camp",0.2,1221354,NA,"Unknown","null","""8-Pcpt-2'-O-Me-cAMP""","","HMDB0247461","NA","16760264","NA","null","null",FALSE,TRUE,NA,NA,NA
"8-phenyltheophylline","6346_neg","8-phenyltheophylline",0.42,516.13,NA,"Unknown","null","8-Phenyltheophylline;Lumiflavin","","HMDB0247463;HMDB0254201","NA;43661","NA;66184","NA;NA","null","null",TRUE,TRUE,NA,NA,NA
"9-(2,6-dioxo-3h-purin-9-yl)-3h-purine-2,6-dione","8555_neg","9-(2,6-dioxo-3h-purin-9-yl)-3h-purine-2,6-dione",0.02,5.01,NA,"Unknown","null","9-(2,6-Dioxo-3H-purin-9-yl)-3H-purine-2,6-dione","","HMDB0257773","NA","57111364","NA","null","null",FALSE,TRUE,NA,NA,NA
"9-(2-phosphonylmethoxyethyl)-2,6-diaminopurine","7851_neg","9-(2-phosphonylmethoxyethyl)-2,6-diaminopurine",0.44,29.41,NA,"Unknown","null","9-(2-Phosphonylmethoxyethyl)-2,6-diaminopurine","","HMDB0256651","NA","NA","NA","null","null",TRUE,TRUE,NA,NA,NA
"9-(4-fluoro-3-(hydroxymethyl)butyl)guanine","6577_pos","9-(4-fluoro-3-(hydroxymethyl)butyl)guanine",0.42,24.7,NA,"Unknown","null","9-(4-Fluoro-3-(hydroxymethyl)butyl)guanine","","HMDB0245591","NA","11673291","NA","null","null",FALSE,TRUE,NA,NA,NA
"9-(6-methylsulfanylpurin-9-yl)-3h-purine-6-thione","9205_neg","9-(6-methylsulfanylpurin-9-yl)-3h-purine-6-thione",0.2,10.2,NA,"Unknown","null","9-(6-Methylsulfanylpurin-9-yl)-3H-purine-6-thione","","HMDB0260403","NA","57145059","NA","null","null",FALSE,TRUE,NA,NA,NA
"9-(chloromethyl)anthracene","5063_pos","9-(chloromethyl)anthracene",0.11,22.11,NA,"Unknown","null","9-(Chloromethyl)anthracene","","HMDB0247574","NA","32385","NA","null","null",FALSE,TRUE,NA,NA,NA
"9-(tetrahydrofuran-2-yl)-9h-purin-6-amine","4019_pos","9-(tetrahydrofuran-2-yl)-9h-purin-6-amine",0.76,333.58,NA,"Unknown","null","9-(Tetrahydrofuran-2-yl)-9h-purin-6-amine;9-(trans-4-Hydroxy-2-buten-1-yl)adenine;2-Acetamido-2,6-dideoxygalactose;valine lactate","","HMDB0244787;HMDB0250028;HMDB0259683;HMDB0259749","90232;NA;NA;NA","NA;128656;18534126;129642442","NA;NA;NA;NA","null","null",TRUE,TRUE,NA,NA,NA
"9-deaza-9-(3-thienylmethyl)guanine","5893_neg","9-deaza-9-(3-thienylmethyl)guanine",0.04,16.49,NA,"Unknown","null","9-Deaza-9-(3-thienylmethyl)guanine","","HMDB0247589","NA","NA","NA","null","null",FALSE,TRUE,NA,NA,NA
"9-decenoylcarnitine","9543_pos","9-decenoylcarnitine",0.49,54.64,NA,"Unknown","null","9-Decenoylcarnitine;Decenoylcarnitine","","HMDB0013205;HMDB0250918","NA;NA","53481651;129628702","NA;NA","null","null",FALSE,TRUE,NA,NA,NA
"9-fluorocortisone","12096_neg","9-fluorocortisone",0.09,17.46,NA,"Unknown","null","9-Fluorocortisone;9-Fluoroprednisolone;Fluprednisolone","","HMDB0247594;HMDB0247595;HMDB0252404","NA;NA;NA","23276898;224001;3390","NA;NA;NA","null","null",FALSE,TRUE,NA,NA,NA
"9h-purin-6-ol, 2-((phenylmethyl)amino)-","5851_pos","9h-purin-6-ol, 2-((phenylmethyl)amino)-",0.02,4.4,NA,"Unknown","null","9H-Purin-6-ol, 2-((phenylmethyl)amino)-;o6-Benzylguanine;Peldesine;Pelrinone","","HMDB0246978;HMDB0255878;HMDB0256208;HMDB0256211","NA;NA;NA;NA","5271885;4578;NA;NA","NA;NA;NA;NA","null","null",FALSE,TRUE,NA,NA,NA
"A-ketoglutaric acid oxime","1954_neg","A-ketoglutaric acid oxime",0.42,459.01,NA,"Unknown","null","A-Ketoglutaric acid oxime;Alanine glyoxylate;Glycine pyruvate;N-Oxalyl-L-alanine;serine-glyoxylate","","HMDB0002467;HMDB0248103;HMDB0252865;HMDB0255220;HMDB0258250","NA;NA;NA;NA;NA","13012726;129631761;129630465;14985594;NA","NA;NA;NA;NA;NA","null","null",FALSE,TRUE,NA,NA,NA
"Acarviosin","10630_pos","Acarviosin",0.33,25.78,"Purine nucleosides","no MS2: isopentenyl-Adenosine-[d6]; LC-ESI-ITFT; MS2; CE 22.0 eV; [M+H]+","C15H21N5O4","Acarviosin","","HMDB0247888","NA","13118212","NA","USVMJSALORZVDV-SDBHATRESA-N","CC(C)=CCNC1=C2N=CN([C@@H]3O[C@H](CO)[C@@H](O)[C@H]3O)C2=NC=N1",FALSE,TRUE,"Aminocyclitol glycosides","Organooxygen compounds","Carbohydrates and carbohydrate conjugates"
"Acedapsone","9940_neg","Acedapsone",0.22,13.2,NA,"Unknown","null","Acedapsone","","HMDB0247894","139474","6477","NA","null","null",FALSE,TRUE,"Acetanilides","Benzene and substituted derivatives","Anilides"
"Acetamide, n-(p-amidino-alpha-(piperidinocarbonyl)phenethyl)-2-(2-naphthylsulfonamido)-, (s)-","18472_pos","Acetamide, n-(p-amidino-alpha-(piperidinocarbonyl)phenethyl)-2-(2-naphthylsulfonamido)-, (s)-",0.02,5.96,NA,"Unknown","null","Acetamide, N-(p-amidino-alpha-(piperidinocarbonyl)phenethyl)-2-(2-naphthylsulfonamido)-, (S)-","","HMDB0247902","NA","4406","NA","null","null",FALSE,TRUE,NA,NA,NA
"Acetamido thiadiazole butyl sulfonamide","7390_neg","Acetamido thiadiazole butyl sulfonamide",0.24,13.61,NA,"Unknown","null","Acetamido thiadiazole butyl sulfonamide","","HMDB0250307","NA","159459","NA","null","null",FALSE,TRUE,"Thiadiazole sulfonamides","Azoles","Thiadiazoles"
"Acetaminophen","1618_neg","Acetaminophen",0.44,132.99,NA,"L-METHIONINE","null","Acetaminophen;2-Phenylglycine;""2'-Hydroxyacetanilide"";2-Ethylnitrobenzene;Metacetamol;3-Methoxybenzamide;3,4,5,6-Tetrahydrophthalimide;4-(Aminomethyl)benzoic acid;4-Aminophenylacetic acid;4-Methyl-1,4-dihydropyridine-3,5-dicarbaldehyde;N-Phenylglycine","C06804","HMDB0001859;HMDB0002210;HMDB0061919;HMDB0245121;HMDB0245795;HMDB0245919;HMDB0246044;HMDB0246300;HMDB0246358;HMDB0254370;HMDB0255227","46195;55484;143107;NA;76987;NA;NA;NA;NA;75949;55477","1983;3866;11972;69156;12124;98487;34024;65526;14533;12502198;66025","NA;NA;NA;NA;NA;NA;NA;NA;NA;NA;NA","null","null",TRUE,TRUE,"1-hydroxy-2-unsubstituted benzenoids","Phenols","1-hydroxy-2-unsubstituted benzenoids"
"Acetoxyacetylaminofluorene","7901_pos","Acetoxyacetylaminofluorene",0.36,10.57,NA,"Unknown","null","Acetoxyacetylaminofluorene;indoprofen;N-Nitrosocimetidine","","HMDB0247920;HMDB0253478;HMDB0255201","76331;76162;NA","22469;3718;52445","NA;NA;NA","null","null",FALSE,TRUE,"Fluorenes","Fluorenes",NA
"Acetyl citrate","5495_pos","Acetyl citrate",0.49,3749.64,NA,"Unknown","null","Acetyl citrate","","HMDB0059808","NA","54454045","NA","null","null",TRUE,TRUE,"Tetracarboxylic acids and derivatives","Carboxylic acids and derivatives","Tetracarboxylic acids and derivatives"
"Acetyl-n-formyl-5-methoxykynurenamine","7041_pos","Acetyl-n-formyl-5-methoxykynurenamine",0.31,7.91,NA,"Unknown","null","Acetyl-N-formyl-5-methoxykynurenamine;Phenylacetylglutamine;Phenylacetyl glutaminate","C05642;C04148","HMDB0004259;HMDB0006344;HMDB0256432","NA;17884;NA","171161;92258;NA","46183;43248;NA","null","null",FALSE,TRUE,NA,NA,NA
"Acetylcholine","1511_pos","Acetylcholine",0.87,37.15,NA,"ACETYLCHOLINE","null",NA,NA,NA,NA,NA,NA,"null","null",FALSE,TRUE,"Acyl cholines","Organonitrogen compounds","Quaternary ammonium salts"
"Acetylcysteine","2033_neg","Acetylcysteine",0.44,226.54,NA,"Unknown","null","Acetylcysteine;Mercaptopropionylglycine;N-Acetyl-D-cysteine;tiopronin","C06809;C06809;C12876","HMDB0001890;HMDB0250055;HMDB0255048;HMDB0259104","28939;NA;NA;NA","12035;165505;581;NA","NA;NA;NA;NA","null","null",FALSE,TRUE,"N-acyl-L-alpha-amino acids","Carboxylic acids and derivatives","Amino acids, peptides, and analogues"
"Acetylglycine","540_neg","Acetylglycine",0.87,197.8,NA,"Acetylglycine","null","Acetylglycine;(3S)-3-Amino-4-oxobutanoic acid;Succinamic acid","","HMDB0000532;HMDB0243609;HMDB0258538","40410;NA;50398","10972;4473086;NA","NA;NA;NA","null","null",TRUE,TRUE,"N-acyl-alpha amino acids","Carboxylic acids and derivatives","Amino acids, peptides, and analogues"
"Acetylshikonin","9836_neg","Acetylshikonin",0.2,4.61,NA,"Unknown","null","Acetylshikonin;Diapocynin;Dimethyl 3,4-dimethoxy-6-phenylbenzene-1,2-dicarboxylate","C17413","HMDB0247936;HMDB0251141;HMDB0257740","81069;NA;NA","32464;9927489;87309081","NA;NA;NA","null","null",FALSE,TRUE,"Naphthoquinones","Naphthalenes","Naphthoquinones"
"Acridonecarboxamide","5715_pos","Acridonecarboxamide",0.11,4.75,NA,"Unknown","null","Acridonecarboxamide","","HMDB0247969","NA","21739048","NA","null","null",FALSE,TRUE,"Acridones","Quinolines and derivatives","Benzoquinolines"
"Adenine","1083_neg","Adenine",0.42,898.78,"6-aminopurines","no MS2: Adenine; LC-ESI-ITFT; MS2; m/z","C5H5N5","Adenine;1H-Pyrazolo[3,4-d]pyrimidin-4-amine;2-Aminopurine;9h-Purin-9-amine","C00147","HMDB0000034;HMDB0244899;HMDB0245025;HMDB0247703","16708;NA;479072;NA","190;75420;NA;237281","34039;NA;NA;NA","GFFGJBXGBJISGV-UHFFFAOYSA-N","NC1=C2N=CN=C2NC=N1",FALSE,TRUE,"6-aminopurines","Imidazopyrimidines","Purines and purine derivatives"
"Adenosine","6862_neg","Adenosine",0.42,368.32,"Purine nucleosides","no MS2: Adenosine; LC-ESI-QTOF; MS2; CE","C10H13N5O4","Adenosine;Deoxyguanosine;Neuraminic acid;""3'-Azido-3'-deoxythymidine, 98%"";""8-Oxo-2'-deoxyadenosine"";9-Arabinofuranosyladenine;Formycin A;Miserotoxin","C00212;C00330;C06469","HMDB0000050;HMDB0000085;HMDB0000830;HMDB0246088;HMDB0247147;HMDB0247583;HMDB0252448;HMDB0254754","16335;17172;49022;NA;NA;NA;NA;NA","60961;187790;513472;5726;14135814;NA;265953;4480505","34273;34637;NA;NA;NA;NA;NA;NA","OIRDTQYFTABQOQ-KQYNXXCUSA-N","NC1=C2N=CN([C@@H]3O[C@H](CO)[C@@H](O)[C@H]3O)C2=NC=N1",FALSE,TRUE,"Purine nucleosides","Purine nucleosides",NA
"Adenosine 5'-phosphorothioate","11330_neg","Adenosine 5'-phosphorothioate",0.02,3.73,NA,"Unknown","null","""Adenosine 5'-phosphorothioate""","","HMDB0248006","NA","2025","NA","null","null",FALSE,TRUE,NA,NA,NA
"Adenosine dialdehyde","6765_neg","Adenosine dialdehyde",0.62,8331.84,NA,"Unknown","null","Adenosine dialdehyde","","HMDB0248007","NA","99920","NA","null","null",TRUE,TRUE,"6-aminopurines","Imidazopyrimidines","Purines and purine derivatives"
"Adenosine monophosphate","11102_pos","Adenosine monophosphate",0.33,204500.1,NA,"3',5'-Cyclic GMP","null","Adenosine monophosphate;""3'-AMP"";Vidarabine phosphate;3-Phosphoadenosine;Zidovudine monophosphate;[(2R,5R)-5-(6-Aminopurin-9-yl)-4-hydroxy-2-(hydroxymethyl)oxolan-3-yl] dihydrogen phosphate","C00020;C01367","HMDB0000045;HMDB0003540;HMDB0245755;HMDB0245974;HMDB0248821;HMDB0258140","16027;28931;NA;NA;NA;NA","6083;41211;224;NA;1600;256105","33534;2224997;NA;NA;NA;NA","null","null",FALSE,TRUE,"Purine ribonucleoside monophosphates","Purine nucleotides","Purine ribonucleotides"
"Adibendan","7401_neg","Adibendan",0.27,17.05,NA,"Unknown","null","Adibendan","","HMDB0248011","NA","65867","NA","null","null",TRUE,TRUE,"Benzimidazoles","Benzimidazoles",NA
"Adipoylglycine","3933_pos","Adipoylglycine",0.87,554.33,NA,"Unknown","null","Adipoylglycine","","HMDB0240731","NA","60941336","NA","null","null",TRUE,TRUE,"N-acyl-alpha amino acids","Carboxylic acids and derivatives","Amino acids, peptides, and analogues"
"Aica-riboside","6722_pos","Aica-riboside",0.38,8.65,NA,"Unknown","null","AICA-riboside;1H-Imidazole-1-acetamide, N,N-bis(2-hydroxyethyl)-2-nitro-;5-Amino-1-[(2R,4S,5R)-3,4-dihydroxy-5-(hydroxymethyl)oxolan-2-yl]imidazole-4-carboxamide;Ribosyl-5-amino-4-imidazolcarboxamid","","HMDB0062179;HMDB0244877;HMDB0248904;HMDB0257692","28498;NA;125449;NA","17513;92390;266934;NA","NA;NA;NA;NA","null","null",FALSE,TRUE,NA,NA,NA
"Ajugol","10667_neg","Ajugol",0.62,86.15,NA,"Unknown","null","Ajugol","","HMDB0248074","NA","14355407","NA","null","null",TRUE,TRUE,"Iridoid O-glycosides","Prenol lipids","Terpene glycosides"
"Ala-cys-gly","6256_pos","Ala-cys-gly",0.02,2.25,NA,"Unknown","null","Ala-Cys-Gly;Cinchophen","","HMDB0248093;HMDB0250261","NA;NA","18218330;8593","NA;NA","null","null",TRUE,TRUE,NA,NA,NA
"Alacepril","13958_pos","Alacepril",0.42,90831.06,NA,"Unknown","null","Alacepril;Lorlatinib","","HMDB0248095;HMDB0254164","NA;NA","2077;78162481","NA;NA","null","null",TRUE,TRUE,"Dipeptides","Carboxylic acids and derivatives","Amino acids, peptides, and analogues"
"Alanine lactate pyruvate","6675_neg","Alanine lactate pyruvate",0.38,222,NA,"Unknown","null","Alanine lactate pyruvate","","HMDB0248105","NA","129669086","NA","null","null",TRUE,TRUE,"Alpha amino acid esters","Carboxylic acids and derivatives","Amino acids, peptides, and analogues"
"Alanylglycine","1568_pos","Alanylglycine",0.8,16888.72,NA,"Alanylglycine","null",NA,NA,NA,NA,NA,NA,"null","null",TRUE,TRUE,"Dipeptides","Carboxylic acids and derivatives","Amino acids, peptides, and analogues"
"Alanylisoleucine","3891_pos","Alanylisoleucine",0.84,268.7,NA,"Unknown","null","Alanylisoleucine;Alanylleucine;Isoleucyl-Alanine;Leucylalanine;DL-Alanyl-DL-leucine","","HMDB0028690;HMDB0028691;HMDB0028900;HMDB0028922;HMDB0251509","73805;73770;NA;73527;NA","7408078;96801;5246009;81721;NA","NA;NA;NA;NA;NA","null","null",TRUE,TRUE,"Dipeptides","Carboxylic acids and derivatives","Amino acids, peptides, and analogues"
"Alanylproline","3156_pos","Alanylproline",0.76,354.5,NA,"Unknown","null","Alanylproline;Prolyl-Alanine","","HMDB0028695;HMDB0029010","73393;NA","83525;418041","NA;NA","null","null",TRUE,TRUE,"Dipeptides","Carboxylic acids and derivatives","Amino acids, peptides, and analogues"
"Albuterol","5778_pos","Albuterol",0.44,502.63,"Benzyl alcohols","no MS2: Albuterol; LC-ESI-ITFT; MS2; CE","C13H21NO3",NA,NA,NA,NA,NA,NA,"NDAUXUAQIAJITI-UHFFFAOYNA-N","CC(C)(C)NCC(O)C1=CC(CO)=C(O)C=C1",FALSE,TRUE,NA,NA,NA
"Alclofenac","5057_pos","Alclofenac",0.04,11.98,NA,"Unknown","null","Alclofenac","","HMDB0248119","31183","NA","NA","null","null",FALSE,TRUE,"Phenol ethers","Phenol ethers",NA
"Alizarin","5590_neg","Alizarin",0.38,233.43,"Anthraquinones","no MS2: Laxapur; LC-ESI-QTOF; MS2; [M-H]-; CE","C14H8O4","Alizarin;Quinizarin","C01474","HMDB0248144;HMDB0257042","16866;37487","6293;NA","NA;NA","QBPFLULOKWLNNW-UHFFFAOYSA-N","OC1=CC=CC2=C1C(=O)C1=C(C=CC=C1O)C2=O",TRUE,TRUE,"Hydroxyanthraquinones","Anthracenes","Anthraquinones"
"Alizarin complexone","12979_pos","Alizarin complexone",0.29,7.68,NA,"Unknown","null","Alizarin complexone","","HMDB0248145","53088","65132","NA","null","null",FALSE,TRUE,"Hydroxyanthraquinones","Anthracenes","Anthraquinones"
"Allantoin","1843_neg","Allantoin",0.87,2412.69,NA,"ALLANTOIN","null","Allantoin;1-(5-Hydroxy-2-oxo-2,3-dihydroimidazol-4-yl)urea","C01551","HMDB0000462;HMDB0248150","15676;74345","204;54079164","NA;NA","null","null",TRUE,TRUE,"Imidazoles","Azoles","Imidazoles"
"Allo-hydroxycitric acid lactone","3147_neg","Allo-hydroxycitric acid lactone",0.71,417.01,NA,"Unknown","null","Allo-hydroxycitric acid lactone","","HMDB0259498","NA","9859390","NA","null","null",TRUE,TRUE,"Tricarboxylic acids and derivatives","Carboxylic acids and derivatives","Tricarboxylic acids and derivatives"
"Allosamidin","21173_pos","Allosamidin",0.04,2331850,NA,"Unknown","null","Allosamidin","","HMDB0248160","NA","13755302","NA","null","null",FALSE,TRUE,"N-acyl-alpha-hexosamines","Organooxygen compounds","Carbohydrates and carbohydrate conjugates"
"Alloxazine","4308_neg","Alloxazine",0.38,8.15,NA,"Unknown","null","Alloxazine","","HMDB0248162","37325","99253","NA","null","null",FALSE,TRUE,"Alloxazines and isoalloxazines","Pteridines and derivatives","Alloxazines and isoalloxazines"
"Alogliptin","10821_pos","Alogliptin",0.33,53.66,NA,"Unknown","null","Alogliptin","","HMDB0248177","NA","NA","NA","null","null",FALSE,TRUE,"Benzonitriles","Benzene and substituted derivatives","Benzonitriles"
"Alongside","4810_neg","Alongside",0.07,108.78,NA,"Unknown","null","Alongside;senkyunolide I","","HMDB0248179;HMDB0258236","NA;NA","NA;3025856","NA;NA","null","null",FALSE,TRUE,"Macrolides and analogues","Macrolides and analogues",NA
"Alpha-(4-fluorophenyl)-4-(5-fluoro-2-pyrimidinyl)-1-piperazine butanol","11269_pos","Alpha-(4-fluorophenyl)-4-(5-fluoro-2-pyrimidinyl)-1-piperazine butanol",0.4,160556.7,NA,"Unknown","null","alpha-(4-Fluorophenyl)-4-(5-fluoro-2-pyrimidinyl)-1-piperazine butanol","","HMDB0249324","91549","108046","NA","null","null",FALSE,TRUE,NA,NA,NA
"Alpha-(4-pyridyl-1-oxide)-n-tert-butylnitrone","3532_pos","Alpha-(4-pyridyl-1-oxide)-n-tert-butylnitrone",0.33,12.76,NA,"Unknown","null","alpha-(4-Pyridyl-1-oxide)-N-tert-butylnitrone","","HMDB0248183","NA","NA","NA","null","null",FALSE,TRUE,NA,NA,NA
"Alpha-cehc","7408_neg","Alpha-cehc",0.22,39.42,NA,"Unknown","null","alpha-CEHC;Monoethylhexyl phthalic acid;Diisobutyl phthalate;Mono(1-ethylhexyl) phthalate;""2,5,7,8-Tetramethyl-2-(2'-carboxyethyl)-6-hydroxychroman"";Dibutylphthalic acid;Monooctyl phthalate;4-Ethyl-3-hexylphthalic acid;3-(2-Ethylhexyl)phthalic acid;2-Phenyl-4-piperazin-1-yl-1H-benzimidazole","C03343;C15205","HMDB0001518;HMDB0013248;HMDB0013835;HMDB0245642;HMDB0246646;HMDB0251177;HMDB0254869;HMDB0257583;HMDB0257797;HMDB0258090","626842;17243;79053;NA;NA;NA;132583;NA;NA;NA","9943542;20393;6782;90900;3082015;19710891;79362;22186510;22023263;69920610","NA;NA;NA;NA;NA;NA;NA;NA;NA;NA","null","null",FALSE,TRUE,NA,NA,NA
"Alpha-ketoisovaleric acid","525_neg","Alpha-ketoisovaleric acid",0.84,515.82,NA,"Methylacetoacetic Acid","null","alpha-Ketoisovaleric acid;Levulinic acid;2-Oxovaleric acid;2-Methylacetoacetic acid;3-Oxopentanoic acid","C00141;C06255;C02233","HMDB0000019;HMDB0000720;HMDB0001865;HMDB0003771;HMDB0245963","16530;45630;33033;37079;27401","49;11579;74563;150996;439684","34011;NA;NA;NA;NA","null","null",TRUE,TRUE,NA,NA,NA
"Alpha-muramic acid","6358_pos","Alpha-muramic acid",0.16,8.12,NA,"Unknown","null","alpha-Muramic acid;[(2R,3S,4R,5R)-3,4,5,6-Tetrahydroxy-1-oxohexan-2-yl] (2S)-2-aminopropanoate","","HMDB0248237;HMDB0257777","NA;NA","433580;NA","NA;NA","null","null",FALSE,TRUE,NA,NA,NA
"Alpha-terpineol acetate","3457_neg","Alpha-terpineol acetate",0.93,1223.41,NA,"Unknown","null","alpha-Terpineol acetate;3,7-Dimethyl-2,6-octadien-1-ylacetate","C12300","HMDB0032051;HMDB0061816","NA;NA","111037;7780","NA;NA","null","null",FALSE,TRUE,NA,NA,NA
"Alpha-tocopherol","14530_neg","Alpha-tocopherol",0.47,34031.56,NA,"Unknown","null","alpha-Tocopherol;(-)-alpha-Tocopherol","C02477","HMDB0001893;HMDB0242201","18145;NA","14985;2116","2296507;NA","null","null",TRUE,TRUE,NA,NA,NA
"Alpidem","13267_neg","Alpidem",0.07,4.47,NA,"Unknown","null","Alpidem","","HMDB0248257","NA","54897","NA","null","null",FALSE,TRUE,"Phenylimidazoles","Azoles","Imidazoles"
"Alprazolam","8863_neg","Alprazolam",0.02,8.34,NA,"Unknown","null","Alprazolam;Clobenpropit;Dansylglycine;1-(2-Hydroxyethyloxymethyl)-6-phenyl thiothymine;Liarozole","C06817;C17934","HMDB0014548;HMDB0250329;HMDB0250851;HMDB0253092;HMDB0254076","2611;64177;NA;43060;NA","2118;2790;70666;64993;60652","NA;NA;NA;NA;NA","null","null",FALSE,TRUE,"1,2,4-triazolobenzodiazepines","Benzodiazepines","1,4-benzodiazepines"
"Alvameline","3486_pos","Alvameline",0.38,11.37,NA,"Unknown","null","Alvameline","","HMDB0248263","NA","178030","NA","null","null",FALSE,TRUE,"Hydropyridines","Pyridines and derivatives","Hydropyridines"
"Amg-221","6828_neg","Amg-221",0.24,6.33,NA,"Unknown","null","Amg-221","","HMDB0248291","NA","67012766","NA","null","null",FALSE,TRUE,"Bicyclic monoterpenoids","Prenol lipids","Monoterpenoids"
"Amino (2s)-2,5-diamino-5-oxopentanoate","2151_pos","Amino (2s)-2,5-diamino-5-oxopentanoate",0.09,15.3,NA,"Unknown","null","Amino (2S)-2,5-diamino-5-oxopentanoate","","HMDB0257701","NA","22417575","NA","null","null",FALSE,TRUE,NA,NA,NA
"Amino aspartic acid","1645_pos","Amino aspartic acid",0.44,16.33,NA,"Unknown","null","Amino aspartic acid;beta-Aspartylhydroxamate;(3S)-3-Amino-4-aminooxy-4-oxobutanoic acid","","HMDB0248306;HMDB0249105;HMDB0258076","NA;NA;NA","124897;65274;18615691","NA;NA;NA","null","null",FALSE,TRUE,"Aspartic acid and derivatives","Carboxylic acids and derivatives","Amino acids, peptides, and analogues"
"Aminoadipic acid","1962_neg","Aminoadipic acid",0.71,2176.22,NA,"N-METHYL-L-GLUTAMATE","null","Aminoadipic acid;Acetylhomoserine;Glutamic acid gamma-methyl ester;N-Acetylthreonine;N-methyl-L-glutamic Acid;hydroxybutyrylglycine;3-Aminoadipic acid;Carboxybetaine","C00956;C01046","HMDB0000510;HMDB0029423;HMDB0061715;HMDB0062557;HMDB0062660;HMDB0094716;HMDB0245812;HMDB0249655","37023;7671;NA;45826;16440;NA;64303;NA","92136;528;68662;152204;439377;9807500;224389;21889167","NA;NA;NA;NA;NA;NA;NA;NA","null","null",TRUE,TRUE,"L-alpha-amino acids","Carboxylic acids and derivatives","Amino acids, peptides, and analogues"
"Aminodeoxykanamycin","16678_neg","Aminodeoxykanamycin",0.13,835000.8,NA,"Unknown","null","Aminodeoxykanamycin","","HMDB0242522","NA","816","NA","null","null",TRUE,TRUE,"4,6-disubstituted 2-deoxystreptamines","Organooxygen compounds","Carbohydrates and carbohydrate conjugates"
"Aminoethylcysteine ketimine decarboxylated dimer","5008_neg","Aminoethylcysteine ketimine decarboxylated dimer",0.38,23.64,NA,"Unknown","null","Aminoethylcysteine ketimine decarboxylated dimer;Phosphomevalonic acid","","HMDB0248316;HMDB0256482","NA;125405","6425567;476","NA;NA","null","null",FALSE,TRUE,"Alpha amino acids and derivatives","Carboxylic acids and derivatives","Amino acids, peptides, and analogues"
"Ammonia pyruvate","247_neg","Ammonia pyruvate",0.4,63.24,NA,"Unknown","null","Ammonia pyruvate;N-Formylglycine","","HMDB0248343;HMDB0255145","NA;21717","57028206;NA","NA;NA","null","null",FALSE,TRUE,"Alpha-keto acids and derivatives","Keto acids and derivatives","Alpha-keto acids and derivatives"
"Amopyroquine","11524_pos","Amopyroquine",0.04,3.61,NA,"Unknown","null","Amopyroquine","","HMDB0248347","NA","25194","NA","null","null",FALSE,TRUE,"4-aminoquinolines","Quinolines and derivatives","Aminoquinolines and derivatives"
"Amoxicillin","11430_neg","Amoxicillin",0.38,13.2,NA,"Unknown","null","Amoxicillin;4-Thia-1-azabicyclo[3.2.0]heptane-2-carboxylic acid, 6-[[(2R)-2-amino-2-(4-hydroxyphenyl)acetyl]amino]-3,3-dimethyl-7-oxo-, (2S,5R,6R)-;cefroxadine","C06827","HMDB0015193;HMDB0243588;HMDB0249775","2676;NA;NA","33613;2171;2647","NA;NA;NA","null","null",FALSE,TRUE,"Penicillins","Lactams","Beta lactams"
"Amustaline","14650_neg","Amustaline",0.38,122274.1,NA,"Unknown","null","Amustaline;2-[(Acridin-9-ylamino)methyl]-4-[bis(2-chloroethyl)amino]butanoic acid","","HMDB0248368;HMDB0255367","NA;NA","6433104;91371460","NA;NA","null","null",FALSE,TRUE,"Acridines","Quinolines and derivatives","Benzoquinolines"
"Anb-nos","8698_neg","Anb-nos",0.24,4.8,NA,"Cytidine 2',3'-Cyclic Phosphate","null","Anb-nos","","HMDB0248387","NA","NA","NA","null","null",FALSE,TRUE,"Nitrobenzoic acids and derivatives","Benzene and substituted derivatives","Benzoic acids and derivatives"
"Andolast","10525_pos","Andolast",0.16,9.83,NA,"Unknown","null","Andolast","","HMDB0248393","NA","65970","NA","null","null",TRUE,TRUE,"Benzanilides","Benzene and substituted derivatives","Anilides"
"Androsterone sulfate","12313_pos","Androsterone sulfate",0.02,42.08,NA,"Unknown","null","Androsterone sulfate;Epiandrosterone sulfate;4-Androsten-3beta,17beta-diol 3-sulfate;4-Androsten-3beta,17beta-diol 17-sulfate;Androstenediol 3-sulfate;N-Desethyl Sunitinib;[(3S,8R,9S,10S,13S,14S)-10,13-Dimethyl-17-oxo-1,2,3,4,5,6,7,8,9,11,12,14,15,16-tetradecahydrocyclopenta[a]phenanthren-3-yl] hydrogen sulfate","","HMDB0002759;HMDB0062657;HMDB0186954;HMDB0240429;HMDB0248416;HMDB0255114;HMDB0257622","83037;83040;NA;NA;NA;NA;NA","159663;9929317;129670631;NA;NA;67984615;246","NA;NA;NA;NA;NA;NA;NA","null","null",FALSE,TRUE,"Sulfated steroids","Steroids and steroid derivatives","Sulfated steroids"
"Aniline","77_neg","Aniline",0.4,108.1,NA,"Unknown","null","Aniline;3-Methylpyridine;2-Methylpyridine;Azepine","C00292;C14447","HMDB0003012;HMDB0061887;HMDB0061888;HMDB0244871","17296;39922;50415;NA","6115;7970;7975;6451476","NA;NA;NA;NA","null","null",FALSE,TRUE,"Aniline and substituted anilines","Benzene and substituted derivatives","Aniline and substituted anilines"
"Ansamitocin p-3","21431_pos","Ansamitocin p-3",0.02,164830.1,NA,"Unknown","null","Ansamitocin P-3","","HMDB0248452","NA","99957","NA","null","null",FALSE,TRUE,NA,NA,NA
"Anserine","5814_pos","Anserine",0.87,140.81,"Hybrid peptides","no MS2: L-Anserine; LC-ESI-QTOF; MS2; CE","C10H16N4O3","Anserine;Homocarnosine;alpha-((2,3-Dimethyl-1-aziridinyl)methyl)-2-nitro-1H-imidazole-1-ethanol;Triglycerol","C01262;C00884","HMDB0000194;HMDB0000745;HMDB0243785;HMDB0259216","18323;85981;NA;NA","112072;10243361;119555;NA","NA;NA;NA;NA","MYYIAHXIVFADCU-QMMMGPOBSA-N","CN1C=NC=C1C[C@H](N=C(O)CCN)C(O)=O",TRUE,TRUE,"Hybrid peptides","Peptidomimetics","Hybrid peptides"
"Antiarrhythmic peptide","16634_pos","Antiarrhythmic peptide",0.18,83155.7,NA,"Unknown","null","Antiarrhythmic peptide;Lactose-lysine","","HMDB0248473;HMDB0253951","NA;NA","14536690;3082392","NA;NA","null","null",FALSE,TRUE,"Dipeptides","Carboxylic acids and derivatives","Amino acids, peptides, and analogues"
"Apogossypol","15859_neg","Apogossypol",0.13,48.91,NA,"Unknown","null","Apogossypol;N-desmethyl loperamide","","HMDB0248523;HMDB0255118","NA;64043","454878;9805944","NA;NA","null","null",FALSE,TRUE,"Naphthols and derivatives","Naphthalenes","Naphthols and derivatives"
"Apramycin","19061_pos","Apramycin",0.04,6.83,"Aminocyclitol glycosides","no MS2: Apramycin; LC-ESI-QTOF; MS2; CE","C21H41N5O11","Apramycin","","HMDB0248529","NA","439519","NA","XZNUGFQTQHRASN-XZEBHBPDSA-N","CN[C@H]1[C@@H](O)[C@H]2OC(O[C@@H]3[C@@H](N)C[C@@H](N)[C@H](O)[C@H]3O)[C@H](N)C[C@@H]2O[C@@H]1O[C@H]1O[C@H](CO)[C@@H](N)[C@H](O)[C@H]1O",FALSE,TRUE,"Aminocyclitol glycosides","Organooxygen compounds","Carbohydrates and carbohydrate conjugates"
"Apratastat","14294_pos","Apratastat",0.2,111084.9,NA,"Unknown","null","Apratastat","","HMDB0248530","NA","9888017","NA","null","null",FALSE,TRUE,"Benzenesulfonamides","Benzene and substituted derivatives","Benzenesulfonamides"
"Arabinonic acid","2150_neg","Arabinonic acid",0.87,729.87,NA,"3-Methylxanthine","null","Arabinonic acid;Ribonic acid;3-Methylxanthine;7-Methylxanthine;1-Methylxanthine;D-Xylonic acid;L-Lyxonic acid;L-Xylonic acid","C00878;C01685;C16357;C16353;C16358;C00502;C05412;C05411","HMDB0000539;HMDB0000867;HMDB0001886;HMDB0001991;HMDB0010738;HMDB0059750;HMDB0060255;HMDB0060256","20912;21077;62207;48991;68444;48093;6268;48092","122045;5460677;70639;68374;80220;6602431;644110;6971043","NA;NA;NA;NA;NA;NA;NA;NA","null","null",TRUE,TRUE,"Sugar acids and derivatives","Organooxygen compounds","Carbohydrates and carbohydrate conjugates"
"Arginine ornithine","7867_neg","Arginine ornithine",0.29,302.31,NA,"Unknown","null","Arginine ornithine","","HMDB0248583","NA","76481675","NA","null","null",FALSE,TRUE,"Alpha amino acids and derivatives","Carboxylic acids and derivatives","Amino acids, peptides, and analogues"
"Argininosuccinic acid","8357_pos","Argininosuccinic acid",0.76,47.95,NA,"Unknown","null","Argininosuccinic acid;ARGININOSUCCINATE","C03406","HMDB0000052;HMDB0248585","15682;NA","16950;828","41790;NA","null","null",TRUE,TRUE,"Aspartic acid and derivatives","Carboxylic acids and derivatives","Amino acids, peptides, and analogues"
"Arginyl-glycyl-aspartic acid","10571_neg","Arginyl-glycyl-aspartic acid",0.38,5.51,NA,"Unknown","null","Arginyl-glycyl-aspartic acid","","HMDB0248572","NA","3328704","NA","null","null",FALSE,TRUE,"Oligopeptides","Carboxylic acids and derivatives","Amino acids, peptides, and analogues"
"Arginyl-glycyl-aspartyl-valine","15600_pos","Arginyl-glycyl-aspartyl-valine",0.07,7.58,NA,"Unknown","null","Arginyl-glycyl-aspartyl-valine;Lomibuvir","","HMDB0248574;HMDB0259882","NA;NA","22918157;NA","NA;NA","null","null",FALSE,TRUE,"Oligopeptides","Carboxylic acids and derivatives","Amino acids, peptides, and analogues"
"Arginyl-glycyl-glutamyl-serine","15264_neg","Arginyl-glycyl-glutamyl-serine",0.07,6.73,NA,"Unknown","null","Arginyl-glycyl-glutamyl-serine","","HMDB0248575","NA","3266821","NA","null","null",FALSE,TRUE,"Oligopeptides","Carboxylic acids and derivatives","Amino acids, peptides, and analogues"
"Arginylproline","7393_pos","Arginylproline",0.31,11.6,NA,"Unknown","null","Arginylproline","","HMDB0028717","141419","151003","NA","null","null",FALSE,TRUE,"Dipeptides","Carboxylic acids and derivatives","Amino acids, peptides, and analogues"
"Arotinolol","11720_neg","Arotinolol",0.04,22.08,NA,"Unknown","null","Arotinolol","","HMDB0248613","NA","NA","NA","null","null",TRUE,TRUE,"Thiophene carboxamides","Thiophenes","Thiophene carboxylic acids and derivatives"
"Articaine","8054_pos","Articaine",0.33,8.52,NA,"Unknown","null","Articaine;Etozolin","","HMDB0248628;HMDB0252120","NA;NA","NA;NA","NA;NA","null","null",TRUE,TRUE,"Thiophene carboxylic acids and derivatives","Thiophenes","Thiophene carboxylic acids and derivatives"
"Ascorbic acid","2559_neg","Ascorbic acid",0.73,4952.39,NA,"Unknown","null","Ascorbic acid;1,2,3-Propanetricarboxylic acid;(2R)-2-[(3R,4S)-3,4-Dihydroxy-5-oxooxolan-2-yl]-2-hydroxyacetaldehyde;5-(1,2-Dihydroxyethyl)-4-hydroxyoxolane-2,3-dione;3,4-Dihydroxy-5-[(S)-1,2-dihydroxyethyl]furan-2(5H)-one;(R)-2-((S)-1,2-Dihydroxyethyl)-4,5-dihydroxyfuran-3(2H)-one;Diglyceride;(3S,4R,5S)-3,4-Dihydroxy-5-(2-hydroxyacetyl)oxolan-2-one;2-Hydroxy-5-oxohexanedioic acid;(5R)-5-(1,2-Dihydroxyethyl)-3-hydroxyoxolane-2,4-dione","C01041;C19806","HMDB0000044;HMDB0031193;HMDB0242712;HMDB0246713;HMDB0248647;HMDB0248912;HMDB0251280;HMDB0255328;HMDB0257585;HMDB0260162","29073;45969;NA;125365;NA;NA;NA;NA;NA;NA","NA;14925;219402;5176753;54676860;74427717;117791079;76135744;53725334;4078311","NA;NA;NA;NA;NA;NA;NA;NA;NA;NA","null","null",TRUE,TRUE,"Butenolides","Dihydrofurans","Furanones"
"Ascorbic acid 2-sulfate","6319_neg","Ascorbic acid 2-sulfate",0.91,2105.26,NA,"Unknown","null","Ascorbic acid 2-sulfate;Ascorbic acid 3-sulfate","","HMDB0060649;HMDB0240641","NA;176456","54676864;11425365","NA;NA","null","null",TRUE,TRUE,"Butenolides","Dihydrofurans","Furanones"
"Asenapine","7719_neg","Asenapine",0.22,12.33,NA,"Unknown","null","Asenapine;4-(2-Methoxyphenyl)-2-((5-methyl-1H-imidazol-4-yl)methyl)thiazole","","HMDB0242748;HMDB0250065","71255;NA","NA;3035572","NA;NA","null","null",FALSE,TRUE,"Dibenzoxepines","Benzoxepines","Dibenzoxepines"
"Asparagine glutamate","7346_neg","Asparagine glutamate",0.13,9.5,NA,"Unknown","null","Asparagine glutamate","","HMDB0248666","NA","NA","NA","null","null",TRUE,TRUE,"Glutamic acid and derivatives","Carboxylic acids and derivatives","Amino acids, peptides, and analogues"
"Asparaginyl-valine","5186_neg","Asparaginyl-valine",0.44,131.17,NA,"Unknown","null","Asparaginyl-Valine;Ala-Ala-Ala","","HMDB0028744;HMDB0248092","NA;NA","18218188;263468","NA;NA","null","null",FALSE,TRUE,NA,NA,NA
"Asparaginylhydroxyproline","5951_pos","Asparaginylhydroxyproline",0.49,343.46,NA,"Cytidine","null","Asparaginylhydroxyproline;(1R,2S,3R)-1-[(2E)-2-(1-Nitrosoethylidene)-1,3-dihydroimidazol-4-yl]butane-1,2,3,4-tetrol;4-(E)-Ethyl-2-((E)-hydroxyimino)-5-nitro-3-hexeneamide","","HMDB0028732;HMDB0254230;HMDB0255716","NA;NA;NA","61157688;139594198;NA","NA;NA;NA","null","null",TRUE,TRUE,"Dipeptides","Carboxylic acids and derivatives","Amino acids, peptides, and analogues"
"Aspartylglycosamine","10099_neg","Aspartylglycosamine",0.82,171.04,NA,"Unknown","null","Aspartylglycosamine;Diethylenetriaminetetraacetic acid;Ramixotidine;3-[(2-Aminoethylamino)methyl]-3-[bis(carboxymethyl)amino]pentanedioic acid","C04540","HMDB0000489;HMDB0251248;HMDB0257104;HMDB0257931","17261;NA;NA;NA","123826;166909;71274;23431886","NA;NA;NA;NA","null","null",TRUE,TRUE,"Glycosylamines","Organooxygen compounds","Carbohydrates and carbohydrate conjugates"
"Aspartyllysine","6593_neg","Aspartyllysine",0.78,13.83,NA,"Unknown","null","Aspartyllysine;methapyrilene","C11114","HMDB0004987;HMDB0254524","73829;6820","6427003;4098","NA;NA","null","null",TRUE,TRUE,"Dipeptides","Carboxylic acids and derivatives","Amino acids, peptides, and analogues"
"Asulam","5282_pos","Asulam",0.4,56.04,"Aminobenzenesulfonamides","no MS2: Asulam; LC-ESI-ITFT; MS2; CE","C8H10N2O4S","Asulam","C18350","HMDB0248680","81696","NA","NA","VGPYEHKOIGNJKV-UHFFFAOYSA-N","COC(O)=NS(=O)(=O)C1=CC=C(N)C=C1",FALSE,TRUE,"Aminobenzenesulfonamides","Benzene and substituted derivatives","Benzenesulfonamides"
"Asymmetric dimethylarginine","3896_pos","Asymmetric dimethylarginine",0.91,4087.74,NA,"Asymmetric Dimethylarginine","null",NA,NA,NA,NA,NA,NA,"null","null",TRUE,TRUE,"Arginine and derivatives","Carboxylic acids and derivatives","Amino acids, peptides, and analogues"
"Atractyligenin 2-glucuronide","17181_neg","Atractyligenin 2-glucuronide",0.09,2332759,NA,"Unknown","null","Atractyligenin 2-glucuronide","","HMDB0240481","NA","NA","NA","null","null",FALSE,TRUE,"Diterpene glycosides","Prenol lipids","Terpene glycosides"
"Atreleuton","9294_neg","Atreleuton",0.29,17.25,NA,"Unknown","null","Atreleuton","","HMDB0248714","NA","NA","NA","null","null",TRUE,TRUE,"Fluorobenzenes","Benzene and substituted derivatives","Halobenzenes"
"Aurin","8351_pos","Aurin",0.36,78.49,NA,"Unknown","null","Aurin","C14213","HMDB0248730","NA","NA","NA","null","null",FALSE,TRUE,"Diphenylmethanes","Benzene and substituted derivatives","Diphenylmethanes"
"Avenanthramide c","9165_neg","Avenanthramide c",0.42,19.06,NA,"Unknown","null","Avenanthramide C;""N-(3',4'-Dihydroxycinnamoyl)-5-hydroxyanthranilic acid"";Phosphonate analog","","HMDB0038576;HMDB0255005;HMDB0256484","NA;NA;NA","11723200;68952594;135409499","NA;NA;NA","null","null",FALSE,TRUE,NA,NA,NA
"Aypgkf","22283_pos","Aypgkf",0.13,1679956,NA,"Unknown","null","Aypgkf","","HMDB0248753","NA","85798446","NA","null","null",FALSE,TRUE,"Peptides","Carboxylic acids and derivatives","Amino acids, peptides, and analogues"
"Azalanstat","14940_pos","Azalanstat",0.13,391012.8,NA,"Unknown","null","Azalanstat","","HMDB0248761","NA","NA","NA","null","null",FALSE,TRUE,"Phenylbutylamines","Benzene and substituted derivatives","Phenylbutylamines"
"Azelaic acid","3063_neg","Azelaic acid",0.58,1157.65,NA,"Azelaic Acid","null","Azelaic acid;Nonate;2,4-Dimethylpimelic acid;3-Methylsuberic acid","C08261","HMDB0000784;HMDB0011717;HMDB0059760;HMDB0059783","48131;88404;89874;NA","2266;16058309;543862;12346696","NA;NA;NA;NA","null","null",FALSE,TRUE,"Medium-chain fatty acids","Fatty acyls","Fatty acids and conjugates"
"Azinphos-ethyl","10511_neg","Azinphos-ethyl",0.53,40971.67,NA,"Unknown","null","Azinphos-ethyl","C18644","HMDB0248806","38587","NA","NA","null","null",FALSE,TRUE,"Benzotriazine organothiophosphates","Benzo-1,2,3-triazines","Benzotriazine organothiophosphates"
"Azinphos-methyl","9242_neg","Azinphos-methyl",0.31,367854.6,NA,"Unknown","null","Azinphos-methyl","C11018","HMDB0248807","2953","2268","NA","null","null",FALSE,TRUE,"Benzotriazine organothiophosphates","Benzo-1,2,3-triazines","Benzotriazine organothiophosphates"
"Azinphosmethyl oxon","8492_neg","Azinphosmethyl oxon",0.16,25.86,NA,"Unknown","null","Azinphosmethyl oxon","","HMDB0248808","NA","13746","NA","null","null",FALSE,TRUE,"Benzo-1,2,3-triazines","Benzo-1,2,3-triazines",NA
"Aziridyl benzoquinone","10228_neg","Aziridyl benzoquinone",0.51,64.46,NA,"Unknown","null","Aziridyl benzoquinone","C19333","HMDB0248810","NA","61215","NA","null","null",TRUE,TRUE,"P-benzoquinones","Organooxygen compounds","Carbonyl compounds"
"Azothoate","10986_neg","Azothoate",0.4,8.55,NA,"Unknown","null","Azothoate","","HMDB0248816","NA","79914","NA","null","null",FALSE,TRUE,"Azobenzenes","Azobenzenes",NA
"Barban","6641_pos","Barban",0.09,371149,NA,"Unknown","null","Barban","C19059","HMDB0248869","33421","7551","NA","null","null",FALSE,TRUE,"Phenylcarbamic acid esters","Benzene and substituted derivatives","Phenylcarbamic acid esters"
"Beclomethasone propionate","17004_pos","Beclomethasone propionate",0.02,3.33,NA,"Unknown","null","beclomethasone propionate","","HMDB0248926","NA","NA","NA","null","null",FALSE,TRUE,NA,NA,NA
"Begacestat","13239_pos","Begacestat",0.07,101647.7,NA,"Unknown","null","Begacestat","","HMDB0248931","NA","11372756","NA","null","null",FALSE,TRUE,"2,5-disubstituted thiophenes","Thiophenes","2,5-disubstituted thiophenes"
"Belotecan","14657_neg","Belotecan",0.16,9.26,NA,"Unknown","null","Belotecan;Penethamate","","HMDB0248935;HMDB0256223","NA;NA","9824190;NA","NA;NA","null","null",FALSE,TRUE,"Camptothecins","Camptothecins",NA
"Bemesetron","9515_pos","Bemesetron",0.22,55.06,NA,"Unknown","null","BEMESETRON;Triazophos","C18657","HMDB0248937;HMDB0259159","91931;38963","1683;NA","NA;NA","null","null",FALSE,TRUE,NA,NA,NA
"Bendamustine","11698_pos","Bendamustine",0.2,10.48,NA,"Unknown","null","Bendamustine","","HMDB0248945","NA","NA","NA","null","null",FALSE,TRUE,"Benzimidazoles","Benzimidazoles",NA
"Benfuracarb","13617_neg","Benfuracarb",0.16,131493.4,NA,"Unknown","null","Benfuracarb;Flumethasone;Tafluprost acid","C11073","HMDB0248952;HMDB0252336;HMDB0258679","3014;NA;NA","NA;3375;NA","NA;NA;NA","null","null",TRUE,TRUE,"Coumarans","Coumarans",NA
"Benin","10721_pos","Benin",0.33,67981.89,NA,"Unknown","null","Benin","","HMDB0248954","NA","NA","NA","null","null",FALSE,TRUE,"N-acyl-alpha amino acids and derivatives","Carboxylic acids and derivatives","Amino acids, peptides, and analogues"
"Benoxaprofen","8500_neg","Benoxaprofen",0.36,21.27,NA,"Unknown","null","Benoxaprofen;Nocodazole","C13719","HMDB0248956;HMDB0255688","76114;34892","39941;4122","NA;NA","null","null",FALSE,TRUE,"Phenyl-1,3-oxazoles","Azoles","Oxazoles"
"Benoxathian","11256_neg","Benoxathian",0.18,10.46,NA,"Unknown","null","Benoxathian;Ptemc","","HMDB0248958;HMDB0256168","NA;91615","2325;4698","NA;NA","null","null",FALSE,TRUE,"Dimethoxybenzenes","Benzene and substituted derivatives","Methoxybenzenes"
"Bentazepam","8646_pos","Bentazepam",0.36,6.07,NA,"Unknown","null","Bentazepam","","HMDB0248964","NA","135412795","NA","null","null",FALSE,TRUE,"Thienodiazepines","Thienodiazepines",NA
"Benzaldehyde","293_neg","Benzaldehyde",0.02,11.4,NA,"Unknown","null","Benzaldehyde","C00261","HMDB0006115","17169","240","NA","null","null",FALSE,TRUE,"Benzoyl derivatives","Benzene and substituted derivatives","Benzoyl derivatives"
"Benzamide, n-(3r)-1-azabicyclo[2.2.2]oct-3-yl-4-chloro-","6725_neg","Benzamide, n-(3r)-1-azabicyclo[2.2.2]oct-3-yl-4-chloro-",0.2,4.81,NA,"Unknown","null","Benzamide, N-(3R)-1-azabicyclo[2.2.2]oct-3-yl-4-chloro-","","HMDB0256659","NA","4655349","NA","null","null",TRUE,TRUE,NA,NA,NA
"Benzene-1,2,3-tricarboxylic acid","4235_pos","Benzene-1,2,3-tricarboxylic acid",0.09,6.59,NA,"Unknown","null","Benzene-1,2,3-tricarboxylic acid;Trimesic acid","","HMDB0248978;HMDB0259234","NA;46032","11288;NA","NA;NA","null","null",FALSE,TRUE,"Tricarboxylic acids and derivatives","Carboxylic acids and derivatives","Tricarboxylic acids and derivatives"
"Benzenesulfinic acid","1306_neg","Benzenesulfinic acid",0.18,30.52,NA,"Unknown","null","Benzenesulfinic acid","","HMDB0248983","32404","NA","NA","null","null",FALSE,TRUE,"Benzene and substituted derivatives","Benzene and substituted derivatives",NA
"Benzenesulfonamidothiourea","5168_neg","Benzenesulfonamidothiourea",0.04,9.18,NA,"Unknown","null","Benzenesulfonamidothiourea","","HMDB0244954","NA","219418","NA","null","null",FALSE,TRUE,"Benzenesulfonamides","Benzene and substituted derivatives","Benzenesulfonamides"
"Benzenesulfonic acid","1994_pos","Benzenesulfonic acid",0.02,2.63,NA,"Unknown","null","Benzenesulfonic acid","","HMDB0248986","64455","NA","NA","null","null",FALSE,TRUE,"Benzenesulfonic acids and derivatives","Benzene and substituted derivatives","Benzenesulfonic acids and derivatives"
"Benznidazole","6833_pos","Benznidazole",0.42,13.71,NA,"Unknown","null","Benznidazole;Furafylline","","HMDB0248997;HMDB0252528","133833;NA","31593;NA","NA;NA","null","null",FALSE,TRUE,"Nitroaromatic compounds","Allyl-type 1,3-dipolar organic compounds","Organic nitro compounds"
"Benzo[b]fluoranthene","6420_pos","Benzo[b]fluoranthene",0.13,17.18,NA,"Unknown","null","Benzo[b]fluoranthene;Benzo[e]pyrene;Benzo[k]fluoranthene;Perylene","C14320;C14435;C14321;C19497","HMDB0249002;HMDB0249007;HMDB0249011;HMDB0256353","34565;34567;NA;29861","NA;NA;NA;NA","NA;NA;NA;NA","null","null",FALSE,TRUE,"Phenanthrenes and derivatives","Phenanthrenes and derivatives",NA
"Benzofurazan","656_pos","Benzofurazan",0.09,9.07,NA,"Unknown","null","Benzofurazan;Oxazolo[5,4-B]pyridine","","HMDB0249016;HMDB0255974","NA;NA","NA;NA","NA;NA","null","null",FALSE,TRUE,"Benzoxadiazoles","Benzoxadiazoles",NA
"Benzoic acid, 2-[3,6-bis(acetyloxy)-2,7-dichloro-9h-xanthen-9-yl]-","16779_neg","Benzoic acid, 2-[3,6-bis(acetyloxy)-2,7-dichloro-9h-xanthen-9-yl]-",0.11,4.25,NA,"Unknown","null","Benzoic acid, 2-[3,6-bis(acetyloxy)-2,7-dichloro-9H-xanthen-9-yl]-;2 Inverted exclamation marka,7 inverted exclamation marka-Dichlorodihydrofluorescein diacetate;""(6'-Acetyloxy-3a,4-dichloro-3-oxospiro[4H-2-benzofuran-1,9'-xanthene]-3'-yl) acetate""","","HMDB0246648;HMDB0257769;HMDB0257857","NA;NA;NA","77718;22227524;24861112","NA;NA;NA","null","null",FALSE,TRUE,NA,NA,NA
"Benzoic acid, 2-[[3-(2-quinolinylmethoxy)phenyl]amino]-","11680_neg","Benzoic acid, 2-[[3-(2-quinolinylmethoxy)phenyl]amino]-",0.07,6.12,NA,"Unknown","null","Benzoic acid, 2-[[3-(2-quinolinylmethoxy)phenyl]amino]-","","HMDB0258454","104023","128355","NA","null","null",FALSE,TRUE,"Quinolines and derivatives","Quinolines and derivatives",NA
"Benzoporphyrin","11211_neg","Benzoporphyrin",0.36,13.99,NA,"Unknown","null","Benzoporphyrin","","HMDB0249025","NA","NA","NA","null","null",FALSE,TRUE,NA,NA,NA
"Benzoylstaurosporine","19900_pos","Benzoylstaurosporine",0.04,352315.5,NA,"Unknown","null","Benzoylstaurosporine","","HMDB0249058","91464","16760627","NA","null","null",FALSE,TRUE,"Indolocarbazoles","Indoles and derivatives","Carbazoles"
"Benzoylurea","2071_neg","Benzoylurea",0.02,29.41,NA,"Unknown","null","Benzoylurea;Isophthalamide","","HMDB0249059;HMDB0253671","39416;38801","69190;74445","NA;NA","null","null",FALSE,TRUE,"Benzene and substituted derivatives","Benzene and substituted derivatives",NA
"Benzyl styryl sulfone","6716_pos","Benzyl styryl sulfone",0.09,8.32,NA,"Unknown","null","benzyl styryl sulfone","","HMDB0249076","NA","54087886","NA","null","null",FALSE,TRUE,NA,NA,NA
"Benzylidene thiazolidinedione","3855_neg","Benzylidene thiazolidinedione",0.07,15.71,NA,"Unknown","null","benzylidene thiazolidinedione","","HMDB0249079","NA","NA","NA","null","null",FALSE,TRUE,NA,NA,NA
"Benzylpenicilloyl g","15998_neg","Benzylpenicilloyl g",0.4,488850.9,NA,"Unknown","null","Benzylpenicilloyl G","","HMDB0249082","NA","119212","NA","null","null",FALSE,TRUE,NA,NA,NA
"Beta,beta-dimethylacrylshikonin","12304_pos","Beta,beta-dimethylacrylshikonin",0.13,9.98,NA,"Unknown","null","beta,beta-Dimethylacrylshikonin;6-7-Dihydroxybergamottin","","HMDB0245673;HMDB0247028","NA;NA","32465;NA","NA;NA","null","null",TRUE,TRUE,NA,NA,NA
"Beta-1,4-mannosyl-n-acetylglucosamine","12904_pos","Beta-1,4-mannosyl-n-acetylglucosamine",0.49,17.33,NA,"N-Acetyllactosamine","null","beta-1,4-Mannosyl-N-acetylglucosamine;N-[(2R,3R,4R,5R)-3,5,6-Trihydroxy-1-oxo-4-[(2R,3R,4S,5R,6R)-3,4,5-trihydroxy-6-(hydroxymethyl)oxan-2-yl]oxyhexan-2-yl]acetamide;Galbeta1-3GIcNAcbeta;Thomsen-friedenreich antigen","","HMDB0006535;HMDB0247497;HMDB0252594;HMDB0259041","71553;NA;NA;NA","70698368;4379662;1529;5147968","NA;NA;NA;NA","null","null",FALSE,TRUE,NA,NA,NA
"Beta-alanine","36_neg","Beta-alanine",0.87,814.67,NA,"Unknown","null","beta-Alanine;L-Alanine;Sarcosine;D-Alanine;(alpha-D-mannosyl)7-beta-D-mannosyl-diacetylchitobiosyl-L-asparagine, isoform A (protein);1-Nitropropane;2-Nitropropane;(2S)-2-Amino-3-hydroxypropanal;Dimethylcarbamic acid;Lactamide;Methyl glycinate;N-Hydroxymethyl-N-methylformamide","C00099;C00041;C00213;C00133;C01401;C02116;C11488","HMDB0000056;HMDB0000161;HMDB0000271;HMDB0001310;HMDB0062251;HMDB0243966;HMDB0245265;HMDB0247847;HMDB0251396;HMDB0253942;HMDB0254591;HMDB0255155","16958;16977;15611;15570;16449;76261;16037;NA;38544;75144;87375;5593","239;5950;1088;71080;602;NA;NA;17967377;44946;94220;69221;107853","33848;33629;34275;33977;NA;NA;NA;NA;NA;NA;NA;NA","null","null",TRUE,TRUE,NA,NA,NA
"Beta-d-3-ribofuranosyluric acid","8457_neg","Beta-d-3-ribofuranosyluric acid",0.07,3.05,NA,"Unknown","null","beta-D-3-Ribofuranosyluric acid","C05513","HMDB0029920","50547","131750925","NA","null","null",FALSE,TRUE,NA,NA,NA
"Beta-d-glucopyranose, 1-thio-, 1-(5-(methylsulfinyl)-n-(sulfooxy)pentanimidate)","15267_pos","Beta-d-glucopyranose, 1-thio-, 1-(5-(methylsulfinyl)-n-(sulfooxy)pentanimidate)",0.13,2589787,NA,"Unknown","null","beta-D-Glucopyranose, 1-thio-, 1-(5-(methylsulfinyl)-N-(sulfooxy)pentanimidate)","","HMDB0259647","NA","4479912","NA","null","null",FALSE,TRUE,NA,NA,NA
"Beta-d-glucosaminyl-(1->4)-beta-d-glucosamine","10887_pos","Beta-d-glucosaminyl-(1->4)-beta-d-glucosamine",0.18,13.37,NA,"Unknown","null","beta-D-glucosaminyl-(1->4)-beta-D-glucosamine","","HMDB0249120","NA","3458144","NA","null","null",FALSE,TRUE,NA,NA,NA
"Beta-ionone","3449_pos","Beta-ionone",0.42,534.45,NA,"Unknown","null","beta-Ionone;4-(2,6,6-Trimethyl-1,3-cyclohexadien-1-yl)-2-butanone;alpha-Ionone;4-Heptylphenol;beta-Jonone","C12287;C12286;C14698","HMDB0036565;HMDB0037139;HMDB0059883;HMDB0246435;HMDB0249136","32325;88549;32319;NA;NA","638014;577126;5282108;NA;NA","NA;NA;NA;NA;NA","null","null",TRUE,TRUE,NA,NA,NA
"Beta-selinene","3991_pos","Beta-selinene",0.09,743323.3,NA,"Unknown","null","beta-Selinene;(+)-1(10),4-Cadinadiene;beta-Farnesene;alpha-Farnesene;beta-Sesquiphellandrene;alpha-Cubebene;alpha-Humulene;alpha-Bergamotene;beta-Neoclovene;beta-Caryophyllene;(+)-alpha-Muurolene;beta-Bourbonene;beta-Guaiene;gamma-Himachalene;gamma-Muurolene;gamma-Cadinene;beta-Cadinene;Benzylalcohol alpha-isobutyl-2,4,6-trimethyl(1-mestyl-3-methyl-1-butanol);alpha-Cedrene;Isocaryophyllene;beta-Clovene;trans-Muurola-4(14),5-diene;1R,3Z,9S-2,6,10,10 Tetramethylbicyclo[7.2.0]undeca-2,6-diene;Humulen-(v1);1S,2S,5R-1,4,4 Trimethyltricyclo[6.3.1.0(2,5)]dodec-8(9)- ene;beta-Elemene;(+)-Ledene;alpha-Bourbonene;alpha-Copaene;Ylangene;beta-Cubebene;(-)-cis-beta-Elemene;Bicyclo[7.2.0]undec-4-ene, 4,11,11-trimethyl-8-methylene-, (1R,4E,9S)-;alpha-Caryophyllene","C09723;C06394;C09665;C16776;C09647;C09684;C09629;C19738;C09625;C09630;C09691;C17094;C20162;C09639;C09648","HMDB0034997;HMDB0035084;HMDB0035913;HMDB0036065;HMDB0036163;HMDB0036413;HMDB0036467;HMDB0036678;HMDB0036731;HMDB0036792;HMDB0037784;HMDB0038155;HMDB0038157;HMDB0038168;HMDB0038206;HMDB0038207;HMDB0041576;HMDB0059689;HMDB0059695;HMDB0061779;HMDB0061840;HMDB0061841;HMDB0061843;HMDB0061845;HMDB0061846;HMDB0061848;HMDB0061849;HMDB0061850;HMDB0061851;HMDB0061852;HMDB0061853;HMDB0242206;HMDB0243562;HMDB0248192","49271;15385;39242;10280;NA;10224;5768;NA;89061;10357;NA;NA;NA;49224;NA;63203;27723;89473;10216;5993;88631;88632;88637;88638;NA;62855;63444;NA;NA;88648;10363;NA;NA;49311","519361;441005;5317319;5281516;519764;442359;5281520;91753502;595094;5281515;101708;62566;6949;577062;6432308;92313;10657;124202094;6431015;5281522;590565;91747125;5367602;5362885;572165;6918391;10910653;13889655;12303902;124202084;93081;10583;26318;23204","NA;NA;NA;NA;NA;NA;NA;NA;NA;NA;NA;NA;NA;NA;NA;NA;NA;NA;NA;NA;NA;NA;NA;NA;NA;NA;NA;NA;NA;NA;NA;NA;NA;NA","null","null",FALSE,TRUE,NA,NA,NA
"Beta-tyrosine","10218_neg","Beta-tyrosine",0.76,25.94,NA,"Beta-Tyrosine","null",NA,NA,NA,NA,NA,NA,"null","null",TRUE,TRUE,NA,NA,NA
"Bicalutamide","14495_neg","Bicalutamide",0.24,11.4,"Trifluoromethylbenzenes","no MS2: Bicalutamide; LC-ESI-ITFT; MS2; CE","C18H14F4N2O4S",NA,NA,NA,NA,NA,NA,"LKJPYSCBVHEWIU-KRWDZBQOSA-N","C[C@](O)(CS(=O)(=O)C1=CC=C(F)C=C1)C(O)=NC1=CC(=C(C=C1)C#N)C(F)(F)F",FALSE,TRUE,NA,NA,NA
"Bicarbonate carbon","6316_neg","Bicarbonate carbon",0.27,290.02,NA,"Unknown","null","Bicarbonate carbon","","HMDB0249180","NA","129632073","NA","null","null",FALSE,TRUE,"Carbonic acid monoesters","Organic carbonic acids and derivatives","Carbonic acid monoesters"
"Bidisomide","14010_pos","Bidisomide",0.02,2161689,NA,"Unknown","null","BIDISOMIDE","","HMDB0249194","NA","59798","NA","null","null",FALSE,TRUE,NA,NA,NA
"Bifendate","14475_pos","Bifendate",0.11,6.27,"Flavonoid-3-O-glycosides","no MS2: Kaempferol-3-O-alpha-L-arabinoside; LC-ESI-QTOF; MS2; CE","C20H18O10","Bifendate;2-Benzyl-5-(4-chlorophenyl)-6-(4-methylsulfanylphenyl)pyridazin-3-one","","HMDB0249196;HMDB0257952","NA;NA","NA;9844960","NA;NA","RNVUDWOQYYWXBJ-BWYUNELBSA-N","O[C@@H]1CO[C@@H](OC2=C(OC3=CC(O)=CC(O)=C3C2=O)C2=CC=C(O)C=C2)[C@H](O)[C@H]1O",FALSE,TRUE,"Hydrolyzable tannins","Tannins","Hydrolyzable tannins"
"Biflavone","15057_neg","Biflavone",0.2,91.65,NA,"Unknown","null","Biflavone","","HMDB0249199","NA","9980790","NA","null","null",FALSE,TRUE,"Biflavonoids and polyflavonoids","Flavonoids","Biflavonoids and polyflavonoids"
"Biochanin a","8035_pos","Biochanin a",0.16,5.31,"4'-O-methylisoflavones","no MS2: Biochanin A; LC-ESI-QTOF; MS2; CE","C16H12O5","Biochanin A;Glycitein;Calycosin;Genkwanin;Obtusifolin","C00814;C14536;C01562;C10046;C17039","HMDB0002338;HMDB0005781;HMDB0249566;HMDB0252684;HMDB0255882","17574;34778;17793;75718;NA","5280373;5317750;NA;5281617;NA","NA;NA;NA;NA;NA","WUADCCWRTIWANL-UHFFFAOYSA-N","COC1=CC=C(C=C1)C1=COC2=CC(O)=CC(O)=C2C1=O",FALSE,TRUE,NA,NA,NA
"Biochanin a 7-sulfate","12035_pos","Biochanin a 7-sulfate",0.27,101823.7,"Purine ribonucleoside monophosphates","no MS2: Thioinosinic acid; LC-ESI-QTOF; MS2; [M+H]+; CE","C10H13N4O7PS","Biochanin a 7-sulfate;Indacrinone;thioinosine monophosphate","","HMDB0240484;HMDB0253445;HMDB0259014","NA;NA;NA","NA;42266;NA","NA;NA;NA","ZKRFOXLVOKTUTA-KQYNXXCUSA-N","O[C@@H]1[C@@H](COP(O)(O)=O)O[C@H]([C@@H]1O)N1C=NC2=C1N=CN=C2S",FALSE,TRUE,"4'-O-methylisoflavones","Isoflavonoids","O-methylated isoflavonoids"
"Biopterin","5675_pos","Biopterin",0.47,14.58,NA,"Biopterin","null",NA,NA,NA,NA,NA,NA,"null","null",FALSE,TRUE,"Biopterins and derivatives","Pteridines and derivatives","Pterins and derivatives"
"Biotin hydrazide","6724_pos","Biotin hydrazide",0.11,4.11,NA,"Unknown","null","Biotin hydrazide","","HMDB0249227","NA","2832898","NA","null","null",FALSE,TRUE,"Biotin and derivatives","Biotin and derivatives",NA
"Biotin thiamine","7298_neg","Biotin thiamine",0.84,29.3,NA,"Unknown","null","Biotin thiamine","","HMDB0249230","NA","NA","NA","null","null",TRUE,TRUE,"Biotin and derivatives","Biotin and derivatives",NA
"Bipiperidyl mustard","8461_pos","Bipiperidyl mustard",0.67,17773,NA,"Unknown","null","Bipiperidyl mustard","","HMDB0249233","NA","NA","NA","null","null",TRUE,TRUE,"Piperidines","Piperidines",NA
"Bis((hexahydro-4-methyl-1h-1,4-diazepin-1-yl)thiocarbonyl)disulfide","12078_neg","Bis((hexahydro-4-methyl-1h-1,4-diazepin-1-yl)thiocarbonyl)disulfide",0.02,6.1,NA,"Unknown","null","Bis((hexahydro-4-methyl-1H-1,4-diazepin-1-yl)thiocarbonyl)disulfide","","HMDB0252285","NA","33295","NA","null","null",FALSE,TRUE,NA,NA,NA
"Bis(2,5-dioxopyrrolidin-1-yl) carbonate","6602_pos","Bis(2,5-dioxopyrrolidin-1-yl) carbonate",0.29,15.43,NA,"Unknown","null","Bis(2,5-dioxopyrrolidin-1-yl) carbonate;Bis(2,5-dihydroxypyrrol-1-yl) carbonate","","HMDB0247347;HMDB0260371","NA;NA","NA;53830932","NA;NA","null","null",FALSE,TRUE,"Pyrrolidine-2-ones","Pyrrolidines","Pyrrolidones"
"Bis(2-hydroxy-1-naphthyl) disulfide","10748_neg","Bis(2-hydroxy-1-naphthyl) disulfide",0.42,44.34,NA,"Unknown","null","Bis(2-hydroxy-1-naphthyl) disulfide","","HMDB0253560","101355","521106","NA","null","null",TRUE,TRUE,"Naphthols and derivatives","Naphthalenes","Naphthols and derivatives"
"Bis(4-chlorophenyl)acetic acid","7465_neg","Bis(4-chlorophenyl)acetic acid",0.11,8.72,NA,"Unknown","null","Bis(4-chlorophenyl)acetic acid;Bisphenol C;2-(o-Chlorophenyl)-2-(p-chlorophenyl)acetic acid","C06640;C14238","HMDB0249252;HMDB0249277;HMDB0255874","28139;NA;NA","6730;NA;36678","NA;NA;NA","null","null",FALSE,TRUE,"Diphenylmethanes","Benzene and substituted derivatives","Diphenylmethanes"
"Bis(diaminomethylideneamino) butanedioate","5226_neg","Bis(diaminomethylideneamino) butanedioate",0.18,4.42,NA,"Unknown","null","Bis(diaminomethylideneamino) butanedioate","","HMDB0257572","NA","57085244","NA","null","null",FALSE,TRUE,"Dicarboxylic acids and derivatives","Carboxylic acids and derivatives","Dicarboxylic acids and derivatives"
"Bis(methylthio)methane","318_neg","Bis(methylthio)methane",0.24,207.25,NA,"Unknown","null","Bis(methylthio)methane","","HMDB0031317","NA","15380","NA","null","null",FALSE,TRUE,"Dithioacetals","Thioacetals","Dithioacetals"
"Bis(sulfosuccinimidyl)suberate","18315_neg","Bis(sulfosuccinimidyl)suberate",0.16,26.58,NA,"Unknown","null","Bis(sulfosuccinimidyl)suberate","","HMDB0247496","NA","123854","NA","null","null",FALSE,TRUE,"Dicarboxylic acids and derivatives","Carboxylic acids and derivatives","Dicarboxylic acids and derivatives"
"Bisaramil","9965_pos","Bisaramil",0.22,12.38,NA,"Unknown","null","Bisaramil","","HMDB0249264","NA","55916","NA","null","null",FALSE,TRUE,"Benzoic acid esters","Benzene and substituted derivatives","Benzoic acids and derivatives"
"Bisdethiobis(methylthio)gliotoxin","11646_pos","Bisdethiobis(methylthio)gliotoxin",0.04,4.24,NA,"Unknown","null","Bisdethiobis(methylthio)gliotoxin","","HMDB0249258","NA","5114266","NA","null","null",FALSE,TRUE,"Alpha amino acids and derivatives","Carboxylic acids and derivatives","Amino acids, peptides, and analogues"
"Bisnorbiotin","4406_neg","Bisnorbiotin",0.36,9.27,NA,"Unknown","null","Bisnorbiotin;N-Acetyl-S-(2-cyanoethyl)-L-cysteine","C20384","HMDB0004821;HMDB0255060","89481;NA","86492;21119279","NA;NA","null","null",FALSE,TRUE,"Delta amino acids and derivatives","Carboxylic acids and derivatives","Amino acids, peptides, and analogues"
"Bisphenol a bis(2-hydroxyethyl)ether","9680_pos","Bisphenol a bis(2-hydroxyethyl)ether",0.02,3.01,NA,"Unknown","null","Bisphenol A bis(2-hydroxyethyl)ether;estradiol alone;Porphyrinogen","C14347","HMDB0247634;HMDB0251960;HMDB0256709","NA;NA;26213","61909;NA;9548659","NA;NA;NA","null","null",FALSE,TRUE,NA,NA,NA
"Bisphenol a dimethacrylate","12065_pos","Bisphenol a dimethacrylate",0.49,133.08,NA,"Unknown","null","Bisphenol A dimethacrylate;Cyclofenil","C14345","HMDB0249275;HMDB0250644","34579;NA","76739;2898","NA;NA","null","null",FALSE,TRUE,NA,NA,NA
"Bisphenol s","6302_pos","Bisphenol s",0.87,985.87,NA,"Unknown","null","Bisphenol S;Diphenyl sulfate","C14216","HMDB0240712;HMDB0251451","34372;NA","6626;14228015","NA;NA","null","null",TRUE,TRUE,NA,NA,NA
"Bitopertin","19161_pos","Bitopertin",0.04,216583.5,NA,"Unknown","null","Bitopertin","","HMDB0249280","NA","49798777","NA","null","null",FALSE,TRUE,"Pyridinylpiperazines","Diazinanes","Piperazines"
"Brexpiprazole","15107_pos","Brexpiprazole",0.09,18.15,NA,"Unknown","null","Brexpiprazole","","HMDB0249379","NA","NA","NA","null","null",FALSE,TRUE,"N-arylpiperazines","Diazinanes","Piperazines"
"Brisoral","13170_pos","Brisoral",0.27,11.22,NA,"Unknown","null","Brisoral","","HMDB0259678","110193","2646","NA","null","null",FALSE,TRUE,"N-acyl-alpha amino acids and derivatives","Carboxylic acids and derivatives","Amino acids, peptides, and analogues"
"Bromacil","6533_neg","Bromacil",0.47,71.6,"Halopyrimidines","no MS2: Bromacil; LC-ESI-ITFT; MS2; CE","C9H13BrN2O2",NA,NA,NA,NA,NA,NA,"CTSLUCNDVMMDHG-UHFFFAOYNA-N","CCC(C)N1C(O)=NC(C)=C(Br)C1=O",FALSE,TRUE,NA,NA,NA
"Bucillamine","4736_neg","Bucillamine",0.8,698.62,NA,"Unknown","null","Bucillamine","","HMDB0249419","NA","2459","NA","null","null",TRUE,TRUE,"N-acyl-alpha amino acids","Carboxylic acids and derivatives","Amino acids, peptides, and analogues"
"Bucromarone","16369_pos","Bucromarone",0.07,9.15,NA,"Unknown","null","Bucromarone","","HMDB0249424","NA","132852","NA","null","null",FALSE,TRUE,"Aryl-phenylketones","Organooxygen compounds","Carbonyl compounds"
"Budipine","8099_neg","Budipine",0.29,48.83,NA,"Unknown","null","Budipine;Butriptyline;Piperidine, 1-(4,4-diphenylbutyl)-","","HMDB0249425;HMDB0249471;HMDB0256576","NA;NA;NA","68778;21772;NA","NA;NA;NA","null","null",FALSE,TRUE,"Diphenylmethanes","Benzene and substituted derivatives","Diphenylmethanes"
"Budralazine","5815_pos","Budralazine",0.42,1506.39,NA,"Unknown","null","Budralazine","","HMDB0249426","NA","2463","NA","null","null",FALSE,TRUE,"Phthalazines","Diazanaphthalenes","Benzodiazines"
"Butanoic acid, 2,3-dihydroxypropyl ester","2015_neg","Butanoic acid, 2,3-dihydroxypropyl ester",0.49,1909.82,NA,"Unknown","null","Butanoic acid, 2,3-dihydroxypropyl ester;Mycarose","","HMDB0243949;HMDB0254966","76503;NA","11188;18534011","NA;NA","null","null",FALSE,TRUE,"1-monoacylglycerols","Glycerolipids","Monoradylglycerols"
"Butanoic acid, 3-((2-naphthalenylsulfonyl)amino)-4-oxo-4-((2-phenylethyl)amino)-, (s)-","14313_neg","Butanoic acid, 3-((2-naphthalenylsulfonyl)amino)-4-oxo-4-((2-phenylethyl)amino)-, (s)-",0.4,21.69,NA,"Unknown","null","Butanoic acid, 3-((2-naphthalenylsulfonyl)amino)-4-oxo-4-((2-phenylethyl)amino)-, (S)-","","HMDB0245246","NA","22170993","NA","null","null",FALSE,TRUE,NA,NA,NA
"Butanoic acid, [(diethoxyphosphinyl)oxy]methyl ester","6521_pos","Butanoic acid, [(diethoxyphosphinyl)oxy]methyl ester",0.42,229.21,NA,"Unknown","null","Butanoic acid, [(diethoxyphosphinyl)oxy]methyl ester","","HMDB0245609","NA","9837935","NA","null","null",FALSE,TRUE,"Trialkyl phosphates","Organic phosphoric acids and derivatives","Phosphate esters"
"Butenylcarnitine","5242_pos","Butenylcarnitine",0.89,671.61,NA,"Unknown","null","Butenylcarnitine;butenoylcarnitine","","HMDB0013126;HMDB0249460","NA;NA","53481699;134822127","NA;NA","null","null",FALSE,TRUE,"Acyl carnitines","Fatty acyls","Fatty acid esters"
"Butylone","4660_neg","Butylone",0.13,96.05,NA,"Unknown","null","Butylone;Ethylone","","HMDB0249479;HMDB0252083","NA;NA","NA;57252245","NA;NA","null","null",FALSE,TRUE,"Butyrophenones","Benzene and substituted derivatives","Butyrophenones"
"Butyric acid","42_pos","Butyric acid",0.62,87.92,NA,"Diacetyl","null","Butyric acid;Isobutyric acid;Acetoin;Methyl propionate;Ethyl acetate;1-Hydroxy-2-butanone;1,3-Dioxane;Dioxane;3-Butene-1,2-diol","C00246;C02632;C00466;C00849;C14440","HMDB0000039;HMDB0001873;HMDB0003243;HMDB0030062;HMDB0031217;HMDB0031507;HMDB0244172;HMDB0244216;HMDB0245828","30772;16135;15688;NA;27750;88390;46924;47032;NA","264;6590;179;11124;8857;521300;NA;NA;10338","34376;NA;NA;NA;NA;NA;NA;NA;NA","null","null",FALSE,TRUE,"Straight chain fatty acids","Fatty acyls","Fatty acids and conjugates"
"Butyrolactone derivative","15383_pos","Butyrolactone derivative",0.42,19.83,NA,"Unknown","null","Butyrolactone derivative","","HMDB0249481","NA","77911721","NA","null","null",FALSE,TRUE,"2,2-dimethyl-1-benzopyrans","Benzopyrans","1-benzopyrans"
"Butyrylcarnitine","5343_pos","Butyrylcarnitine",0.76,421.73,NA,"Butyrylcarnitine","null",NA,NA,NA,NA,NA,NA,"null","null",TRUE,TRUE,"Acyl carnitines","Fatty acyls","Fatty acid esters"
"C(ccc)c(o)(c[n+](c)(c)c)cc([o-])=o","4633_pos","C(ccc)c(o)(c[n+](c)(c)c)cc([o-])=o",0.4,76990.55,NA,"Unknown","null","C(Ccc)C(O)(C[N+](C)(C)C)CC([O-])=O","","HMDB0249478","NA","129671784","NA","null","null",FALSE,TRUE,NA,NA,NA
"Cabastine","14065_neg","Cabastine",0.2,24.61,NA,"Unknown","null","Cabastine;8-(3-(1-((3-Fluorophenyl)methyl)-4-piperidinyl)-1-oxopropyl)-1,2,5,6-tetrahydro-4h-pyrrolo(3,2,1-ij)quinolin-4-one;8-[3-[1-[(3-Fluorophenyl)methyl]-4-piperidinyl]-1-oxopropyl]-1,2,5,6-tetrahydro-4H-pyrrolo[3,2,1-ij]quinoline-4-one","","HMDB0249522;HMDB0259559;HMDB0260330","NA;NA;NA","3915;131842169;9888392","NA;NA;NA","null","null",FALSE,TRUE,"Phenylpiperidines","Piperidines","Phenylpiperidines"
"Caffeic acid 3-o-glucuronide","11008_neg","Caffeic acid 3-o-glucuronide",0.29,8.66,NA,"Unknown","null","Caffeic acid 3-O-glucuronide;Caffeic acid 4-O-glucuronide;3,5-Dihydroxycinnamic acid glucuronide","","HMDB0041705;HMDB0041707;HMDB0240448","NA;NA;NA","25171992;25171780;NA","NA;NA;NA","null","null",FALSE,TRUE,NA,NA,NA
"Caffeic acid 3-o-sulfate","6520_neg","Caffeic acid 3-o-sulfate",0.47,367.98,NA,"Unknown","null","Caffeic acid 3-O-sulfate;Caffeic acid 4-O-sulfate;3,5-Dihydroxycinnamic acid sulfate","","HMDB0041706;HMDB0041708;HMDB0240449","90242;176485;NA","102261219;21668705;NA","NA;NA;NA","null","null",TRUE,TRUE,NA,NA,NA
"Calycin","9159_pos","Calycin",0.42,26.32,NA,"Unknown","null","Calycin","","HMDB0249565","NA","71434413","NA","null","null",FALSE,TRUE,"Benzofurans","Benzofurans",NA
"Cambendazole","8564_neg","Cambendazole",0.07,5.32,NA,"Unknown","null","Cambendazole","","HMDB0249571","NA","33309","NA","null","null",FALSE,TRUE,"Benzimidazoles","Benzimidazoles",NA
"Camphorsulfonic acid","5224_neg","Camphorsulfonic acid",0.42,31.48,NA,"Unknown","null","Camphorsulfonic acid;4-Chloro-N-(1-pyridin-4-ylethyl)aniline","","HMDB0243496;HMDB0255806","55379;NA","18462;383452","NA;NA","null","null",FALSE,TRUE,"Bicyclic monoterpenoids","Prenol lipids","Monoterpenoids"
"Capivasertib","14429_neg","Capivasertib",0.04,10.5,NA,"Unknown","null","Capivasertib","","HMDB0248786","NA","42602260","NA","null","null",FALSE,TRUE,"Alpha amino acid amides","Carboxylic acids and derivatives","Amino acids, peptides, and analogues"
"Caproic acid","528_neg","Caproic acid",0.42,35.21,NA,"Caproic Acid","null","Caproic acid;Isocaproic acid;Methyl (S)-2-Methylbutanoate;Methyl 3-methylbutanoate;Isopropyl propionate;Propyl propionate;Methyl pentanoate;Ethyl 2-methylpropanoate;n-Butyl acetate;(\xc2\xb1)-2-Methylpentanoic acid;3-Methylpentanoic acid;Ethyl butyrate;3-Methylbutyl formate;1,2-Cyclohexanediol;2,2-Dimethylbutyric acid;Butoxyacetaldehyde;Sec-butyl acetate;Tert-butyl acetate","C01585;C12304;C12293","HMDB0000535;HMDB0000689;HMDB0029762;HMDB0030027;HMDB0030056;HMDB0030059;HMDB0031207;HMDB0031248;HMDB0031325;HMDB0031580;HMDB0033774;HMDB0033889;HMDB0034163;HMDB0244061;HMDB0245333;HMDB0249469;HMDB0258198;HMDB0258840","30776;74903;NA;NA;NA;89828;NA;87303;31328;167644;166883;88764;31726;24567;38649;NA;NA;NA","8892;12587;13357;11160;12508;7803;12206;7342;31272;7341;7755;7762;8052;13601;NA;114858;NA;NA","NA;NA;NA;NA;NA;NA;NA;NA;NA;NA;NA;NA;NA;NA;NA;NA;NA;NA","null","null",FALSE,TRUE,"Medium-chain fatty acids","Fatty acyls","Fatty acids and conjugates"
"Caprylic acid","1391_neg","Caprylic acid",0.84,127.16,NA,"[FA (8:0)] octanoic acid","null","Caprylic acid;Valproic acid;Hexyl acetate;2-Ethylhexanoic acid;Methyl heptanoate;Pentyl propanoate;Propyl 3-methylbutanoate;Ethyl 4-methylpentanoate;2-Methylpropyl butanoate;3-Methylbutyl propanoate;Butyl butyrate;Ethyl hexanoate;Propyl pentanoate;Tetrahydro-2,5-dimethyl-2H-pyranmethanol","C06423;C07185","HMDB0000482;HMDB0001877;HMDB0029980;HMDB0031230;HMDB0031478;HMDB0031638;HMDB0032047;HMDB0032272;HMDB0034161;HMDB0034164;HMDB0039620;HMDB0040209;HMDB0040296;HMDB0061931","28837;39867;87510;89058;NA;87373;NA;NA;87683;87419;87429;86055;NA;88826","379;3121;8908;8697;7826;12217;11176;117477;10885;7772;7983;31265;67328;98034","48223;NA;NA;NA;NA;NA;NA;NA;NA;NA;NA;NA;NA;NA","null","null",FALSE,TRUE,"Medium-chain fatty acids","Fatty acyls","Fatty acids and conjugates"
"Capryloylglycine","3838_pos","Capryloylglycine",0.78,275.46,NA,"Unknown","null","Capryloylglycine;N-Acetylaminooctanoic acid;1-Hydroxy-2,2,5,5-tetramethylpyrrolidine-3-carboxylic acid methyl ester","","HMDB0000832;HMDB0059745;HMDB0257602","74099;89901;NA","84290;95555;11008971","NA;NA;NA","null","null",TRUE,TRUE,"N-acyl-alpha amino acids","Carboxylic acids and derivatives","Amino acids, peptides, and analogues"
"Caracemide","3290_pos","Caracemide",0.22,27.85,NA,"Unknown","null","Caracemide;Citramide","","HMDB0249601;HMDB0250304","NA;NA","54747;69006","NA;NA","null","null",FALSE,TRUE,"N-acyl ureas","Organic carbonic acids and derivatives","Ureas"
"Carbazochrome","5417_neg","Carbazochrome",0.42,766.53,NA,"Unknown","null","Carbazochrome;Guanidinoethyl disulfide;""Inosine,2',3'-dideoxy-""","","HMDB0249613;HMDB0252973;HMDB0253491","NA;NA;NA","2557;3521;3043","NA;NA;NA","null","null",FALSE,TRUE,"Indoles and derivatives","Indoles and derivatives",NA
"Carbocyclic 3-deazaadenosine","6730_neg","Carbocyclic 3-deazaadenosine",0.4,24.35,NA,"Unknown","null","Carbocyclic 3-deazaadenosine","","HMDB0245848","NA","13145979","NA","null","null",FALSE,TRUE,"Imidazo-pyridines","Imidazopyridines","Imidazo-pyridines"
"Carbonyl cyanide p-trifluoromethoxyphenylhydrazone","6220_neg","Carbonyl cyanide p-trifluoromethoxyphenylhydrazone",0.09,8.7,NA,"Unknown","null","Carbonyl cyanide p-trifluoromethoxyphenylhydrazone","","HMDB0252179","75458","3330","NA","null","null",FALSE,TRUE,"Phenylhydrazines","Benzene and substituted derivatives","Phenylhydrazines"
"Carbosulfan","12802_pos","Carbosulfan",0.24,157837.4,NA,"Unknown","null","Carbosulfan","C18416","HMDB0249647","38476","NA","NA","null","null",FALSE,TRUE,"Coumarans","Coumarans",NA
"Carboxin","5364_neg","Carboxin",0.04,4.05,NA,"Unknown","null","Carboxin;Glycerol glutamate","C11255","HMDB0249648;HMDB0252840","3405;NA","21307;NA","NA;NA","null","null",FALSE,TRUE,"Anilides","Benzene and substituted derivatives","Anilides"
"Carglumic acid","3162_neg","Carglumic acid",0.87,43.54,NA,"Unknown","null","Carglumic acid;4-Methyl-1-homopiperazinedithiocarboxylic acid","C05829","HMDB0015673;HMDB0252284","71028;NA","121396;161543","NA;NA","null","null",TRUE,TRUE,"Glutamic acid and derivatives","Carboxylic acids and derivatives","Amino acids, peptides, and analogues"
"Cariporide","7997_pos","Cariporide",0.2,18.11,NA,"Unknown","null","Cariporide","","HMDB0249676","NA","151172","NA","null","null",TRUE,TRUE,"Aromatic monoterpenoids","Prenol lipids","Monoterpenoids"
"Carminomycin i","17795_neg","Carminomycin i",0.09,847703.6,NA,"Unknown","null","Carminomycin I","","HMDB0249682","NA","430461","NA","null","null",FALSE,TRUE,NA,NA,NA
"Carnitine","2152_pos","Carnitine",0.87,5372.21,NA,"Carnitine","null",NA,NA,NA,NA,NA,NA,"null","null",TRUE,TRUE,NA,NA,NA
"Cartap","5666_pos","Cartap",0.09,7.63,NA,"Unknown","null","Cartap;Mergepta;6,11-Dihydro[1]benzothiopyrano[4,3-b]indole","C11080","HMDB0249690;HMDB0254467;HMDB0256175","3436;NA;173098","27159;123726;NA","NA;NA;NA","null","null",TRUE,TRUE,"Thiocarbamic acid derivatives","Thiocarbonyl compounds","Thiocarbamic acid derivatives"
"Cbhcy","5370_neg","Cbhcy",0.42,121.72,NA,"Unknown","null","Cbhcy;N-[(2R)-6,7-Dihydroxy-3-oxo-1-sulfanylheptan-2-yl]acetamide","","HMDB0249714;HMDB0260378","NA;NA","3518587;NA","NA;NA","null","null",FALSE,TRUE,"Alpha amino acids","Carboxylic acids and derivatives","Amino acids, peptides, and analogues"
"Cc1cc(n=nc2ccc(cc2)s(=o)(=o)nc2ccccn2)c(n)c(cl)c1o","13909_neg","Cc1cc(n=nc2ccc(cc2)s(=o)(=o)nc2ccccn2)c(n)c(cl)c1o",0.11,16.91,NA,"Unknown","null","Cc1cc(N=Nc2ccc(cc2)S(=O)(=O)Nc2ccccn2)c(N)c(Cl)c1O","","HMDB0260439","NA","136226511","NA","null","null",FALSE,TRUE,NA,NA,NA
"Cedpht","9073_pos","Cedpht",0.09,13.51,NA,"Unknown","null","Cedpht","","HMDB0251608","NA","128642","NA","null","null",FALSE,TRUE,"Phenylpropanoic acids","Phenylpropanoic acids",NA
"Cefozopran","18241_pos","Cefozopran",0.2,1685874,NA,"Unknown","null","Cefozopran","","HMDB0249772","NA","2639","NA","null","null",FALSE,TRUE,"Cephalosporins","Lactams","Beta lactams"
"Ceftobiprole medocaril","22419_pos","Ceftobiprole medocaril",0.04,621808.9,NA,"Unknown","null","Ceftobiprole medocaril","","HMDB0249784","NA","139292184","NA","null","null",FALSE,TRUE,"Cephalosporins","Lactams","Beta lactams"
"Cefuroxime axetil","17672_neg","Cefuroxime axetil",0.42,1117194,NA,"Unknown","null","cefuroxime axetil","","HMDB0249787","NA","3379942","NA","null","null",TRUE,TRUE,NA,NA,NA
"Cephalosporanic acid","6384_neg","Cephalosporanic acid",0.4,90.96,NA,"Unknown","null","cephalosporanic acid","","HMDB0249809","NA","10038079","NA","null","null",TRUE,TRUE,NA,NA,NA
"Ceranapril","15386_pos","Ceranapril",0.02,3.76,NA,"Unknown","null","Ceranapril","","HMDB0249824","NA","60472","NA","null","null",FALSE,TRUE,"N-acyl-alpha amino acids","Carboxylic acids and derivatives","Amino acids, peptides, and analogues"
"Cerebrocrast","18116_pos","Cerebrocrast",0.2,452493.1,NA,"Unknown","null","Cerebrocrast;Bis(2-propoxyethyl) 4-[2-(difluoromethoxy)phenyl]-2,6-dimethyl-3,4-dihydropyridine-3,5-dicarboxylate","","HMDB0249819;HMDB0260377","NA;NA","159556;53927195","NA;NA","null","null",FALSE,TRUE,"Dihydropyridinecarboxylic acids and derivatives","Pyridines and derivatives","Hydropyridines"
"Cervonoyl ethanolamide","12431_pos","Cervonoyl ethanolamide",0.2,13.76,NA,"Unknown","null","Cervonoyl ethanolamide;Cesamet","C13828","HMDB0013627;HMDB0249827","34488;NA","53245830;39860","NA;NA","null","null",FALSE,TRUE,"Fatty acid esters","Fatty acyls","Fatty acid esters"
"Cetirizine","13136_pos","Cetirizine",0.38,6.09,"Diphenylmethanes","no MS2: Cetirizine; LC-ESI-ITFT; MS2; CE","C21H25ClN2O3","Cetirizine","C07778","HMDB0005032","3561","NA","NA","ZKLPARSLTMPFCP-UHFFFAOYNA-N","OC(=O)COCCN1CCN(CC1)C(C1=CC=CC=C1)C1=CC=C(Cl)C=C1",FALSE,TRUE,"Diphenylmethanes","Benzene and substituted derivatives","Diphenylmethanes"
"Ch-223191","10011_neg","Ch-223191",0.42,55.77,NA,"Unknown","null","CH-223191;Tebufenpyrad","C11126","HMDB0249877;HMDB0258765","NA;9422","NA;NA","NA;NA","null","null",FALSE,TRUE,NA,NA,NA
"Chlorambucil-tertiary butyl ester","11821_pos","Chlorambucil-tertiary butyl ester",0.13,7.08,NA,"Unknown","null","Chlorambucil-tertiary butyl ester","","HMDB0250083","NA","83909","NA","null","null",FALSE,TRUE,"Nitrogen mustard compounds","Organonitrogen compounds","Nitrogen mustard compounds"
"Chloramphenicol glucuronide","17229_neg","Chloramphenicol glucuronide",0.18,210345.9,NA,"Unknown","null","Chloramphenicol glucuronide","","HMDB0250086","NA","14402409","NA","null","null",FALSE,TRUE,"Fatty acyl glycosides of mono- and disaccharides","Fatty acyls","Fatty acyl glycosides"
"Chlorbenside","6881_neg","Chlorbenside",0.16,4.86,NA,"Unknown","null","Chlorbenside","C14584","HMDB0250091","NA","7639","NA","null","null",FALSE,TRUE,"Aryl thioethers","Thioethers","Aryl thioethers"
"Chlordimeform","3450_neg","Chlordimeform",0.02,7.66,NA,"Unknown","null","Chlordimeform","","HMDB0250093","NA","NA","NA","null","null",FALSE,TRUE,"Chlorobenzenes","Benzene and substituted derivatives","Halobenzenes"
"Chlorfenethol","6804_neg","Chlorfenethol",0.13,18.63,NA,"Unknown","null","Chlorfenethol","C19023","HMDB0250094","NA","6624","NA","null","null",FALSE,TRUE,"Diphenylmethanes","Benzene and substituted derivatives","Diphenylmethanes"
"Chlorogenic acid","11560_pos","Chlorogenic acid",0.09,5.32,"Quinic acids and derivatives","no MS2: Chlorogenic Acid; LC-ESI-QTOF; MS2; CE","C16H18O9","Chlorogenic acid;Cryptochlorogenic acid;5-Caffeoylquinic acid;(1S,3R,4R,5R)-3-[3-(3,4-dihydroxyphenyl)prop-2-enoyloxy]-1,4,5-trihydroxy-cyclohexanecarboxylic acid","C00852;C17147","HMDB0003164;HMDB0030653;HMDB0240477;HMDB0242450","16112;75491;16384;NA","1794427;NA;5280633;348159","NA;NA;NA;NA","CWVRJTMFETXNAD-JUHZACGLSA-N","O[C@@H]1C[C@](O)(C[C@@H](OC(=O)\C=C\C2=CC(O)=C(O)C=C2)[C@@H]1O)C(O)=O",FALSE,TRUE,"Quinic acids and derivatives","Organooxygen compounds","Alcohols and polyols"
"Chlorphenacil","7598_pos","Chlorphenacil",0.09,7.7,NA,"Unknown","null","Chlorphenacil","","HMDB0250131","NA","NA","NA","null","null",FALSE,TRUE,"Nitrogen mustard compounds","Organonitrogen compounds","Nitrogen mustard compounds"
"Chlorproethazine","10570_neg","Chlorproethazine",0.42,49.55,NA,"Unknown","null","Chlorproethazine","","HMDB0250133","NA","NA","NA","null","null",FALSE,TRUE,"Phenothiazines","Benzothiazines","Phenothiazines"
"Chlorpropham","4397_pos","Chlorpropham",0.2,18.07,"Gamma amino acids and derivatives","no MS2: (+-)-Baclofen; LC-ESI-QTOF; MS2; CE","C10H12ClNO2","Chlorpropham;Methyl 2-amino-3-(4-chlorophenyl)propanoate","C14506","HMDB0250135;HMDB0254564","34630;NA","NA;26532","NA;NA","KPYSYYIEGFHWSV-UHFFFAOYNA-N","NCC(CC(O)=O)C1=CC=C(Cl)C=C1",FALSE,TRUE,"Phenylcarbamic acid esters","Benzene and substituted derivatives","Phenylcarbamic acid esters"
"Chlorquinaldol","5104_pos","Chlorquinaldol",0.42,932252.8,NA,"Unknown","null","Chlorquinaldol","","HMDB0250139","74500","6301","NA","null","null",FALSE,TRUE,"Chloroquinolines","Quinolines and derivatives","Haloquinolines"
"Chlozolinate","9867_neg","Chlozolinate",0.18,21770.23,NA,"Unknown","null","Chlozolinate","C10979","HMDB0250146","83557","51574","NA","null","null",FALSE,TRUE,"Dichlorobenzenes","Benzene and substituted derivatives","Halobenzenes"
"Cholesterol iopanoate","25635_pos","Cholesterol iopanoate",0.04,1026757,NA,"Unknown","null","Cholesterol iopanoate","","HMDB0250172","NA","53462320","NA","null","null",FALSE,TRUE,"Cholesterols and derivatives","Steroids and steroid derivatives","Cholestane steroids"
"Cholesterol sulfate","16041_neg","Cholesterol sulfate",0.87,879527.4,NA,"Unknown","null","Cholesterol sulfate","C18043","HMDB0000653","41321","65076","2705326","null","null",TRUE,TRUE,"Cholesterols and derivatives","Steroids and steroid derivatives","Cholestane steroids"
"Choline","305_pos","Choline",0.93,3201.14,NA,"CHOLINE","null",NA,NA,NA,NA,NA,NA,"null","null",TRUE,TRUE,"Cholines","Organonitrogen compounds","Quaternary ammonium salts"
"Choline sulfate","2846_neg","Choline sulfate",0.36,41.65,NA,"Unknown","null","Choline sulfate","C00919","HMDB0250194","16822","485","NA","null","null",FALSE,TRUE,"Sulfuric acid monoesters","Organic sulfuric acids and derivatives","Sulfuric acid esters"
"Chrysoeriol","8454_neg","Chrysoeriol",0.31,18.87,"3'-O-methylated flavonoids","no MS2: Peonidin; LC-ESI-QTOF; MS2; CE","C16H13O6","Chrysoeriol;""5,3',4'-Trihydroxy-7-methoxy-4-phenylcoumarin"";Hematein;Rhamnocitrin","C04293;C17059","HMDB0030667;HMDB0250025;HMDB0253076;HMDB0257193","16514;NA;NA;80897","5280666;NA;135403802;NA","NA;NA;NA;NA","XFDQJKDGGOEYPI-UHFFFAOYSA-O","COC1=C(O)C=CC(=C1)C1=C(O)C=C2C(O)=CC(O)=CC2=[O+]1",FALSE,TRUE,"3'-O-methylated flavonoids","Flavonoids","O-methylated flavonoids"
"Ciglitazone","10009_neg","Ciglitazone",0.04,6.26,NA,"Unknown","null","Ciglitazone","","HMDB0250241","64227","2750","NA","null","null",FALSE,TRUE,"Phenol ethers","Phenol ethers",NA
"Cilastatin","11770_pos","Cilastatin",0.4,12.04,"N-acyl-alpha amino acids","no MS2: Cilastatin; LC-ESI-ITFT; MS2; CE","C16H26N2O5S",NA,NA,NA,NA,NA,NA,"DHSUYTOATWAVLW-WFVMDLQDSA-N","CC1(C)C[C@@H]1C(O)=N\C(=C/CCCCSC[C@H](N)C(O)=O)C(O)=O",FALSE,TRUE,NA,NA,NA
"Ciliatine","772_neg","Ciliatine",0.82,12.54,"Organic phosphonic acids","no MS2: Ciliatine; LC-ESI-QTOF; MS2; CE","C2H8NO3P",NA,NA,NA,NA,NA,NA,"QQVDJLLNRSOCEL-UHFFFAOYSA-N","NCCP(O)(O)=O",TRUE,TRUE,"Organic phosphonic acids","Organic phosphonic acids and derivatives","Organic phosphonic acids"
"Cimetidine sulfoxide","7251_pos","Cimetidine sulfoxide",0.47,8.04,NA,"Unknown","null","Cimetidine sulfoxide;Hydroxymethyl cimetidine","","HMDB0250250;HMDB0253276","30731;NA","62949;162879","NA;NA","null","null",TRUE,TRUE,"Imidazoles","Azoles","Imidazoles"
"Cimicoxib","12812_pos","Cimicoxib",0.04,47.59,NA,"Unknown","null","Cimicoxib","","HMDB0250253","76127","NA","NA","null","null",FALSE,TRUE,"Phenylimidazoles","Azoles","Imidazoles"
"Ciramadol","6278_pos","Ciramadol",0.22,12.18,"Cyclohexanols","no MS2: N,O-Didesmethylvenlafaxine; LC-ESI-ITFT; MS2; CE","C15H23NO2","Ciramadol;N-Demethyltramadol;O-Demethyltramadol","","HMDB0250272;HMDB0255112;HMDB0255851","NA;NA;NA","119103;NA;130829","NA;NA;NA","MMSWXJSQCAEDLK-UHFFFAOYNA-N","CNCC(C1=CC=C(O)C=C1)C1(O)CCCCC1",FALSE,TRUE,"Cyclohexanols","Organooxygen compounds","Alcohols and polyols"
"Cis-4-decenedioic acid","3629_neg","Cis-4-decenedioic acid",0.49,66.27,NA,"Unknown","null","cis-4-Decenedioic acid;cis-5-Decenedioic acid","","HMDB0000603;HMDB0013227","89730;172075","9543671;7563148","NA;NA","null","null",FALSE,TRUE,NA,NA,NA
"Cis-4-hydroxycyclohexylacetic acid","1859_neg","Cis-4-hydroxycyclohexylacetic acid",0.62,127.74,NA,"Unknown","null","cis-4-Hydroxycyclohexylacetic acid;trans-4-Hydroxycyclohexylacetic acid","","HMDB0000451;HMDB0000909","89344;88508","12702257;NA","NA;NA","null","null",TRUE,TRUE,NA,NA,NA
"Cis-aconitic acid","2454_neg","Cis-aconitic acid",0.93,6269.27,"Tricarboxylic acids and derivatives","no MS2: cis-Aconitic acid; LC-ESI-ITFT; MS2; m/z","C6H6O6","cis-Aconitic acid;trans-Aconitic acid;Dehydroascorbic acid;Aconitic acid;p-TOLUENESULFONYL FLUORIDE;Phenylmethylsulfonyl fluoride","C00417;C02341;C05422;C06747","HMDB0000072;HMDB0000958;HMDB0001264;HMDB0247961;HMDB0256057;HMDB0256652","32805;32806;27956;22211;NA;8102","643757;444212;440667;309;NA;NA","NA;NA;NA;NA;NA;NA","GTZCVFVGUGFEME-IWQZZHSRSA-N","OC(=O)C\C(=C\C(O)=O)C(O)=O",TRUE,TRUE,NA,NA,NA
"Cis-entacapone","8715_neg","Cis-entacapone",0.04,3.43,NA,"Unknown","null","cis-Entacapone","","HMDB0250289","94769","4659568","NA","null","null",FALSE,TRUE,NA,NA,NA
"Citramalic acid","1526_neg","Citramalic acid",0.91,6849.18,NA,"CITRAMALATE","null","Citramalic acid;3-Hydroxyglutaric acid;D-2-Hydroxyglutaric acid;L-2-Hydroxyglutaric acid;Ribonolactone;2-Hydroxyglutarate;monoacetone;Poly(lactic acid-co-glycolic acid)","C00815;C01087;C03196;C02674;C02630","HMDB0000426;HMDB0000428;HMDB0000606;HMDB0000694;HMDB0001900;HMDB0059655;HMDB0254846;HMDB0256668","15584;39980;32796;32797;74168;17084;NA;NA","1081;181976;439391;439939;111064;43;21547664;23111554","NA;NA;NA;NA;NA;NA;NA;NA","null","null",TRUE,TRUE,"Hydroxy fatty acids","Fatty acyls","Fatty acids and conjugates"
"Citric acid","3237_neg","Citric acid",0.98,4991.86,NA,"Citric Acid","null","Citric acid;Isocitric acid","C00158;C00311","HMDB0000094;HMDB0000193","30769;30887","311;1198","34080;34579","null","null",TRUE,TRUE,"Tricarboxylic acids and derivatives","Carboxylic acids and derivatives","Tricarboxylic acids and derivatives"
"Citronellyl anthranilate","7629_pos","Citronellyl anthranilate",0.4,9.46,NA,"Unknown","null","Citronellyl anthranilate;Pyrodone","C18795","HMDB0032208;HMDB0256988","172321;NA","109467;8227","NA;NA","null","null",FALSE,TRUE,"Aromatic monoterpenoids","Prenol lipids","Monoterpenoids"
"Citrulline","2523_neg","Citrulline",0.84,959.57,"L-alpha-amino acids","no MS2: L-Citrulline; LC-ESI-ITFT; MS2; m/z","C6H13N3O3","Citrulline;Argininic acid;D-Citrulline;Carbamoyl (2R)-2,5-diaminopentanoate","C00327","HMDB0000904;HMDB0003148;HMDB0250742;HMDB0257951","16349;NA;18211;NA","9750;160437;833;76472149","34627;NA;NA;NA","RHGKLRLOHDJJDR-BYPYZUCNSA-N","N[C@@H](CCCNC(O)=N)C(O)=O",TRUE,TRUE,"L-alpha-amino acids","Carboxylic acids and derivatives","Amino acids, peptides, and analogues"
"Cl-amidine","9390_pos","Cl-amidine",0.11,6.59,NA,"Unknown","null","Cl-amidine;EMycin E;Tanshinone IIb","","HMDB0250310;HMDB0251782;HMDB0258716","NA;NA;NA","11964499;NA;318797","NA;NA;NA","null","null",FALSE,TRUE,"Hippuric acids and derivatives","Benzene and substituted derivatives","Benzoic acids and derivatives"
"Cladinose","2579_neg","Cladinose",0.69,25.26,NA,"Unknown","null","Cladinose;Ketone Ester;METALDEHYDE","C18744","HMDB0250311;HMDB0253792;HMDB0254499","NA;NA;NA","21894693;53654377;61021","NA;NA;NA","null","null",FALSE,TRUE,"Medium-chain aldehydes","Organooxygen compounds","Carbonyl compounds"
"Clebopride","11839_neg","Clebopride",0.22,5.11,NA,"Unknown","null","Clebopride;Sepimostat","","HMDB0250315;HMDB0258240","NA;NA","NA;NA","NA;NA","null","null",FALSE,TRUE,"N-benzylpiperidines","Piperidines","Benzylpiperidines"
"Clethodim","11818_pos","Clethodim",0.4,10.94,NA,"Unknown","null","Clethodim","","HMDB0250319","NA","136191021","NA","null","null",FALSE,TRUE,"Cyclohexenones","Organooxygen compounds","Carbonyl compounds"
"Cletoquine","8821_neg","Cletoquine",0.27,16.32,NA,"Unknown","null","Cletoquine;Tebuconazole;Zetidoline","C18489","HMDB0250320;HMDB0258762;HMDB0259999","NA;83779;NA","71826;NA;NA","NA;NA;NA","null","null",FALSE,TRUE,"4-aminoquinolines","Quinolines and derivatives","Aminoquinolines and derivatives"
"Cligosiban","13993_neg","Cligosiban",0.29,11.89,NA,"Unknown","null","Cligosiban","","HMDB0256366","NA","11683187","NA","null","null",FALSE,TRUE,"Pyridyltriazoles","Pyridines and derivatives","Pyridyltriazoles"
"Clioquinol","8683_neg","Clioquinol",0.33,193204,NA,"Unknown","null","Clioquinol","","HMDB0250327","74460","2788","NA","null","null",TRUE,TRUE,"Chloroquinolines","Quinolines and derivatives","Haloquinolines"
"Clofibryl glucuronide","12662_neg","Clofibryl glucuronide",0.02,4.46,NA,"Unknown","null","Clofibryl glucuronide","","HMDB0250343","NA","53462594","NA","null","null",FALSE,TRUE,"O-glucuronides","Organooxygen compounds","Carbohydrates and carbohydrate conjugates"
"Clomethiazole","2133_pos","Clomethiazole",0.24,16.22,NA,"Unknown","null","Clomethiazole","","HMDB0250350","NA","10783","NA","null","null",TRUE,TRUE,"4,5-disubstituted thiazoles","Azoles","Thiazoles"
"Clonixin","6630_neg","Clonixin",0.24,3.98,NA,"Unknown","null","Clonixin","","HMDB0250352","76200","28718","NA","null","null",FALSE,TRUE,"Pyridinecarboxylic acids","Pyridines and derivatives","Pyridinecarboxylic acids and derivatives"
"Cloxazolam, (r)-","10647_neg","Cloxazolam, (r)-",0.18,15.11,NA,"Unknown","null","Cloxazolam, (R)-","","HMDB0259410","NA","NA","NA","null","null",FALSE,TRUE,NA,NA,NA
"Clozapine","10174_pos","Clozapine",0.38,7.34,"Dibenzodiazepines","no MS2: Clozapine; LC-ESI-ITFT; MS2; CE","C18H19ClN4",NA,NA,NA,NA,NA,NA,"QZUDBNBUXVUHMW-UHFFFAOYSA-N","CN1CCN(CC1)C1=NC2=C(NC3=CC=CC=C13)C=CC(Cl)=C2",FALSE,TRUE,NA,NA,NA
"Cochinchinenin b","18809_neg","Cochinchinenin b",0.42,921977.7,NA,"Unknown","null","Cochinchinenin B","","HMDB0250394","NA","23634523","NA","null","null",FALSE,TRUE,NA,NA,NA
"Columbianadin","10276_pos","Columbianadin",0.4,32.02,NA,"Unknown","null","Columbianadin;Decursin;Decursinol angelate;GUAIANOLIDE","","HMDB0250407;HMDB0250923;HMDB0250925;HMDB0252964","NA;NA;NA;NA","53399217;611537;611538;22297182","NA;NA;NA;NA","null","null",FALSE,TRUE,"Angular furanocoumarins","Coumarins and derivatives","Furanocoumarins"
"Combretastatin a4","9672_pos","Combretastatin a4",0.04,511812.1,NA,"Unknown","null","Combretastatin A4;Isocombretastatin A4;Loureirin B","","HMDB0250413;HMDB0253622;HMDB0254175","NA;NA;NA","NA;24996163;NA","NA;NA;NA","null","null",FALSE,TRUE,NA,NA,NA
"Comuside","19139_pos","Comuside",0.09,173467.7,NA,"Unknown","null","Comuside","","HMDB0250428","NA","NA","NA","null","null",FALSE,TRUE,"Terpene glycosides","Prenol lipids","Terpene glycosides"
"Convicine","8710_neg","Convicine",0.22,10.67,NA,"Unknown","null","Convicine","","HMDB0250445","NA","4480100","NA","null","null",FALSE,TRUE,"O-glycosyl compounds","Organooxygen compounds","Carbohydrates and carbohydrate conjugates"
"Coproporphyrin iii","21810_pos","Coproporphyrin iii",0.2,679294.7,NA,"Unknown","null","Coproporphyrin III;Coproporphyrin I;cryptophycin","C05770;C05769","HMDB0000570;HMDB0000643;HMDB0242628","27609;28421;NA","NA;NA;381235","NA;NA;NA","null","null",FALSE,TRUE,NA,NA,NA
"Coproporphyrinogen i","21912_pos","Coproporphyrinogen i",0.09,338469.6,NA,"Unknown","null","Coproporphyrinogen I","C05768","HMDB0002158","28607","440776","NA","null","null",FALSE,TRUE,NA,NA,NA
"Cortisol","11308_neg","Cortisol",0.49,268070.3,NA,"Unknown","null","Cortisol;18-Hydroxycorticosterone;11-Epicortisol;1alpha-Hydroxycorticosterone;1,4,6-Trihydroxy-1,3-bis(2-isopentenyl)-5-isovaleryl-3,5-cyclohexadien-2-on;4-Hydroxy-2-(3-methylbutanoyl)-5-(3-methylbut-2-enyl)-4-(4-methylpent-2-enoyl)cyclopentane-1,3-dione","C00735;C01124","HMDB0000063;HMDB0000319;HMDB0244354;HMDB0244860;HMDB0253231;HMDB0260277","17650;16485;95202;NA;175659;NA","5754;11222;3640;21850823;549481;91406138","NA;NA;NA;NA;NA;NA","null","null",TRUE,TRUE,"21-hydroxysteroids","Steroids and steroid derivatives","Hydroxysteroids"
"Cortisol lactate","15827_pos","Cortisol lactate",0.27,16.93,NA,"Unknown","null","Cortisol lactate","","HMDB0250468","NA","76544800","NA","null","null",FALSE,TRUE,"21-hydroxysteroids","Steroids and steroid derivatives","Hydroxysteroids"
"Cortol","11581_neg","Cortol",0.24,544896.8,NA,"Unknown","null","Cortol;beta-Cortol;Carboprost;Misoprostol acid;Prostaglandin F2alpha methyl ester;Proterguride","C05482;C01235","HMDB0003180;HMDB0005821;HMDB0249644;HMDB0254756;HMDB0256372;HMDB0256868","3898;17505;NA;NA;NA;NA","246873;439451;5229711;4206;2724458;13135233","NA;NA;NA;NA;NA;NA","null","null",TRUE,TRUE,"21-hydroxysteroids","Steroids and steroid derivatives","Hydroxysteroids"
"Cotinine glucuronide","11478_pos","Cotinine glucuronide",0.87,183481.9,NA,"Unknown","null","Cotinine glucuronide","C00190","HMDB0001013","16082","439179","34192","null","null",TRUE,TRUE,"Pyrimidine ribonucleoside diphosphates","Pyrimidine nucleotides","Pyrimidine ribonucleotides"
"Coumaphos","11275_neg","Coumaphos",0.42,74.4,NA,"Unknown","null","Coumaphos","C11025","HMDB0250488","3903","2871","NA","null","null",TRUE,TRUE,"Coumarins and derivatives","Coumarins and derivatives",NA
"Coumatetralyl","8047_neg","Coumatetralyl",0.11,7.72,NA,"Unknown","null","Coumatetralyl","C16806","HMDB0250496","NA","54678504","NA","null","null",FALSE,TRUE,"4-hydroxycoumarins","Coumarins and derivatives","Hydroxycoumarins"
"Cppene","6312_pos","Cppene",0.53,33.85,NA,"Unknown","null","Cppene","","HMDB0250519","NA","107733","NA","null","null",TRUE,TRUE,"Alpha amino acids","Carboxylic acids and derivatives","Amino acids, peptides, and analogues"
"Creatine","971_neg","Creatine",0.87,182.58,"Alpha amino acids and derivatives","no MS2: Creatine; LC-ESI-ITFT; MS2; m/z","C4H9N3O2","Creatine;Beta-Guanidinopropionic acid;Asparaginamide;N-Propyl-N-nitrosourea","C00300;C03065","HMDB0000064;HMDB0013222;HMDB0248665;HMDB0255236","16919;15968;NA;NA","586;67701;426319;13157","34543;NA;NA;NA","CVSVTCORWBXHQV-UHFFFAOYSA-N","CN(CC(O)=O)C(N)=N",TRUE,TRUE,"Alpha amino acids and derivatives","Carboxylic acids and derivatives","Amino acids, peptides, and analogues"
"Creatine ethyl ester","2064_pos","Creatine ethyl ester",0.42,1403.72,NA,"Unknown","null","Creatine ethyl ester;delta-Guanidinovaleric acid","C13688","HMDB0250523;HMDB0250978","NA;NA","10197817;160464","NA;NA","null","null",FALSE,TRUE,"Alpha amino acid esters","Carboxylic acids and derivatives","Amino acids, peptides, and analogues"
"Creatine riboside","6984_pos","Creatine riboside",0.42,11.32,NA,"Unknown","null","Creatine riboside;5-Amino-2-[(2-amino-3-carboxypropanoyl)oxyamino]pentanoic acid","","HMDB0240254;HMDB0260425","NA;NA","91885405;91294323","NA;NA","null","null",FALSE,TRUE,"Glycosylamines","Organooxygen compounds","Carbohydrates and carbohydrate conjugates"
"Creatinine","426_neg","Creatinine",0.87,3443.68,NA,"Cytosine","null","Creatinine","C00791","HMDB0000562","16737","588","36009","null","null",FALSE,TRUE,"Alpha amino acids and derivatives","Carboxylic acids and derivatives","Amino acids, peptides, and analogues"
"Creatinine citrate","8411_neg","Creatinine citrate",0.18,22.02,NA,"Unknown","null","Creatinine citrate","","HMDB0250529","NA","129718074","NA","null","null",FALSE,TRUE,"Alpha amino acids and derivatives","Carboxylic acids and derivatives","Amino acids, peptides, and analogues"
"Creatinine lactate","3669_neg","Creatinine lactate",0.07,10.48,NA,"Unknown","null","Creatinine lactate;Misonidazole","","HMDB0250531;HMDB0254755","NA;NA","129652103;26105","NA;NA","null","null",FALSE,TRUE,"Alpha amino acids and derivatives","Carboxylic acids and derivatives","Amino acids, peptides, and analogues"
"Creatinine nitrite nitrate","4543_neg","Creatinine nitrite nitrate",0.18,28.46,NA,"Unknown","null","Creatinine nitrite nitrate","","HMDB0250532","NA","132280893","NA","null","null",TRUE,TRUE,"Alpha amino acids and derivatives","Carboxylic acids and derivatives","Amino acids, peptides, and analogues"
"Cyamemazine","10010_pos","Cyamemazine",0.02,7.32,NA,"Unknown","null","Cyamemazine;RUCAPARIB","","HMDB0250602;HMDB0257361","NA;134689","NA;NA","NA;NA","null","null",FALSE,TRUE,"Phenothiazines","Benzothiazines","Phenothiazines"
"Cyanidin-3-o-(2''-o-beta-xylopyranosyl-beta-glucopyranoside)","20153_pos","Cyanidin-3-o-(2''-o-beta-xylopyranosyl-beta-glucopyranoside)",0.04,765024.6,"Anthocyanidin-3-O-glycosides","no MS2: Cyanidin-3-O-(2''-O-beta-xylopyranosyl-beta-glucopyranoside); LC-ESI-QTOF; MS2; CE","C26H29O15",NA,NA,NA,NA,NA,NA,"ZPPQIOUITZSYAO-AOBOYTTNSA-O","OC[C@H]1O[C@@H](OC2=C([O+]=C3C=C(O)C=C(O)C3=C2)C2=CC(O)=C(O)C=C2)[C@H](O[C@@H]2OC[C@@H](O)[C@H](O)[C@H]2O)[C@@H](O)[C@@H]1O",FALSE,TRUE,NA,NA,NA
"Cyanidin-3-o-(2''-o-beta-xylopyranosyl-beta-glucopyranoside)-5-o-beta-glucopyranoside","23281_pos","Cyanidin-3-o-(2''-o-beta-xylopyranosyl-beta-glucopyranoside)-5-o-beta-glucopyranoside",0.07,257673.8,"Anthocyanidin-5-O-glycosides","no MS2: Cyanidin-3-O-(2''-O-beta-xylopyranosyl-beta-glucopyranoside)-5-O-beta-glucopyranoside; LC-ESI-QTOF; MS2; CE","C32H39O20",NA,NA,NA,NA,NA,NA,"OLBLWNPOURNBCY-MRBLLYQQSA-O","OC[C@H]1O[C@@H](OC2=CC(O)=CC3=[O+]C(=C(O[C@@H]4O[C@H](CO)[C@@H](O)[C@H](O)[C@H]4O[C@@H]4OC[C@@H](O)[C@H](O)[C@H]4O)C=C23)C2=CC(O)=C(O)C=C2)[C@H](O)[C@@H](O)[C@@H]1O",FALSE,TRUE,NA,NA,NA
"Cyclanilide","7132_neg","Cyclanilide",0.44,116,NA,"Unknown","null","Cyclanilide","","HMDB0250621","NA","11097730","NA","null","null",FALSE,TRUE,"Anilides","Benzene and substituted derivatives","Anilides"
"Cyclic adp-ribose","18741_neg","Cyclic adp-ribose",0.31,1365265,NA,"Unknown","null","Cyclic ADP-ribose;3-[2-[2-Chloro-4-[[3-(2,6-dichlorophenyl)-5-propan-2-yl-4-isoxazolyl]methoxy]phenyl]ethenyl]benzoic acid","","HMDB0249529;HMDB0249972","NA;93125","22062770;44483281","NA;NA","null","null",FALSE,TRUE,NA,NA,NA
"Cyclic amp","9780_neg","Cyclic amp",0.44,210.53,NA,"3',5'-CYCLIC AMP","null","Cyclic AMP;""Adenosine 2',3'-cyclic phosphate""","C00575;C08355","HMDB0000058;HMDB0011616","17489;27520","6076;441483","1484809;NA","null","null",FALSE,TRUE,NA,NA,NA
"Cyclic gmp","10514_neg","Cyclic gmp",0.42,43.12,"3',5'-cyclic purine nucleotides","no MS2: Guanosine-3',5'-cyclic monophosphate; LC-ESI-QTOF; MS2; CE","C10H12N5O7P","Cyclic GMP;""Guanosine 2',3'-cyclic phosphate""","C00942","HMDB0001314;HMDB0011629","16356;NA","24316;53481125","1485267;NA","ZOOGRGPOEVQQDX-UUOKFMHZSA-N","O[C@H]1[C@@H](O[C@@H]2COP(O)(=O)O[C@@H]12)N1C=NC2=C1NC(=N)N=C2O",FALSE,TRUE,NA,NA,NA
"Cyclo(d-trp-d-asp-pro-d-ile-leu)","21227_pos","Cyclo(d-trp-d-asp-pro-d-ile-leu)",0.47,5756197,NA,"Unknown","null","Cyclo(D-Trp-D-Asp-Pro-D-Ile-Leu)","","HMDB0250629","NA","21983464","NA","null","null",FALSE,TRUE,NA,NA,NA
"Cyclo(his-pro)","5327_neg","Cyclo(his-pro)",0.38,48.04,NA,"Unknown","null","Cyclo(his-pro);Mepirizole;5-(4-Carboxybutylperoxy)pentanoic acid","","HMDB0250630;HMDB0254454;HMDB0260291","NA;NA;NA","3085031;NA;90805410","NA;NA;NA","null","null",FALSE,TRUE,"Alpha amino acids and derivatives","Carboxylic acids and derivatives","Amino acids, peptides, and analogues"
"Cyclocreatine","1345_neg","Cyclocreatine",0.38,38.51,NA,"Unknown","null","Cyclocreatine","","HMDB0250642","NA","2896","NA","null","null",FALSE,TRUE,"Alpha amino acids and derivatives","Carboxylic acids and derivatives","Amino acids, peptides, and analogues"
"Cyclohexanecarboxamide","891_pos","Cyclohexanecarboxamide",0.4,330.86,NA,"Unknown","null","Cyclohexanecarboxamide;N-Cyclohexylformamide","C11519","HMDB0250651;HMDB0255105","NA;17945","14283;13017","NA;NA","null","null",FALSE,TRUE,"Primary carboxylic acid amides","Carboxylic acids and derivatives","Carboxylic acid derivatives"
"Cyclohexanone","198_pos","Cyclohexanone",0.33,44.87,"Medium-chain aldehydes","no MS2: trans-2-Hexenal; LC-ESI-QTOF; MS2; CE","C6H10O","Cyclohexanone;4-Methyl-2-pentenal;2-Hexenal;4-Methyl-3-penten-2-one, 9CI;2-Methyl-2-pentenal;4-Hexen-3-one;cis-Cyclohexene Oxide;1,4-Epoxycyclohexane;3-Methyl-1-pentyn-3-ol;Allyl ether;Hexenal","C00414;C08497;C08497","HMDB0003315;HMDB0031196;HMDB0031496;HMDB0031563;HMDB0033714;HMDB0035239;HMDB0242573;HMDB0244220;HMDB0245924;HMDB0248165;HMDB0253154","17854;NA;28913;NA;NA;NA;NA;NA;NA;NA;19591","7967;5354998;5281168;8858;12376292;5365811;9246;9234;6494;11194;5281168","NA;NA;NA;NA;NA;NA;NA;NA;NA;NA;NA","MBDOYVRWFFCFHM-SNAWJCMRSA-N","CCC\C=C\C=O",FALSE,TRUE,"Cyclic ketones","Organooxygen compounds","Carbonyl compounds"
"Cyclonite","4689_neg","Cyclonite",0.22,20.85,NA,"Unknown","null","Cyclonite","","HMDB0253161","24556","NA","NA","null","null",TRUE,TRUE,"1,3,5-triazinanes","Triazinanes","1,3,5-triazinanes"
"Cynisin","12094_neg","Cynisin",0.02,46.81,NA,"Unknown","null","Cynisin","","HMDB0250382","NA","91176","NA","null","null",FALSE,TRUE,"Germacranolides and derivatives","Prenol lipids","Terpene lactones"
"Cyproconazole","8002_neg","Cyproconazole",0.4,21.16,NA,"Unknown","null","Cyproconazole","C18456","HMDB0250696","83748","86132","NA","null","null",FALSE,TRUE,"Phenylpropanes","Benzene and substituted derivatives","Phenylpropanes"
"Cyproteron","11893_neg","Cyproteron",0.2,7.44,NA,"Unknown","null","Cyproteron","","HMDB0250698","NA","3015","NA","null","null",FALSE,TRUE,"Gluco/mineralocorticoids, progestogins and derivatives","Steroids and steroid derivatives","Pregnane steroids"
"Cystathionine ketimine","3755_neg","Cystathionine ketimine",0.42,1184.57,NA,"Unknown","null","Cystathionine ketimine","","HMDB0002015","90001","135905","NA","null","null",FALSE,TRUE,"Alpha amino acids and derivatives","Carboxylic acids and derivatives","Amino acids, peptides, and analogues"
"Cysteic acid","2252_neg","Cysteic acid",0.87,183.77,NA,"Cysteic Acid","null",NA,NA,NA,NA,NA,NA,"null","null",TRUE,TRUE,NA,NA,NA
"Cysteine thiol","1670_neg","Cysteine thiol",0.4,23.79,NA,"Unknown","null","Cysteine thiol;Sulfhydryl cysteine","","HMDB0250706;HMDB0258584","NA;NA","19350299;17766015","NA;NA","null","null",FALSE,TRUE,"Cysteine and derivatives","Carboxylic acids and derivatives","Amino acids, peptides, and analogues"
"Cysteine-s-sulfate","3649_neg","Cysteine-s-sulfate",0.87,967.44,NA,"Cysteine-S-Sulfate","null","Cysteine-S-sulfate;Sulfocysteine","C05824","HMDB0000731;HMDB0258593","27891;NA","115015;73743878","NA;NA","null","null",TRUE,TRUE,NA,NA,NA
"Cysteineglutathione disulfide","14821_pos","Cysteineglutathione disulfide",0.67,11491760,NA,"Unknown","null","Cysteineglutathione disulfide;Cysteine-glutathione disulfide;Fevipiprant","","HMDB0000656;HMDB0250707;HMDB0252238","143243;NA;NA","53477713;78301986;23582412","NA;NA;NA","null","null",TRUE,TRUE,"Oligopeptides","Carboxylic acids and derivatives","Amino acids, peptides, and analogues"
"Cysteinylglycine","2848_pos","Cysteinylglycine",0.42,26.3,"Dipeptides","no MS2: Cysteinylglycine; LC-ESI-QTOF; MS2; CE","C5H10N2O3S","Cysteinylglycine;S-Nitrosopenicillamine;2-[[(2S)-2-Amino-3-sulfanylpropanoyl]amino]acetic acid","C01419","HMDB0000078;HMDB0257420;HMDB0257594","4047;NA;NA","439498;9794033;25244227","1445980;NA;NA","ZUKPVRWZDMRIEO-VKHMYHEASA-N","N[C@@H](CS)C(O)=NCC(O)=O",FALSE,TRUE,"Dipeptides","Carboxylic acids and derivatives","Amino acids, peptides, and analogues"
"Cytidine","5739_neg","Cytidine",0.51,212.46,"Pyrimidine nucleosides","no MS2: Cytidine; LC-ESI-ITFT; MS2; m/z","C9H13N3O5","Cytidine;2-Propylthiazolo[4,5-c]quinolin-4-amine;Arabinofuranosylcytosine;4-Amino-5-hydroxy-1-[(2R,5R)-4-hydroxy-5-(hydroxymethyl)oxolan-2-yl]pyrimidin-2-one","C00475","HMDB0000089;HMDB0245307;HMDB0248553;HMDB0258026","17562;NA;NA;NA","6175;10198719;596;124029","35089;NA;NA;NA","UHDGCWIWMRVCDJ-XVFCMESISA-N","OC[C@H]1O[C@H]([C@H](O)[C@@H]1O)N1C=CC(=N)N=C1O",TRUE,TRUE,"Pyrimidine nucleosides","Pyrimidine nucleosides",NA
"Cytidine monophosphate","9520_neg","Cytidine monophosphate",0.22,9.39,NA,"Cytidine Monophosphate","null","Cytidine monophosphate;""Cytidine 3'-monophosphate"";""Cytosine arabinose-5'-phosphate""","C00055;C05822","HMDB0000095;HMDB0240312;HMDB0243501","17361;53013;NA","6131;66535;314","33689;NA;NA","null","null",FALSE,TRUE,"Pyrimidine ribonucleoside monophosphates","Pyrimidine nucleotides","Pyrimidine ribonucleotides"
"Cytosine","381_neg","Cytosine",0.49,246.83,NA,"Unknown","null","Cytosine;1H-Imidazole-4-carboxamide;3-Aminopyrazin-2-ol;Imexon","C00380","HMDB0000630;HMDB0244880;HMDB0245823;HMDB0253411","16040;NA;NA;NA","597;152917;319470;68791","34812;NA;NA;NA","null","null",FALSE,TRUE,"Pyrimidones","Diazines","Pyrimidines and pyrimidine derivatives"
"Cytosine phosphate","3905_pos","Cytosine phosphate",0.71,12.87,NA,"Unknown","null","Cytosine phosphate","","HMDB0250726","NA","129629266","NA","null","null",TRUE,TRUE,"Pyrimidones","Diazines","Pyrimidines and pyrimidine derivatives"
"Cytosine-5-carboxylic acid","1876_pos","Cytosine-5-carboxylic acid",0.71,220.27,NA,"Unknown","null","Cytosine-5-carboxylic acid","","HMDB0246202","76793","77213","NA","null","null",TRUE,TRUE,"Pyrimidinecarboxylic acids","Diazines","Pyrimidines and pyrimidine derivatives"
"D,l-buthionine","3380_pos","D,l-buthionine",0.49,20.88,NA,"Unknown","null","D,L-Buthionine;Thiostatin","","HMDB0250809;HMDB0259033","NA;NA","2724716;NA","NA;NA","null","null",FALSE,TRUE,NA,NA,NA
"D-alanyl-d-alanine","2118_pos","D-alanyl-d-alanine",0.87,93.11,"Dipeptides","no MS2: D-Ala-D-ala; LC-ESI-QTOF; MS2; CE","C6H12N2O3","D-Alanyl-D-alanine;Alanylalanine;(S)-Methyl 2,5-diamino-5-oxopentanoate;d-Alanyl-l-alanine;Daminozide;N-Nitroso(2-hydroxypropyl)(2-oxopropyl)amine","C00993;C10996","HMDB0003459;HMDB0028680;HMDB0243735;HMDB0244385;HMDB0250838;HMDB0253217","16576;72816;NA;NA;NA;NA","5460362;5484352;4712694;601;NA;43677","NA;NA;NA;NA;NA;NA","DEFJQIDDEAULHB-QWWZWVQMSA-N","C[C@@H](N)C(O)=N[C@H](C)C(O)=O",TRUE,TRUE,NA,NA,NA
"D-biotin d-sulfoxide","6830_pos","D-biotin d-sulfoxide",0.38,8.25,NA,"D-Biotin D-Sulfoxide","null",NA,NA,NA,NA,NA,NA,"null","null",FALSE,TRUE,NA,NA,NA
"D-erythrose 4-phosphate","3606_neg","D-erythrose 4-phosphate",0.6,21.74,"Monosaccharide phosphates","no MS2: D-Erythrose-4-phosphate; LC-ESI-QTOF; MS2; CE","C4H9O7P","D-Erythrose 4-phosphate;3,5-Dinitrocatechol","C00279","HMDB0001321;HMDB0246069","48153;NA","122357;3870203","34479;NA","NGHMDNPXVRFFGS-IUYQGCFVSA-N","O[C@H](COP(O)(O)=O)[C@@H](O)C=O",FALSE,TRUE,NA,NA,NA
"D-glucamine","2962_pos","D-glucamine",0.71,54.6,NA,"Unknown","null","D-Glucamine;2-Amino-6-methyl-2,3,6,7-tetrahydro-1H-pteridin-4-one","","HMDB0246693;HMDB0255376","NA;NA","10266;73188125","NA;NA","null","null",TRUE,TRUE,NA,NA,NA
"D-glucosamine-6-phosphate","6478_neg","D-glucosamine-6-phosphate",0.84,76522.23,NA,"D-GLUCOSAMINE 6-PHOSPHATE","null","D-Glucosamine-6-phosphate;Glycerophosphoserine","","HMDB0250754;HMDB0252850","NA;NA","4201865;453627","NA;NA","null","null",TRUE,TRUE,NA,NA,NA
"D-glucose","2726_neg","D-glucose",0.87,1337.93,NA,"D-TAGATOSE","null","D-Glucose;D-Galactose;D-Mannose;myo-Inositol;D-Fructose;Allose;L-Sorbose;Paraxanthine;Theophylline;Theobromine;alpha-D-Glucose;D-Tagatose;beta-D-Galactose;scyllo-Inositol;L-Galactose;Levoinositol;D-chiro-Inositol;allo-Inositol;(2R,3R,4R,5R)-2,3,4,5,6-Pentahydroxyhexanal;(2R,4S,5S)-1,2,4,5,6-Pentahydroxyhexan-3-one;(3R,4R,5R)-1,3,4,5,6-Pentahydroxyhexan-2-one;alpha-D-Galactofuranose;D-Fructofuranose;D-Gulose;D-Psicose;Succinylaminoimidazole","C00221;C00984;C00936;C00137;C02336;C01487;C08356;C13747;C07130;C07480;C00267;C00795;C00962;C06153;C01825;C19891;C01383;C01452;C00738","HMDB0000122;HMDB0000143;HMDB0000169;HMDB0000211;HMDB0000660;HMDB0001151;HMDB0001266;HMDB0001860;HMDB0001889;HMDB0002825;HMDB0003345;HMDB0003418;HMDB0003449;HMDB0006088;HMDB0033704;HMDB0034220;HMDB0240209;HMDB0240211;HMDB0242534;HMDB0242761;HMDB0246950;HMDB0248203;HMDB0250747;HMDB0250761;HMDB0250793;HMDB0258546","15903;28061;28729;17268;28645;37741;10295;25858;28177;28946;17925;49092;27667;10642;42905;27374;27372;22357;NA;NA;NA;NA;NA;NA;NA;NA","64689;439357;185698;NA;439709;12285879;441484;4687;2153;5429;79025;14408225;439353;NA;439583;NA;NA;NA;24749;439494;1101;12091582;716;206;3426;129675192","NA;NA;NA;33990;33835;NA;NA;NA;NA;NA;NA;NA;33945;NA;NA;NA;NA;NA;NA;NA;NA;NA;NA;NA;NA;NA","null","null",TRUE,TRUE,NA,NA,NA
"D-ribulose 5-phosphate","5118_neg","D-ribulose 5-phosphate",0.76,15.03,NA,"Ribose 5-Phosphate","null","D-Ribulose 5-phosphate;Xylulose 5-phosphate;Ribose 1-phosphate;D-Ribose 5-phosphate;7-Hydroxy-4-(trifluoromethyl)coumarin;D-Ribose 1-phosphate;Demeton-S-methyl;Phosphoribose;ribose-5-phosphate;[(3R)-3,4,5-Trihydroxy-2-oxopentyl] dihydrogen phosphate","C00199;C00231;C00620;C03736;C18655","HMDB0000618;HMDB0000868;HMDB0001489;HMDB0001548;HMDB0247257;HMDB0250796;HMDB0250995;HMDB0256491;HMDB0257215;HMDB0260227","17363;16332;16300;18189;NA;NA;38624;NA;NA;NA","439184;439190;439236;440101;NA;1074;NA;21872894;NA;615","NA;34329;34994;NA;NA;NA;NA;NA;NA;NA","null","null",TRUE,TRUE,NA,NA,NA
"D-sedoheptulose 7-phosphate","8344_pos","D-sedoheptulose 7-phosphate",0.33,5.43,NA,"Unknown","null","D-Sedoheptulose 7-phosphate;Sedoheptulose 7-phosphate","C05382;C05382","HMDB0001068;HMDB0258206","133983;NA","92042786;616","NA;NA","null","null",FALSE,TRUE,NA,NA,NA
"D-xylose","1582_neg","D-xylose",0.71,4275.58,NA,"Unknown","null","D-Xylose;D-Ribose;2-Deoxyribonic acid;D-Ribulose;L-Arabinose;L-Xylulose;D-Xylulose;L-Ribulose;Arabinofuranose;D-Arabinose;Dipropyl disulfide;2-Deoxypentonic acid;(2R,3R,4R)-2,3,4,5-Tetrahydroxypentanal;9-Deazaguanine;alpha-D-Arabinofuranose;D-Arabinopyranose;D-Threo-3-Pentulose","C00181;C00121;C00309;C02479;C00312;C00310;C00508;C06115;C08373","HMDB0000098;HMDB0000283;HMDB0000366;HMDB0000621;HMDB0000646;HMDB0000751;HMDB0001644;HMDB0003371;HMDB0012325;HMDB0029942;HMDB0031472;HMDB0059753;HMDB0242608;HMDB0247590;HMDB0248200;HMDB0250736;HMDB0250800","53455;47013;86350;17173;40886;17399;17140;16880;6178;46996;45758;89890;NA;NA;111514;NA;NA","135191;5779;11528367;12358756;439764;89810215;12358757;9920423;440921;444173;12377;13871872;854;100684;993;229;11768736","34162;33936;NA;NA;NA;NA;NA;NA;NA;NA;NA;NA;NA;NA;NA;NA;NA","null","null",TRUE,TRUE,NA,NA,NA
"Daidzein","6225_neg","Daidzein",0.58,31.35,"Flavones","no MS2: Chrysin; LC-ESI-QTOF; MS2; [M-H]-; CE","C15H10O4","Daidzein;""7,4'-Dihydroxyflavone"";7,8-Dihydroxyflavone;Rubiadin;Xanthenone-4-acetic acid","C10208;C12123;C10402","HMDB0003312;HMDB0247290;HMDB0247297;HMDB0257354;HMDB0259916","28197;29503;140464;69533;NA","5281708;5282073;NA;NA;NA","NA;NA;NA;NA;NA","RTIXKCRFFJGDFG-UHFFFAOYSA-N","OC1=CC(O)=C2C(=O)C=C(OC2=C1)C1=CC=CC=C1",TRUE,TRUE,"Isoflavones","Isoflavonoids","Isoflav-2-enes"
"Daidzein 4'-sulfate","10037_neg","Daidzein 4'-sulfate",0.22,41.45,NA,"Unknown","null","""Daidzein 4'-sulfate""","","HMDB0240698","NA","12114463","NA","null","null",FALSE,TRUE,NA,NA,NA
"Dalcetrapib","13187_pos","Dalcetrapib",0.42,598.65,NA,"Unknown","null","Dalcetrapib","","HMDB0250834","NA","NA","NA","null","null",FALSE,TRUE,"Anilides","Benzene and substituted derivatives","Anilides"
"Damnacanthal","7577_neg","Damnacanthal",0.27,20.59,NA,"Unknown","null","Damnacanthal","","HMDB0250841","NA","2948","NA","null","null",FALSE,TRUE,"Hydroxyanthraquinones","Anthracenes","Anthraquinones"
"Dansylamide","6058_neg","Dansylamide",0.27,12.5,NA,"Unknown","null","Dansylamide;serine glutamate","","HMDB0250849;HMDB0258248","NA;NA","65077;NA","NA;NA","null","null",FALSE,TRUE,"1-naphthalene sulfonic acids and derivatives","Naphthalenes","Naphthalene sulfonic acids and derivatives"
"Danusertib","16776_pos","Danusertib",0.22,285250,NA,"Unknown","null","Danusertib;Macimorelin","","HMDB0250854;HMDB0254290","NA;NA","21874004;20761479","NA;NA","null","null",FALSE,TRUE,"Phenylpiperazines","Diazinanes","Piperazines"
"Darolutamide","13030_neg","Darolutamide",0.22,8.05,NA,"Unknown","null","Darolutamide","","HMDB0255921","NA","67171868","NA","null","null",FALSE,TRUE,"Phenylpyrazoles","Azoles","Pyrazoles"
"Davallialactone","16406_pos","Davallialactone",0.16,409976.9,NA,"Unknown","null","Davallialactone","","HMDB0250883","NA","76182962","NA","null","null",FALSE,TRUE,"Catechols","Phenols","Benzenediols"
"Dcdp","12516_neg","Dcdp",0.2,770594.8,NA,"dCDP","null",NA,NA,NA,NA,NA,NA,"null","null",FALSE,TRUE,NA,NA,NA
"Dda-tetracycline","13159_neg","Dda-tetracycline",0.16,152958.2,NA,"Unknown","null","Dda-tetracycline","","HMDB0250895","NA","54684440","NA","null","null",TRUE,TRUE,"Tetracyclines","Tetracyclines",NA
"Decanoylcarnitine","9638_pos","Decanoylcarnitine",0.18,446143,NA,"Unknown","null","Decanoylcarnitine","C03299","HMDB0000651","28717","11953821","NA","null","null",FALSE,TRUE,"Acyl carnitines","Fatty acyls","Fatty acid esters"
"Declopramide","7295_pos","Declopramide",0.29,145.95,NA,"Unknown","null","Declopramide","","HMDB0250921","NA","70177","NA","null","null",FALSE,TRUE,"Aminobenzamides","Benzene and substituted derivatives","Benzoic acids and derivatives"
"Deepoxy-deoxynivalenol","7856_pos","Deepoxy-deoxynivalenol",0.18,9.91,NA,"Unknown","null","Deepoxy-deoxynivalenol;Hidroxiestilbamidina","","HMDB0250929;HMDB0259454","NA;NA","9993793;NA","NA;NA","null","null",FALSE,TRUE,"Oxepanes","Oxepanes",NA
"Deferitrin","6176_neg","Deferitrin",0.38,9.97,NA,"Unknown","null","Deferitrin","","HMDB0250934","NA","135850839","NA","null","null",TRUE,TRUE,"Alpha amino acids and derivatives","Carboxylic acids and derivatives","Amino acids, peptides, and analogues"
"Deguelin","12871_neg","Deguelin",0.02,3.53,NA,"Unknown","null","Deguelin;Pyro(l-alpha-aminoadipyl)-L-histidyl-L-thiazolidine-4-carboxamide","","HMDB0250941;HMDB0254777","NA;NA","606171;123992","NA;NA","null","null",FALSE,TRUE,"Rotenones","Isoflavonoids","Rotenoids"
"Dehydroaripiprazole","15579_pos","Dehydroaripiprazole",0.04,64.65,NA,"Unknown","null","Dehydroaripiprazole","","HMDB0250942","NA","10114519","NA","null","null",FALSE,TRUE,"Phenylpiperazines","Diazinanes","Piperazines"
"Dehydroepiandrosterone sulfate","11573_neg","Dehydroepiandrosterone sulfate",0.07,21.53,NA,"Unknown","null","Dehydroepiandrosterone sulfate;Testosterone sulfate;[(2R,5S,15S)-2,15-Dimethyl-14-oxotetracyclo[8.7.0.0^{2,7}.0^{11,15}]heptadec-7-en-5-yl]oxidanesulfonic acid","C04555","HMDB0001032;HMDB0002833;HMDB0247812","16814;84094;NA","12594;119207;5244","44038;2794968;NA","null","null",FALSE,TRUE,"Sulfated steroids","Steroids and steroid derivatives","Sulfated steroids"
"Dehydromonocrotaline","9530_neg","Dehydromonocrotaline",0.31,20.8,NA,"Unknown","null","Dehydromonocrotaline","","HMDB0250956","NA","577090","NA","null","null",FALSE,TRUE,"Pyrrolizines","Pyrrolizines",NA
"Delimotecan","21119_pos","Delimotecan",0.24,4689310,NA,"Unknown","null","Delimotecan","","HMDB0250970","NA","NA","NA","null","null",FALSE,TRUE,"Camptothecins","Camptothecins",NA
"Delpazolid","9285_pos","Delpazolid",0.02,9.08,NA,"Unknown","null","Delpazolid","","HMDB0250974","NA","71150537","NA","null","null",FALSE,TRUE,"Aniline and substituted anilines","Benzene and substituted derivatives","Aniline and substituted anilines"
"Delta-hexanolactone","463_neg","Delta-hexanolactone",0.42,57.67,NA,"2-Methyl-2-Pentenoic Acid","null","delta-Hexanolactone;Gamma-Caprolactone;2-Methyl-4-pentenoic acid;2,3-Hexanedione;3,4-Hexanedione;Dihydro-4,4-dimethyl-2(3H)-furanone;2-Propylacrylic acid;2-Methylglutaraldehyde;2,5-Hexanedione;3-Methylpentanedial;4-Oxohexanal;Allyl glycidyl ether;Cyclopentanecarboxylic acid;Ethyl methacrylate;Vinyl butyrate","","HMDB0000453;HMDB0003843;HMDB0031158;HMDB0031491;HMDB0031492;HMDB0061929;HMDB0245232;HMDB0245235;HMDB0245506;HMDB0245934;HMDB0246562;HMDB0248167;HMDB0250667;HMDB0252052;HMDB0259821","589927;85235;NA;87583;NA;NA;NA;NA;NA;NA;NA;NA;NA;NA;NA","13204;12756;549519;19707;62539;26312;5165043;101171;NA;80473;5323605;7838;18840;NA;NA","NA;NA;NA;NA;NA;NA;NA;NA;NA;NA;NA;NA;NA;NA;NA","null","null",FALSE,TRUE,NA,NA,NA
"Delta-tridecalactone","4376_pos","Delta-tridecalactone",0.42,151.12,"Delta valerolactones","no MS2: delta-Tridecalactone; LC-ESI-QTOF; MS2; [M+H]+; CE","C13H24O2",NA,NA,NA,NA,NA,NA,"RZZLMGATMUAJPX-UHFFFAOYNA-N","CCCCCCCCC1CCCC(=O)O1",FALSE,TRUE,NA,NA,NA
"Demethylasterriquinone b1","17937_pos","Demethylasterriquinone b1",0.16,436091.2,NA,"Unknown","null","Demethylasterriquinone B1;Hydroxyglimepiride;Murametide","","HMDB0250991;HMDB0253269;HMDB0254950","NA;NA;NA","NA;130939;54175099","NA;NA;NA","null","null",FALSE,TRUE,NA,NA,NA
"Dendrodoine","7106_neg","Dendrodoine",0.49,124.19,NA,"Unknown","null","Dendrodoine","","HMDB0250998","NA","126514","NA","null","null",TRUE,TRUE,"Indolecarboxylic acids and derivatives","Indoles and derivatives","Indolecarboxylic acids and derivatives"
"Denopamine","9727_pos","Denopamine",0.04,7.03,NA,"Unknown","null","Denopamine","","HMDB0250999","NA","NA","NA","null","null",FALSE,TRUE,"Dimethoxybenzenes","Benzene and substituted derivatives","Methoxybenzenes"
"Deoxyadenosine monophosphate","10315_pos","Deoxyadenosine monophosphate",0.16,12.83,NA,"Cyclic Amp","null","Deoxyadenosine monophosphate;""2'-Deoxyadenosine 3'-monophosphate"";Benzoic acid 2-(acetyloxy)-3-[(nitrooxy)methyl]phenyl ester;Cercosporamide;Nitroaspirin;NO-aspirin","C00360","HMDB0000905;HMDB0245534;HMDB0249019;HMDB0249817;HMDB0255639;HMDB0255675","17713;NA;NA;NA;NA;NA","12599;1467;90752661;10019578;119032;9818919","34735;NA;NA;NA;NA;NA","null","null",FALSE,TRUE,"Purine 2'-deoxyribonucleoside monophosphates","Purine nucleotides","Purine deoxyribonucleotides"
"Deoxycytidine","5017_pos","Deoxycytidine",0.87,339.34,NA,"DEOXYCYTIDINE","null","Deoxycytidine;Cytosine deoxyribonucleoside;2-Nitro-alpha-((1-propenyloxy)methyl)imidazole-1-ethanol","C00881","HMDB0000014;HMDB0250725;HMDB0257268","15698;NA;NA","13711;637;93380","36280;NA;NA","null","null",TRUE,TRUE,"Pyrimidine 2'-deoxyribonucleosides","Pyrimidine nucleosides","Pyrimidine 2'-deoxyribonucleosides"
"Deoxyguanine","1188_pos","Deoxyguanine",0.58,64.94,NA,"Adenine","null","Deoxyguanine","","HMDB0251006","NA","20471973","NA","null","null",FALSE,TRUE,"Purines and purine derivatives","Imidazopyrimidines","Purines and purine derivatives"
"Deoxyinosine","6155_neg","Deoxyinosine",0.42,19.66,NA,"Unknown","null","Deoxyinosine;""3'-Deoxyinosine"";Cndac;Glucose propionate;[(2R,3S,4R,5R)-3,4,5,6-Tetrahydroxy-1-oxohexan-2-yl] 2-hydroxypropanoate;Thymine dimer","C05512","HMDB0000071;HMDB0246093;HMDB0250381;HMDB0252785;HMDB0258037;HMDB0259053","28997;NA;NA;NA;NA;131824","65058;13989619;21471201;NA;NA;NA","45942;NA;NA;NA;NA;NA","null","null",FALSE,TRUE,"Purine 2'-deoxyribonucleosides","Purine nucleosides","Purine 2'-deoxyribonucleosides"
"Deoxyribose","1064_neg","Deoxyribose",0.8,332.78,NA,"Unknown","null","Deoxyribose;(R)-2,3-Dihydroxy-isovalerate;1-Aminobenzotriazole;1-Methyl-1H-purine;2,3-Dihydroxypropyl acetate;Glyceryl 2-acetate;1,4-Anhydroribitol;1H-1,2,3-Benzotriazol-4-amine;2-Deoxy-D-ribose;3h-Pteridine;5-Deoxy-D-ribose;9-methyl-9H-purine","C01801;C04272","HMDB0003224;HMDB0012141;HMDB0243821;HMDB0243922;HMDB0243948;HMDB0244105;HMDB0244194;HMDB0244866;HMDB0245099;HMDB0246273;HMDB0246776;HMDB0247603","28816;15684;NA;NA;NA;NA;NA;NA;131350;NA;NA;63091","22833604;440279;1367;21579713;33510;641349;952;87446;10786;21880558;13420529;140687","38440;NA;NA;NA;NA;NA;NA;NA;NA;NA;NA;NA","null","null",TRUE,TRUE,"Pentoses","Organooxygen compounds","Carbohydrates and carbohydrate conjugates"
"Deoxythioguanosine","7988_pos","Deoxythioguanosine",0.51,6474.56,NA,"Unknown","null","Deoxythioguanosine","","HMDB0251016","NA","NA","NA","null","null",TRUE,TRUE,"Purine 2',3'-dideoxyribonucleosides","Purine nucleosides","Purine 2',3'-dideoxyribonucleosides"
"Deoxyuridine","5013_neg","Deoxyuridine",0.87,730.32,NA,"Deoxyuridine","null","Deoxyuridine;1-((2S,4S,5R)-4-Hydroxy-5-(hydroxymethyl)tetrahydrofuran-2-yl)pyrimidine-2,4(1H,3H)-dione;1-[(2R,4R,5R)-3,4-Dihydroxy-5-(hydroxymethyl)-2-oxolanyl]-2-pyrimidinone;Antigastrin;Dioxolane-THYMINE","C00526","HMDB0000012;HMDB0245528;HMDB0246409;HMDB0248486;HMDB0251438","16450;NA;NA;NA;NA","13712;640;328839;25232;9813340","35251;NA;NA;NA;NA","null","null",TRUE,TRUE,"Pyrimidine 2'-deoxyribonucleosides","Pyrimidine nucleosides","Pyrimidine 2'-deoxyribonucleosides"
"Depropionylbezitramide","14796_neg","Depropionylbezitramide",0.02,44.85,NA,"Unknown","null","Depropionylbezitramide","","HMDB0251021","NA","NA","NA","null","null",FALSE,TRUE,"Diphenylacetonitriles","Benzene and substituted derivatives","Diphenylacetonitriles"
"Desacetyl-alacepril","11396_neg","Desacetyl-alacepril",0.22,5.4,NA,"Unknown","null","Desacetyl-alacepril;N-acetylmuramoyl-L-alanine;n-acetylmuramyl-l-alanine;TUG-891","","HMDB0251027;HMDB0255070;HMDB0255071;HMDB0259323","NA;NA;NA;NA","NA;4478045;NA;NA","NA;NA;NA;NA","null","null",FALSE,TRUE,"Peptides","Carboxylic acids and derivatives","Amino acids, peptides, and analogues"
"Desaminosulfamethazine","6676_neg","Desaminosulfamethazine",0.4,16.87,NA,"Unknown","null","Desaminosulfamethazine","","HMDB0251030","NA","188299","NA","null","null",TRUE,TRUE,"Benzenesulfonamides","Benzene and substituted derivatives","Benzenesulfonamides"
"Desbutyllumefantrine","16655_pos","Desbutyllumefantrine",0.02,479570.9,NA,"Unknown","null","Desbutyllumefantrine","","HMDB0251031","NA","69904961","NA","null","null",FALSE,TRUE,"Fluorenes","Fluorenes",NA
"Desloratadine","9392_pos","Desloratadine",0.02,28.79,NA,"Unknown","null","Desloratadine","","HMDB0015102","291342","124087","NA","null","null",FALSE,TRUE,"Benzocycloheptapyridines","Benzocycloheptapyridines",NA
"Desmethyl rizatriptan","6584_pos","Desmethyl rizatriptan",0.42,255.98,NA,"Unknown","null","Desmethyl rizatriptan","","HMDB0244626","NA","10149236","NA","null","null",FALSE,TRUE,"Tryptamines and derivatives","Indoles and derivatives","Tryptamines and derivatives"
"Dexamethasone isonicotinate","17581_pos","Dexamethasone isonicotinate",0.02,953380.5,NA,"Unknown","null","Dexamethasone isonicotinate","","HMDB0251081","NA","14475474","NA","null","null",FALSE,TRUE,"Gluco/mineralocorticoids, progestogins and derivatives","Steroids and steroid derivatives","Pregnane steroids"
"Dezinamide","6546_neg","Dezinamide",0.13,6.66,NA,"Unknown","null","Dezinamide;2-Amino-9-(4-amino-2-oxopyrimidin-1-yl)-1H-purin-6-one","","HMDB0251101;HMDB0258125","NA;NA","146291;136053577","NA;NA","null","null",TRUE,TRUE,"Trifluoromethylbenzenes","Benzene and substituted derivatives","Trifluoromethylbenzenes"
"Dg(18:2n6/0:0/18:3n6)","21155_neg","Dg(18:2n6/0:0/18:3n6)",0.82,1293770,NA,"Unknown","null","DG(18:2n6/0:0/18:3n6);DG(18:2n6/0:0/18:3n3)","","HMDB0056283;HMDB0056290","NA;NA","131801983;131801990","NA;NA","null","null",TRUE,TRUE,NA,NA,NA
"Dhlnl","8824_neg","Dhlnl",0.42,48223.63,NA,"Unknown","null","Dhlnl","","HMDB0246853","NA","73069397","NA","null","null",TRUE,TRUE,"Alpha amino acids","Carboxylic acids and derivatives","Amino acids, peptides, and analogues"
"Diacetyl benzene-1,2-dicarboxylate","6052_neg","Diacetyl benzene-1,2-dicarboxylate",0.07,4.16,NA,"Unknown","null","Diacetyl benzene-1,2-dicarboxylate","","HMDB0257835","NA","22178470","NA","null","null",FALSE,TRUE,"Tetracarboxylic acids and derivatives","Carboxylic acids and derivatives","Tetracarboxylic acids and derivatives"
"Diallyl 2,2'-oxydiethyl dicarbonate","7206_neg","Diallyl 2,2'-oxydiethyl dicarbonate",0.31,9.46,NA,"Unknown","null","""Diallyl 2,2'-oxydiethyl dicarbonate""","","HMDB0244610","NA","8879","NA","null","null",FALSE,TRUE,NA,NA,NA
"Diaminopimelic acid","3347_pos","Diaminopimelic acid",0.87,201.76,NA,"Diaminopimelic Acid","null",NA,NA,NA,NA,NA,NA,"null","null",TRUE,TRUE,"L-alpha-amino acids","Carboxylic acids and derivatives","Amino acids, peptides, and analogues"
"Diaveridine","6554_neg","Diaveridine",0.36,105.63,NA,"Unknown","null","Diaveridine","","HMDB0251144","123115","21453","NA","null","null",FALSE,TRUE,"Dimethoxybenzenes","Benzene and substituted derivatives","Methoxybenzenes"
"Dibenz(b,f)(1,4)oxazepine-10(11h)-carboxylic acid, 8-chloro-, 2-acetylhydrazide","10421_pos","Dibenz(b,f)(1,4)oxazepine-10(11h)-carboxylic acid, 8-chloro-, 2-acetylhydrazide",0.24,8.1,NA,"Unknown","null","Dibenz(b,f)(1,4)oxazepine-10(11H)-carboxylic acid, 8-chloro-, 2-acetylhydrazide;""N'-Acetyl-3-chloro-6H-benzo[b][1,4]benzoxazepine-5-carbohydrazide""","","HMDB0256187;HMDB0257530","NA;92916","29569;4336830","NA;NA","null","null",FALSE,TRUE,NA,NA,NA
"Dibenzo(b,f)thiepin-3-methanol, 5,5-dioxide","7099_neg","Dibenzo(b,f)thiepin-3-methanol, 5,5-dioxide",0.38,7.33,NA,"Unknown","null","Dibenzo(b,f)thiepin-3-methanol, 5,5-dioxide","","HMDB0259653","NA","NA","NA","null","null",FALSE,TRUE,"Dibenzothiepins","Benzothiepins","Dibenzothiepins"
"Dibenzo-p-dioxin","13782_pos","Dibenzo-p-dioxin",0.04,16.09,NA,"Unknown","null","Dibenzo-P-dioxin","","HMDB0255966","NA","53413940","NA","null","null",FALSE,TRUE,NA,NA,NA
"Dibutyryl adenosine","14003_pos","Dibutyryl adenosine",0.13,7.9,NA,"Unknown","null","Dibutyryl adenosine;""n6,2'-o-dibutyryladenosine""","","HMDB0251178;HMDB0255304","NA;NA","NA;76548755","NA;NA","null","null",FALSE,TRUE,"Purine nucleosides","Purine nucleosides",NA
"Dibutyryl cyclic 3',5'-cytidine monophosphate","15165_neg","Dibutyryl cyclic 3',5'-cytidine monophosphate",0.18,6.77,NA,"Unknown","null","""Dibutyryl cyclic 3',5'-cytidine monophosphate""","","HMDB0249394","NA","4649133","NA","null","null",FALSE,TRUE,NA,NA,NA
"Dicarbamoyl (2s)-2-aminopentanedioate","5257_neg","Dicarbamoyl (2s)-2-aminopentanedioate",0.36,27.75,NA,"Unknown","null","Dicarbamoyl (2S)-2-aminopentanedioate","","HMDB0258093","NA","87142341","NA","null","null",FALSE,TRUE,NA,NA,NA
"Dichloroisoproterenol","5925_neg","Dichloroisoproterenol",0.22,12.12,NA,"Unknown","null","Dichloroisoproterenol;Forchlorfenuron","C18604","HMDB0251197;HMDB0252436","NA;NA","5806;NA","NA;NA","null","null",FALSE,TRUE,"Dichlorobenzenes","Benzene and substituted derivatives","Halobenzenes"
"Dichlorophen","7221_pos","Dichlorophen",0.11,11.12,NA,"Unknown","null","Dichlorophen","C14292","HMDB0251200","NA","3037","NA","null","null",FALSE,TRUE,"Diphenylmethanes","Benzene and substituted derivatives","Diphenylmethanes"
"Diclofensine","9422_neg","Diclofensine",0.31,7.86,"Heteroaromatic compounds","no MS2: Dimethenamide ESA; LC-ESI-ITFT; MS2; CE","C12H19NO5S2","Diclofensine","","HMDB0251206","NA","68871","NA","YMYKMSAZEZQEER-UHFFFAOYNA-N","COCC(C)N(C(=O)CS(O)(=O)=O)C1=C(C)SC=C1C",FALSE,TRUE,"4-phenyltetrahydroisoquinolines","Tetrahydroisoquinolines","4-phenyltetrahydroisoquinolines"
"Dictyostelium","8749_neg","Dictyostelium",0.73,44.16,NA,"Unknown","null","Dictyostelium","","HMDB0251253","64598","123886","NA","null","null",TRUE,TRUE,"Alkyl-phenylketones","Organooxygen compounds","Carbonyl compounds"
"Didesethyl chloroquine","6684_neg","Didesethyl chloroquine",0.42,47.99,NA,"Unknown","null","Didesethyl Chloroquine;Boc-D-FMK","","HMDB0249267;HMDB0249331","NA;NA","122672;16760348","NA;NA","null","null",FALSE,TRUE,NA,NA,NA
"Dienestrol diacetate","11377_pos","Dienestrol diacetate",0.78,107769.6,NA,"Unknown","null","Dienestrol diacetate","","HMDB0251232","NA","6767","NA","null","null",TRUE,TRUE,"Stilbenes","Stilbenes",NA
"Diethanolamine","291_pos","Diethanolamine",0.87,1765.33,NA,"4-AMINOBUTANOATE","null","Diethanolamine;2-Amino-2-methyl-1,3-propanediol;L-Threoninol","C06772;C11260","HMDB0004437;HMDB0244975;HMDB0253919","28123;991;NA","8113;1531;5068681","NA;NA;NA","null","null",TRUE,TRUE,"1,2-aminoalcohols","Organonitrogen compounds","Amines"
"Diethyl 1,4-dihydro-2,6-dimethyl-3,5-pyridinedicarboxylate","6482_pos","Diethyl 1,4-dihydro-2,6-dimethyl-3,5-pyridinedicarboxylate",0.42,48.67,NA,"Unknown","null","Diethyl 1,4-dihydro-2,6-dimethyl-3,5-pyridinedicarboxylate;L-DOPA n-Butyl Ester","","HMDB0244409;HMDB0253881","NA;NA","70849;23274845","NA;NA","null","null",FALSE,TRUE,"Dihydropyridinecarboxylic acids and derivatives","Pyridines and derivatives","Hydropyridines"
"Diethyl sulfone","725_pos","Diethyl sulfone",0.04,602.57,NA,"Unknown","null","Diethyl sulfone","","HMDB0251241","NA","NA","NA","null","null",TRUE,TRUE,"Sulfones","Sulfonyls","Sulfones"
"Diethyl tartrate","3911_neg","Diethyl tartrate",0.42,45.09,NA,"Unknown","null","Diethyl tartrate;4,6-O-Ethylidene-alpha-D-glucose;4,6-O-Ethylidene-D-glucose","","HMDB0033584;HMDB0246614;HMDB0246615","NA;NA;NA","62333;259627;18534704","NA;NA;NA","null","null",TRUE,TRUE,"Beta hydroxy acids and derivatives","Hydroxy acids and derivatives","Beta hydroxy acids and derivatives"
"Diethylthiophosphate","2289_neg","Diethylthiophosphate",0.36,45.57,NA,"Unknown","null","Diethylthiophosphate","C06607","HMDB0001460","28006","655","NA","null","null",FALSE,TRUE,"Thiophosphate diesters","Organic thiophosphoric acids and derivatives","Thiophosphoric acid esters"
"Diflucortolone","13398_pos","Diflucortolone",0.24,24.37,NA,"Unknown","null","Diflucortolone","","HMDB0251260","NA","14445457","NA","null","null",FALSE,TRUE,"21-hydroxysteroids","Steroids and steroid derivatives","Hydroxysteroids"
"Difluprednatum","18008_pos","Difluprednatum",0.04,1351356,NA,"Unknown","null","Difluprednatum","","HMDB0251270","NA","3060","NA","null","null",FALSE,TRUE,"Gluco/mineralocorticoids, progestogins and derivatives","Steroids and steroid derivatives","Pregnane steroids"
"Difructose anhydride iii","10063_pos","Difructose anhydride iii",0.4,33.71,NA,"Unknown","null","Difructose anhydride III;Furaltadone","","HMDB0251271;HMDB0252529","NA;74803","3363160;3434","NA;NA","null","null",FALSE,TRUE,NA,NA,NA
"Diglyme","1173_pos","Diglyme",0.47,10.88,"Dialkyl ethers","no MS2: Diglyme; LC-ESI-ITFT; MS2; CE","C6H14O3","Diglyme;Trimethylolpropane","","HMDB0251284;HMDB0259243","46784;NA","8150;NA","NA;NA","SBZXBUIDTXKZTM-UHFFFAOYSA-N","COCCOCCOC",TRUE,TRUE,"Dialkyl ethers","Organooxygen compounds","Ethers"
"Dihydrobiopterin","5767_pos","Dihydrobiopterin",0.89,141.56,NA,"Unknown","null","Dihydrobiopterin;4a-Carbinolamine tetrahydrobiopterin;D-Erythro-7,8-dihydrobiopterin;9-(3,4-Dihydroxybutyl)guanine","C02953;C00268","HMDB0000038;HMDB0002215;HMDB0247294;HMDB0247573","43029;43120;64277;NA","119055;133246;252;128542","NA;NA;NA;NA","null","null",FALSE,TRUE,"Biopterins and derivatives","Pteridines and derivatives","Pterins and derivatives"
"Dihydrocaffeic acid 3-o-glucuronide","11118_neg","Dihydrocaffeic acid 3-o-glucuronide",0.36,5.94,NA,"Unknown","null","Dihydrocaffeic acid 3-O-glucuronide;6-[3-(2-carboxyethyl)-5-hydroxyphenoxy]-3,4,5-trihydroxyoxane-2-carboxylic acid;Homovanillic acid 4-glucuronide;4-(4,5-Diphenyl-1H-imidazol-2-yl)benzoyl Chloride","","HMDB0041720;HMDB0128026;HMDB0240526;HMDB0244735","NA;NA;NA;NA","49844972;NA;122372628;4072355","NA;NA;NA;NA","null","null",FALSE,TRUE,NA,NA,NA
"Dihydroferulic acid 4-o-glucuronide","11782_neg","Dihydroferulic acid 4-o-glucuronide",0.02,4.09,NA,"Unknown","null","Dihydroferulic acid 4-O-glucuronide;Dihydroisoferulic acid 3-glucuronide","","HMDB0041723;HMDB0240497","174946;NA","190069;49844034","NA;NA","null","null",FALSE,TRUE,NA,NA,NA
"Dihydroferulic acid 4-o-sulfate","7291_neg","Dihydroferulic acid 4-o-sulfate",0.36,10.84,NA,"Unknown","null","Dihydroferulic acid 4-O-sulfate;3-[4-methoxy-3-(sulfooxy)phenyl]propanoic acid;""2-Amino-2'-chloro-5-nitrobenzophenone"";2-Chloro-5-nitro-N-phenylbenzamide","C15627","HMDB0041724;HMDB0131144;HMDB0245576;HMDB0252995","174634;NA;NA;NA","187489;49844179;74830;644213","NA;NA;NA;NA","null","null",FALSE,TRUE,NA,NA,NA
"Dihydronaringenin-o-sulphate","10901_neg","Dihydronaringenin-o-sulphate",0.38,615.43,NA,"Unknown","null","Dihydronaringenin-O-sulphate;{3,5-Dichloro-4-[4-Hydroxy-3-(Propan-2-Yl)phenoxy]phenyl}acetic Acid;XIPAMIDE","","HMDB0059996;HMDB0253771;HMDB0259933","88749;NA;NA","122231132;9863447;NA","NA;NA;NA","null","null",FALSE,TRUE,NA,NA,NA
"Dihydroresveratrol 3-sulfate","8948_neg","Dihydroresveratrol 3-sulfate",0.38,36.6,NA,"Unknown","null","Dihydroresveratrol 3-sulfate;""Dihydroresveratrol 4'-sulfate""","","HMDB0240500;HMDB0240502","84038;NA","NA;122185058","NA;NA","null","null",FALSE,TRUE,"Stilbenes","Stilbenes",NA
"Dihydrothymine","839_pos","Dihydrothymine",0.89,2516.27,NA,"Imidazole-4-acetate","null","Dihydrothymine;Pyroglutamine","C00906","HMDB0000079;HMDB0062558","NA;NA","676414;11984188","NA;NA","null","null",TRUE,TRUE,"Pyrimidones","Diazines","Pyrimidines and pyrimidine derivatives"
"Dihydrouracil","458_neg","Dihydrouracil",0.67,406.04,NA,"URACIL","null","Dihydrouracil;N-Methylhydantoin;3-Cyanoalanine;Muscimol;piperazine-2,3-dione","C00429;C02565;C08311","HMDB0000076;HMDB0003646;HMDB0245844;HMDB0254955;HMDB0256573","15901;16354;132546;7035;NA","649;69217;13538;4266;NA","34956;NA;NA;NA;NA","null","null",FALSE,TRUE,"Pyrimidones","Diazines","Pyrimidines and pyrimidine derivatives"
"Dihydroxyethyldithiocarbamate","2945_pos","Dihydroxyethyldithiocarbamate",0.02,9.57,NA,"Unknown","null","Dihydroxyethyldithiocarbamate","","HMDB0251344","NA","32064","NA","null","null",TRUE,TRUE,"Alkanolamines","Organonitrogen compounds","Amines"
"Dihydrozeatin riboside","11531_pos","Dihydrozeatin riboside",0.4,18.72,"Purine nucleosides","no MS2: Dihydrozeatin riboside; LC-ESI-QQ; MS2; CE","C15H23N5O5",NA,NA,NA,NA,NA,NA,"DBVVQDGIJAUEAZ-YXYADJKSSA-N","CC(CO)CCNC1=C2N=CN([C@@H]3O[C@H](CO)[C@@H](O)[C@H]3O)C2=NC=N1",FALSE,TRUE,NA,NA,NA
"Dihyroxy-1h-indole glucuronide i","9603_neg","Dihyroxy-1h-indole glucuronide i",0.58,49.22,NA,"Unknown","null","Dihyroxy-1H-indole glucuronide I;Basimglurant;Lipo-pab;Zofenoprilat","","HMDB0059997;HMDB0248877;HMDB0254117;HMDB0260038","88744;NA;NA;NA","124202061;11438771;9818732;3086142","NA;NA;NA;NA","null","null",TRUE,TRUE,NA,NA,NA
"Diisopropanolamine","1063_pos","Diisopropanolamine",0.84,1167.01,NA,"L-Norleucine","null","Diisopropanolamine;2-(2-Hydroxypropan-2-ylamino)propan-2-ol","","HMDB0251354;HMDB0257796","143266;NA","8086;9833967","NA;NA","null","null",FALSE,TRUE,"1,2-aminoalcohols","Organonitrogen compounds","Amines"
"Diisopropylamine","251_pos","Diisopropylamine",0.4,26.51,"Monoalkylamines","no MS2: Hexylamine; LC-ESI-QTOF; MS2; CE","C6H15N","Diisopropylamine;N,N-Dimethylbutylamine","","HMDB0251358;HMDB0255261","NA;59023","7912;13563","NA;NA","BMVXCPBXGZKUPN-UHFFFAOYSA-N","CCCCCCN",FALSE,TRUE,"Dialkylamines","Organonitrogen compounds","Amines"
"Dilept","13230_pos","Dilept",0.02,20.82,NA,"Unknown","null","Dilept","","HMDB0251364","NA","56694129","NA","null","null",FALSE,TRUE,"Peptides","Carboxylic acids and derivatives","Amino acids, peptides, and analogues"
"Dimboa-glc","12454_pos","Dimboa-glc",0.07,6.04,NA,"Unknown","null","DIMBOA-Glc","","HMDB0029710","168617","4480305","NA","null","null",FALSE,TRUE,NA,NA,NA
"Dimethoate","5051_neg","Dimethoate",0.42,18.89,NA,"Unknown","null","Dimethoate;Picric acid","C14326","HMDB0251379;HMDB0256536","34714;46149","3082;NA","NA;NA","null","null",TRUE,TRUE,"Dithiophosphate O-esters","Organic dithiophosphoric acids and derivatives","Dithiophosphate O-esters"
"Dimethyl 2,3-bis(sulfanyl)butanedioate","4234_pos","Dimethyl 2,3-bis(sulfanyl)butanedioate",0.31,38.36,NA,"Unknown","null","Dimethyl 2,3-bis(sulfanyl)butanedioate","","HMDB0245398","NA","3036650","NA","null","null",FALSE,TRUE,"Fatty acid esters","Fatty acyls","Fatty acid esters"
"Dimethyl suberimidate","3803_pos","Dimethyl suberimidate",0.53,994.41,NA,"Unknown","null","Dimethyl suberimidate","","HMDB0251407","NA","NA","NA","null","null",TRUE,TRUE,"Imidoesters","Carboximidic acids and derivatives","Imidoesters"
"Dimethyl sulfone","86_neg","Dimethyl sulfone",0.42,262.48,NA,"Unknown","null","Dimethyl sulfone","C11142","HMDB0004983","9349","6213","NA","null","null",FALSE,TRUE,"Sulfones","Sulfonyls","Sulfones"
"Dimethylarsinic acid","1256_pos","Dimethylarsinic acid",0.38,22.34,NA,"Unknown","null","Dimethylarsinic acid","C07308","HMDB0011625","48765","2513","NA","null","null",FALSE,TRUE,"Pentaorganoarsanes","Organometalloid compounds","Organoarsenic compounds"
"Dimethylcurcumin","13473_pos","Dimethylcurcumin",0.36,8.06,NA,"Unknown","null","Dimethylcurcumin;Cudratricusxanthone A","","HMDB0248645;HMDB0250587","NA;65686","468137;11153672","NA;NA","null","null",FALSE,TRUE,"Curcuminoids","Diarylheptanoids","Linear diarylheptanoids"
"Dimethylglycine","257_neg","Dimethylglycine",0.84,36.14,NA,"2-AMINO-2-METHYLPROPANOATE","null","Dimethylglycine;gamma-Aminobutyric acid;L-alpha-Aminobutyric acid;D-alpha-Aminobutyric acid;2-Aminoisobutyric acid;(S)-beta-Aminoisobutyric acid;(R)-beta-Aminoisobutyric acid;3-Aminoisobutanoic acid;3-Aminobutanoic acid;N-Methylalanine;Propanamide, 2-hydroxy-2-methyl-;alpha-Aminobutyric acid;1-Amino-4-hydroxybutan-2-one;Ethyl glycinate;Isobutyl nitrite;N-Methyl-DL-alanine","C01026;C00334;C02356;C02261;C03665;C03284;C01205;C05145;C02721","HMDB0000092;HMDB0000112;HMDB0000452;HMDB0000650;HMDB0001906;HMDB0002166;HMDB0002299;HMDB0003911;HMDB0031654;HMDB0094692;HMDB0244529;HMDB0245013;HMDB0247545;HMDB0252025;HMDB0253612;HMDB0255173","17724;16865;35619;28797;27971;33094;16320;27389;37081;17519;NA;35621;NA;NA;46643;NA","673;119;80283;439691;6119;439434;5459822;64956;10932;5288725;83059;6657;13368156;12176;NA;4377","36652;34652;NA;NA;NA;NA;NA;41519;NA;NA;NA;NA;NA;NA;NA;NA","null","null",FALSE,TRUE,"Alpha amino acids","Carboxylic acids and derivatives","Amino acids, peptides, and analogues"
"Dimethylguanidino valeric acid","3836_pos","Dimethylguanidino valeric acid",0.89,774.61,NA,"Unknown","null","Dimethylguanidino valeric acid","","HMDB0240212","NA","101535539","NA","null","null",TRUE,TRUE,"Short-chain keto acids and derivatives","Keto acids and derivatives","Short-chain keto acids and derivatives"
"Dimethylnitramine","105_pos","Dimethylnitramine",0.07,416.27,NA,"Unknown","null","Dimethylnitramine;Methanol, (methyl-ONN-azoxy)-","","HMDB0251404;HMDB0254623","NA;NA","20120;11554","NA;NA","null","null",TRUE,TRUE,"Nitramines","Allyl-type 1,3-dipolar organic compounds","Organic nitro compounds"
"Dimethylthiophosphate","1297_neg","Dimethylthiophosphate",0.84,28.64,NA,"Unknown","null","Dimethylthiophosphate;Ethylphosphorothioic acid","","HMDB0061735;HMDB0252086","NA;NA","14207;11970524","NA;NA","null","null",TRUE,TRUE,"Thiophosphate diesters","Organic thiophosphoric acids and derivatives","Thiophosphoric acid esters"
"Dimethyltriazenoimidazole carboxamide","2996_pos","Dimethyltriazenoimidazole carboxamide",0.11,10.63,NA,"Unknown","null","Dimethyltriazenoimidazole carboxamide","","HMDB0258139","NA","136168449","NA","null","null",FALSE,TRUE,"2-heteroaryl carboxamides","Carboxylic acids and derivatives","Carboxylic acid derivatives"
"Dimetridazole","1275_neg","Dimetridazole",0.22,26.73,NA,"Unknown","null","Dimetridazole;hydroxymethylcytosine","","HMDB0251409;HMDB0253278","141155;NA","NA;21989274","NA;NA","null","null",FALSE,TRUE,"Nitroimidazoles","Azoles","Imidazoles"
"Dimp","9934_neg","Dimp",0.11,8.19,NA,"Dimp","null",NA,NA,NA,NA,NA,NA,"null","null",FALSE,TRUE,NA,NA,NA
"Diniconazole","10106_pos","Diniconazole",0.13,13.88,NA,"Unknown","null","Diniconazole","","HMDB0251416","NA","91738","NA","null","null",FALSE,TRUE,"Cinnamyl alcohols","Cinnamyl alcohols",NA
"Dinoseb","5600_neg","Dinoseb",0.13,33.19,"Dinitrophenols","no MS2: Dinoseb; LC-ESI-ITFT; MS2; CE","C10H12N2O5",NA,NA,NA,NA,NA,NA,"OWZPCEFYPSAJFR-UHFFFAOYNA-N","CCC(C)C1=C(O)C(=CC(=C1)N(=O)=O)N(=O)=O",FALSE,TRUE,NA,NA,NA
"Dioncophylline a","12638_pos","Dioncophylline a",0.04,705851.6,NA,"Unknown","null","Dioncophylline A;Etoperidone","","HMDB0251430;HMDB0252114","NA;NA","3095;40589","NA;NA","null","null",FALSE,TRUE,NA,NA,NA
"Dioxidine","4699_neg","Dioxidine",0.33,78.48,NA,"Unknown","null","Dioxidine","","HMDB0251436","NA","28467","NA","null","null",FALSE,TRUE,"Quinoxalines","Diazanaphthalenes","Benzodiazines"
"Diphenol glucuronide","7757_neg","Diphenol glucuronide",0.42,17.06,NA,"Unknown","null","Diphenol glucuronide;Catechol glucuronide;Quinol glucuronide","","HMDB0059998;HMDB0240490;HMDB0259508","88743;133689;NA","124202060;75124209;18938462","NA;NA;NA","null","null",FALSE,TRUE,"Phenolic glycosides","Organooxygen compounds","Carbohydrates and carbohydrate conjugates"
"Diphenyl phosphate","6305_pos","Diphenyl phosphate",0.2,12.01,NA,"Unknown","null","Diphenyl phosphate","","HMDB0251449","NA","13282","NA","null","null",FALSE,TRUE,"Aryl phosphodiesters","Organic phosphoric acids and derivatives","Phosphate esters"
"Diphenyl(2,4,6-trimethylbenzoyl)phosphine oxide","10665_neg","Diphenyl(2,4,6-trimethylbenzoyl)phosphine oxide",0.51,10.14,NA,"Unknown","null","Diphenyl(2,4,6-trimethylbenzoyl)phosphine oxide","","HMDB0247372","NA","NA","NA","null","null",TRUE,TRUE,"Benzoic acids and derivatives","Benzene and substituted derivatives","Benzoic acids and derivatives"
"Distearoyl phosphatidylglycerol","23799_pos","Distearoyl phosphatidylglycerol",0.16,2286058,NA,"Unknown","null","Distearoyl phosphatidylglycerol","","HMDB0251484","61056","65145","NA","null","null",FALSE,TRUE,"Phosphatidylglycerols","Lipids and lipid-like molecules","Glycerophospholipids"
"Disuccinimido dithiobispropionate","13304_neg","Disuccinimido dithiobispropionate",0.02,2.68,NA,"Unknown","null","Disuccinimido dithiobispropionate;Dithio bis(succinimidyl propionate)","","HMDB0246983;HMDB0257986","NA;NA","93313;87682079","NA;NA","null","null",FALSE,TRUE,"Dicarboxylic acids and derivatives","Carboxylic acids and derivatives","Dicarboxylic acids and derivatives"
"Dityrosine","11883_pos","Dityrosine",0.02,170185.3,NA,"Unknown","null","Dityrosine;""2,2'-Bityrosine"";Eddha;LL-dityrosine;5-O-Ethyl 3-O-methyl (4S)-2,6-dimethyl-4-(3-nitrophenyl)-3,4-dihydropyridine-3,5-dicarboxylate","","HMDB0006045;HMDB0245354;HMDB0251699;HMDB0254132;HMDB0260391","NA;NA;NA;50607;NA","53477799;76479645;14432;107904;54413479","NA;NA;NA;NA;NA","null","null",FALSE,TRUE,"Lignans, neolignans and related compounds",NA,NA
"Divinyl sulfone","575_neg","Divinyl sulfone",0.09,4.09,NA,"Unknown","null","Divinyl sulfone","","HMDB0251500","53729","NA","NA","null","null",FALSE,TRUE,"Sulfones","Sulfonyls","Sulfones"
"Dl-2-aminooctanoic acid","2069_pos","Dl-2-aminooctanoic acid",0.87,4558.46,NA,"Unknown","null","DL-2-Aminooctanoic acid;Aminovaleric acid betaine;2-Ethyl-3-hydroxy-2,4,4-trimethyloxazolidine;3-(Aminomethyl)-5-methylhexanoic acid;8-Aminooctanoic acid","","HMDB0000991;HMDB0240732;HMDB0245114;HMDB0245784;HMDB0247418","75145;145234;NA;NA;143265","69522;14274897;125626;4715169;66085","NA;NA;NA;NA;NA","null","null",TRUE,TRUE,NA,NA,NA
"Dl-homocysteic acid","2834_neg","Dl-homocysteic acid",0.42,1241.06,NA,"Unknown","null","DL-Homocysteic acid","","HMDB0251520","90324","92117","NA","null","null",FALSE,TRUE,NA,NA,NA
"Docosahexaenoic acid","9759_neg","Docosahexaenoic acid",0.87,2641.9,NA,"Unknown","null","Docosahexaenoic acid;Docosahexaenoicacid(DHA);9-cis Retinol Acetate;(4E,7E,10Z,13E,16E,19E)-Docosa-4,7,10,13,16,19-hexaenoic acid;Promestrienum","C06429","HMDB0002183;HMDB0244316;HMDB0247587;HMDB0251558;HMDB0256803","28125;NA;94695;NA;NA","445580;175542;5057;3144;22179320","1586190;NA;NA;NA;NA","null","null",TRUE,TRUE,"Very long-chain fatty acids","Fatty acyls","Fatty acids and conjugates"
"Dodecanedioic acid","5154_neg","Dodecanedioic acid",0.11,38.55,NA,"Unknown","null","Dodecanedioic acid;Dibutyl succinate","C02678;C19143","HMDB0000623;HMDB0251173","4676;NA","12736;8830","NA;NA","null","null",FALSE,TRUE,"Medium-chain fatty acids","Fatty acyls","Fatty acids and conjugates"
"Dodecanedioylcarnitine","12476_pos","Dodecanedioylcarnitine",0.4,69.96,NA,"Unknown","null","Dodecanedioylcarnitine","","HMDB0013327","NA","53481673","NA","null","null",FALSE,TRUE,"Tricarboxylic acids and derivatives","Carboxylic acids and derivatives","Tricarboxylic acids and derivatives"
"Dopamine 4-sulfate","5254_neg","Dopamine 4-sulfate",0.02,1.13,NA,"Unknown","null","Dopamine 4-sulfate;Dopamine 3-O-sulfate;Sulbactam","C13691;C13690","HMDB0004148;HMDB0006275;HMDB0258566","34729;37946;NA","123932;122136;5316","NA;2320809;NA","null","null",FALSE,TRUE,"Phenylsulfates","Organic sulfuric acids and derivatives","Arylsulfates"
"Dopamine glucuronide","10322_pos","Dopamine glucuronide",0.4,6.4,NA,"Unknown","null","Dopamine glucuronide;5-(Acetoxymethyl)-2-methyl-5,6,7,7a-tetrahydro-3ah-pyrano[3,2-d]oxazole-6,7-diyl diacetate","","HMDB0010329;HMDB0246724","88776;NA","3082490;539089","NA;NA","null","null",FALSE,TRUE,"Phenolic glycosides","Organooxygen compounds","Carbohydrates and carbohydrate conjugates"
"Doranidazole","5930_neg","Doranidazole",0.18,5.14,NA,"Unknown","null","Doranidazole","","HMDB0251588","NA","9881360","NA","null","null",FALSE,TRUE,"Nitroaromatic compounds","Allyl-type 1,3-dipolar organic compounds","Organic nitro compounds"
"Dorzagliatin","16323_pos","Dorzagliatin",0.07,9.55,NA,"Unknown","null","Dorzagliatin","","HMDB0251591","NA","76641559","NA","null","null",FALSE,TRUE,"Leucine and derivatives","Carboxylic acids and derivatives","Amino acids, peptides, and analogues"
"Dothiepin sulfoxide","9002_neg","Dothiepin sulfoxide",0.53,152.33,NA,"Unknown","null","Dothiepin sulfoxide","","HMDB0251596","NA","12951","NA","null","null",TRUE,TRUE,"Dibenzothiepins","Benzothiepins","Dibenzothiepins"
"Eberconazole","10270_pos","Eberconazole",0.56,9109.81,NA,"Unknown","null","Eberconazole","","HMDB0251676","83584","72051","NA","null","null",FALSE,TRUE,"Dibenzocycloheptenes","Dibenzocycloheptenes",NA
"Ecadotril","12434_neg","Ecadotril",0.33,8.9,NA,"Unknown","null","Ecadotril","","HMDB0251682","NA","107751","NA","null","null",FALSE,TRUE,"N-acyl-alpha amino acids and derivatives","Carboxylic acids and derivatives","Amino acids, peptides, and analogues"
"Ecgonine methyl ester","3578_neg","Ecgonine methyl ester",0.87,6487.32,NA,"Unknown","null","Ecgonine methyl ester;2-octenoylglycine;3-octenoylglycine;4-octenoylglycine;5-octenoylglycine;6-octenoylglycine;7-octenoylglycine","C12448","HMDB0006406;HMDB0094801;HMDB0094802;HMDB0094803;HMDB0094804;HMDB0094805;HMDB0094806","708640;NA;NA;NA;NA;NA;NA","443844;NA;NA;NA;NA;NA;88224963","2267774;NA;NA;NA;NA;NA;NA","null","null",TRUE,TRUE,"Tropane alkaloids","Tropane alkaloids",NA
"Eckol","11765_neg","Eckol",0.22,6.39,NA,"Unknown","null","Eckol","","HMDB0251692","65819","145937","NA","null","null",FALSE,TRUE,"Tannins","Tannins",NA
"Elastase inhibitor iii","17779_pos","Elastase inhibitor iii",0.07,17.27,NA,"Unknown","null","Elastase Inhibitor III","","HMDB0251735","NA","4373","NA","null","null",FALSE,TRUE,NA,NA,NA
"Elgodipine","18181_neg","Elgodipine",0.11,132322.5,NA,"Unknown","null","Elgodipine","","HMDB0251745","NA","60701","NA","null","null",FALSE,TRUE,"Benzodioxoles","Benzodioxoles",NA
"Emate","10717_neg","Emate",0.22,15.37,NA,"Unknown","null","Emate","","HMDB0251981","NA","496313","NA","null","null",FALSE,TRUE,"Estrane steroids","Steroids and steroid derivatives","Estrane steroids"
"Enalapril","11994_neg","Enalapril",0.02,142457.6,NA,"Unknown","null","Enalapril;(2S)-1-((2S)-2-(((1R)-1-(Ethoxycarbonyl)-3-phenylpropyl)amino)propanoyl)pyrrolidine-2-carboxylic acid;Imigliptin","C06977","HMDB0014722;HMDB0249344;HMDB0253428","4784;NA;NA","40466924;3222;70975627","NA;NA;NA","null","null",FALSE,TRUE,"Dipeptides","Carboxylic acids and derivatives","Amino acids, peptides, and analogues"
"Enallylpropymal","4811_neg","Enallylpropymal",0.02,8.01,NA,"Unknown","null","Enallylpropymal;Tripropyl phosphate;VINBARBITAL","","HMDB0251785;HMDB0259269;HMDB0259808","NA;NA;NA","95636;NA;NA","NA;NA;NA","null","null",FALSE,TRUE,"Barbituric acid derivatives","Diazines","Pyrimidines and pyrimidine derivatives"
"Encaleret","18178_pos","Encaleret",0.13,657611.5,"Purine nucleosides","no MS2: Trans-Zeatin-riboside-O-glucoside; LC-ESI-ITFT; MS2; CE 12.0 eV; [M+H]+","C21H31N5O10","Encaleret","","HMDB0251787","NA","11477802","NA","MVMBTNNVZQRZQT-BPDSZQNASA-N","C\C(CO[C@@H]1O[C@H](CO)[C@@H](O)[C@H](O)[C@H]1O)=C/CNC1=C2N=CN([C@@H]3O[C@H](CO)[C@@H](O)[C@H]3O)C2=NC=N1",FALSE,TRUE,"Biphenyls and derivatives","Benzene and substituted derivatives","Biphenyls and derivatives"
"Encenicline","9374_neg","Encenicline",0.11,7.59,NA,"Unknown","null","Encenicline","","HMDB0251788","NA","66787058","NA","null","null",FALSE,TRUE,"1-benzothiophenes","Benzothiophenes","1-benzothiophenes"
"Endralazine","6943_neg","Endralazine",0.13,182690,NA,"Unknown","null","Endralazine","","HMDB0251804","NA","47608","NA","null","null",FALSE,TRUE,"Benzamides","Benzene and substituted derivatives","Benzoic acids and derivatives"
"Englitazone","10878_neg","Englitazone",0.4,6.22,NA,"Unknown","null","Englitazone","","HMDB0251808","NA","NA","NA","null","null",TRUE,TRUE,"1-benzopyrans","Benzopyrans","1-benzopyrans"
"Enhydrin","16412_pos","Enhydrin",0.22,30.67,NA,"Unknown","null","Enhydrin","","HMDB0251809","NA","494216","NA","null","null",FALSE,TRUE,"Germacranolides and derivatives","Prenol lipids","Terpene lactones"
"Enpiperate","10123_pos","Enpiperate",0.16,22906.85,NA,"Unknown","null","Enpiperate;BENALAXYL","C10929","HMDB0246198;HMDB0248940","NA;82777","77157;51369","NA;NA","null","null",FALSE,TRUE,"Diphenylmethanes","Benzene and substituted derivatives","Diphenylmethanes"
"Enterodiol","8963_pos","Enterodiol",0.02,2.49,NA,"Unknown","null","Enterodiol;2,3-Bis(3-hydroxybenzyl)butane-1,4-diol","C18166","HMDB0005056;HMDB0245380","544560;NA","115089;123725","NA;NA","null","null",FALSE,TRUE,"Dibenzylbutanediol lignans","Dibenzylbutane lignans","Dibenzylbutanediol lignans"
"Enterodiol glucuronide","16511_neg","Enterodiol glucuronide",0.18,92807.29,NA,"Unknown","null","Enterodiol glucuronide","","HMDB0240503","NA","NA","NA","null","null",FALSE,TRUE,"Stilbenes","Stilbenes",NA
"Enterolactone 3'-sulfate","12072_neg","Enterolactone 3'-sulfate",0.42,137.73,NA,"Unknown","null","""Enterolactone 3'-sulfate"";""Enterolactone 3''-sulfate""","","HMDB0240505;HMDB0240506","NA;NA","NA;NA","NA;NA","null","null",FALSE,TRUE,NA,NA,NA
"Epicatechin","8249_pos","Epicatechin",0.18,25.85,NA,"Epicatechin","null","Epicatechin;Catechin;Chloroxuron;Ferene triazine;Quinone A","C09727;C06562","HMDB0001871;HMDB0002780;HMDB0250129;HMDB0252233;HMDB0257051","90;15600;82200;NA;NA","72276;9064;16115;NA;NA","NA;NA;NA;NA;NA","null","null",FALSE,TRUE,"Catechins","Flavonoids","Flavans"
"Epilincomycin","13969_pos","Epilincomycin",0.2,9.38,"Proline and derivatives","no MS2: Lincomycin; LC-ESI-ITFT; MS2; CE","C18H34N2O6S","Epilincomycin;Fluorogestone acetate;Panduratin A","","HMDB0251851;HMDB0252379;HMDB0256110","NA;NA;NA","3928;3829279;91192388","NA;NA;NA","OJMMVQQUTAEWLP-KIDUDLJLSA-N","CCC[C@@H]1C[C@H](N(C)C1)C(O)=N[C@H]([C@@H](C)O)[C@H]1O[C@H](SC)[C@H](O)[C@@H](O)[C@H]1O",FALSE,TRUE,"Pyrimidine nucleosides","Pyrimidine nucleosides",NA
"Epinephrine","2956_pos","Epinephrine",0.87,2899.73,NA,"L-TYROSINE","null","Epinephrine;Normetanephrine;4(1H)-Pyridinone, 2-ethyl-3-hydroxy-1-(2-hydroxyethyl)-;4(1H)-Pyridinone, 3-hydroxy-1-(3-hydroxypropyl)-2-methyl-;(2S)-2-Amino-3-(4-hydroxyphenyl)propane-1,1-diol","C00788;C05589","HMDB0000068;HMDB0000819;HMDB0244490;HMDB0250502;HMDB0257983","28918;144308;NA;NA;NA","5816;1237;NA;93513;21915992","35997;46080;NA;NA;NA","null","null",TRUE,TRUE,"Catechols","Phenols","Benzenediols"
"Epinephrine sulfate","6972_pos","Epinephrine sulfate",0.49,9461.75,NA,"Unknown","null","Epinephrine sulfate;Epinephrine 3-sulfate;Epinephrine sulfoconjugate;""Cytidine, 5-chloro-2',3'-dideoxy-3'-fluoro-""","","HMDB0001876;HMDB0240733;HMDB0251857;HMDB0252181","89878;NA;NA;NA","3035453;22634790;53424615;14632484","NA;NA;NA;NA","null","null",FALSE,TRUE,"Phenylsulfates","Organic sulfuric acids and derivatives","Arylsulfates"
"Epsilon-(gamma-glutamyl)lysine","7257_neg","Epsilon-(gamma-glutamyl)lysine",0.76,102807.5,NA,"Unknown","null","epsilon-(gamma-Glutamyl)lysine;Glutamyllysine;gamma-Glutamyllysine;epsilon-(gamma-Glutamyl)-L-lysine","","HMDB0003869;HMDB0004207;HMDB0029154;HMDB0257624","88494;73521;NA;NA","7015684;7015704;65254;15768475","NA;NA;NA;NA","null","null",TRUE,TRUE,NA,NA,NA
"Equilenin","7155_pos","Equilenin",0.4,26.73,NA,"Unknown","null","Equilenin;Honokiol;Magnolol","C10630;C10651","HMDB0251896;HMDB0253212;HMDB0254305","NA;NA;NA","10597;72303;72300","NA;NA;NA","null","null",FALSE,TRUE,"Estrogens and derivatives","Steroids and steroid derivatives","Estrane steroids"
"Equilin sulfate","10662_neg","Equilin sulfate",0.2,5.43,NA,"Unknown","null","Equilin sulfate","","HMDB0251897","NA","27993","NA","null","null",FALSE,TRUE,"Sulfated steroids","Steroids and steroid derivatives","Sulfated steroids"
"Equol","5900_pos","Equol",0.76,27358.06,"Naphthopyranones","no MS2: alpha-Lapachone; LC-ESI-QTOF; MS2; [M+H]+; CE","C15H14O3","Equol;(R)-Equol;3-(3-Methylbut-2-enyl)naphthalene-1,2,4-trione;Benzyl DL-mandelate;beta-Lapachone;Dibenzyl carbonate;Dunnione;lapachol","C14131;C10367;C10337","HMDB0002209;HMDB0243678;HMDB0248907;HMDB0249071;HMDB0249138;HMDB0251167;HMDB0251639;HMDB0253978","428126;NA;NA;NA;10429;NA;4723;NA","91469;382975;44483359;13461;3885;77002;262097;3884","NA;NA;NA;NA;NA;NA;NA;NA","PJWHOPKRRBUSDH-UHFFFAOYSA-N","CC1(C)CCC2=C(O1)C(=O)C1=CC=CC=C1C2=O",TRUE,TRUE,"Isoflavanols","Isoflavonoids","Isoflavans"
"Erbon","11362_neg","Erbon",0.11,117094.2,NA,"Unknown","null","Erbon;Tetrachlorovinphos","C19072","HMDB0251901;HMDB0258874","NA;NA","NA;NA","NA;NA","null","null",TRUE,TRUE,"Phenol ethers","Phenol ethers",NA
"Erdosteine","6003_neg","Erdosteine",0.58,358.75,NA,"Unknown","null","Erdosteine","","HMDB0251904","NA","NA","NA","null","null",FALSE,TRUE,"N-acyl-alpha amino acids and derivatives","Carboxylic acids and derivatives","Amino acids, peptides, and analogues"
"Eribaxaban","17148_pos","Eribaxaban",0.04,4.77,NA,"Unknown","null","eribaxaban","","HMDB0251919","NA","57448115","NA","null","null",FALSE,TRUE,NA,NA,NA
"Erythritol","673_neg","Erythritol",0.78,414.1,NA,"ERYTHRITOL","null","Erythritol;D-Threitol","C00503;C16884","HMDB0002994;HMDB0004136","17113;48300","222285;169019","NA;NA","null","null",TRUE,TRUE,"Sugar alcohols","Organooxygen compounds","Carbohydrates and carbohydrate conjugates"
"Esaprazole","4863_neg","Esaprazole",0.04,130,NA,"Unknown","null","Esaprazole","","HMDB0251940","NA","68835","NA","null","null",TRUE,TRUE,"Alpha amino acid amides","Carboxylic acids and derivatives","Amino acids, peptides, and analogues"
"Esonarimod","7484_neg","Esonarimod",0.42,23.27,NA,"Unknown","null","Esonarimod;GHB-Gluc","","HMDB0251952;HMDB0252712","NA;NA","NA;131836336","NA;NA","null","null",TRUE,TRUE,"Alkyl-phenylketones","Organooxygen compounds","Carbonyl compounds"
"Estriol","8278_pos","Estriol",0.38,33.21,NA,"Unknown","null","Estriol;2-Hydroxyestradiol;16b-Hydroxyestradiol;1,3,5[10]-Estratriene-2,3-17 beta-triol","C05141;C05301","HMDB0000153;HMDB0000338;HMDB0000347;HMDB0244190","27974;28744;87620;NA","5756;247304;68929;9684","45207;NA;NA;NA","null","null",FALSE,TRUE,"Estrogens and derivatives","Steroids and steroid derivatives","Estrane steroids"
"Estrone","7001_neg","Estrone",0.09,91.51,NA,"Unknown","null","Estrone;Estra-1,3,5(10),7-tetraene-3,17alpha-diol;17alpha-Trenbolone;Dicumyl peroxide;Dihydrodiethylstilbestrol","C00468;C13101","HMDB0000145;HMDB0244799;HMDB0244801;HMDB0251211;HMDB0253156","17263;NA;NA;NA;NA","5870;12595;4092426;NA;3606","35059;NA;NA;NA;NA","null","null",FALSE,TRUE,"Estrogens and derivatives","Steroids and steroid derivatives","Estrane steroids"
"Etarotene","13477_pos","Etarotene",0.42,285889.8,NA,"Unknown","null","Etarotene","","HMDB0251989","NA","55753","NA","null","null",FALSE,TRUE,"Stilbenes","Stilbenes",NA
"Ethanolamine phosphate","1271_neg","Ethanolamine phosphate",0.4,53.44,NA,"ETHANOLAMINE PHOSPHATE","null",NA,NA,NA,NA,NA,NA,"null","null",FALSE,TRUE,NA,NA,NA
"Ethinyl estradiol sulfate","12587_pos","Ethinyl estradiol sulfate",0.07,7.67,NA,"Unknown","null","Ethinyl estradiol sulfate","","HMDB0252017","NA","53461774","NA","null","null",FALSE,TRUE,"Sulfated steroids","Steroids and steroid derivatives","Sulfated steroids"
"Ethofumesate","7763_neg","Ethofumesate",0.4,9.26,NA,"Xanthosine","null","Ethofumesate;1-(1-Methylindol-5-yl)-3-(3-methyl-1,2-thiazol-5-yl)urea","C18829","HMDB0252019;HMDB0257511","83768;140936","NA;NA","NA;NA","null","null",FALSE,TRUE,"Coumarans","Coumarans",NA
"Ethoprophos","5691_neg","Ethoprophos",0.24,3.89,NA,"Unknown","null","Ethoprophos","C18687","HMDB0252020","38665","3289","NA","null","null",FALSE,TRUE,"Organothiophosphorus compounds","Organothiophosphorus compounds",NA
"Ethyl (e)-3-diethoxyphosphanylsulfinyloxybut-2-enoate","8366_neg","Ethyl (e)-3-diethoxyphosphanylsulfinyloxybut-2-enoate",0.29,6.51,NA,"Unknown","null","Ethyl (E)-3-diethoxyphosphanylsulfinyloxybut-2-enoate;zaltoprofen","","HMDB0257331;HMDB0259983","NA;NA","NA;5720","NA;NA","null","null",FALSE,TRUE,NA,NA,NA
"Ethyl 3-((6-(4,5-dihydro-1h-benzo[d]azepin-3(2h)-yl)-2-(pyridin-2-yl)pyrimidin-4-yl)amino)propanoate","13923_neg","Ethyl 3-((6-(4,5-dihydro-1h-benzo[d]azepin-3(2h)-yl)-2-(pyridin-2-yl)pyrimidin-4-yl)amino)propanoate",0.02,912005.3,NA,"Unknown","null","Ethyl 3-((6-(4,5-dihydro-1H-benzo[d]azepin-3(2H)-yl)-2-(pyridin-2-yl)pyrimidin-4-yl)amino)propanoate","","HMDB0252948","NA","NA","NA","null","null",FALSE,TRUE,NA,NA,NA
"Ethyl beta-d-glucopyranoside","4159_pos","Ethyl beta-d-glucopyranoside",0.38,72.96,NA,"Unknown","null","Ethyl beta-D-glucopyranoside;3-Methyl-1-propylxanthine;7-Ethyltheophylline;Isobutylxanthine","","HMDB0029968;HMDB0245925;HMDB0247251;HMDB0253613","NA;NA;NA;NA","121667;174907;NA;18997475","NA;NA;NA;NA","null","null",FALSE,TRUE,NA,NA,NA
"Ethyl glucuronide","4704_neg","Ethyl glucuronide",0.76,54.1,NA,"Unknown","null","Ethyl glucuronide","","HMDB0010325","87248","18392195","NA","null","null",TRUE,TRUE,"O-glucuronides","Organooxygen compounds","Carbohydrates and carbohydrate conjugates"
"Ethyl lysine","2494_neg","Ethyl lysine",0.4,19.67,NA,"Unknown","null","Ethyl lysine;N-Butyl-N-(4-hydroxybutyl)nitrosamine","","HMDB0252051;HMDB0255094","NA;91275","76135158;19665","NA;NA","null","null",FALSE,TRUE,"Alpha amino acids","Carboxylic acids and derivatives","Amino acids, peptides, and analogues"
"Ethyl n2-acetyl-l-argininate","6028_pos","Ethyl n2-acetyl-l-argininate",0.58,630.91,NA,"Unknown","null","Ethyl N2-acetyl-L-argininate;Butanoyl (2S)-2-amino-5-(diaminomethylideneamino)pentanoate","","HMDB0252056;HMDB0257690","NA;NA","91795;57603463","NA;NA","null","null",FALSE,TRUE,NA,NA,NA
"Ethylenediamine tetraacetate","8043_neg","Ethylenediamine tetraacetate",0.18,44.8,NA,"Unknown","null","Ethylenediamine tetraacetate;Ethylenediaminetetraaceticacid","","HMDB0252065;HMDB0257824","NA;NA","14094985;18185437","NA;NA","null","null",FALSE,TRUE,"Tetracarboxylic acids and derivatives","Carboxylic acids and derivatives","Tetracarboxylic acids and derivatives"
"Ethylmalonic acid","997_neg","Ethylmalonic acid",0.78,375.03,NA,"Ethylmalonicacid","null","Ethylmalonic acid;Glutaric acid;Methylsuccinic acid;Dimethylmalonic acid;Monomethyl succinate;Dimethyl malonate;Pteridine;Pyrimido[5,4-d]pyrimidine;Formyl 3-hydroxybutanoate","C00489;C07581","HMDB0000622;HMDB0000661;HMDB0001844;HMDB0002001;HMDB0246492;HMDB0251386;HMDB0256912;HMDB0256979;HMDB0257659","741548;17859;91316;111517;75146;NA;27601;NA;NA","11756;743;6950476;11686;NA;7943;NA;NA;57119080","NA;NA;NA;NA;NA;NA;NA;NA;NA","null","null",FALSE,TRUE,"Branched fatty acids","Fatty acyls","Fatty acids and conjugates"
"Etodolac","8207_pos","Etodolac",0.31,10.81,"Indolyl carboxylic acids and derivatives","no MS2: Etodolac; LC-ESI-QTOF; MS2; CE","C17H21NO3",NA,NA,NA,NA,NA,NA,"NNYBQONXHNTVIJ-UHFFFAOYNA-N","CCC1=C2NC3=C(CCOC3(CC)CC(O)=O)C2=CC=C1",FALSE,TRUE,NA,NA,NA
"Etofylline clofibrate","14051_neg","Etofylline clofibrate",0.07,5.61,NA,"Unknown","null","Etofylline clofibrate","","HMDB0252112","NA","NA","NA","null","null",FALSE,TRUE,"Xanthines","Imidazopyrimidines","Purines and purine derivatives"
"Etoposide phosphate","21909_neg","Etoposide phosphate",0.13,1227373,NA,"Unknown","null","Etoposide phosphate","","HMDB0252115","NA","16760419","NA","null","null",FALSE,TRUE,"Xanthines","Imidazopyrimidines","Purines and purine derivatives"
"Etoprine","7574_neg","Etoprine",0.22,16.1,NA,"Unknown","null","Etoprine","","HMDB0252116","NA","29142","NA","null","null",FALSE,TRUE,"Dichlorobenzenes","Benzene and substituted derivatives","Halobenzenes"
"Eupatorin","11074_pos","Eupatorin",0.2,55.32,NA,"Unknown","null","Eupatorin;Nevadensin;usnic acid","C10111","HMDB0252128;HMDB0255572;HMDB0259730","136666;7545;NA","97214;160921;NA","NA;NA;NA","null","null",FALSE,TRUE,"7-O-methylated flavonoids","Flavonoids","O-methylated flavonoids"
"Famotidine","10169_neg","Famotidine",0.38,321299,NA,"Unknown","null","Famotidine","","HMDB0001919","4975","3325","NA","null","null",FALSE,TRUE,"2,4-disubstituted thiazoles","Azoles","Thiazoles"
"Fapy-adenine","1814_pos","Fapy-adenine",0.42,24.58,NA,"Unknown","null","FAPy-adenine","C06502","HMDB0004816","27983","114926","NA","null","null",FALSE,TRUE,NA,NA,NA
"Farnesyl pyrophosphate","12286_neg","Farnesyl pyrophosphate",0.2,14.1,NA,"Unknown","null","Farnesyl pyrophosphate;Diphosphoric acid,P-(3,7,11-trimethyl-2,6,10-dodecatrienyl) ester","C00448","HMDB0000961;HMDB0251465","17407;50277","445713;706","35006;NA","null","null",FALSE,TRUE,"Sesquiterpenoids","Prenol lipids","Sesquiterpenoids"
"Febuxostat","9215_neg","Febuxostat",0.44,285.9,NA,"Unknown","null","Febuxostat","","HMDB0252185","31596","134018","NA","null","null",TRUE,TRUE,"Thiazolecarboxylic acids and derivatives","Azoles","Thiazoles"
"Fenclorac","8139_pos","Fenclorac",0.22,162437.3,NA,"Unknown","null","Fenclorac;Imirestat","","HMDB0252195;HMDB0253435","NA;NA","37494;65673","NA;NA","null","null",FALSE,TRUE,"Chlorobenzenes","Benzene and substituted derivatives","Halobenzenes"
"Fenobam","7137_pos","Fenobam",0.42,46.42,NA,"Unknown","null","Fenobam;1-(3-Chlorophenyl)-3-(4-hydroxy-1-methylimidazol-2-yl)urea","","HMDB0252204;HMDB0260231","NA;NA","162834;24868342","NA;NA","null","null",FALSE,TRUE,"N-phenylureas","Benzene and substituted derivatives","N-phenylureas"
"Fenofibrate","11878_pos","Fenofibrate",0.44,42605.03,"Benzophenones","no MS2: Fenofibrate; LC-ESI-ITFT; MS2; CE","C20H21ClO4",NA,NA,NA,NA,NA,NA,"YMTINGFKWWXKFG-UHFFFAOYSA-N","CC(C)OC(=O)C(C)(C)OC1=CC=C(C=C1)C(=O)C1=CC=C(Cl)C=C1",FALSE,TRUE,NA,NA,NA
"Fenoxypen","10758_neg","Fenoxypen",0.16,10.11,NA,"Unknown","null","Fenoxypen;Penicillin X","","HMDB0252213;HMDB0256233","94454;NA","4731;NA","NA;NA","null","null",FALSE,TRUE,"Dipeptides","Carboxylic acids and derivatives","Amino acids, peptides, and analogues"
"Fenozan 50f","12303_pos","Fenozan 50f",0.38,5.46,NA,"Unknown","null","Fenozan 50F","","HMDB0252214","NA","NA","NA","null","null",FALSE,TRUE,NA,NA,NA
"Ferene","15344_neg","Ferene",0.07,119.11,NA,"Unknown","null","Ferene","","HMDB0252232","NA","133223","NA","null","null",FALSE,TRUE,"Arylsulfonic acids and derivatives","Organic sulfonic acids and derivatives","Organosulfonic acids and derivatives"
"Fertilysin","11381_neg","Fertilysin",0.2,898.73,NA,"Unknown","null","Fertilysin;Indacrinone","","HMDB0244652;HMDB0253445","90441;NA","15134;42266","NA;NA","null","null",FALSE,TRUE,"Secondary carboxylic acid amides","Carboxylic acids and derivatives","Carboxylic acid derivatives"
"Ferulic acid","3420_pos","Ferulic acid",0.29,240.42,NA,"Trans-Ferulic Acid","null","Ferulic acid;Isoferulic acid;Monoethyl phthalate;cis-Ferulic acid;Methyl 3,4-dihydroxycinnamate;Dimethyl phthalate;cis-Isoferulic acid","C01494;C10470;C11233","HMDB0000954;HMDB0000955;HMDB0002120;HMDB0240705;HMDB0246032;HMDB0251388;HMDB0259693","17620;27794;70973;76117;NA;NA;NA","445858;736186;75318;1548883;92202;8554;92126","NA;NA;NA;NA;NA;NA;NA","null","null",FALSE,TRUE,"Hydroxycinnamic acids","Cinnamic acids and derivatives","Hydroxycinnamic acids and derivatives"
"Ferulic acid 4-o-sulfate","7181_neg","Ferulic acid 4-o-sulfate",0.4,29.8,NA,"Unknown","null","Ferulic acid 4-O-sulfate;Isoferulic acid 3-sulfate;cis-Ferulic acid 4-sulfate","","HMDB0029200;HMDB0041748;HMDB0240716","133508;NA;NA","6305574;71749556;158932","NA;NA;NA","null","null",FALSE,TRUE,NA,NA,NA
"Fexinidazole","7434_neg","Fexinidazole",0.29,8.75,NA,"Unknown","null","Fexinidazole","","HMDB0252240","NA","NA","NA","null","null",TRUE,TRUE,"Nitroimidazoles","Azoles","Imidazoles"
"Fexinidazole sulfone","9427_pos","Fexinidazole sulfone",0.07,5.39,"Chlorobenzenes","no MS2: Prothioconazole-desthio; LC-ESI-ITFT; MS2; CE","C14H15Cl2N3O","Fexinidazole Sulfone","","HMDB0252241","NA","21429076","NA","HHUQPWODPBDTLI-UHFFFAOYNA-N","OC(CN1C=NC=N1)(CC1=CC=CC=C1Cl)C1(Cl)CC1",FALSE,TRUE,NA,NA,NA
"Finafloxacin","13033_neg","Finafloxacin",0.42,49.91,NA,"Unknown","null","Finafloxacin;Idalopirdine","","HMDB0252260;HMDB0253371","NA;NA","18459832;21071390","NA;NA","null","null",FALSE,TRUE,"Quinoline carboxylic acids","Quinolines and derivatives","Quinoline carboxylic acids"
"Fipronil desulfinyl","12547_neg","Fipronil desulfinyl",0.07,208268.5,"Phenylpyrazoles","no MS2: Fipronil-desulfinyl; LC-ESI-ITFT; MS2; CE","C12H4Cl2F6N4","Fipronil Desulfinyl","","HMDB0252266","83489","NA","NA","JWKXVHLIRTVXLD-UHFFFAOYSA-N","NC1=C(C(=NN1C1=C(Cl)C=C(C=C1Cl)C(F)(F)F)C#N)C(F)(F)F",FALSE,TRUE,NA,NA,NA
"Firocoxib","10144_neg","Firocoxib",0.18,6.3,NA,"Unknown","null","Firocoxib","C18363","HMDB0252268","76136","208910","NA","null","null",FALSE,TRUE,"Benzenesulfonyl compounds","Benzene and substituted derivatives","Benzenesulfonyl compounds"
"Flavin mononucleotide","16056_pos","Flavin mononucleotide",0.2,411244.6,NA,"Flavin Mononucleotide","null",NA,NA,NA,NA,NA,NA,"null","null",FALSE,TRUE,"Flavin nucleotides","Flavin nucleotides",NA
"Floctafenic acid","10473_pos","Floctafenic acid",0.16,11.16,NA,"Unknown","null","Floctafenic acid","","HMDB0252309","NA","NA","NA","null","null",FALSE,TRUE,"4-aminoquinolines","Quinolines and derivatives","Aminoquinolines and derivatives"
"Florfenicol amine","5928_neg","Florfenicol amine",0.4,9.2,NA,"Unknown","null","Florfenicol amine","","HMDB0252315","NA","13590085","NA","null","null",FALSE,TRUE,"Benzenesulfonyl compounds","Benzene and substituted derivatives","Benzenesulfonyl compounds"
"Fluazifop","10210_pos","Fluazifop",0.18,7.89,"Aryloxyphenoxypropionic acids","no MS2: Fluazifop; LC-ESI-ITFT; MS2; CE","C15H12F3NO4","Fluazifop","C18527","HMDB0252322","83598","91701","NA","YUVKUEAFAVKILW-UHFFFAOYNA-N","CC(OC1=CC=C(OC2=NC=C(C=C2)C(F)(F)F)C=C1)C(O)=O",FALSE,TRUE,"Aryloxyphenoxypropionic acids","Benzene and substituted derivatives","2-phenoxypropionic acids"
"Fluciclovine","1026_neg","Fluciclovine",0.42,275.93,NA,"Unknown","null","Fluciclovine;Carbamothioic acid, diethyl-;methyl 4-mercaptobutyrimidate;2-Amino-4-methylsulfanylbutanal","","HMDB0244302;HMDB0249607;HMDB0254569;HMDB0258128","NA;NA;NA;NA","10820564;NA;123925;13091120","NA;NA;NA;NA","null","null",FALSE,TRUE,"L-alpha-amino acids","Carboxylic acids and derivatives","Amino acids, peptides, and analogues"
"Flufenamic acid","7892_pos","Flufenamic acid",0.24,101.08,"Aminobenzoic acids","no MS2: Flufenamic acid; LC-ESI-QFT; MS2; 15; R=35000; [M+H]+","C14H10F3NO2",NA,NA,NA,NA,NA,NA,"LPEPZBJOKDYZAD-UHFFFAOYSA-N","OC(=O)C1=CC=CC=C1NC1=CC=CC(=C1)C(F)(F)F",FALSE,TRUE,"Aminobenzoic acids","Benzene and substituted derivatives","Benzoic acids and derivatives"
"Flumethasone","14131_pos","Flumethasone",0.38,64.03,NA,"Unknown","null","Flumethasone;Tafluprost acid","","HMDB0252336;HMDB0258679","NA;NA","3375;NA","NA;NA","null","null",FALSE,TRUE,"21-hydroxysteroids","Steroids and steroid derivatives","Hydroxysteroids"
"Fluocinolone","14212_pos","Fluocinolone",0.18,5.94,NA,"Unknown","null","Fluocinolone","","HMDB0252347","NA","5229907","NA","null","null",FALSE,TRUE,"21-hydroxysteroids","Steroids and steroid derivatives","Hydroxysteroids"
"Fluoranthene","3876_pos","Fluoranthene",0.04,12.57,NA,"Unknown","null","Fluoranthene","C19425","HMDB0252354","33083","9154","NA","null","null",FALSE,TRUE,"Naphthalenes","Naphthalenes",NA
"Fluorapacin","9113_neg","Fluorapacin",0.42,31.44,NA,"Unknown","null","Fluorapacin","","HMDB0247537","NA","11638228","NA","null","null",FALSE,TRUE,"Fluorobenzenes","Benzene and substituted derivatives","Halobenzenes"
"Fluorescamine","7392_neg","Fluorescamine",0.47,12.48,NA,"Unknown","null","Fluorescamine","","HMDB0252357","NA","37927","NA","null","null",TRUE,TRUE,"Benzofuranones","Benzofurans","Benzofuranones"
"Fluorescein diacetate","13866_neg","Fluorescein diacetate",0.38,11.23,NA,"Unknown","null","Fluorescein diacetate","","HMDB0252358","NA","65047","NA","null","null",FALSE,TRUE,"Xanthenes","Benzopyrans","1-benzopyrans"
"Fluorescein thiohydantoin","15638_pos","Fluorescein thiohydantoin",0.09,276091.4,NA,"Unknown","null","Fluorescein thiohydantoin","","HMDB0252361","NA","101022369","NA","null","null",FALSE,TRUE,"Xanthenes","Benzopyrans","1-benzopyrans"
"Fluorescin","10575_pos","Fluorescin",0.02,3.12,NA,"Unknown","null","Fluorescin","","HMDB0252365","42492","NA","NA","null","null",FALSE,TRUE,"Xanthenes","Benzopyrans","1-benzopyrans"
"Fluorophosphoric acid","179_neg","Fluorophosphoric acid",0.87,838.81,NA,"Unknown","null","Fluorophosphoric acid","","HMDB0252388","30210","24267","NA","null","null",TRUE,TRUE,"Non-metal phosphonates","Non-metal oxoanionic compounds","Non-metal phosphonates"
"Flupentixol","14701_neg","Flupentixol",0.29,8.26,NA,"Unknown","null","Flupentixol","","HMDB0252397","NA","NA","NA","null","null",FALSE,TRUE,"Thioxanthenes","Benzothiopyrans","1-benzothiopyrans"
"Fluprostenol","15700_neg","Fluprostenol",0.09,11.23,NA,"Unknown","null","Fluprostenol;7-[2,5-Dihydroxy-2-[3-hydroxy-4-[3-(trifluoromethyl)phenoxy]but-1-enyl]cyclopentyl]hept-5-enoic acid","","HMDB0252405;HMDB0260400","NA;NA","3391;57008713","NA;NA","null","null",FALSE,TRUE,"Prostaglandins and related compounds","Fatty acyls","Eicosanoids"
"Flurbiprofen axetil","9840_neg","Flurbiprofen axetil",0.24,32.54,NA,"Unknown","null","Flurbiprofen axetil","","HMDB0252407","NA","NA","NA","null","null",FALSE,TRUE,"Biphenyls and derivatives","Benzene and substituted derivatives","Biphenyls and derivatives"
"Fluroxypyr","6200_neg","Fluroxypyr",0.13,18.77,"Polyhalopyridines","no MS2: Fluroxypyr; LC-ESI-ITFT; MS2; CE","C7H5Cl2FN2O3",NA,NA,NA,NA,NA,NA,"MEFQWPUMEMWTJP-UHFFFAOYSA-N","NC1=C(Cl)C(F)=NC(OCC(O)=O)=C1Cl",TRUE,TRUE,NA,NA,NA
"Fluticasone","15548_pos","Fluticasone",0.18,11.07,NA,"Unknown","null","fluticasone","","HMDB0252416","NA","4659387","NA","null","null",FALSE,TRUE,NA,NA,NA
"Fluvalinate","17385_neg","Fluvalinate",0.11,882882.9,NA,"Unknown","null","Fluvalinate","C10989","HMDB0252422","5135","50516","NA","null","null",FALSE,TRUE,"Macrolides and analogues","Macrolides and analogues",NA
"Folic acid","15002_neg","Folic acid",0.04,5.51,"Glutamic acid and derivatives","no MS2: Folic acid; LC-ESI-QTOF; MS2; CE","C19H19N7O6","Folic acid;Folcidin","C00504","HMDB0000121;HMDB0247172","27470;NA","6037;3405","35180;NA","OVBPIULPVIDEAO-LBPRGKRZSA-N","OC(=O)CC[C@H](NC(=O)C1=CC=C(NCC2=NC3=C(NC(=N)N=C3O)N=C2)C=C1)C(O)=O",FALSE,TRUE,"Methoxyphenols","Phenols","Methoxyphenols"
"Formiminoglutamic acid","2677_pos","Formiminoglutamic acid",0.87,357.91,NA,"Unknown","null","Formiminoglutamic acid;N-Acetylasparagine;(2R,4R)-4-Aminopyrrolidine-2,4-dicarboxylic acid;Diethoxycarbonyldiazene;n-formimidoyl-glutamic acid","C00439","HMDB0000854;HMDB0006028;HMDB0242605;HMDB0251237;HMDB0255140","7274;NA;NA;NA;NA","439233;99715;3331970;220568;909","34986;NA;NA;NA;NA","null","null",TRUE,TRUE,"Glutamic acid and derivatives","Carboxylic acids and derivatives","Amino acids, peptides, and analogues"
"Formononetin","7240_pos","Formononetin",0.11,58.84,"4'-O-methylisoflavones","no MS2: Formononetin; LC-ESI-QTOF; MS2; CE","C16H12O4","Formononetin;8-Methylxanthen-9-one-4-acetic acid;Furobufen","C00858","HMDB0005808;HMDB0244424;HMDB0252542","18088;NA;NA","5280378;386025;38117","NA;NA;NA","HKQYGTCOTHHOMP-UHFFFAOYSA-N","COC1=CC=C(C=C1)C1=COC2=C(C=CC(O)=C2)C1=O",FALSE,TRUE,"4'-O-methylisoflavones","Isoflavonoids","O-methylated isoflavonoids"
"Formononetin 7-sulfate","10646_neg","Formononetin 7-sulfate",0.42,69.23,NA,"Unknown","null","Formononetin 7-sulfate","","HMDB0240518","NA","NA","NA","null","null",FALSE,TRUE,"4'-O-methylisoflavones","Isoflavonoids","O-methylated isoflavonoids"
"Fp-biotin","20469_pos","Fp-biotin",0.33,6290493,NA,"Unknown","null","FP-biotin","","HMDB0252476","NA","24762158","NA","null","null",FALSE,TRUE,NA,NA,NA
"Fructose 1,6-bisphosphate","10290_neg","Fructose 1,6-bisphosphate",0.42,153.6,NA,"D-Fructose 1,6-bisphosphate","null","Fructose 1,6-bisphosphate;alpha-D-Glucose 1,6-bisphosphate;1,6-Di-O-phosphono-D-fructose;Fructose-1,6-diphosphate;Di-phosphofructose;Diphosphoglucose;[(2R,3R)-2,3,5-Trihydroxy-4-oxo-6-phosphonooxyhexyl] dihydrogen phosphate","C05378;C01231","HMDB0001058;HMDB0003514;HMDB0244239;HMDB0244240;HMDB0251116;HMDB0251461;HMDB0260218","28013;18148;NA;NA;NA;NA;NA","10267;82400;3281376;NA;21872893;17875008;76111606","NA;NA;NA;NA;NA;NA;NA","null","null",FALSE,TRUE,"Hexose phosphates","Organooxygen compounds","Carbohydrates and carbohydrate conjugates"
"Fructose 6-phosphate","6536_neg","Fructose 6-phosphate",0.69,46.14,NA,"Glucose 6-Phosphate","null","Fructose 6-phosphate;myo-Inositol 1-phosphate;Galactose 1-phosphate;Mannose 6-phosphate;Glucose 6-phosphate;Glucose 1-phosphate;myo-Inositol 6-phosphate;(2,3,4,5,6-Pentahydroxycyclohexyl) dihydrogen phosphate;(2R,3R,4S,5R)-2,3,4,5-Tetrahydroxy-6-oxohexyl dihydrogen phosphate;(3S,4R)-Ketose 1-phosphate;beta-D-Fructopyranose 1-phosphate;[(2R,3R,4S,5S)-3,4,5,6-Tetrahydroxyoxan-2-yl]methyl dihydrogen phosphate;D-Glucose 2-phosphate;beta-D-Glucose 1-phosphate;Fructose 3-phosphate;Fructose-6-Phosphate (closed form)","C00085;C01177;C00446;C00275;C00092;C00103;C02965;C01002","HMDB0000124;HMDB0000213;HMDB0000645;HMDB0001078;HMDB0001401;HMDB0001586;HMDB0002985;HMDB0242486;HMDB0242558;HMDB0243608;HMDB0243977;HMDB0246205;HMDB0247860;HMDB0249121;HMDB0252488;HMDB0257695","15946;18297;17973;49728;4170;29042;64838;NA;NA;NA;NA;NA;NA;NA;NA;NA","69507;NA;123912;439198;5958;65533;NA;NA;99058;481;417447;208;4626994;466;19747140;719","33795;NA;NA;34471;36977;NA;1484840;NA;NA;NA;NA;NA;NA;NA;NA;NA","null","null",TRUE,TRUE,"Hexose phosphates","Organooxygen compounds","Carbohydrates and carbohydrate conjugates"
"Fructose citrate","11454_neg","Fructose citrate",0.29,13.8,NA,"Unknown","null","Fructose citrate;Glucose citrate;2-(3,4-Dicarboxy-3-hydroxybutanoyl)oxypropane-1,2,3-tricarboxylic acid;2-(3,4-Dicarboxy-2-hydroxybutanoyl)oxypropane-1,2,3-tricarboxylic acid","","HMDB0252489;HMDB0252775;HMDB0257792;HMDB0257858","NA;NA;NA;NA","NA;NA;17938267;18364615","NA;NA;NA;NA","null","null",FALSE,TRUE,"Tricarboxylic acids and derivatives","Carboxylic acids and derivatives","Tricarboxylic acids and derivatives"
"Fructose lactate","6901_neg","Fructose lactate",0.67,44.43,"Purine nucleosides","no MS2: Inosine; LC-ESI-ITFT; MS2; m/z","C10H12N4O5","Fructose lactate;galactose lactate","","HMDB0252491;HMDB0252580","NA;NA","NA;NA","NA;NA","UGQMRVRMYYASKQ-KQYNXXCUSA-N","OC[C@H]1O[C@H]([C@H](O)[C@@H]1O)N1C=NC2=C1N=CN=C2O",TRUE,TRUE,"Sugar acids and derivatives","Organooxygen compounds","Carbohydrates and carbohydrate conjugates"
"Fructosyl valine","7815_pos","Fructosyl valine",0.04,3.25,NA,"Unknown","null","Fructosyl valine;Fructosylvaline;N-[(2R,3R,4S,6R)-4,6-Dihydroxy-6-methyl-2-[(1R,2R)-1,2,3-trihydroxypropyl]oxan-3-yl]acetamide","","HMDB0252496;HMDB0252498;HMDB0257998","NA;NA;NA","101683884;59121301;18628323","NA;NA;NA","null","null",FALSE,TRUE,"Valine and derivatives","Carboxylic acids and derivatives","Amino acids, peptides, and analogues"
"Fumagillol","7598_neg","Fumagillol",0.42,81486.58,NA,"Unknown","null","Fumagillol","","HMDB0252515","NA","219089","NA","null","null",TRUE,TRUE,"Cyclic alcohols and derivatives","Organooxygen compounds","Alcohols and polyols"
"Fumaric acid","510_neg","Fumaric acid",0.87,719.24,NA,"FUMARATE","null","Fumaric acid;Maleic acid;1,4-Dioxane-2,5-dione;But-2-enedioic acid","C00122;C01384","HMDB0000134;HMDB0000176;HMDB0244217;HMDB0249450","18012;18300;NA;22958","444972;444266;65432;723","33938;NA;NA;NA","null","null",TRUE,TRUE,"Dicarboxylic acids and derivatives","Carboxylic acids and derivatives","Dicarboxylic acids and derivatives"
"Fumaryl acetoacetate","3613_neg","Fumaryl acetoacetate",0.33,78.71,NA,"Unknown","null","Fumaryl acetoacetate","","HMDB0252519","NA","NA","NA","null","null",TRUE,TRUE,"Tricarboxylic acids and derivatives","Carboxylic acids and derivatives","Tricarboxylic acids and derivatives"
"Furagin","7025_pos","Furagin",0.22,22.11,NA,"Unknown","null","Furagin;tri-glyceride","","HMDB0252536;HMDB0259133","131714;NA","146690;129631760","NA;NA","null","null",FALSE,TRUE,"Hydantoins","Azolidines","Imidazolidines"
"Furaptra","14688_neg","Furaptra",0.2,5.52,NA,"Unknown","null","Furaptra","","HMDB0252531","NA","NA","NA","null","null",FALSE,TRUE,"Tetracarboxylic acids and derivatives","Carboxylic acids and derivatives","Tetracarboxylic acids and derivatives"
"Furosemide","9815_neg","Furosemide",0.29,94.16,"Aminobenzenesulfonamides","no MS2: Furosemide; LC-ESI-ITFT; MS2; CE","C12H11ClN2O5S","Furosemide","C07017","HMDB0001933","47426","3440","NA","ZZUFCTLCJUWOSV-UHFFFAOYSA-N","NS(=O)(=O)C1=C(Cl)C=C(NCC2=CC=CO2)C(=C1)C(O)=O",TRUE,TRUE,"Aminobenzenesulfonamides","Benzene and substituted derivatives","Benzenesulfonamides"
"Fusarenon x","10922_neg","Fusarenon x",0.24,7.95,NA,"Unknown","null","FUSARENON X","","HMDB0252553","NA","520035","NA","null","null",TRUE,TRUE,NA,NA,NA
"Galactaric acid","4126_neg","Galactaric acid",0.8,77.8,NA,"Glucaric Acid","null","Galactaric acid;Glucaric acid","C00879;C00818","HMDB0000639;HMDB0000663","30852;16002","3037582;33037","NA;35926","null","null",TRUE,TRUE,"Glucuronic acid derivatives","Organooxygen compounds","Carbohydrates and carbohydrate conjugates"
"Galactitol","2814_neg","Galactitol",0.89,1290.75,NA,"GALACTITOL","null","Galactitol;Sorbitol;Mannitol;L-Iditol;3-Hydroxymethyl xylitol;D-Iditol","C01697;C00794;C00392;C01507","HMDB0000107;HMDB0000247;HMDB0000765;HMDB0011632;HMDB0245900;HMDB0250766","16813;17924;16899;18202;NA;NA","11850;5780;6251;5460044;25014560;453","38183;NA;NA;NA;NA;NA","null","null",TRUE,TRUE,"Sugar alcohols","Organooxygen compounds","Carbohydrates and carbohydrate conjugates"
"Galactitol, 1,2:5,6-dianhydro-, diacetate","5136_neg","Galactitol, 1,2:5,6-dianhydro-, diacetate",0.09,18.4,NA,"Unknown","null","Galactitol, 1,2:5,6-dianhydro-, diacetate","","HMDB0246021","NA","99960","NA","null","null",FALSE,TRUE,"Dicarboxylic acids and derivatives","Carboxylic acids and derivatives","Dicarboxylic acids and derivatives"
"Galactoarabinan","17699_pos","Galactoarabinan",0.33,818161.3,NA,"Unknown","null","Galactoarabinan","","HMDB0252576","NA","24847856","NA","null","null",FALSE,TRUE,"Oligosaccharides","Organooxygen compounds","Carbohydrates and carbohydrate conjugates"
"Galactonic acid","3444_neg","Galactonic acid",0.89,5213.93,NA,"Gluconic Acid","null","Galactonic acid;Gluconic acid;1,3-Dimethyluric acid;3,7-Dimethyluric acid;1,9-Dimethyluric acid;Gulonic acid;7,9-Dimethyluric acid;1,7-Dimethyluric acid;3,9-Dimethyluric acid;L-Gluconic acid","C00880;C00257;C16360;C00800;C16356;C15930","HMDB0000565;HMDB0000625;HMDB0001857;HMDB0001982;HMDB0002026;HMDB0003290;HMDB0004308;HMDB0011103;HMDB0059704;HMDB0253886","16534;33198;68447;68531;173963;87753;NA;68449;NA;NA","128869;10690;70346;83126;108712;152304;87909;91611;108713;604","NA;NA;NA;NA;NA;36035;NA;NA;NA;NA","null","null",TRUE,TRUE,"Medium-chain hydroxy acids and derivatives","Hydroxy acids and derivatives","Medium-chain hydroxy acids and derivatives"
"Galactose","3644_pos","Galactose",0.42,14.28,"Hexoses","no MS2: Galactose; LC-ESI-ITFT; MS2; HCD; CE 12 eV; [M+NH4]+","C6H12O6",NA,NA,NA,NA,NA,NA,"WQZGKKKJIJFFOK-SVZMEOIVSA-N","OC[C@H]1OC(O)[C@H](O)[C@@H](O)[C@H]1O",TRUE,TRUE,NA,NA,NA
"Galactosylhydroxylysine","10072_pos","Galactosylhydroxylysine",0.84,59984.33,NA,"Unknown","null","Galactosylhydroxylysine;(2S,5R)-2,6-Diamino-5-[(2R,3R,4S,5R,6R)-3,4,5-trihydroxy-6-(hydroxymethyl)oxan-2-yl]oxyhexanoic acid;epsilon-Deoxy-fructosyl-lysine;galactosyl hydroxylysine;D-Valacyclovir;O-Galactosyl-5-hydroxylysine","C05547","HMDB0000600;HMDB0246151;HMDB0251890;HMDB0252582;HMDB0259521;HMDB0260392","165859;NA;NA;NA;NA;NA","22833535;5118786;NA;77586265;135483437;NA","NA;NA;NA;NA;NA;NA","null","null",TRUE,TRUE,"Glycosyl-amino acids","Carboxylic acids and derivatives","Amino acids, peptides, and analogues"
"Gallic acid","2290_neg","Gallic acid",0.22,21.47,NA,"Unknown","null","Gallic acid;2,4,6-Trihydroxybenzoic acid;2,3,4-Trihydroxybenzoic acid","C01424","HMDB0005807;HMDB0029649;HMDB0059964","30778;NA;NA","370;66520;11874","NA;NA;NA","null","null",FALSE,TRUE,"Gallic acids","Benzene and substituted derivatives","Benzoic acids and derivatives"
"Gamma-butyrolactone","2_neg","Gamma-butyrolactone",0.87,604.29,NA,"Unknown","null","gamma-Butyrolactone;Diacetyl;Ethenyl acetate;2-Butyne-1,4-diol;""2,2'-Bioxirane"";Acetoacetaldehyde;Allyl formate;Cyclopropanecarboxylic acid;Butanal, 2-oxo-;METHACRYLIC ACID;Methylmalondialdehyde;Succinaldehyde","C01770;C00741;C19309;C02497;C16267;C16835","HMDB0000549;HMDB0003407;HMDB0031209;HMDB0245045;HMDB0245351;HMDB0247909;HMDB0248166;HMDB0250675;HMDB0252077;HMDB0254514;HMDB0254654;HMDB0258537","42639;16583;46916;16413;23704;NA;NA;23500;NA;25219;NA;NA","7302;650;7904;8066;NA;4686860;61278;15655;145744;NA;98735;NA","NA;NA;NA;NA;NA;NA;NA;NA;NA;NA;NA;NA","null","null",TRUE,TRUE,NA,NA,NA
"Gamma-cehc","6733_neg","Gamma-cehc",0.18,19.57,"Abscisic acids and derivatives","no MS2: (+/-)-cis,trans-abscisic acid; LC-ESI-QQ; MS2; CE","C15H20O4","gamma-CEHC;(-)-Abscisic acid","","HMDB0001931;HMDB0243505","NA;93815","15887183;287291","NA;NA","JLIDBLDQVAYHNE-YKALOCIXSA-N","C\C(\C=C\[C@@]1(O)C(C)=CC(=O)CC1(C)C)=C\C(O)=O",FALSE,TRUE,NA,NA,NA
"Gamma-glutamylalanine","4675_pos","Gamma-glutamylalanine",0.87,149.53,NA,"Unknown","null","gamma-Glutamylalanine;Alanylglutamic acid","C03740","HMDB0006248;HMDB0028686","50619;61565","440103;128841","1446127;NA","null","null",TRUE,TRUE,NA,NA,NA
"Gamma-glutamylcysteine","6056_neg","Gamma-glutamylcysteine",0.04,24.72,NA,"Unknown","null","gamma-Glutamylcysteine;Glutamylcysteine;(4S)-4-Amino-5-[(2R)-2-amino-3-sulfanylpropanoyl]oxy-5-oxopentanoic acid;(2S)-2-Amino-5-[(2R)-2-amino-3-sulfanylpropanoyl]oxy-5-oxopentanoic acid","C00669","HMDB0001049;HMDB0028816;HMDB0257667;HMDB0257907","17515;156047;NA;NA","123938;10171468;NA;NA","35655;NA;NA;NA","null","null",TRUE,TRUE,NA,NA,NA
"Gamma-glutamyldopa","10168_pos","Gamma-glutamyldopa",0.33,7.03,NA,"Unknown","null","gamma-Glutamyldopa;Ethyl 8-azido-5-methyl-6-oxo-4H-imidazo[1,5-a][1,4]benzodiazepine-3-carboxylate","","HMDB0252797;HMDB0257255","NA;NA","9973630;NA","NA;NA","null","null",FALSE,TRUE,NA,NA,NA
"Gamma-glutamylglutamic acid","7308_neg","Gamma-glutamylglutamic acid",0.87,20.34,NA,"Unknown","null","gamma-Glutamylglutamic acid;Benzo[ghi]perylene;D-gamma-Glutamyl-D-glutamic acid;Indeno[1,2,3-cd]pyrene","C05282;C14318;C19251","HMDB0011737;HMDB0249010;HMDB0250751;HMDB0253452","73705;NA;NA;NA","92865;9117;558343;9131","NA;NA;NA;NA","null","null",TRUE,TRUE,NA,NA,NA
"Gamma-glutamylglycine","3809_neg","Gamma-glutamylglycine",0.87,39.76,NA,"Unknown","null","gamma-Glutamylglycine;6-Methyl-N-(2H-tetrazol-5-yl)pyridine-2-carboxamide;6-Methyl-N-tetrazol-5-yl-2-pyridinecarboxamide;1-(4-Methyl-5-thiazolyl)-1-phenylmethylamine;TETRAMISOLE","","HMDB0011667;HMDB0247503;HMDB0249400;HMDB0258111;HMDB0258921","73845;NA;NA;NA;77278","165527;3068264;54982;9881256;NA","NA;NA;NA;NA;NA","null","null",TRUE,TRUE,NA,NA,NA
"Gamma-glutamylisoleucine","6846_pos","Gamma-glutamylisoleucine",0.87,198.98,NA,"Unknown","null","gamma-Glutamylisoleucine;gamma-Glutamylleucine;Glutamylisoleucine;Glutamylleucine;Isoleucyl-Glutamate;Leucyl-Glutamate","","HMDB0011170;HMDB0011171;HMDB0028822;HMDB0028823;HMDB0028906;HMDB0028928","68434;68433;141436;73506;NA;NA","22885096;151023;9813855;9856500;18218218;5259589","NA;NA;NA;NA;NA;NA","null","null",TRUE,TRUE,NA,NA,NA
"Gamma-glutamylmethionine","7398_neg","Gamma-glutamylmethionine",0.44,110.62,NA,"Unknown","null","gamma-Glutamylmethionine;1,2-Dihydrotanshinquinone;Dihydrotanshinone;N-gamma-Glutamylcysteine ethyl ester;Methylenetanshinquinone","","HMDB0034367;HMDB0244078;HMDB0251332;HMDB0252615;HMDB0254643","82965;NA;NA;NA;NA","7009567;105119;NA;9925620;105118","NA;NA;NA;NA;NA","null","null",TRUE,TRUE,NA,NA,NA
"Gamma-glutamylphenylalanine","8158_neg","Gamma-glutamylphenylalanine",0.4,28369.44,"Peptides","no MS2: Aspartame; LC-ESI-ITFT; MS2; CE","C14H18N2O5","gamma-Glutamylphenylalanine;Aspartame;Phenylalanylglutamic acid;Tyrosylhydroxyproline;Kelatorphan;Lidofenin","C11045","HMDB0000594;HMDB0001894;HMDB0028994;HMDB0029106;HMDB0253779;HMDB0254082","89582;2877;74712;NA;NA;NA","111299;134601;151134;69040603;10402181;42963","NA;NA;NA;NA;NA;NA","IAOZJIPTCAWIRG-UHFFFAOYNA-N","COC(=O)C(CC1=CC=CC=C1)N=C(O)C(N)CC(O)=O",TRUE,TRUE,NA,NA,NA
"Gamma-glutamylthreonine","6204_pos","Gamma-glutamylthreonine",0.62,32.91,NA,"Unknown","null","gamma-Glutamylthreonine;TETRAHYDROURIDINE","","HMDB0029159;HMDB0258911","133747;NA","53861142;NA","NA;NA","null","null",TRUE,TRUE,NA,NA,NA
"Gamma-glutamyltyrosine","9388_pos","Gamma-glutamyltyrosine",0.44,101357.3,NA,"Unknown","null","gamma-Glutamyltyrosine;Glutamyltyrosine;Tyrosyl-Glutamate;Phenylalanine glutamate","","HMDB0011741;HMDB0028831;HMDB0029104;HMDB0256433","82969;73513;NA;NA","94340;515717;19816750;NA","NA;NA;NA;NA","null","null",TRUE,TRUE,NA,NA,NA
"Gamma-glutamylvaline","5903_neg","Gamma-glutamylvaline",0.71,61.37,NA,"Unknown","null","gamma-Glutamylvaline;Aspartyl-Leucine;Glutamylvaline;Isoleucyl-Aspartate;Valylglutamic acid;Descyclopropyl Abacavir","","HMDB0011172;HMDB0028757;HMDB0028832;HMDB0028903;HMDB0029126;HMDB0251034","68848;NA;68846;NA;75011;NA","7015683;332962;6992567;14304554;7009623;357075","NA;NA;NA;NA;NA;NA","null","null",TRUE,TRUE,NA,NA,NA
"Garomefrine","6199_pos","Garomefrine",0.64,16.27,NA,"Unknown","null","Garomefrine","","HMDB0255774","NA","NA","NA","null","null",TRUE,TRUE,"Sulfanilides","Benzene and substituted derivatives","Sulfanilides"
"Gastrodin","7766_neg","Gastrodin",0.04,5.18,NA,"Unknown","null","Gastrodin","","HMDB0252648","NA","3645183","NA","null","null",FALSE,TRUE,"Phenolic glycosides","Organooxygen compounds","Carbohydrates and carbohydrate conjugates"
"Gemfibrozil 1-o-beta-glucuronide","14320_neg","Gemfibrozil 1-o-beta-glucuronide",0.42,99.86,NA,"Unknown","null","Gemfibrozil 1-O-beta-Glucuronide;Mespirenone","","HMDB0247652;HMDB0254483","NA;NA","45039339;13269064","NA;NA","null","null",FALSE,TRUE,NA,NA,NA
"Gemopatrilat","12090_neg","Gemopatrilat",0.07,14.89,NA,"Unknown","null","Gemopatrilat;ZINTEROL","","HMDB0252674;HMDB0260028","NA;NA","21715924;37990","NA;NA","null","null",FALSE,TRUE,"Dipeptides","Carboxylic acids and derivatives","Amino acids, peptides, and analogues"
"Genistein 4',7-o-diglucuronide","20992_neg","Genistein 4',7-o-diglucuronide",0.18,2815672,NA,"Unknown","null","""Genistein 4',7-O-diglucuronide""","","HMDB0041736","NA","101519310","NA","null","null",FALSE,TRUE,NA,NA,NA
"Gentisic acid","1718_neg","Gentisic acid",0.42,132.9,NA,"2,3-DIHYDROXYBENZOATE","null","Gentisic acid;2-Pyrocatechuic acid;Protocatechuic acid;2,6-Dihydroxybenzoic acid;3,5-Dihydroxybenzoic acid;2,4-Dihydroxybenzoic acid;2,4,6-trihydroxybenzaldehyde;3,4,5-Trihydroxybenzaldehyde;Terreic acid","C00628;C00196;C00230","HMDB0000152;HMDB0000397;HMDB0001856;HMDB0013676;HMDB0013677;HMDB0029666;HMDB0125090;HMDB0246043;HMDB0258836","17189;18026;36062;68465;39912;248101;NA;NA;NA","3469;19;72;9338;7424;1491;68099;83651;NA","NA;NA;NA;NA;NA;NA;NA;NA;NA","null","null",TRUE,TRUE,"Hydroxybenzoic acid derivatives","Benzene and substituted derivatives","Benzoic acids and derivatives"
"Gepirone","11838_pos","Gepirone",0.18,177405.3,NA,"Unknown","null","Gepirone;Lavoltidine","C11805","HMDB0252698;HMDB0254182","NA;6550","55191;55473","NA;NA","null","null",FALSE,TRUE,"N-arylpiperazines","Diazinanes","Piperazines"
"Gepotidacin","15750_pos","Gepotidacin",0.04,8.02,NA,"Unknown","null","Gepotidacin","","HMDB0252699","NA","77528802","NA","null","null",FALSE,TRUE,"Pyranopyridines","Pyranopyridines",NA
"Geranyl pyrophosphate ammonium*200 ug/vi al","9127_neg","Geranyl pyrophosphate ammonium*200 ug/vi al",0.42,251.42,NA,"Unknown","null","Geranyl pyrophosphate ammonium*200 UG/VI AL;7-Oxo-7h-Benzimidazo[2,1-A]benz[de]isoquinoline-3-Carboxylic Acid","","HMDB0246082;HMDB0258504","NA;NA","734;3467590","NA;NA","null","null",TRUE,TRUE,NA,NA,NA
"Ginnalin b","9213_neg","Ginnalin b",0.11,5.49,NA,"Unknown","null","Ginnalin B","","HMDB0252723","NA","75037928","NA","null","null",FALSE,TRUE,NA,NA,NA
"Girisopam","9742_neg","Girisopam",0.2,8.3,NA,"Unknown","null","Girisopam","","HMDB0252729","NA","71257","NA","null","null",FALSE,TRUE,"Benzodiazepines","Benzodiazepines",NA
"Glafenine","11779_neg","Glafenine",0.4,37.56,NA,"Unknown","null","Glafenine;QUIZALOFOP-ETHYL","C18530","HMDB0252734;HMDB0257062","31653;137937","3474;NA","NA;NA","null","null",FALSE,TRUE,"4-aminoquinolines","Quinolines and derivatives","Aminoquinolines and derivatives"
"Glimepiride","17369_pos","Glimepiride",0.02,1374729,NA,"Unknown","null","Glimepiride","C07669","HMDB0014367","5383","3476","NA","null","null",FALSE,TRUE,"Benzenesulfonamides","Benzene and substituted derivatives","Benzenesulfonamides"
"Glucaron","6439_neg","Glucaron",0.42,12.42,NA,"Unknown","null","Glucaron","","HMDB0247896","NA","1980","NA","null","null",FALSE,TRUE,"Tetracarboxylic acids and derivatives","Carboxylic acids and derivatives","Tetracarboxylic acids and derivatives"
"Glucoiberin","14184_neg","Glucoiberin",0.27,43196.37,"Alkylglucosinolates","no MS2: Glucoiberin; LC-ESI-ITFT; MS2; HCD; CE 65.0 eV; [M-H]-","C11H21NO10S3",NA,NA,NA,NA,NA,NA,"PHYYADMVYQURSX-WWFIZPDBSA-N","CS(=O)CCC\C(S[C@@H]1O[C@H](CO)[C@@H](O)[C@H](O)[C@H]1O)=N/OS(O)(=O)=O",TRUE,TRUE,NA,NA,NA
"Gluconic acid","3440_neg","Gluconic acid",0.42,123.73,NA,"Gluconic Acid","null",NA,NA,NA,NA,NA,NA,"null","null",FALSE,TRUE,"Sugar acids and derivatives","Organooxygen compounds","Carbohydrates and carbohydrate conjugates"
"Gluconolactone","2634_neg","Gluconolactone",0.47,322,NA,"Gulonolactone","null","Gluconolactone;2-Keto-3-deoxy-D-gluconic acid;L-Gulonolactone;D-Gulono-1,4-lactone;D-Gluconic acid, delta-lactone;(3R,4R,5S,6R)-3,4,5,6-Tetrahydroxyoxepan-2-one","C00198;C01216;C01040;C05410","HMDB0000150;HMDB0001353;HMDB0003466;HMDB0243497;HMDB0246042;HMDB0258054","16217;17028;17587;5571;74105;NA","7027;194024;439373;608;736;15300729","NA;NA;36677;NA;NA;NA","null","null",FALSE,TRUE,"Gluconolactones","Organooxygen compounds","Carbohydrates and carbohydrate conjugates"
"Glucosamine","2684_neg","Glucosamine",0.87,250.97,NA,"Unknown","null","Glucosamine;Fructosamine;(2R,3R,4S,5R)-2-Amino-3,4,5,6-tetrahydroxyhexanal;1-Aminoglucose;beta-D-Galactosamine;9-Ethylguanine;Fructosylamine;Tricine","C00329","HMDB0001514;HMDB0002030;HMDB0242589;HMDB0243826;HMDB0245095;HMDB0247591;HMDB0252497;HMDB0259178","47977;24103;NA;NA;NA;NA;NA;39063","439213;20484;318324;230388;739;95189;85903506;NA","34633;NA;NA;NA;NA;NA;NA;NA","null","null",TRUE,TRUE,"Hexoses","Organooxygen compounds","Carbohydrates and carbohydrate conjugates"
"Glucosamine 6-sulfate","6643_pos","Glucosamine 6-sulfate",0.73,6835.88,NA,"Glucosamine 6-Sulfate","null","Glucosamine 6-sulfate","C04132","HMDB0000592","133343","72361","NA","null","null",FALSE,TRUE,"Hexoses","Organooxygen compounds","Carbohydrates and carbohydrate conjugates"
"Glucosamine, n-carbamoyl-(6ci)","4871_pos","Glucosamine, n-carbamoyl-(6ci)",0.33,113.36,NA,"Unknown","null","Glucosamine, N-carbamoyl-(6CI);beta-D-Glucopyranosylurea;9-(1,3-Dioxolan-2-yl)purine-2,6-diamine","","HMDB0248482;HMDB0249119;HMDB0257744","NA;NA;NA","23461877;295936;21923886","NA;NA;NA","null","null",FALSE,TRUE,NA,NA,NA
"Glucose aspartate","9324_pos","Glucose aspartate",0.33,11.71,NA,"Unknown","null","Glucose aspartate","","HMDB0252772","NA","NA","NA","null","null",FALSE,TRUE,"Alpha amino acid esters","Carboxylic acids and derivatives","Amino acids, peptides, and analogues"
"Glucose chloride","4343_pos","Glucose chloride",0.42,23.23,NA,"2-Deoxy-D-Ribose 5-Phosphate","null","Glucose chloride","","HMDB0252774","NA","19939703","NA","null","null",FALSE,TRUE,"Hexoses","Organooxygen compounds","Carbohydrates and carbohydrate conjugates"
"Glucose lactate acetate","9648_neg","Glucose lactate acetate",0.44,8.44,NA,"Unknown","null","Glucose lactate acetate","","HMDB0252779","NA","NA","NA","null","null",FALSE,TRUE,"C-glycosyl compounds","Organooxygen compounds","Carbohydrates and carbohydrate conjugates"
"Glucose lactate glutamate","14248_pos","Glucose lactate glutamate",0.29,2434980,NA,"Unknown","null","Glucose lactate glutamate","","HMDB0252780","NA","NA","NA","null","null",FALSE,TRUE,"Fatty acyl glycosides of mono- and disaccharides","Fatty acyls","Fatty acyl glycosides"
"Glucose lactate lactate","11010_neg","Glucose lactate lactate",0.56,12328.8,NA,"Unknown","null","Glucose lactate lactate;Laquinimod","","HMDB0252782;HMDB0253981","NA;NA","NA;54677946","NA;NA","null","null",FALSE,TRUE,"C-glycosyl compounds","Organooxygen compounds","Carbohydrates and carbohydrate conjugates"
"Glucose lactate pyruvate","10908_neg","Glucose lactate pyruvate",0.33,10063.79,NA,"Unknown","null","Glucose lactate pyruvate;Glucose pyruvate lactate","","HMDB0252783;HMDB0252788","NA;NA","NA;NA","NA;NA","null","null",FALSE,TRUE,"C-glycosyl compounds","Organooxygen compounds","Carbohydrates and carbohydrate conjugates"
"Glucose pyruvate acetate","9561_neg","Glucose pyruvate acetate",0.33,6.17,NA,"Unknown","null","Glucose pyruvate acetate","","HMDB0252787","NA","NA","NA","null","null",TRUE,TRUE,"C-glycosyl compounds","Organooxygen compounds","Carbohydrates and carbohydrate conjugates"
"Glucosylgalactosyl hydroxylysine","16801_neg","Glucosylgalactosyl hydroxylysine",0.42,266162,NA,"Unknown","null","Glucosylgalactosyl hydroxylysine;2-O-alpha-D-Glucopyranosyl-O-beta-D-galactopyranosylhydroxylysine","","HMDB0000585;HMDB0246739","89573;NA","122304;14475365","NA;NA","null","null",TRUE,TRUE,"Fatty acyl glycosides of mono- and disaccharides","Fatty acyls","Fatty acyl glycosides"
"Glucuronic acid sulfate","7178_neg","Glucuronic acid sulfate",0.42,46.61,NA,"Unknown","null","Glucuronic acid sulfate;Iduronate 2-sulfate;(2S,3S,4S,5R)-3,4,5-Trihydroxy-6-sulfooxyoxane-2-carboxylic acid","","HMDB0252795;HMDB0253382;HMDB0258086","NA;NA;NA","129649922;21888961;NA","NA;NA;NA","null","null",FALSE,TRUE,"Glucuronic acid derivatives","Organooxygen compounds","Carbohydrates and carbohydrate conjugates"
"Glutaconic acid","935_neg","Glutaconic acid",0.93,1144.38,NA,"Itaconic Acid","null","Glutaconic acid;Citraconic acid;Itaconic acid;2-Hydroxyglutaric acid lactone;(Z)-4-Methoxy-4-oxobut-2-enoic acid;2-Methylbut-2-enedioic acid;Pentenedioic acid","C02214;C02226;C00490","HMDB0000620;HMDB0000634;HMDB0002092;HMDB0059743;HMDB0243642;HMDB0245226;HMDB0256281","15670;17626;30838;74524;NA;NA;24309","5280498;643798;811;251524;61799;874;NA","NA;NA;35130;NA;NA;NA;NA","null","null",TRUE,TRUE,"Dicarboxylic acids and derivatives","Carboxylic acids and derivatives","Dicarboxylic acids and derivatives"
"Glutaconylcarnitine","7155_neg","Glutaconylcarnitine",0.4,7.45,NA,"Unknown","null","Glutaconylcarnitine","","HMDB0013129","NA","53481620","NA","null","null",FALSE,TRUE,"Acyl carnitines","Fatty acyls","Fatty acid esters"
"Glutamate nitrogen","15903_neg","Glutamate nitrogen",0.24,144104.3,NA,"Unknown","null","Glutamate nitrogen","","HMDB0252805","NA","NA","NA","null","null",FALSE,TRUE,"Hexacarboxylic acids and derivatives","Carboxylic acids and derivatives","Hexacarboxylic acids and derivatives"
"Glutamic acid glutamate","7949_neg","Glutamic acid glutamate",0.87,35.31,NA,"Unknown","null","Glutamic acid glutamate","","HMDB0252808","NA","NA","NA","null","null",TRUE,TRUE,"Tetracarboxylic acids and derivatives","Carboxylic acids and derivatives","Tetracarboxylic acids and derivatives"
"Glutamine pyruvate","5222_neg","Glutamine pyruvate",0.47,14.93,NA,"Unknown","null","Glutamine pyruvate;Kifunensine;(2S)-5-Amino-2-[(2-carboxy-2-oxoethyl)amino]-5-oxopentanoic acid","","HMDB0252812;HMDB0253800;HMDB0257975","NA;NA;NA","129629480;3829;NA","NA;NA;NA","null","null",TRUE,TRUE,"Glutamine and derivatives","Carboxylic acids and derivatives","Amino acids, peptides, and analogues"
"Glutamine-glutamate","8001_neg","Glutamine-glutamate",0.16,5.49,NA,"Unknown","null","Glutamine-glutamate","","HMDB0252813","NA","NA","NA","null","null",FALSE,TRUE,"Glutamine and derivatives","Carboxylic acids and derivatives","Amino acids, peptides, and analogues"
"Glutaminylglutamine","7565_pos","Glutaminylglutamine",0.42,45.69,NA,"Unknown","null","Glutaminylglutamine","","HMDB0028795","73846","7010587","NA","null","null",FALSE,TRUE,"Dipeptides","Carboxylic acids and derivatives","Amino acids, peptides, and analogues"
"Glutaminylproline","5958_pos","Glutaminylproline",0.42,489.3,NA,"Unknown","null","Glutaminylproline","","HMDB0028805","NA","11736661","NA","null","null",FALSE,TRUE,"Dipeptides","Carboxylic acids and derivatives","Amino acids, peptides, and analogues"
"Glutamyl pyruvate","4605_pos","Glutamyl pyruvate",0.42,25.54,NA,"Unknown","null","Glutamyl pyruvate","","HMDB0252814","NA","19065649","NA","null","null",FALSE,TRUE,"Glutamic acid and derivatives","Carboxylic acids and derivatives","Amino acids, peptides, and analogues"
"Glutamylleucylarginine","13891_neg","Glutamylleucylarginine",0.4,1099152,NA,"Unknown","null","Glutamylleucylarginine","","HMDB0252758","NA","18220317","NA","null","null",FALSE,TRUE,"Oligopeptides","Carboxylic acids and derivatives","Amino acids, peptides, and analogues"
"Glutamyltryptophan","10008_neg","Glutamyltryptophan",0.42,31.31,NA,"Unknown","null","Glutamyltryptophan;Tryptophyl-Glutamate;gamma-Glutamyltryptophan;10-Acetoxydecarbamoylmitomycin C;Golotimod","","HMDB0028830;HMDB0029082;HMDB0029160;HMDB0248002;HMDB0252908","73512;NA;133028;NA;NA","100094;3634442;3038501;74070111;3989307","NA;NA;NA;NA;NA","null","null",TRUE,TRUE,"Peptides","Carboxylic acids and derivatives","Amino acids, peptides, and analogues"
"Glutaric anhydride","457_neg","Glutaric anhydride",0.76,159.87,NA,"Unknown","null","Glutaric anhydride;Ethane-1,1,2-tricarbaldehyde","","HMDB0252815;HMDB0257799","167482;NA","NA;22352755","NA;NA","null","null",TRUE,TRUE,"Delta valerolactones","Lactones","Delta valerolactones"
"Glutarylcarnitine","7617_pos","Glutarylcarnitine",0.87,171.21,NA,"Glutarylcarnitine","null",NA,NA,NA,NA,NA,NA,"null","null",TRUE,TRUE,"Acyl carnitines","Fatty acyls","Fatty acid esters"
"Glutarylglycine","3106_neg","Glutarylglycine",0.87,3832.21,NA,"N-Acetylglutamic Acid","null","Glutarylglycine;N-Acetyl-L-glutamic acid","C00624","HMDB0000590;HMDB0001138","NA;17533","23592950;70914","NA;NA","null","null",TRUE,TRUE,"N-acyl-alpha amino acids","Carboxylic acids and derivatives","Amino acids, peptides, and analogues"
"Glutathione bicarbonate","11509_neg","Glutathione bicarbonate",0.13,5.2,NA,"Unknown","null","Glutathione bicarbonate","","HMDB0252817","NA","129661524","NA","null","null",FALSE,TRUE,"Oligopeptides","Carboxylic acids and derivatives","Amino acids, peptides, and analogues"
"Glutathione thiol","10796_pos","Glutathione thiol",0.07,5.73,NA,"Unknown","null","Glutathione thiol","","HMDB0252822","NA","129651550","NA","null","null",FALSE,TRUE,"Oligopeptides","Carboxylic acids and derivatives","Amino acids, peptides, and analogues"
"Glyceraldehyde 3-phosphate","2283_neg","Glyceraldehyde 3-phosphate",0.69,22.49,NA,"Glycerone phosphate","null","Glyceraldehyde 3-phosphate;Dihydroxyacetone phosphate;(1-Hydroxy-3-oxopropan-2-yl) dihydrogen phosphate;1,1,1,2,3,3,3-Heptafluoropropane","C00118;C00111","HMDB0001112;HMDB0001473;HMDB0242284;HMDB0244037","29052;16108;NA;NA","439168;668;449139;67940","NA;33898;NA;NA","null","null",TRUE,TRUE,"Glyceraldehyde-3-phosphates","Organooxygen compounds","Carbohydrates and carbohydrate conjugates"
"Glyceric acid","292_neg","Glyceric acid",0.87,111.08,NA,"D-Glycerate","null","Glyceric acid;L-Glyceric acid;Propaneperoxoic acid, 2-hydroxy-;2-(Hydroxymethoxy)acetic acid","C00258","HMDB0000139;HMDB0006372;HMDB0256814;HMDB0257950","32398;74324;NA;NA","439194;6326776;NA;53673980","34424;2226325;NA;NA","null","null",TRUE,TRUE,"Sugar acids and derivatives","Organooxygen compounds","Carbohydrates and carbohydrate conjugates"
"Glyceric acid 1,3-biphosphate","6797_neg","Glyceric acid 1,3-biphosphate",0.42,22.19,NA,"Unknown","null","Glyceric acid 1,3-biphosphate;2,3-Diphosphoglyceric acid;3-Hydroxy-2-[hydroxy(phosphonooxy)phosphoryl]oxypropanoic acid","C00236;C01159","HMDB0001270;HMDB0001294;HMDB0258120","16001;17720;NA","439191;186004;21734884","NA;1315507;NA","null","null",TRUE,TRUE,"Acyl monophosphates","Organic phosphoric acids and derivatives","Phosphate esters"
"Glycerol 3-phosphate","2364_neg","Glycerol 3-phosphate",0.84,1256.3,NA,"Beta-Glycerophosphoric Acid","null","Glycerol 3-phosphate;beta-Glycerophosphoric acid;Glycerophosphoric acid","C00093;C02979;C03189","HMDB0000126;HMDB0002520;HMDB0252849","15978;17270;14336","439162;2526;754","137383;NA;NA","null","null",TRUE,TRUE,"Glycerophosphates","Glycerophospholipids","Glycerophosphates"
"Glycerol lactate pyruvate","5507_pos","Glycerol lactate pyruvate",0.24,262.98,NA,"Unknown","null","Glycerol lactate pyruvate;tetrahydrofurfuryl disulfide","","HMDB0252841;HMDB0258899","NA;NA","53758934;3296439","NA;NA","null","null",FALSE,TRUE,"1,2-diacylglycerols","Glycerolipids","Diradylglycerols"
"Glycerophosphocholine","6399_neg","Glycerophosphocholine",0.87,118.58,NA,"Unknown","null","Glycerophosphocholine;5-Methylcytidine;Pyro-L-glutaminyl-L-glutamine;3-Methylcytidine;""2'-C-Methylcytidine"";benserazide;Glycerylphosphorylcholine;4-Amino-1-[(2R,5R)-3,4-dihydroxy-5-(hydroxymethyl)oxolan-2-yl]-5-methylpyrimidin-2-one","C00670","HMDB0000086;HMDB0000982;HMDB0039229;HMDB0240577;HMDB0245530;HMDB0248960;HMDB0252858;HMDB0257731","16870;20607;88956;NA;NA;64187;NA;NA","657272;92918;11010621;NA;13871033;2327;11234;262543","NA;NA;NA;NA;NA;NA;NA;NA","null","null",FALSE,TRUE,"Glycerophosphocholines","Glycerophospholipids","Glycerophosphocholines"
"Glycerophosphoglycerol","5891_neg","Glycerophosphoglycerol",0.87,128.15,NA,"Unknown","null","Glycerophosphoglycerol","","HMDB0240316","64956","54575349","NA","null","null",TRUE,TRUE,"Dialkyl phosphates","Organic phosphoric acids and derivatives","Phosphate esters"
"Glycerophosphoinositol","10573_pos","Glycerophosphoinositol",0.82,197384.8,NA,"Unknown","null","Glycerophosphoinositol","C01225","HMDB0011649","18321","NA","NA","null","null",TRUE,TRUE,"Glycerophosphoinositols","Glycerophospholipids","Glycerophosphoinositols"
"Glycerylphosphorylethanolamine","4350_neg","Glycerylphosphorylethanolamine",0.84,87.82,NA,"Unknown","null","Glycerylphosphorylethanolamine","C01233","HMDB0000114","52330","123874","NA","null","null",TRUE,TRUE,"Glycerophosphoethanolamines","Glycerophospholipids","Glycerophosphoethanolamines"
"Glycinamide, glycyl-l-prolyl-","5072_pos","Glycinamide, glycyl-l-prolyl-",0.84,155.59,NA,"Carnosine","null","Glycinamide, glycyl-L-prolyl-","","HMDB0253016","NA","22236830","NA","null","null",TRUE,TRUE,NA,NA,NA
"Glycine glutamate","4765_pos","Glycine glutamate",0.42,11.73,NA,"Unknown","null","Glycine glutamate","","HMDB0252864","NA","NA","NA","null","null",FALSE,TRUE,"Glutamic acid and derivatives","Carboxylic acids and derivatives","Amino acids, peptides, and analogues"
"Glycogen","21870_neg","Glycogen",0.42,1968422,NA,"STACHYOSE","null","Glycogen;Maltotetraose;Glucomannan;Schizophyllan;Tetraglucoside","C00182;C02052","HMDB0000757;HMDB0001296;HMDB0252767;HMDB0258177;HMDB0258892","28087;143180;NA;NA;NA","439177;439639;870;21868524;20080736","NA;NA;NA;NA;NA","null","null",TRUE,TRUE,"Oligosaccharides","Organooxygen compounds","Carbohydrates and carbohydrate conjugates"
"Glycyl-phenylalanine","4768_pos","Glycyl-phenylalanine",0.47,43.25,NA,"5-Hydroxy-L-Tryptophan","null","Glycyl-Phenylalanine;Phenylalanylglycine","","HMDB0028848;HMDB0028995","NA;73635","97415;6992303","NA;NA","null","null",TRUE,TRUE,NA,NA,NA
"Glycyl-prolyl-glutamic acid","8517_neg","Glycyl-prolyl-glutamic acid",0.42,5.56,NA,"Unknown","null","Glycyl-prolyl-glutamic acid","","HMDB0252832","NA","15949634","NA","null","null",FALSE,TRUE,"Oligopeptides","Carboxylic acids and derivatives","Amino acids, peptides, and analogues"
"Glycyl-serine","2194_pos","Glycyl-serine",0.24,13.43,NA,"Unknown","null","Glycyl-Serine;Glutamine hydroxamate;O-Glycylserine;(2S)-2-Amino-5-aminooxy-5-oxopentanoic acid","","HMDB0028850;HMDB0252810;HMDB0255858;HMDB0258143","NA;NA;NA;NA","102466;NA;24973096;11263670","NA;NA;NA;NA","null","null",FALSE,TRUE,NA,NA,NA
"Glycyl-threonine","2791_pos","Glycyl-threonine",0.87,36.9,NA,"Unknown","null","Glycyl-Threonine;""Ethylenediamine-N,N'-diacetic acid"";6-Methylpteridine-2,4-diamine;(2S)-2-Amino-3-[(2S)-2-aminopropanoyl]oxypropanoic acid","","HMDB0028851;HMDB0246968;HMDB0247090;HMDB0257605","NA;132240;NA;NA","351980;NA;254916;14949332","NA;NA;NA;NA","null","null",TRUE,TRUE,NA,NA,NA
"Glycyl-valine","2684_pos","Glycyl-valine",0.84,88.3,NA,"Glycyl-Valine","null",NA,NA,NA,NA,NA,NA,"null","null",TRUE,TRUE,NA,NA,NA
"Glycylproline","2580_pos","Glycylproline",0.87,1364.03,"Dipeptides","no MS2: Glycyl-L-proline; LC-ESI-QTOF; MS2; CE","C7H12N2O3","Glycylproline;Prolylglycine;Glycyl-D-proline","","HMDB0000721;HMDB0011178;HMDB0252876","70744;61695;NA","3013625;6426709;44369312","NA;NA;NA","KZNQNBZMBZJQJO-YFKPBYRVSA-N","NCC(=O)N1CCC[C@H]1C(O)=O",TRUE,TRUE,"Dipeptides","Carboxylic acids and derivatives","Amino acids, peptides, and analogues"
"Glycylprolylarginine","10293_pos","Glycylprolylarginine",0.18,49267.54,NA,"Unknown","null","Glycylprolylarginine","","HMDB0252828","NA","21525054","NA","null","null",FALSE,TRUE,"Dipeptides","Carboxylic acids and derivatives","Amino acids, peptides, and analogues"
"Glycyltyrosine","5499_neg","Glycyltyrosine",0.07,210.5,NA,"Unknown","null","Glycyltyrosine;Tyr-Gly","","HMDB0028853;HMDB0259337","73517;NA","92829;259323","NA;NA","null","null",FALSE,TRUE,"Peptides","Carboxylic acids and derivatives","Amino acids, peptides, and analogues"
"Glyoxime","72_pos","Glyoxime",0.04,6.88,NA,"Unknown","null","Glyoxime","","HMDB0252890","131408","135495951","NA","null","null",FALSE,TRUE,"Aldoximes","Organonitrogen compounds","Oximes"
"Guanidine, (4-chloro-3-methoxy-1-oxo-1h-2-benzopyran-7-yl)-","6849_neg","Guanidine, (4-chloro-3-methoxy-1-oxo-1h-2-benzopyran-7-yl)-",0.38,8.62,NA,"Unknown","null","Guanidine, (4-chloro-3-methoxy-1-oxo-1H-2-benzopyran-7-yl)-","","HMDB0244397","NA","15052429","NA","null","null",FALSE,TRUE,NA,NA,NA
"Guanidoacetic acid","570_pos","Guanidoacetic acid",0.89,7469.64,NA,"Guanidoacetic Acid","null",NA,NA,NA,NA,NA,NA,"null","null",TRUE,TRUE,"Alpha amino acids and derivatives","Carboxylic acids and derivatives","Amino acids, peptides, and analogues"
"Guanosine diphosphate","15401_pos","Guanosine diphosphate",0.13,1295068,NA,"GDP","null","Guanosine diphosphate;Guanosine diphos-phate;""Guanosine-3',5'-Diphosphate""","C00035","HMDB0001201;HMDB0252974;HMDB0252975","17552;NA;NA","8977;135402030;3300277","33599;NA;NA","null","null",FALSE,TRUE,"Purine ribonucleoside diphosphates","Purine nucleotides","Purine ribonucleotides"
"H-asp-ala-his-lys-oh","16590_pos","H-asp-ala-his-lys-oh",0.31,1199177,NA,"Unknown","null","H-Asp-ala-his-lys-OH;Nitropravastatin;Nitro (3R,5R)-7-[(1S,2S,6S,8S,8aR)-6-hydroxy-2-methyl-8-[(2S)-2-methylbutanoyl]oxy-1,2,6,7,8,8a-hexahydronaphthalen-1-yl]-3,5-dihydroxyheptanoate","","HMDB0253006;HMDB0255656;HMDB0260422","NA;NA;NA","14030220;NA;NA","NA;NA;NA","null","null",FALSE,TRUE,NA,NA,NA
"H-tyr-gly-gly-oh","8207_neg","H-tyr-gly-gly-oh",0.4,43.45,NA,"Unknown","null","H-Tyr-gly-gly-OH;Glycyl-tyrosyl-glycine","","HMDB0247865;HMDB0252836","NA;NA","NA;100083","NA;NA","null","null",TRUE,TRUE,NA,NA,NA
"Hafnium","2699_neg","Hafnium",0.36,42.94,NA,"Unknown","null","Hafnium","","HMDB0029201","33343","23986","NA","null","null",FALSE,TRUE,"Homogeneous transition metal compounds","Homogeneous transition metal compounds",NA
"Haloxyfop-p","11903_pos","Haloxyfop-p",0.2,1546681,NA,"Unknown","null","Haloxyfop-P;Oxyfluorfen","C04871;C18881","HMDB0253047;HMDB0256013","136694;NA","50895;NA","NA;NA","null","null",FALSE,TRUE,NA,NA,NA
"Hawkinsin","8391_pos","Hawkinsin",0.42,23.5,NA,"Unknown","null","Hawkinsin;Cloranolol;Prontosil","","HMDB0002354;HMDB0250363;HMDB0256807","149584;NA;NA","173909;65814;NA","NA;NA;NA","null","null",FALSE,TRUE,"Cysteine and derivatives","Carboxylic acids and derivatives","Amino acids, peptides, and analogues"
"Hboa glucuronide","10345_neg","Hboa glucuronide",0.69,25775.41,NA,"Unknown","null","HBOA glucuronide;2-Hydroxy-1,4-benzoxazin-3-one glucuronide","","HMDB0240378;HMDB0240438","NA;NA","NA;NA","NA;NA","null","null",TRUE,TRUE,NA,NA,NA
"Heliotron","9538_pos","Heliotron",0.31,6.35,NA,"Unknown","null","Heliotron","","HMDB0253072","NA","9341","NA","null","null",FALSE,TRUE,"Alkaloids and derivatives",NA,NA
"Hepps","6433_pos","Hepps",0.02,29.54,NA,"Unknown","null","Hepps","","HMDB0253090","42298","85255","NA","null","null",FALSE,TRUE,"N-alkylpiperazines","Diazinanes","Piperazines"
"Hepsulfam","8348_pos","Hepsulfam",0.38,14.75,NA,"Unknown","null","Hepsulfam","","HMDB0253091","NA","100606","NA","null","null",FALSE,TRUE,"Organic sulfuric acids and derivatives","Organic sulfuric acids and derivatives",NA
"Heptafluorobutyric acid","4292_neg","Heptafluorobutyric acid",0.29,7.87,"Perfluoroalkyl carboxylic acid and derivatives","no MS2: Perfluorobutyric acid; LC-ESI-ITFT; MS2; CE","C4HF7O2","Heptafluorobutyric acid","","HMDB0253102","39426","9777","NA","YPJUNDFVDDCYIH-UHFFFAOYSA-N","OC(=O)C(F)(F)C(F)(F)C(F)(F)F",FALSE,TRUE,"Perfluoroalkyl carboxylic acid and derivatives","Alkyl halides","Alkyl fluorides"
"Hesperetin","8563_neg","Hesperetin",0.38,32.15,"4'-O-methylated flavonoids","no MS2: Hesperetin; LC-ESI-QTOF; MS2; [M-H]-; CE","C16H14O6","Hesperetin;(-)-Haematoxylin;Marsupsin;Cynandione A;Decussatin;Homoeriodictyol","C01709","HMDB0005782;HMDB0242211;HMDB0249689;HMDB0250693;HMDB0250926;HMDB0253205","28230;51686;66680;NA;65732;NA","72281;10603;134369;10063465;5378284;NA","NA;NA;NA;NA;NA;NA","AIONOLUJZLIMTK-AWEZNQCLSA-N","COC1=C(O)C=C(C=C1)[C@@H]1CC(=O)C2=C(O)C=C(O)C=C2O1",FALSE,TRUE,"4'-O-methylated flavonoids","Flavonoids","O-methylated flavonoids"
"Hexaflumuron","16207_pos","Hexaflumuron",0.16,327056.9,NA,"Unknown","null","Hexaflumuron","C18861","HMDB0253130","39383","NA","NA","null","null",FALSE,TRUE,"N-benzoyl-N'-phenylureas","Benzene and substituted derivatives","N-phenylureas"
"Hexanesulfonic acid","2345_pos","Hexanesulfonic acid",0.53,188.65,NA,"Unknown","null","Hexanesulfonic acid","","HMDB0253146","NA","49937","NA","null","null",FALSE,TRUE,"Organosulfonic acids","Organic sulfonic acids and derivatives","Organosulfonic acids and derivatives"
"Hexanoylglycine","2420_neg","Hexanoylglycine",0.93,4604.93,NA,"N-Acetylleucine","null","Hexanoylglycine;N-Acetylleucine;N-Acetylisoleucine;6-Acetamidohexanoic acid;8,8a-Diepiswainsonine","C02710","HMDB0000701;HMDB0011756;HMDB0061684;HMDB0247031;HMDB0247470","64390;17786;21555;NA;NA","99463;70912;7036275;NA;5363","NA;NA;NA;NA;NA","null","null",TRUE,TRUE,"N-acyl-alpha amino acids","Carboxylic acids and derivatives","Amino acids, peptides, and analogues"
"Hexose monophosphate","7085_neg","Hexose monophosphate",0.18,12.88,NA,"Unknown","null","Hexose monophosphate;Phosphocitrate","","HMDB0253163;HMDB0256472","NA;NA","129627923;NA","NA;NA","null","null",FALSE,TRUE,"Monosaccharide phosphates","Organooxygen compounds","Carbohydrates and carbohydrate conjugates"
"Hippuric acid","2677_neg","Hippuric acid",0.87,2924.95,NA,"HIPPURATE","null","Hippuric acid;2-Propenamide, 3-(3,4-dihydroxyphenyl)-;4-Acetamidobenzoic acid;Adrenolutin;Erbstatin;N-Acetyl-2-hydroxybenzamide;1-Methyl-1H-indole-3,5,6-triol","C01586","HMDB0000714;HMDB0245300;HMDB0246328;HMDB0248030;HMDB0251902;HMDB0255046;HMDB0257859","18089;NA;46171;NA;NA;NA;NA","464;54548891;19266;12556;58035;10252;10197941","NA;NA;NA;NA;NA;NA;NA","null","null",TRUE,TRUE,"Hippuric acids","Benzene and substituted derivatives","Benzoic acids and derivatives"
"Hippuryl-histidyl-leucine","14948_pos","Hippuryl-histidyl-leucine",0.09,6.68,NA,"Unknown","null","Hippuryl-histidyl-leucine","","HMDB0253176","NA","569657","NA","null","null",FALSE,TRUE,"Oligopeptides","Carboxylic acids and derivatives","Amino acids, peptides, and analogues"
"Histamine","383_neg","Histamine",0.33,37.91,NA,"Unknown","null","Histamine;Betazole","C00388","HMDB0000870;HMDB0014417","18295;59170","774;7741","1810403;NA","null","null",FALSE,TRUE,"2-arylethylamines","Organonitrogen compounds","Amines"
"Histidine glutamate","8462_neg","Histidine glutamate",0.42,37824.13,NA,"Unknown","null","Histidine glutamate","","HMDB0253183","NA","NA","NA","null","null",TRUE,TRUE,"Histidine and derivatives","Carboxylic acids and derivatives","Amino acids, peptides, and analogues"
"Histidinohydroxylysinonorleucine","15139_neg","Histidinohydroxylysinonorleucine",0.07,750249.7,NA,"Unknown","null","Histidinohydroxylysinonorleucine","","HMDB0253184","NA","77658862","NA","null","null",FALSE,TRUE,"Histidine and derivatives","Carboxylic acids and derivatives","Amino acids, peptides, and analogues"
"Histidylisoleucine","7259_pos","Histidylisoleucine",0.07,28.1,NA,"Unknown","null","Histidylisoleucine;Histidylleucine;Histidinyl-Leucine;[(2S)-2-Amino-3-(1H-imidazol-5-yl)propanoyl] (2S,3S)-2-amino-3-methylpentanoate","C05010;C05010","HMDB0028888;HMDB0028889;HMDB0253179;HMDB0257734","141437;5729;NA;NA","9900065;189008;440549;NA","NA;NA;NA;NA","null","null",FALSE,TRUE,"Dipeptides","Carboxylic acids and derivatives","Amino acids, peptides, and analogues"
"Histidylphenylalanine","8569_neg","Histidylphenylalanine",0.29,6.29,NA,"Unknown","null","Histidylphenylalanine","","HMDB0028892","141438","152198","NA","null","null",FALSE,TRUE,"Dipeptides","Carboxylic acids and derivatives","Amino acids, peptides, and analogues"
"Histidylproline","6435_pos","Histidylproline",0.27,10.09,NA,"Unknown","null","Histidylproline","","HMDB0028893","74055","152322","NA","null","null",FALSE,TRUE,"Dipeptides","Carboxylic acids and derivatives","Amino acids, peptides, and analogues"
"Histidylprolineamide","6103_neg","Histidylprolineamide",0.13,15.91,NA,"Unknown","null","Histidylprolineamide","","HMDB0253186","NA","13469004","NA","null","null",FALSE,TRUE,"Dipeptides","Carboxylic acids and derivatives","Amino acids, peptides, and analogues"
"Histidylvaline","6533_pos","Histidylvaline",0.22,12.13,NA,"Unknown","null","Histidylvaline;Valylhistidine;Pimonidazole","","HMDB0028898;HMDB0029129;HMDB0256554","74060;73700;NA","7021870;7408624;NA","NA;NA;NA","null","null",FALSE,TRUE,"Dipeptides","Carboxylic acids and derivatives","Amino acids, peptides, and analogues"
"Hmboa-glc","11700_pos","Hmboa-glc",0.84,199358.2,NA,"Unknown","null","HMBOA-Glc","","HMDB0037263","NA","77195052","NA","null","null",TRUE,TRUE,NA,NA,NA
"Homo-l-arginine","3261_pos","Homo-l-arginine",0.76,431.98,NA,"Homo-L-Arginine","null",NA,NA,NA,NA,NA,NA,"null","null",TRUE,TRUE,NA,NA,NA
"Homocitrulline","3301_pos","Homocitrulline",0.8,245.26,NA,"Homocitrulline","null",NA,NA,NA,NA,NA,NA,"null","null",TRUE,TRUE,"L-alpha-amino acids","Carboxylic acids and derivatives","Amino acids, peptides, and analogues"
"Homocysteine","1185_pos","Homocysteine",0.82,30.7,"Alpha amino acids","no MS2: L-Homocysteine; LC-ESI-ITFT; MS2; m/z","C4H9NO2S","Homocysteine;Methylcysteine;Mecysteine;N-Methylcysteine;Thiomorpholine 1,1-dioxide","C00155","HMDB0000742;HMDB0002108;HMDB0250704;HMDB0255186;HMDB0259018","17588;45658;NA;NA;NA","91552;24417;4040;2795200;NA","NA;NA;NA;NA;NA","FFFHZYDWPBMWHY-VKHMYHEASA-N","N[C@@H](CCS)C(O)=O",TRUE,TRUE,"L-alpha-amino acids","Carboxylic acids and derivatives","Amino acids, peptides, and analogues"
"Homocysteine thiolactone","535_neg","Homocysteine thiolactone",0.2,212.74,NA,"Unknown","null","Homocysteine thiolactone","","HMDB0002287","NA","107712","NA","null","null",FALSE,TRUE,"Alpha amino acids and derivatives","Carboxylic acids and derivatives","Amino acids, peptides, and analogues"
"Homogentisic acid","2222_neg","Homogentisic acid",0.44,1069.74,NA,"3,4-DIHYDROXYPHENYLACETATE","null","Homogentisic acid;Vanillic acid;3-Hydroxymandelic acid;p-Hydroxymandelic acid;3,4-Dihydroxybenzeneacetic acid;5-Methoxysalicylic acid;Isovanillic acid;4,7-Epoxyisobenzofuran-1,3-dione, hexahydro-, (3aR,4S,7R,7aS)-rel-;Dehydroacetic acid;1-(2,4-Dihydroxyphenyl)-2-hydroxyethanone;(3R,4R,5R)-3-Fluoro-5-(hydroxymethyl)oxolane-2,3,4-triol;(3,4-Dihydroxyphenyl) acetate;2,2-Dihydroxy-2-phenylacetic acid","C00544;C06672;C11527;C01161","HMDB0000130;HMDB0000484;HMDB0000750;HMDB0000822;HMDB0001336;HMDB0001868;HMDB0060003;HMDB0245751;HMDB0250943;HMDB0257566;HMDB0257780;HMDB0258013;HMDB0258145","44747;30816;86553;16388;41941;89830;63798;NA;137426;NA;NA;NA;NA","780;8468;86957;328;547;75787;12575;93004;122903;11715230;NA;NA;15930710","1485308;NA;NA;NA;36946;NA;NA;NA;NA;NA;NA;NA;NA","null","null",TRUE,TRUE,"2(hydroxyphenyl)acetic acids","Benzene and substituted derivatives","Phenylacetic acids"
"Homovanillic acid","2804_neg","Homovanillic acid",0.87,1788.01,NA,"Hydroxyphenyllactic Acid","null","Homovanillic acid;Isohomovanillic acid;3,4-Dihydroxyhydrocinnamic acid;Hydroxyphenyllactic acid;3-(3-Hydroxyphenyl)-3-hydroxypropanoic acid;2,6-Dimethoxybenzoic acid;Meta-hydroxyphenylhydracrylic Acid;3,5-Dihydroxyphenylpropionic acid;3-(2,4-Dihydroxyphenyl)propanoic acid;(2R,3S,4R,5R)-2-Fluoro-3,4,5,6-tetrahydroxyhexanal;2-Deoxy-2-fluoro-alpha-D-galactopyranose;3-Deoxy-3-fluoro-D-glucose;2,2-Dihydroxy-3-phenylpropanoic acid;Ethyl 3,4-dihydroxybenzoate;Imidazobenzodiazepine;(3R,4S,5R)-3,4,5,6-Tetrahydroxyhexanoyl fluoride;Syringaldehyde","C05582;C10447;C03672","HMDB0000118;HMDB0000333;HMDB0000423;HMDB0000755;HMDB0002643;HMDB0029273;HMDB0062595;HMDB0125533;HMDB0126386;HMDB0242548;HMDB0245096;HMDB0245854;HMDB0251348;HMDB0252031;HMDB0253416;HMDB0258135;HMDB0258653","545959;70818;48400;17385;86369;545935;78336;NA;NA;NA;49140;NA;NA;132364;NA;NA;67380","1738;160562;348154;9378;102959;15109;22600106;161525;96384;13715114;315411;4386393;20849046;77547;66618719;NA;NA","46066;NA;NA;2392410;NA;NA;NA;NA;NA;NA;NA;NA;NA;NA;NA;NA;NA","null","null",TRUE,TRUE,"Methoxyphenols","Phenols","Methoxyphenols"
"Homovanillic acid sulfate","6624_neg","Homovanillic acid sulfate",0.67,213.06,NA,"Unknown","null","Homovanillic acid sulfate;Dihydrocaffeic acid 3-sulfate;3-hydroxy-3-(3-hydroxyphenyl)propanoic acid-O-sulphate","","HMDB0011719;HMDB0041721;HMDB0059967","88405;176472;88716","29981063;49844181;124202083","NA;NA;NA","null","null",TRUE,TRUE,"Phenylsulfates","Organic sulfuric acids and derivatives","Arylsulfates"
"Homovanillyl alcohol sulfate","5971_neg","Homovanillyl alcohol sulfate",0.36,4.33,NA,"Unknown","null","Homovanillyl alcohol sulfate","","HMDB0240528","NA","102599558","NA","null","null",FALSE,TRUE,"Phenylsulfates","Organic sulfuric acids and derivatives","Arylsulfates"
"Homoveratric acid","3607_pos","Homoveratric acid",0.38,29.42,NA,"Unknown","null","Homoveratric acid;Dihydroferulic acid;3-(3-hydroxy-4-methoxyphenyl)propanoic acid;Cantharidin;Hydroxytyrosol Acetate;3-(5-Methoxy-4-oxocyclohex-2-en-1-yl)prop-2-enoic acid;trihydroxybutyrophenone","","HMDB0000434;HMDB0062121;HMDB0131138;HMDB0249592;HMDB0253298;HMDB0255409;HMDB0259219","86655;86612;NA;93862;NA;NA;NA","7139;14340;2752054;2545;155240;53980891;129630809","NA;NA;NA;NA;NA;NA;NA","null","null",FALSE,TRUE,"Dimethoxybenzenes","Benzene and substituted derivatives","Methoxybenzenes"
"Humic acid","4962_neg","Humic acid",0.07,4.24,NA,"Unknown","null","Humic acid","","HMDB0253230","NA","90472028","NA","null","null",FALSE,TRUE,"Alpha amino acids and derivatives","Carboxylic acids and derivatives","Amino acids, peptides, and analogues"
"Hydantoin","223_pos","Hydantoin",0.84,278.59,NA,"Unknown","null","Hydantoin;2H-Imidazol-2-one, 1,3-dihydro-4-hydroxy-","C05146","HMDB0253235;HMDB0253419","27612;NA","NA;19016756","NA;NA","null","null",TRUE,TRUE,"Imidazoles","Azoles","Imidazoles"
"Hydantoin-5-propionic acid","2372_neg","Hydantoin-5-propionic acid",0.42,42.3,NA,"Unknown","null","Hydantoin-5-propionic acid","C05565","HMDB0001212","28297","782","NA","null","null",TRUE,TRUE,"Hydantoins","Azolidines","Imidazolidines"
"Hydratoperidinin","21695_pos","Hydratoperidinin",0.04,1350627,"Terpene lactones","no MS2: Hydratoperidinin; FAB-EBEB; MS2; m/z","C39H52O8",NA,NA,NA,NA,NA,NA,"OUSTUFWOJHCUGD-VSWVFQEASA-N","CC(=O)O[C@H]1CC(C)(C)C(=C=C\C(C)=C\C=C\C=C\C=C(/C)\C=C2/OC(=O)C(\C=C\[C@]3(O)C(C)(C)C[C@H](O)C[C@@]3(C)O)=C2)[C@](C)(O)C1",FALSE,TRUE,NA,NA,NA
"Hydrocinnamic acid","1705_pos","Hydrocinnamic acid",0.33,19.22,NA,"Unknown","null","Hydrocinnamic acid;4-Ethylbenzoic acid;2-Phenylpropionate;2-Methoxy-4-vinylphenol;Benzyl acetate;3,5-Dimethylbenzoic acid;4-Hydroxy-3-methyl-2-(2-propynyl)-2-cyclopentene-1-one;Chroman-2-ol;Bicyclo[2.2.1]hept-5-ene-2,3-dicarbaldehyde","C05629;C17883;C15513","HMDB0000764;HMDB0002097;HMDB0011743;HMDB0013744;HMDB0031310;HMDB0246063;HMDB0246651;HMDB0250203;HMDB0258089","28631;262555;48526;42438;52051;64821;NA;NA;NA","107;12086;10296;332;8785;10356;12918206;11171070;13161879","NA;NA;NA;NA;NA;NA;NA;NA;NA","null","null",FALSE,TRUE,"Phenylpropanoic acids","Phenylpropanoic acids",NA
"Hydroxy bosentan","19575_neg","Hydroxy bosentan",0.04,7.49,NA,"Unknown","null","Hydroxy Bosentan","","HMDB0253252","NA","6426755","NA","null","null",FALSE,TRUE,NA,NA,NA
"Hydroxy tyrosol -acetate","5024_pos","Hydroxy tyrosol -acetate",0.18,64.45,NA,"Unknown","null","Hydroxy Tyrosol -Acetate","","HMDB0253254","NA","21975875","NA","null","null",FALSE,TRUE,NA,NA,NA
"Hydroxycarbonate","82_neg","Hydroxycarbonate",0.02,80.72,NA,"Unknown","null","hydroxycarbonate","","HMDB0253259","NA","17887040","NA","null","null",FALSE,TRUE,NA,NA,NA
"Hydroxycotinine","3433_pos","Hydroxycotinine",0.16,19.3,NA,"Unknown","null","Hydroxycotinine;Cotinine N-oxide;3-Hydroxy-11-norcytisine;2,3,5,6-Tetramethyl-1H,7H-pyrazolo[1,2-a]pyrazole-1,7-dione;Cotinine-N-oxide;Dihydroxytryptamine","","HMDB0001390;HMDB0001411;HMDB0245883;HMDB0249213;HMDB0250484;HMDB0251349","NA;89087;NA;62828;NA;NA","10219774;9815514;74426088;12445118;108114;54412563","NA;NA;NA;NA;NA;NA","null","null",FALSE,TRUE,"Pyrrolidinylpyridines","Pyridines and derivatives","Pyrrolidinylpyridines"
"Hydroxyethylflurazepam","13827_pos","Hydroxyethylflurazepam",0.27,8.33,NA,"Unknown","null","Hydroxyethylflurazepam","","HMDB0253267","NA","NA","NA","null","null",FALSE,TRUE,"1,4-benzodiazepines","Benzodiazepines","1,4-benzodiazepines"
"Hydroxykynurenine","4978_pos","Hydroxykynurenine",0.29,28.7,NA,"Hydroxykynurenine","null","Hydroxykynurenine;L-3-Hydroxykynurenine;5-Hydroxykynurenine","C02794;C03227;C05651","HMDB0000732;HMDB0011631;HMDB0012819","1547;17380;2076","89;11811;440745","NA;NA;NA","null","null",FALSE,TRUE,"Alkyl-phenylketones","Organooxygen compounds","Carbonyl compounds"
"Hydroxymatairesinol glucuronide 1","19038_neg","Hydroxymatairesinol glucuronide 1",0.24,1042863,NA,"Unknown","null","Hydroxymatairesinol glucuronide 1;Caspase-3 Inhibitor III;Isoliquiritin apioside","","HMDB0240737;HMDB0249698;HMDB0253655","NA;NA;NA","NA;57369261;480798","NA;NA;NA","null","null",FALSE,TRUE,"Lignan glycosides","Lignan glycosides",NA
"Hydroxyphenylacetylglycine","4081_neg","Hydroxyphenylacetylglycine",0.38,145.8,NA,"Unknown","null","Hydroxyphenylacetylglycine;alpha-Methyl-4-carboxyphenylglycine;4-Nitrophenyl butyrate;4-[(S)-Amino(carboxy)methyl]-3-methylbenzoic acid","C05596","HMDB0000735;HMDB0243703;HMDB0246539;HMDB0254239","28595;NA;85867;NA","440732;1222;75834;3931705","NA;NA;NA;NA","null","null",FALSE,TRUE,"N-acyl-alpha amino acids","Carboxylic acids and derivatives","Amino acids, peptides, and analogues"
"Hydroxypropionylcarnitine","5456_pos","Hydroxypropionylcarnitine",0.42,55.55,NA,"Unknown","null","Hydroxypropionylcarnitine;4-[(2,4-Dihydroxy-3,3-dimethylbutanoyl)amino]butanoic acid","","HMDB0013125;HMDB0246316","NA;NA","53481699;2527","NA;NA","null","null",FALSE,TRUE,"Acyl carnitines","Fatty acyls","Fatty acid esters"
"Hydroxytyrosol","1727_neg","Hydroxytyrosol",0.07,14.6,NA,"P-Hydroxyphenylacetic Acid","null","Hydroxytyrosol;2,6-Dimethoxyphenol;3,5-Dimethoxyphenol;6-Ethyl-3-hydroxy-2-methyl-4-pyrone;Hexahydrophthalic anhydride","C10787","HMDB0005784;HMDB0034158;HMDB0059966;HMDB0247055;HMDB0253140","68889;955;NA;NA;103210","82755;7041;10383;14753409;85689","NA;NA;NA;NA;NA","null","null",FALSE,TRUE,"Tyrosols","Phenols","Tyrosols and derivatives"
"Hydroxytyrosol 3'-glucuronide","9833_neg","Hydroxytyrosol 3'-glucuronide",0.49,255309.6,NA,"Unknown","null","""Hydroxytyrosol 3'-glucuronide"";""Hydroxytyrosol 4'-glucuronide""","","HMDB0240529;HMDB0240531","NA;NA","101422215;102186808","NA;NA","null","null",FALSE,TRUE,NA,NA,NA
"Hydroxytyrosol 3'-sulfate","5303_neg","Hydroxytyrosol 3'-sulfate",0.42,19.99,NA,"Unknown","null","""Hydroxytyrosol 3'-sulfate"";""Hydroxytyrosol 4'-sulfate"";2-(3,5-Dihydroxyphenyl)ethanol sulfate","","HMDB0240530;HMDB0240532;HMDB0240693","NA;NA;NA","71749404;71749405;NA","NA;NA;NA","null","null",TRUE,TRUE,NA,NA,NA
"Hydroxyvalerylcarnitine","7002_pos","Hydroxyvalerylcarnitine",0.22,36.08,NA,"Unknown","null","Hydroxyvalerylcarnitine","","HMDB0013132","NA","145453469","NA","null","null",FALSE,TRUE,NA,NA,NA
"Hyperoside","17212_pos","Hyperoside",0.09,287371.8,"Flavonoid-3-O-glycosides","no MS2: Hyperoside; LC-ESI-QTOF; MS2; CE","C21H20O12",NA,NA,NA,NA,NA,NA,"OVSQVDMCBVZWGM-DTGCRPNFSA-N","OC[C@H]1O[C@@H](OC2=C(OC3=CC(O)=CC(O)=C3C2=O)C2=CC(O)=C(O)C=C2)[C@H](O)[C@@H](O)[C@H]1O",FALSE,TRUE,NA,NA,NA
"Hypotaurine","390_pos","Hypotaurine",0.87,546.35,NA,"Hypotaurine","null",NA,NA,NA,NA,NA,NA,"null","null",TRUE,TRUE,"Sulfinic acids","Sulfinic acids and derivatives","Sulfinic acids"
"Hypoxanthine","1122_neg","Hypoxanthine",0.87,6550.74,NA,"2,3,4-Trihydroxy-Butanoic Acid","null","Hypoxanthine;Erythronic acid;Threonic acid;Allopurinol;2-Hydroxypurine;2,3,4-Trihydroxybutanoic acid;9H-Purine-9-ol","C00262;C01620;C01620","HMDB0000157;HMDB0000613;HMDB0000943;HMDB0014581;HMDB0245165;HMDB0245425;HMDB0247704","17368;37655;15908;40279;NA;49060;NA","790;2781043;5460407;2094;75323;439535;17818170","34434;NA;NA;NA;NA;NA;NA","null","null",TRUE,TRUE,"Hypoxanthines","Imidazopyrimidines","Purines and purine derivatives"
"Ibufenac","3263_neg","Ibufenac",0.31,31,NA,"Unknown","null","Ibufenac;Senkyunolide;Tert-butyl 4-methylbenzoate","","HMDB0253333;HMDB0258235;HMDB0258839","76158;NA;NA","15250;NA;NA","NA;NA;NA","null","null",TRUE,TRUE,"Phenylpropanes","Benzene and substituted derivatives","Phenylpropanes"
"Ibuprofen","4075_pos","Ibuprofen",0.16,42.27,"Phenylpropanoic acids","no MS2: Ibuprofen; LC-ESI-ITFT; MS2; CE","C13H18O2","Ibuprofen;2-(3-Pentylphenyl)acetic acid","C01588","HMDB0001925;HMDB0244924","5855;NA","3672;24749700","NA;NA","HEFNNWSXXWATRW-JTQLQIEISA-N","CC(C)CC1=CC=C(C=C1)[C@H](C)C(O)=O",FALSE,TRUE,"Phenylpropanoic acids","Phenylpropanoic acids",NA
"Icaridin","5253_pos","Icaridin",0.29,67.99,NA,"Unknown","null","Icaridin","","HMDB0253340","NA","125098","NA","null","null",FALSE,TRUE,"Piperidinecarboxylic acids","Piperidines","Piperidinecarboxylic acids and derivatives"
"Icofungipen","1282_neg","Icofungipen",0.4,108.76,NA,"Unknown","null","Icofungipen","","HMDB0253367","NA","11701051","NA","null","null",FALSE,TRUE,"Beta amino acids and derivatives","Carboxylic acids and derivatives","Amino acids, peptides, and analogues"
"Idalopirdine","13564_pos","Idalopirdine",0.4,45.38,NA,"Unknown","null","Idalopirdine;1-[[(2S,3S,4S,5R)-3,4-Dihydroxy-5-(hydroxymethyl)-2-[(2R,3R,4S,5S,6R)-3,4,5-trihydroxy-6-(hydroxymethyl)oxan-2-yl]oxyoxolan-2-yl]methoxy]propan-2-one","","HMDB0253371;HMDB0260242","NA;NA","21071390;NA","NA;NA","null","null",FALSE,TRUE,"Tryptamines and derivatives","Indoles and derivatives","Tryptamines and derivatives"
"Idp","14399_neg","Idp",0.2,14.39,NA,"Idp","null",NA,NA,NA,NA,NA,NA,"null","null",FALSE,TRUE,NA,NA,NA
"Ilomastat","13143_pos","Ilomastat",0.33,22.08,NA,"Unknown","null","Ilomastat","","HMDB0253401","NA","3498","NA","null","null",FALSE,TRUE,"N-acyl-alpha amino acids and derivatives","Carboxylic acids and derivatives","Amino acids, peptides, and analogues"
"Imazalil","8629_pos","Imazalil",0.89,51592.17,"Benzylethers","no MS2: Imazalil; LC-ESI-ITFT; MS2; CE","C14H14Cl2N2O",NA,NA,NA,NA,NA,NA,"PZBPKYOVPCNPJY-UHFFFAOYNA-N","ClC1=CC(Cl)=C(C=C1)C(CN1C=CN=C1)OCC=C",TRUE,TRUE,NA,NA,NA
"Imidazobenzodiazepine","2983_pos","Imidazobenzodiazepine",0.42,75.29,NA,"Unknown","null","Imidazobenzodiazepine","","HMDB0253416","NA","66618719","NA","null","null",FALSE,TRUE,"Benzimidazoles","Benzimidazoles",NA
"Imidazolelactic acid","1917_pos","Imidazolelactic acid",0.87,2704.33,NA,"Unknown","null","Imidazolelactic acid;1,5-Dimethylbarbituric acid;2-Hydroxy-3-(1H-imidazol-5-yl)propanoic acid","C05132;C05568","HMDB0002320;HMDB0244233;HMDB0253418","70808;NA;27487","459122;151461;NA","NA;NA;NA","null","null",TRUE,TRUE,"Imidazolyl carboxylic acids and derivatives","Azoles","Imidazoles"
"Imidazolepropionic acid","1274_pos","Imidazolepropionic acid",0.91,379.81,NA,"Urocanic Acid","null","Imidazolepropionic acid;Methylimidazoleacetic acid;Pi-Methylimidazoleacetic acid;(1-Methyl-1h-imidazol-2-yl)-acetic acid;N-(2-Aminoethyl)maleimide;3-Methylthymine;5-Ethyluracil;Gaboxadol;2-(4-Methyl-1H-imidazol-2-yl)acetic acid","C20522;C05828;C13693","HMDB0002271;HMDB0002820;HMDB0004988;HMDB0242285;HMDB0244488;HMDB0245938;HMDB0246786;HMDB0252570;HMDB0257616","73087;1606;70966;NA;NA;74766;NA;NA;NA","70630;75810;6451814;23043581;NA;123209;73267;3448;18926164","NA;46587;NA;NA;NA;NA;NA;NA;NA","null","null",TRUE,TRUE,"Imidazolyl carboxylic acids and derivatives","Azoles","Imidazoles"
"Imidazolone a","9779_pos","Imidazolone a",0.13,3.93,NA,"Unknown","null","Imidazolone A","","HMDB0253421","NA","135879922","NA","null","null",FALSE,TRUE,NA,NA,NA
"Incadronic acid","7804_neg","Incadronic acid",0.56,94.19,NA,"Unknown","null","Incadronic acid","","HMDB0253442","NA","NA","NA","null","null",TRUE,TRUE,"Bisphosphonates","Organic phosphonic acids and derivatives","Bisphosphonates"
"Indicine","8803_pos","Indicine",0.4,56.57,NA,"Unknown","null","Indicine","","HMDB0253457","NA","22384","NA","null","null",FALSE,TRUE,"Alkaloids and derivatives",NA,NA
"Indicine-n-oxide","9627_pos","Indicine-n-oxide",0.13,15.42,NA,"Unknown","null","Indicine-N-oxide","","HMDB0253458","NA","38946","NA","null","null",FALSE,TRUE,NA,NA,NA
"Indisulam","12966_pos","Indisulam",0.02,383291.1,NA,"Unknown","null","Indisulam","","HMDB0253462","145431","216468","NA","null","null",FALSE,TRUE,"Sulfanilides","Benzene and substituted derivatives","Sulfanilides"
"Indol-2-one","1047_pos","Indol-2-one",0.4,21.06,NA,"Unknown","null","indol-2-one","","HMDB0253466","51630","17904787","NA","null","null",FALSE,TRUE,NA,NA,NA
"Indole-2-carboxylic acid, 5-(bis(2-chloroethyl)amino)-","8449_neg","Indole-2-carboxylic acid, 5-(bis(2-chloroethyl)amino)-",0.13,3.82,NA,"Unknown","null","Indole-2-carboxylic acid, 5-(bis(2-chloroethyl)amino)-","","HMDB0248682","NA","12904","NA","null","null",FALSE,TRUE,"Indolecarboxylic acids and derivatives","Indoles and derivatives","Indolecarboxylic acids and derivatives"
"Indole-3-acetamide","2477_neg","Indole-3-acetamide",0.02,34.12,NA,"Unknown","null","Indole-3-acetamide;1-Oxo-2,3-dihydro-1H-indene-4-carboximidamide;Edaravone","C02693;C13008","HMDB0029739;HMDB0243983;HMDB0251697","16031;NA;31530","397;14950600;NA","NA;NA;NA","null","null",FALSE,TRUE,"3-alkylindoles","Indoles and derivatives","Indoles"
"Indole-3-acetylglycine","5389_pos","Indole-3-acetylglycine",0.87,72210.79,NA,"Unknown","null","Indole-3-acetylglycine;Dazoxiben","","HMDB0240661;HMDB0250886","90332;NA","NA;53001","NA;NA","null","null",TRUE,TRUE,"N-acyl-alpha amino acids","Carboxylic acids and derivatives","Amino acids, peptides, and analogues"
"Indole-3-carboxaldehyde","1419_neg","Indole-3-carboxaldehyde",0.36,148.91,"Indoles","no MS2: Indole-3-carboxyaldehyde; LC-ESI-QTOF; MS2; CE","C9H7NO","Indole-3-carboxaldehyde;1-Hydroxyisoquinoline;4-Hydroxyquinoline;4,1-Benzoxazepine","C08493;C06324;C06343","HMDB0029737;HMDB0243900;HMDB0246466;HMDB0246595","28238;18350;15815;NA","10256;NA;NA;20307234","NA;NA;NA;NA","OLNJUISKUQQNIM-UHFFFAOYSA-N","O=CC1=CNC2=CC=CC=C12",FALSE,TRUE,"Indoles","Indoles and derivatives","Indoles"
"Indole-3-carboxilic acid-o-sulphate","5627_neg","Indole-3-carboxilic acid-o-sulphate",0.42,36.56,NA,"Unknown","null","Indole-3-carboxilic acid-O-sulphate;2,8-Quinolinediol 2-sulfate;2,8-Quinolinediol 8-sulfate","","HMDB0060002;HMDB0240657;HMDB0240658","89621;NA;NA","124202109;129672163;NA","NA;NA;NA","null","null",FALSE,TRUE,NA,NA,NA
"Indole-3-propionic acid","3109_neg","Indole-3-propionic acid",0.38,1053.51,NA,"Indole-3-Methyl Acetate","null","Indole-3-propionic acid;Indole-3-methyl acetate;2-Methyl-2-phenylsuccinimide","","HMDB0002302;HMDB0029738;HMDB0245217","43580;72782;NA","3744;74706;92154","NA;NA;NA","null","null",TRUE,TRUE,"Indolyl carboxylic acids and derivatives","Indoles and derivatives","Indolyl carboxylic acids and derivatives"
"Indoleacetic acid","2511_neg","Indoleacetic acid",0.84,125.84,NA,"Indole-3-acetate","null","Indoleacetic acid;5-Hydroxyindoleacetaldehyde;2H-1-Benzopyran-2-one, aminomethyl-;3-Acetoxyindole;2(1H)-Quinolinone, 3-methoxy-;5-Acetoxyindole;7-Amino-4-methylcoumarin;8-Methoxyquinolin-2(1H)-one;INDOLE-2-ACETIC ACID;N-Phenylsuccinimide","C00954;C05634;C01386","HMDB0000197;HMDB0004073;HMDB0245783;HMDB0245796;HMDB0245921;HMDB0246742;HMDB0247230;HMDB0247449;HMDB0253468;HMDB0255233","16411;50157;NA;NA;NA;NA;51771;NA;NA;NA","802;74688;11608009;11841;820270;11600757;92249;3585266;4371752;66519","NA;46165;NA;NA;NA;NA;NA;NA;NA;NA","null","null",FALSE,TRUE,"Indole-3-acetic acid derivatives","Indoles and derivatives","Indolyl carboxylic acids and derivatives"
"Indoleacrylic acid","3186_pos","Indoleacrylic acid",0.49,664.87,NA,"Indole-3-Methyl Acetate","null","Indoleacrylic acid;6-Fluoropyridoxol","","HMDB0000734;HMDB0247065","132244;NA","5375048;6852038","NA;NA","null","null",TRUE,TRUE,"Indoles","Indoles and derivatives","Indoles"
"Indolelactic acid","3867_neg","Indolelactic acid",0.87,556.13,NA,"5-Methoxyindoleacetate","null","Indolelactic acid;5-Methoxyindoleacetate;Cinnamoylglycine;3-Indolehydracrylic acid;5-Ethyl-5-phenyl-1,3-oxazolidine-2,4-dione","C02043;C05660","HMDB0000671;HMDB0004096;HMDB0011621;HMDB0059765;HMDB0246785","NA;28281;68616;89877;NA","676157;18986;709625;69733299;115735","NA;46224;NA;NA;NA","null","null",TRUE,TRUE,"Indolyl carboxylic acids and derivatives","Indoles and derivatives","Indolyl carboxylic acids and derivatives"
"Indoline","640_pos","Indoline",0.87,381.49,NA,"Unknown","null","Indoline;Isoindoline","","HMDB0253472;HMDB0253648","43295;NA","10328;422478","NA;NA","null","null",TRUE,TRUE,"Indolines","Indoles and derivatives","Indolines"
"Indolylmethyl glucosinolate","15280_neg","Indolylmethyl glucosinolate",0.02,310951.3,"Alkylglucosinolates","no MS2: Indolylmethyl glucosinolate; LC-ESI-ITFT; MS2; HCD; CE 65.0 eV; [M-H]-","C16H20N2O9S2",NA,NA,NA,NA,NA,NA,"DNDNWOWHUWNBCK-LDADJPATNA-N","OCC1OC(S\C(CC2=CNC3=CC=CC=C23)=N\OS(O)(=O)=O)C(O)C(O)C1O",TRUE,TRUE,NA,NA,NA
"Indoxyl glucuronide","8907_neg","Indoxyl glucuronide",0.62,451.76,NA,"Unknown","null","Indoxyl glucuronide","","HMDB0010319","145223","2733785","NA","null","null",FALSE,TRUE,"O-glucuronides","Organooxygen compounds","Carbohydrates and carbohydrate conjugates"
"Indoxyl sulfate","4244_neg","Indoxyl sulfate",0.91,27626.33,NA,"Indoxyl Sulfate","null","Indoxyl sulfate;6-Hydroxyindole sulfate;7-Hydroxyindole sulfate","","HMDB0000682;HMDB0240651;HMDB0240659","43355;133568;NA","10258;122198196;NA","NA;NA;NA","null","null",TRUE,TRUE,"Arylsulfates","Organic sulfuric acids and derivatives","Arylsulfates"
"Inosine","6902_neg","Inosine",0.53,62.35,"Purine nucleosides","no MS2: Inosine; LC-ESI-ITFT; MS2; m/z","C10H12N4O5","Inosine;Allopurinol riboside;Arabinosylhypoxanthine;Ara-HX;Formycin b;Fructose lactate;galactose lactate","C00294","HMDB0000195;HMDB0000481;HMDB0003040;HMDB0247301;HMDB0252449;HMDB0252491;HMDB0252580","17596;74074;705435;NA;NA;NA;NA","6021;5273534;46874582;804;3411;NA;NA","34525;NA;NA;NA;NA;NA;NA","UGQMRVRMYYASKQ-KQYNXXCUSA-N","OC[C@H]1O[C@H]([C@H](O)[C@@H]1O)N1C=NC2=C1N=CN=C2O",TRUE,TRUE,"Purine nucleosides","Purine nucleosides",NA
"Inosinic acid","10649_neg","Inosinic acid",0.04,120.45,NA,"Inosinic Acid","null","Inosinic acid;Glucose-6-phosphate lactate;[(2R,5R)-3,4-Dihydroxy-5-(6-oxo-1H-purin-9-yl)oxolan-2-yl]methyl dihydrogen phosphate","C00130","HMDB0000175;HMDB0252789;HMDB0257686","17202;NA;NA","8582;NA;135402036","33960;NA;NA","null","null",TRUE,TRUE,"Purine ribonucleoside monophosphates","Purine nucleotides","Purine ribonucleotides"
"Integerrimine","10103_neg","Integerrimine",0.42,344.75,NA,"Unknown","null","Integerrimine;Alkaloid A","","HMDB0242680;HMDB0248146","NA;NA","254855;522876","NA;NA","null","null",FALSE,TRUE,"Macrolides and analogues","Macrolides and analogues",NA
"Iobenguane","7226_neg","Iobenguane",0.24,14.08,NA,"Unknown","null","Iobenguane;Iodobenzylguanidine","","HMDB0253507;HMDB0253522","NA;NA","60860;19830541","NA;NA","null","null",FALSE,TRUE,"Iodobenzenes","Benzene and substituted derivatives","Halobenzenes"
"Iodinated glycerol","6700_pos","Iodinated glycerol",0.09,350585.8,NA,"Unknown","null","Iodinated glycerol","","HMDB0253512","NA","NA","NA","null","null",FALSE,TRUE,"1,3-dioxolanes","Dioxolanes","1,3-dioxolanes"
"Iolopride","13312_neg","Iolopride",0.07,274906.2,NA,"Unknown","null","Iolopride","","HMDB0253338","NA","5120","NA","null","null",FALSE,TRUE,"Salicylamides","Benzene and substituted derivatives","Benzoic acids and derivatives"
"Ipsapirone","13165_neg","Ipsapirone",0.33,26418.6,NA,"Unknown","null","Ipsapirone;Zabofloxacin","","HMDB0253573;HMDB0259980","NA;NA","56971;NA","NA;NA","null","null",FALSE,TRUE,"N-arylpiperazines","Diazinanes","Piperazines"
"Isobutyramide","22_pos","Isobutyramide",0.44,51.58,NA,"Unknown","null","Isobutyramide;N,N-DIMETHYLACETAMIDE","C20339","HMDB0253614;HMDB0255258","NA;84254","NA;31374","NA;NA","null","null",FALSE,TRUE,"Primary carboxylic acid amides","Carboxylic acids and derivatives","Carboxylic acid derivatives"
"Isobutyrylglycine","1422_neg","Isobutyrylglycine",0.93,2568.79,NA,"4-ACETAMIDOBUTANOATE","null","Isobutyrylglycine;N-Butyrylglycine;Allysine;4-Acetamidobutanoic acid;N-Propionylalanine;methyl 2-amino-4-oxopentanoate;But-2-en-2-yl 2-aminoethaneperoxoate;Amino 6-oxohexanoate","C04076;C02946","HMDB0000730;HMDB0000808;HMDB0001263;HMDB0003681;HMDB0094698;HMDB0254565;HMDB0257836;HMDB0258069","70979;89963;17917;17645;NA;NA;NA;NA","10855600;88412;160603;18189;22788191;16052023;87435891;56609415","NA;NA;NA;1446095;NA;NA;NA;NA","null","null",TRUE,TRUE,"N-acyl-alpha amino acids","Carboxylic acids and derivatives","Amino acids, peptides, and analogues"
"Isoflupredone acetate","14567_pos","Isoflupredone acetate",0.33,6.06,NA,"Unknown","null","Isoflupredone acetate","","HMDB0253640","NA","499988","NA","null","null",FALSE,TRUE,"Gluco/mineralocorticoids, progestogins and derivatives","Steroids and steroid derivatives","Pregnane steroids"
"Isoleucyl-isoleucine","6031_pos","Isoleucyl-isoleucine",0.38,29.49,NA,"Unknown","null","Isoleucyl-Isoleucine;Isoleucyl-Leucine;Leucyl-Isoleucine;Leucylleucine;epsilon-(Hexanoyl)lysine;(2S)-6-Amino-2-(hexanoylamino)hexanoic Acid;Hexanoyllysine;Leucyl-leucine","C11332;C11332","HMDB0028910;HMDB0028911;HMDB0028932;HMDB0028933;HMDB0251888;HMDB0253148;HMDB0253149;HMDB0254039","NA;NA;NA;73531;NA;NA;NA;6418","13879965;13817313;435718;94244;19388306;22722102;76128638;94244","NA;NA;NA;NA;NA;NA;NA;NA","null","null",FALSE,TRUE,NA,NA,NA
"Isoleucyl-serine","4688_pos","Isoleucyl-serine",0.84,58.24,"Carbamate esters","no MS2: Meprobamate; LC-ESI-QTOF; MS2; CE","C9H18N2O4","Isoleucyl-Serine;Leucyl-Serine;Serylisoleucine;Serylleucine;Threonylvaline;Valylthreonine;(2R)-2-Amino-2-[[(1S)-1-carboxyethyl]amino]-4-methylpentanoic acid;N(6)-(1-Carboxyethyl)-L-lysine;Carboxyethyllysine;epsilon-(Carboxyethyl)lysine;1,3-Propanediol, 2,2-diethyl-, dicarbamate;N(epsilon)-(carboxyethyl)lysine;Ser-Leu","","HMDB0028916;HMDB0028938;HMDB0029042;HMDB0029043;HMDB0029074;HMDB0029137;HMDB0242765;HMDB0243495;HMDB0249659;HMDB0251886;HMDB0254691;HMDB0255289;HMDB0258242","NA;NA;90326;74815;90328;NA;NA;NA;NA;NA;NA;61063;NA","14426033;3621685;71429009;7015694;7020901;NA;76082687;22283604;22483881;NA;80111;49852413;NA","NA;NA;NA;NA;NA;NA;NA;NA;NA;NA;NA;NA;NA","NPPQSCRMBWNHMW-UHFFFAOYSA-N","CCCC(C)(COC(O)=N)COC(O)=N",TRUE,TRUE,NA,NA,NA
"Isoleucyl-threonine","5399_pos","Isoleucyl-threonine",0.64,12716.33,NA,"Unknown","null","Isoleucyl-Threonine;Leucyl-Threonine;Threonylisoleucine;Threonylleucine;Thr-Leu","","HMDB0028917;HMDB0028939;HMDB0029064;HMDB0029065;HMDB0259044","NA;NA;141446;74860;NA","18218220;18218222;57281443;7021827;NA","NA;NA;NA;NA;NA","null","null",FALSE,TRUE,NA,NA,NA
"Isoleucyl-tyrosine","8552_pos","Isoleucyl-tyrosine",0.09,12.46,NA,"Unknown","null","Isoleucyl-Tyrosine;Leucyl-Tyrosine;Tyrosyl-Isoleucine;Tyrosyl-Leucine","","HMDB0028919;HMDB0028941;HMDB0029108;HMDB0029109","NA;NA;NA;NA","342468;273262;14282475;4466134","NA;NA;NA;NA","null","null",FALSE,TRUE,NA,NA,NA
"Isoleucyl-valine","5313_pos","Isoleucyl-valine",0.42,469.61,NA,"Unknown","null","Isoleucyl-Valine;Leucyl-Valine;Valylisoleucine;Valylleucine","","HMDB0028920;HMDB0028942;HMDB0029130;HMDB0029131","NA;NA;75012;75013","435949;352038;7010531;6993117","NA;NA;NA;NA","null","null",FALSE,TRUE,NA,NA,NA
"Isoleucylproline","5187_pos","Isoleucylproline",0.87,3395.49,NA,"Unknown","null","Isoleucylproline;Leucylproline;N,N,N-Trimethyl-L-alanyl-L-proline betaine;Pro-leu","","HMDB0011174;HMDB0011175;HMDB0240365;HMDB0253028","74076;73580;NA;NA","444876;80817;134218393;3527720","NA;NA;NA;NA","null","null",TRUE,TRUE,"Dipeptides","Carboxylic acids and derivatives","Amino acids, peptides, and analogues"
"Isoline","12908_neg","Isoline",0.2,687449.6,NA,"Unknown","null","Isoline","","HMDB0253654","NA","53463259","NA","null","null",FALSE,TRUE,"Alkaloids and derivatives",NA,NA
"Isopropyl-beta-d-thiogalactopyranoside","5620_pos","Isopropyl-beta-d-thiogalactopyranoside",0.33,38.36,NA,"3,4,5-Trimethoxycinnamic Acid","null","Isopropyl-beta-D-thiogalactopyranoside","","HMDB0253575","NA","552632","NA","null","null",FALSE,TRUE,NA,NA,NA
"Isoquinolinesulfonamide","4145_pos","Isoquinolinesulfonamide",0.18,13.3,NA,"Unknown","null","Isoquinolinesulfonamide","","HMDB0253686","NA","10104496","NA","null","null",FALSE,TRUE,"Isoquinolines and derivatives","Isoquinolines and derivatives",NA
"Isovaleraldehyde","49_pos","Isovaleraldehyde",0.87,112.27,NA,"Unknown","null","Isovaleraldehyde;Prenol;3-Methyl-3-buten-1-ol;Pentanal;(S)-2-Methylbutanal;(\xc2\xb1)-2-Methylbutanal;(E)-2-Penten-1-ol;1-Penten-3-ol;2-Pentanone;2-Methyltetrahydrofuran;Isopentenol;TETRAHYDROPYRAN","C07329;C01390;C02223;C01949","HMDB0006478;HMDB0030124;HMDB0030126;HMDB0031206;HMDB0031525;HMDB0031526;HMDB0031604;HMDB0031605;HMDB0034235;HMDB0245240;HMDB0253669;HMDB0258904","16638;16019;62898;84069;88414;16182;145352;NA;16472;NA;NA;46941","11552;11173;12988;8063;6971249;7284;5364919;12020;7895;7301;152927;NA","NA;NA;NA;NA;NA;NA;NA;NA;NA;NA;NA;NA","null","null",TRUE,TRUE,"Alpha-hydrogen aldehydes","Organooxygen compounds","Carbonyl compounds"
"Isovaleric acid","241_neg","Isovaleric acid",0.13,43.43,NA,"Unknown","null","Isovaleric acid;Valeric acid;Ethylmethylacetic acid;Ethyl propionate;Isopropyl acetate;Methyl isobutyrate;(S)-2-Methylbutanoic acid;Methyl butyrate;Propyl acetate;Butyl formate;1-Hydroxy-2-pentanone;3-Acetyl-1-propanol;4-Hydroxypentan-2-one;Tert-butyl formate","C08262;C00803;C18319","HMDB0000718;HMDB0000892;HMDB0002176;HMDB0030058;HMDB0031241;HMDB0031249;HMDB0033742;HMDB0033890;HMDB0034237;HMDB0040575;HMDB0059678;HMDB0245797;HMDB0246464;HMDB0258843","28484;17418;37070;41330;1132558;73689;38655;NA;40116;88514;NA;NA;NA;NA","10430;7991;8314;7749;7915;11039;448893;12180;7997;11614;522131;14066;20112;NA","NA;NA;NA;NA;NA;NA;NA;NA;NA;NA;NA;NA;NA;NA","null","null",FALSE,TRUE,"Methyl-branched fatty acids","Fatty acyls","Fatty acids and conjugates"
"Isovalerylurea","1387_pos","Isovalerylurea",0.8,306.2,NA,"Ectoine","null","ISOVALERYLUREA","","HMDB0253706","NA","568317","NA","null","null",FALSE,TRUE,NA,NA,NA
"Isoxanthopterin","2673_neg","Isoxanthopterin",0.29,23.92,NA,"Isoxanthopterin","null","Isoxanthopterin;Methyl-N,N-diethylthiocarbamate;XANTHOPTERIN","C03975","HMDB0000704;HMDB0061939;HMDB0259923","16713;NA;NA","10729;10197943;NA","NA;NA;NA","null","null",FALSE,TRUE,"Pterins and derivatives","Pteridines and derivatives","Pterins and derivatives"
"Isoxicam","10091_neg","Isoxicam",0.02,10.48,NA,"Unknown","null","isoxicam;2-Methyl-N-(5-methyl-3-isoxazolyl)-1,1,4-trioxo-3H-1$l^{6},2-benzothiazine-3-carboxamide","","HMDB0253714;HMDB0257580","76163;NA","NA;NA","NA;NA","null","null",FALSE,TRUE,NA,NA,NA
"Israpafant","16873_neg","Israpafant",0.04,71168.2,NA,"Unknown","null","Israpafant","","HMDB0253717","NA","119175","NA","null","null",TRUE,TRUE,"Thienodiazepines","Thienodiazepines",NA
"Jasmonic acid methyl ester","4815_neg","Jasmonic acid methyl ester",0.07,45.41,"Jasmonic acids","no MS2: Methyl Jasmonic acid; LC-ESI-QTOF; MS2; CE","C13H20O3","Jasmonic acid methyl ester","","HMDB0253727","NA","62388","NA","GEWDNTWNSAZUDX-WQMVXFAESA-N","CC\C=C/C[C@@H]1[C@@H](CC(=O)OC)CCC1=O",FALSE,TRUE,"Jasmonic acids","Fatty acyls","Lineolic acids and derivatives"
"Kainic acid","4413_pos","Kainic acid",0.42,236.03,NA,"Unknown","null","kainic acid;4-(1-Hydroxy-2-methoxyethyl)-5-(hydroxymethyl)-2-methylpyridin-3-ol","","HMDB0253757;HMDB0260272","NA;NA","3816;91509235","NA;NA","null","null",FALSE,TRUE,NA,NA,NA
"Keto-3-deoxy-d-manno-octulosonic acid","5493_neg","Keto-3-deoxy-d-manno-octulosonic acid",0.22,19.28,NA,"Unknown","null","Keto-3-deoxy-D-manno-octulosonic acid;Acefylline;2-Keto-3-Deoxy-D-Mannooctanoic Acid;Furapyrimidone;Rufinamide","C01187","HMDB0244292;HMDB0247895;HMDB0250768;HMDB0252532;HMDB0257362","NA;NA;NA;NA;NA","817;69550;4636210;114738;NA","NA;NA;NA;NA;NA","null","null",TRUE,TRUE,NA,NA,NA
"Ketoace","14657_pos","Ketoace",0.38,11.81,NA,"Unknown","null","Ketoace","","HMDB0253787","NA","335542","NA","null","null",FALSE,TRUE,"N-acyl-alpha amino acids","Carboxylic acids and derivatives","Amino acids, peptides, and analogues"
"Ketoprofen","6235_neg","Ketoprofen",0.4,10.65,"Benzophenones","no MS2: Ketoprofen; LC-ESI-ITFT; MS2; CE","C16H14O3","Ketoprofen;Butanoic acid, [(diethoxyphosphinyl)oxy]methyl ester;Fenbufen","C01716","HMDB0015144;HMDB0245609;HMDB0252193","6128;NA;31599","3825;9837935;3335","NA;NA;NA","DKYWVDODHFEZIM-UHFFFAOYNA-N","CC(C(O)=O)C1=CC(=CC=C1)C(=O)C1=CC=CC=C1",FALSE,TRUE,"Benzophenones","Benzene and substituted derivatives","Benzophenones"
"Khellin","6543_neg","Khellin",0.02,4.5,NA,"Unknown","null","Khellin","C09010","HMDB0253797","6133","3828","NA","null","null",FALSE,TRUE,"Furanochromones","Benzopyrans","1-benzopyrans"
"Kinetin riboside","11215_pos","Kinetin riboside",0.24,226.58,NA,"Unknown","null","Kinetin riboside","","HMDB0253801","NA","NA","NA","null","null",FALSE,TRUE,NA,NA,NA
"Kresoxim-methyl","9529_pos","Kresoxim-methyl",0.04,3.02,"Phenol ethers","no MS2: Kresoxim-methyl; LC-ESI-ITFT; MS2; CE","C18H19NO4",NA,NA,NA,NA,NA,NA,"ZOTBXTZVPHCKPN-HTXNQAPBSA-N","CO\N=C(\C(=O)OC)C1=CC=CC=C1COC1=CC=CC=C1C",FALSE,TRUE,NA,NA,NA
"Kynurenic acid","3101_neg","Kynurenic acid",0.82,470.98,"Quinoline carboxylic acids","no MS2: Kynurenic acid; LC-ESI-QTOF; MS2; CE","C10H7NO3","Kynurenic acid;2-Hydroxyquinoline-3-carboxylic acid;4-Oxo-1,4-dihydroquinoline-3-carboxylic acid;alpha-Cyano-4-hydroxycinnamate","C01717","HMDB0000715;HMDB0245167;HMDB0246559;HMDB0248196","18344;NA;NA;NA","3845;332488;220875;2102","38234;NA;NA;NA","HCZHHEIFKROPDY-UHFFFAOYSA-N","OC(=O)C1=CC(=O)C2=CC=CC=C2N1",TRUE,TRUE,"Quinoline carboxylic acids","Quinolines and derivatives","Quinoline carboxylic acids"
"Kyotorphin","10730_pos","Kyotorphin",0.51,17738.24,NA,"Unknown","null","Kyotorphin;Arginyltyrosine","C02993","HMDB0005768;HMDB0028721","17537;73822","123804;7021456","NA;NA","null","null",FALSE,TRUE,"Peptides","Carboxylic acids and derivatives","Amino acids, peptides, and analogues"
"L-3-(3-hydroxy-4-pivaloyloxyphenyl)alanine","7542_neg","L-3-(3-hydroxy-4-pivaloyloxyphenyl)alanine",0.33,445122.9,NA,"Unknown","null","L-3-(3-Hydroxy-4-pivaloyloxyphenyl)alanine;Northiaden;Sanfetrinem","","HMDB0255476;HMDB0255753;HMDB0257478","NA;NA;NA","14756452;13304;6426700","NA;NA;NA","null","null",FALSE,TRUE,NA,NA,NA
"L-alanine-4-nitroanilide","4210_pos","L-alanine-4-nitroanilide",0.42,988.53,NA,"Unknown","null","L-Alanine-4-nitroanilide;""2',3'-Didehydro-2',3'-dideoxycytidine""","","HMDB0244748;HMDB0245545","NA;NA","541605;356055","NA;NA","null","null",FALSE,TRUE,NA,NA,NA
"L-allothreonine","634_pos","L-allothreonine",0.87,1286.44,NA,"L-ALLOTHREONINE","null",NA,NA,NA,NA,NA,NA,"null","null",TRUE,TRUE,NA,NA,NA
"L-arginine","2694_pos","L-arginine",0.96,5604.51,"L-alpha-amino acids","no MS2: Arginine; LC-ESI-QTOF; MS2; CE","C6H14N4O2","L-Arginine;Adipic dihydrazide;DL-Arginine;2-Amino-4-[carbamimidoyl(methyl)amino]butanoic acid","C00062;C02385","HMDB0000517;HMDB0248014;HMDB0251511;HMDB0255374","16467;NA;29016;NA","6322;NA;232;91104386","33707;NA;NA;NA","ODKSFYDXXFIFQN-UHFFFAOYNA-N","NC(CCCNC(N)=N)C(O)=O",TRUE,TRUE,NA,NA,NA
"L-ascorbic acid 2-glucoside","10222_neg","L-ascorbic acid 2-glucoside",0.4,8.94,NA,"Unknown","null","L-Ascorbic acid 2-glucoside;(5R)-5-[(1S)-1,2-Dihydroxyethyl]-3-[(2R,3R,4S,5S,6R)-3,4,5-trihydroxy-6-(hydroxymethyl)oxan-2-yl]oxyoxolane-2,4-dione","","HMDB0253873;HMDB0260164","NA;NA","54725703;74959682","NA;NA","null","null",FALSE,TRUE,NA,NA,NA
"L-aspartate","1130_pos","L-aspartate",0.56,107.03,NA,"L-ASPARTATE","null",NA,NA,NA,NA,NA,NA,"null","null",TRUE,TRUE,NA,NA,NA
"L-aspartic acid","1022_neg","L-aspartic acid",0.87,132.81,NA,"D-ASPARTATE","null","L-Aspartic acid;D-Aspartic acid;Iminodiacetic acid","C00049;C00402;C19911","HMDB0000191;HMDB0006483;HMDB0011753","17053;17364;24786","5960;83887;8897","33663;34874;NA","null","null",TRUE,TRUE,NA,NA,NA
"L-aspartyl-4-phosphate","4385_pos","L-aspartyl-4-phosphate",0.49,662.45,NA,"Unknown","null","L-Aspartyl-4-phosphate;1,3,5-Trinitrobenzene","C03082","HMDB0012250;HMDB0244187","15836;48113","152441;7434","NA;NA","null","null",FALSE,TRUE,NA,NA,NA
"L-beta-homotyrosine","3561_pos","L-beta-homotyrosine",0.4,74.28,"Beta amino acids and derivatives","no MS2: L-beta-Homotyrosine; LC-ESI-QTOF; MS2; CE","C10H13NO3",NA,NA,NA,NA,NA,NA,"VUNPIAMEJXBAFP-MRVPVSSYSA-N","N[C@@H](CC(O)=O)CC1=CC=C(O)C=C1",FALSE,TRUE,NA,NA,NA
"L-citrulline","2735_pos","L-citrulline",0.87,2933.28,NA,"L-Citrulline","null",NA,NA,NA,NA,NA,NA,"null","null",TRUE,TRUE,NA,NA,NA
"L-cystathionine","4702_neg","L-cystathionine",0.87,27.37,"L-cysteine-S-conjugates","no MS2: L(+)-Cystathionine; LC-ESI-QTOF; MS2; CE","C7H14N2O4S","L-Cystathionine;1-Methylanthraquinone;4-Phenylcoumarin;Acetamiprid;Aldoxycarb;anthracene-9-carboxylic acid;Aurone;Isoflavone","C02291;C13699;C00799","HMDB0000099;HMDB0243936;HMDB0246573;HMDB0247906;HMDB0248127;HMDB0248461;HMDB0248733;HMDB0253637","17482;NA;71972;39163;NA;34507;NA;18220","439258;70379;613729;213021;15438;2201;613552;72304","39523;NA;NA;NA;NA;NA;NA;NA","ILRYLPWNYFXEMH-WHFBIAKZSA-N","N[C@@H](CCSC[C@H](N)C(O)=O)C(O)=O",TRUE,TRUE,NA,NA,NA
"L-cysteine","624_pos","L-cysteine",0.6,17.43,NA,"Cysteine","null","L-Cysteine;D-Cysteine;DL-Cysteine","C00097;C00793;C00736","HMDB0000574;HMDB0003417;HMDB0251515","17561;16375;15356","5862;92851;594","33843;NA;NA","null","null",FALSE,TRUE,NA,NA,NA
"L-cysteinylglycine disulfide","8680_pos","L-cysteinylglycine disulfide",0.44,35.47,NA,"Unknown","null","L-Cysteinylglycine disulfide;Cystinylglycine","","HMDB0000709;HMDB0250715","89930;NA","22833544;20849033","NA;NA","null","null",FALSE,TRUE,NA,NA,NA
"L-cystine","5798_pos","L-cystine",0.87,834.28,NA,"Cystine","null","L-Cystine;Cystine","C00491;C01420","HMDB0000192;HMDB0250712","16283;17376","67678;595","35134;NA","null","null",TRUE,TRUE,NA,NA,NA
"L-dopa","3640_pos","L-dopa",0.64,24.19,"Tyrosine and derivatives","no MS2: DOPA; LC-ESI-ITFT; MS2; m/z","C9H11NO4","L-Dopa;DL-Dopa","C00355","HMDB0000181;HMDB0000609","15765;49168","6047;NA","34719;NA","WTDRDQBEARUVNC-LURJTMIESA-N","N[C@@H](CC1=CC(O)=C(O)C=C1)C(O)=O",TRUE,TRUE,NA,NA,NA
"L-felinine","4107_pos","L-felinine",0.31,65.96,NA,"Unknown","null","l-Felinine;N-Cyclohexyltaurine","","HMDB0245004;HMDB0255106","NA;44302","534472;66898","NA;NA","null","null",FALSE,TRUE,NA,NA,NA
"L-fucose","2078_neg","L-fucose",0.87,1120.26,NA,"6-DEOXY-L-GALACTOSE","null","L-Fucose;Rhamnose;1,5-Anhydrosorbitol;L-Rhamnulose;D-Fucose;(2R,3R,4S,5S)-2,3,4,5-Tetrahydroxyhexanal;(2R,4S,5R)-2,4,5,6-Tetrahydroxyhexanal;(2R,4R,5R)-1,2,4,5-Tetrahydroxyhexan-3-one;(14C)-Deoxyglucose;1,5-Anhydro-d-mannitol;2,5-Anhydro-D-mannitol;D-Quinovose;Glycerol monolactate;Sorbitan","C01019;C00507;C07326;C00861;C01018","HMDB0000174;HMDB0000849;HMDB0002712;HMDB0010207;HMDB0029196;HMDB0242511;HMDB0242540;HMDB0242766;HMDB0243560;HMDB0244228;HMDB0245489;HMDB0247051;HMDB0252842;HMDB0258390","42548;62346;16070;NA;42564;NA;NA;NA;NA;144042;NA;NA;NA;NA","439554;25310;64960;15559441;444200;220001;4377708;53938385;78410001;219984;1494;840;95467;552087","NA;NA;NA;NA;NA;NA;NA;NA;NA;NA;NA;NA;NA;NA","null","null",TRUE,TRUE,NA,NA,NA
"L-glutamic acid","1494_neg","L-glutamic acid",0.87,2976.72,NA,"N-Acetylserine","null","L-Glutamic acid;N-Acetylserine;O-Acetylserine;D-Glutamic acid;DL-Glutamate;5-Hydroxy-4-oxo-L-norvaline;Alanine acetate;N-Methyl-DL-aspartic acid","C00025;C00979;C00217;C00302","HMDB0000148;HMDB0002931;HMDB0003011;HMDB0003339;HMDB0060475;HMDB0246802;HMDB0248101;HMDB0255174","16015;45441;17981;15966;18237;NA;NA;NA","33032;65249;99478;23327;611;10219513;129664900;4376","NA;NA;NA;NA;NA;NA;NA;NA","null","null",TRUE,TRUE,NA,NA,NA
"L-glutamine","1467_neg","L-glutamine",0.87,2617.4,NA,"L-GLUTAMINE","null","L-Glutamine;Ureidoisobutyric acid;D-Glutamine;Alanylglycine;Cyclic Urea;Glycyl-D-Alanine;Glycylsarcosine","C00064;C05100;C00819","HMDB0000641;HMDB0002031;HMDB0003423;HMDB0006899;HMDB0250626;HMDB0252875;HMDB0252887","18050;NA;17061;73757;NA;NA;155838","5961;88558720;145815;6998028;71482479;NA;93131","33714;NA;NA;NA;NA;NA;NA","null","null",TRUE,TRUE,NA,NA,NA
"L-histidine","1751_neg","L-histidine",0.87,483.32,"Histidine and derivatives","no MS2: L-Histidine; LC-ESI-ITFT; MS2; m/z","C6H9N3O2","L-Histidine;D-Histidine","C00135;C00768","HMDB0000177;HMDB0250763","15971;27570","6274;773","33985;NA","HNDVDQJCIGZPNO-YFKPBYRVSA-N","N[C@@H](CC1=CN=CN1)C(O)=O",TRUE,TRUE,NA,NA,NA
"L-homoserine","636_pos","L-homoserine",0.38,71.65,NA,"L-Homoserine","null",NA,NA,NA,NA,NA,NA,"null","null",TRUE,TRUE,NA,NA,NA
"L-isoleucine","960_pos","L-isoleucine",0.87,1409.26,NA,"Pipecolic Acid","null","L-Isoleucine;L-Alloisoleucine;L-Leucine;L-Norleucine;Aminocaproic acid;Beta-Leucine;(\xc2\xb1)-erythro-Isoleucine;Alanine betaine;3-Amino-4-methylpentanoic acid;DL-Norleucine;L-Valine, methyl ester;1-Hydroxy-5,5-dimethylpyrrolidin-2-ol","C00407;C00123;C01933;C02378;C02486;C16434","HMDB0000172;HMDB0000557;HMDB0000687;HMDB0001645;HMDB0001901;HMDB0003640;HMDB0033923;HMDB0240479;HMDB0245808;HMDB0251526;HMDB0253926;HMDB0257628","17191;43433;15603;18347;16586;86261;38264;NA;72772;36405;NA;NA","6306;99288;6106;21236;564;439734;NA;NA;193411;9475;409683;115178","34887;NA;33942;NA;NA;NA;NA;NA;NA;NA;NA;NA","null","null",TRUE,TRUE,NA,NA,NA
"L-lactic acid","47_neg","L-lactic acid",0.93,3544.3,NA,"(S)-LACTATE","null","L-Lactic acid;Hydroxypropionic acid;Glyceraldehyde;D-Lactic acid;Dihydroxyacetone;1,2,4-Trioxane;1,3,5-Trioxane;Methyl ethaneperoxoate","C00186;C01013;C02154;C00256;C00184","HMDB0000190;HMDB0000700;HMDB0001051;HMDB0001311;HMDB0001882;HMDB0244144;HMDB0244188;HMDB0244711","422;33404;5445;42111;16016;NA;38043;NA","107689;68152;751;61503;670;21584057;8081;14202767","34179;53188;NA;34414;34170;NA;NA;NA","null","null",TRUE,TRUE,NA,NA,NA
"L-methionine","1674_pos","L-methionine",0.87,2623.58,"Methionine and derivatives","no MS2: Methionine; LC-ESI-QTOF; MS2; CE","C5H11NO2S","L-Methionine;Ethyl 2-amino-3-sulfanylpropanoate;S-Ethyl-L-cysteine","C00073","HMDB0000696;HMDB0252040;HMDB0257396","16643;NA;NA","6137;3297;30993","33753;NA;NA","FFEARJCKVFRZRR-UHFFFAOYNA-N","CSCCC(N)C(O)=O",TRUE,TRUE,NA,NA,NA
"L-phenylalanine","2114_neg","L-phenylalanine",0.87,631.61,"Phenylalanine and derivatives","no MS2: L-(-)-Phenylalanine; LC-ESI-ITFT; MS2; m/z","C9H11NO2","L-Phenylalanine;1-Isopropyl-4-nitrobenzene;(3,5-Dimethylphenyl)carbamic acid;2-Amino-3-(4-hydroxyphenyl)propanal;Ethenzamide;4-(Dimethylamino)benzoic acid;4-Ethoxybenzamide;D-Phenyl alanine;D-Phenylalanine;Ethyl 3-aminobenzoate;N-(4-Methoxyphenyl)acetamide;Phenyl-Alanine","C00079;C02057;C18090","HMDB0000159;HMDB0243912;HMDB0244732;HMDB0244978;HMDB0245110;HMDB0246304;HMDB0246418;HMDB0250790;HMDB0250791;HMDB0252029;HMDB0255013;HMDB0256428","17295;NA;NA;NA;NA;NA;NA;NA;28044;81494;139354;NA","6140;15749;19013003;3386234;3282;NA;108776;19819527;NA;11400;5827;NA","33775;NA;NA;NA;NA;NA;NA;NA;NA;NA;NA;NA","COLNVLDHVKWLRT-QMMMGPOBSA-N","N[C@@H](CC1=CC=CC=C1)C(O)=O",TRUE,TRUE,NA,NA,NA
"L-prolinamide, glycyl-l-prolyl-l-arginyl-","14248_neg","L-prolinamide, glycyl-l-prolyl-l-arginyl-",0.16,614284.6,NA,"Unknown","null","L-Prolinamide, glycyl-L-prolyl-L-arginyl-;Metapro","","HMDB0253912;HMDB0256718","NA;NA","3884696;22016536","NA;NA","null","null",FALSE,TRUE,NA,NA,NA
"L-proline","483_neg","L-proline",0.82,311.16,NA,"3,4-Dehydroproline","null","L-Proline;D-Proline;5-(Hydroxymethyl)pyrrolidin-2-one;5-Hydroxy-1-methylpyrrolidin-2-one;DL-Allylglycine;DL-Proline;N-(2-Hydroxyethyl)acrylamide;N-Allylglycine","C00148;C00763;C16435","HMDB0000162;HMDB0003411;HMDB0246731;HMDB0246801;HMDB0251510;HMDB0251528;HMDB0254987;HMDB0255080","17203;16313;NA;NA;NA;26271;NA;NA","145742;8988;558359;6426685;NA;614;193628;76651","34042;35916;NA;NA;NA;NA;NA;NA","null","null",TRUE,TRUE,NA,NA,NA
"L-proline, 1-(2-methyl-3-(methylthio)-1-oxopropyl)-, (s)-","5332_pos","L-proline, 1-(2-methyl-3-(methylthio)-1-oxopropyl)-, (s)-",0.29,1.77,NA,"Unknown","null","L-Proline, 1-(2-methyl-3-(methylthio)-1-oxopropyl)-, (S)-","","HMDB0257407","143340","21355178","NA","null","null",FALSE,TRUE,NA,NA,NA
"L-serine","335_pos","L-serine",0.87,236.57,NA,"L-SERINE","null",NA,NA,NA,NA,NA,NA,"null","null",TRUE,TRUE,NA,NA,NA
"L-threonine","599_neg","L-threonine",0.84,601.69,NA,"L-THREONINE","null","L-Threonine;L-Homoserine;L-Allothreonine;4-Amino-3-hydroxybutyrate;Serine methyl ester;D-beta-Homoserine;D-Threonine","C00188;C00263;C05519;C03678","HMDB0000167;HMDB0000719;HMDB0004041;HMDB0061877;HMDB0245730;HMDB0250739;HMDB0250801","16857;15699;28718;16080;NA;NA;38263","6288;12647;99289;2149;416960;193314;205","34186;34437;NA;NA;NA;NA;NA","null","null",TRUE,TRUE,NA,NA,NA
"L-tryptophan","3811_neg","L-tryptophan",0.84,685.74,"Indolyl carboxylic acids and derivatives","no MS2: Tryptophan; LC-ESI-ITFT; MS2; HCD; CE 15.0 eV; [M-H]-","C11H12N2O2","L-Tryptophan;D-Tryptophan;(\xc2\xb1)-Tryptophan;3h-Indole-3-propanoic acid,a-amino-;Idazoxan","C00078;C00525;C00806;C10968","HMDB0000929;HMDB0013609;HMDB0030396;HMDB0246269;HMDB0253375","16828;16296;27897;NA;5862","6305;9060;1148;12998164;54459","33772;NA;NA;NA;NA","QIVBCDIJIAJPQS-UHFFFAOYNA-N","NC(CC1=CNC2=CC=CC=C12)C(O)=O",TRUE,TRUE,NA,NA,NA
"L-tyrosine","2762_neg","L-tyrosine",0.87,808.23,"Tyrosine and derivatives","no MS2: L-Tyrosine; LC-ESI-ITFT; MS2; m/z","C9H11NO3","L-Tyrosine;o-Tyrosine;2-Amino-3-hydroxy-3-phenylpropanoic acid;D-Tyrosine","C00082;C01536","HMDB0000158;HMDB0006050;HMDB0244981;HMDB0250803","17895;91038;NA;18186","6057;91482;94134;1153","33785;NA;NA;NA","OUYCCCASQSFEME-QMMMGPOBSA-N","N[C@@H](CC1=CC=C(O)C=C1)C(O)=O",TRUE,TRUE,NA,NA,NA
"L-valine","523_pos","L-valine",0.91,8636.2,NA,"Proline","null","L-Valine;5-Aminopentanoic acid;Norvaline;3-Amino-2,2-dimethylpropanoic acid;3-Amino-3-methylbutanoic acid;D-Valine;DL-Norvaline;Tert-Butyl carbamate","C00183;C00431;C01799;C16436","HMDB0000883;HMDB0003355;HMDB0013716;HMDB0245805;HMDB0245806;HMDB0250806;HMDB0251527;HMDB0258841","16414;15887;28804;NA;NA;27266;19475;NA","6287;138;439575;95739;2760933;1182;NA;NA","34167;NA;NA;NA;NA;NA;NA;NA","null","null",TRUE,TRUE,NA,NA,NA
"Laccer(d18:1/16:0)","25003_pos","Laccer(d18:1/16:0)",0.09,229331.1,NA,"Unknown","null","LacCer(d18:1/16:0)","C01290","HMDB0006750","84758","53477895","NA","null","null",TRUE,TRUE,NA,NA,NA
"Lactobionic acid","11123_neg","Lactobionic acid",0.47,7.81,NA,"Unknown","null","Lactobionic acid;Sucrose alcohol","","HMDB0253945;HMDB0258549","NA;NA","60793;76411458","NA;NA","null","null",TRUE,TRUE,"Fatty acyl glycosides of mono- and disaccharides","Fatty acyls","Fatty acyl glycosides"
"Lactose-lysine","16194_neg","Lactose-lysine",0.27,10399.86,NA,"Unknown","null","Lactose-lysine","","HMDB0253951","NA","3082392","NA","null","null",FALSE,TRUE,"Saccharolipids","Saccharolipids",NA
"Laflunimus","9383_pos","Laflunimus",0.04,3.15,NA,"Unknown","null","Laflunimus","","HMDB0253954","NA","66583751","NA","null","null",FALSE,TRUE,"Trifluoromethylbenzenes","Benzene and substituted derivatives","Trifluoromethylbenzenes"
"Laniquidar","20020_neg","Laniquidar",0.31,893669.4,NA,"Unknown","null","Laniquidar","","HMDB0253974","NA","NA","NA","null","null",FALSE,TRUE,"Benzazepines","Benzazepines",NA
"Lanthionine","4149_pos","Lanthionine",0.36,18.83,NA,"Unknown","null","Lanthionine;1,2-Anthraquinone;Anthraquinone;DL-Lanthionine;9,10-Phenanthrenequinone","C16207;C03243","HMDB0240656;HMDB0244055;HMDB0248468;HMDB0251521;HMDB0256391","21347;NA;40448;25013;37454","98504;101219;6780;102950;NA","NA;NA;NA;NA;NA","null","null",FALSE,TRUE,"L-cysteine-S-conjugates","Carboxylic acids and derivatives","Amino acids, peptides, and analogues"
"Lanthionine ketimine","3096_neg","Lanthionine ketimine",0.44,323.37,NA,"Unknown","null","Lanthionine ketimine;2-aminophenol sulphate","","HMDB0004823;HMDB0061116","89479;133186","134340;181670","NA;NA","null","null",FALSE,TRUE,"Alpha amino acids and derivatives","Carboxylic acids and derivatives","Amino acids, peptides, and analogues"
"Latrunculin a","14098_neg","Latrunculin a",0.33,163475.3,NA,"Unknown","null","latrunculin a","","HMDB0253989","NA","3891","NA","null","null",FALSE,TRUE,NA,NA,NA
"Latrunculin b","13433_pos","Latrunculin b",0.42,65.12,NA,"Unknown","null","latrunculin B","","HMDB0253990","NA","3892","NA","null","null",FALSE,TRUE,NA,NA,NA
"Laudanosine","11712_pos","Laudanosine",0.6,115.28,"Benzylisoquinolines","no MS2: Laudanosine; LC-ESI-QTOF; MS2; CE","C21H27NO4",NA,NA,NA,NA,NA,NA,"KGPAYJZAMGEDIQ-UHFFFAOYNA-N","COC1=C(OC)C=C(CC2N(C)CCC3=CC(OC)=C(OC)C=C23)C=C1",TRUE,TRUE,NA,NA,NA
"Lavendustin a","12820_pos","Lavendustin a",0.42,15.82,NA,"Unknown","null","Lavendustin A","","HMDB0253995","NA","3894","NA","null","null",FALSE,TRUE,NA,NA,NA
"Lead","3996_neg","Lead",0.29,7.69,NA,"Unknown","null","Lead","C12144","HMDB0004628","46961","122121","NA","null","null",FALSE,TRUE,"1,3-aminoalcohols","Organonitrogen compounds","Amines"
"Lemborexant","14120_pos","Lemborexant",0.24,19.84,NA,"Unknown","null","Lemborexant","","HMDB0254004","NA","76469283","NA","null","null",FALSE,TRUE,"N-arylamides","Organonitrogen compounds","N-arylamides"
"Leptin f","10858_neg","Leptin f",0.22,23.09,NA,"Unknown","null","Leptin F;""2,3-Dimethoxy-5-methyl-6-(9'-carboxynonyl)-1,4-benzoquinone""","","HMDB0254016;HMDB0258087","NA;NA","15383040;10020898","NA;NA","null","null",FALSE,TRUE,NA,NA,NA
"Leu-leu-leu","11073_neg","Leu-leu-leu",0.22,593787.7,NA,"Unknown","null","Leu-Leu-Leu","","HMDB0094648","NA","259327","NA","null","null",FALSE,TRUE,NA,NA,NA
"Leucomethylene blue","8097_pos","Leucomethylene blue",0.87,220637.3,NA,"Unknown","null","Leucomethylene blue;Prothipendyl","C05721","HMDB0254034;HMDB0256870","134180;NA","NA;NA","NA;NA","null","null",TRUE,TRUE,"Phenothiazines","Benzothiazines","Phenothiazines"
"Leucylphenylalanine","7782_pos","Leucylphenylalanine",0.18,24.82,NA,"Unknown","null","Leucylphenylalanine;Isoleucyl-Phenylalanine;Phenylalanylisoleucine;3-Methoxy-4-[2-(4-methylpiperazin-1-yl)ethoxy]benzaldehyde;Phenylalanylleucine","","HMDB0013243;HMDB0028914;HMDB0028998;HMDB0245918;HMDB0253025","73585;NA;74717;NA;NA","6992309;435728;7010565;6504234;4078229","NA;NA;NA;NA;NA","null","null",FALSE,TRUE,"Dipeptides","Carboxylic acids and derivatives","Amino acids, peptides, and analogues"
"Leukotriene c4","21249_pos","Leukotriene c4",0.02,12.54,NA,"Unknown","null","Leukotriene C4;11-trans-Leukotriene C4;11-trans Leukotriene C4","C02166","HMDB0001198;HMDB0005095;HMDB0254188","16978;607671;NA","5280493;5283134;3907","NA;NA;NA","null","null",FALSE,TRUE,NA,NA,NA
"Levofloxacin","11918_pos","Levofloxacin",0.44,41989.58,"N-acyl-alpha amino acids","no MS2: Indole-3-acetyl-L-tryptophan; LC-ESI-QQ; MS2; CE","C21H19N3O3","Levofloxacin","C07660","HMDB0001929","63598","149096","NA","FOSPCYZZRVNHJS-UHFFFAOYNA-N","OC(CC1=CNC2=CC=CC=C12)=NC(CC1=CNC2=CC=CC=C12)C(O)=O",FALSE,TRUE,"Quinoline carboxylic acids","Quinolines and derivatives","Quinoline carboxylic acids"
"Lidamidine","4621_neg","Lidamidine",0.47,99.11,NA,"Unknown","null","Lidamidine","","HMDB0254081","NA","47510","NA","null","null",FALSE,TRUE,"N-phenylureas","Benzene and substituted derivatives","N-phenylureas"
"Lificiguat","8662_neg","Lificiguat",0.2,30.11,NA,"Unknown","null","Lificiguat","","HMDB0259948","142430","NA","NA","null","null",TRUE,TRUE,"Indazoles","Benzopyrazoles","Indazoles"
"Lignans","13784_neg","Lignans",0.07,7.37,NA,"Unknown","null","Lignans;5-Hydroxy-9-(3,4,5-trimethoxyphenyl)-5a,6,8a,9-tetrahydro-5H-[2]benzofuro[5,6-f][1,3]benzodioxol-8-one","C10871","HMDB0031452;HMDB0246672","NA;NA","443013;NA","NA;NA","null","null",FALSE,TRUE,"Podophyllotoxins","Lignan lactones","Podophyllotoxins"
"Limazocic","5550_pos","Limazocic",0.36,27.72,NA,"Unknown","null","Limazocic;(4R)-3-((2S)-3-Mercapto-2-methylpropanoyl)-4-thiazolidinecarboxylic acid","","HMDB0254094;HMDB0259957","NA;NA","18755209;NA","NA;NA","null","null",FALSE,TRUE,"Alpha amino acids and derivatives","Carboxylic acids and derivatives","Amino acids, peptides, and analogues"
"Linalyl oxide","2315_neg","Linalyl oxide",0.62,225.17,NA,"Unknown","null","Linalyl oxide;(\xc2\xb1)-cis-Linalyl oxide;4-Decenoic acid, (4E)-;3-[(1S,3R)-3-Ethylcyclopentyl]propanoic acid;Cyclooctyl acetate;1,2-Cyclohexanediol, 1-methyl-4-(1-methylethenyl)-;Sobrepin","C18020","HMDB0035907;HMDB0040726;HMDB0246405;HMDB0248059;HMDB0250662;HMDB0256048;HMDB0258357","NA;132839;NA;NA;NA;17219;NA","22310;6428573;93732;20849290;69877;NA;NA","NA;NA;NA;NA;NA;NA;NA","null","null",TRUE,TRUE,"Tetrahydrofurans","Tetrahydrofurans",NA
"Linotroban","10337_neg","Linotroban",0.16,8.07,NA,"Unknown","null","Linotroban","","HMDB0254105","NA","65940","NA","null","null",FALSE,TRUE,"Benzenesulfonamides","Benzene and substituted derivatives","Benzenesulfonamides"
"Lipoamide","3864_neg","Lipoamide",0.44,34.26,NA,"Unknown","null","Lipoamide","C00248","HMDB0000962","17460","863","34384","null","null",TRUE,TRUE,"Lipoamides","Dithiolanes","Lipoamides"
"Loganoside","12672_neg","Loganoside",0.36,8.47,NA,"Unknown","null","Loganoside","","HMDB0247827","NA","601562","NA","null","null",FALSE,TRUE,"Iridoid O-glycosides","Prenol lipids","Terpene glycosides"
"Lomerizine","16120_neg","Lomerizine",0.02,15.82,NA,"Unknown","null","Lomerizine","","HMDB0254154","NA","NA","NA","null","null",FALSE,TRUE,"Diphenylmethanes","Benzene and substituted derivatives","Diphenylmethanes"
"Lomitapide","22292_neg","Lomitapide",0.09,898660.1,NA,"Unknown","null","Lomitapide","","HMDB0254156","72297","NA","NA","null","null",FALSE,TRUE,"Fluorenes","Fluorenes",NA
"Lorglumide","15698_neg","Lorglumide",0.24,558254.6,NA,"Unknown","null","Lorglumide","","HMDB0254163","88307","3960","NA","null","null",FALSE,TRUE,"Glutamic acid and derivatives","Carboxylic acids and derivatives","Amino acids, peptides, and analogues"
"Lorzafone","12816_neg","Lorzafone",0.36,15110.17,NA,"Unknown","null","LORZAFONE","","HMDB0254166","NA","54760","NA","null","null",TRUE,TRUE,NA,NA,NA
"Ltc4","21070_neg","Ltc4",0.38,2382334,"Oligopeptides","no MS2: LTC4; LC-ESI-QIT; MS2; CE","C30H47N3O9S",NA,NA,NA,NA,NA,NA,"GWNVDXQDILPJIG-NXOLIXFESA-N","CCCCC\C=C/C\C=C/C=C/C=C/[C@@H](SC[C@H](N=C(O)CC[C@H](N)C(O)=O)C(O)=NCC(O)=O)[C@@H](O)CCCC(O)=O",FALSE,TRUE,NA,NA,NA
"Lucerastat","4622_pos","Lucerastat",0.8,304.58,NA,"Propionylcarnitine","null","Lucerastat","","HMDB0254192","NA","5150939","NA","null","null",TRUE,TRUE,"Piperidines","Piperidines",NA
"Lumacaftor","15884_pos","Lumacaftor",0.42,269.95,NA,"Unknown","null","Lumacaftor","","HMDB0247669","90951","16678941","NA","null","null",FALSE,TRUE,"Phenylpyridines","Pyridines and derivatives","Phenylpyridines"
"Lumazine","2062_neg","Lumazine",0.49,206.79,NA,"2,4-DIHYDROXYPTERIDINE","null","Lumazine","C03212","HMDB0254198","16489","NA","NA","null","null",FALSE,TRUE,"Pteridines and derivatives","Pteridines and derivatives",NA
"Luminespib","16452_pos","Luminespib",0.02,14.72,NA,"Unknown","null","Luminespib","","HMDB0254202","83656","135539077","NA","null","null",TRUE,TRUE,"Cumenes","Benzene and substituted derivatives","Cumenes"
"Lysine","1581_pos","Lysine",0.91,4037.14,NA,"Lysine","null",NA,NA,NA,NA,NA,NA,"null","null",TRUE,TRUE,NA,NA,NA
"Lysopc(18:1(9z)/0:0)","18482_pos","Lysopc(18:1(9z)/0:0)",0.56,55730050,NA,"Unknown","null","LysoPC(18:1(9Z)/0:0);LysoPC(18:1(11Z)/0:0);LysoPC(0:0/18:1(9Z));PC(18:1(6Z)/0:0)","C04230","HMDB0002815;HMDB0010385;HMDB0061701;HMDB0256159","28610;86255;76071;NA","16081932;53480465;24779494;NA","NA;NA;NA;NA","null","null",TRUE,TRUE,NA,NA,NA
"Lysopc(22:6(4z,7z,10z,13z,16z,19z)/0:0)","19821_pos","Lysopc(22:6(4z,7z,10z,13z,16z,19z)/0:0)",0.53,123148800,NA,"Unknown","null","LysoPC(22:6(4Z,7Z,10Z,13Z,16Z,19Z)/0:0)","C04230","HMDB0010404","73873","10415542","NA","null","null",TRUE,TRUE,NA,NA,NA
"Lysopc(p-18:0/0:0)","17973_pos","Lysopc(p-18:0/0:0)",0.2,1011116,NA,"Unknown","null","LysoPC(P-18:0/0:0)","C04230","HMDB0013122","133662","24779527","NA","null","null",TRUE,TRUE,NA,NA,NA
"Lysope(22:6(4z,7z,10z,13z,16z,19z)/0:0)","18221_neg","Lysope(22:6(4z,7z,10z,13z,16z,19z)/0:0)",0.62,1424395,"2-acyl-sn-glycero-3-phosphoethanolamines","no MS2: Phosphatidylethanolamine lyso 22","C27H44NO7P","LysoPE(22:6(4Z,7Z,10Z,13Z,16Z,19Z)/0:0)","","HMDB0011526","72747","52925132","NA","TWBVHOYVCUOMJY-KUBAVDMBNA-N","CC\C=C/C\C=C/C\C=C/C\C=C/C\C=C/C\C=C/CCC(=O)OC(CO)COP(O)(=O)OCCN",TRUE,TRUE,NA,NA,NA
"Lysophosphatidylcholine","8794_pos","Lysophosphatidylcholine",0.11,12.4,NA,"Unknown","null","Lysophosphatidylcholine","","HMDB0254271","NA","21668198","NA","null","null",FALSE,TRUE,"1-acyl-sn-glycero-3-phosphocholines","Glycerophospholipids","Glycerophosphocholines"
"Lysosulfatide","19114_pos","Lysosulfatide",0.09,432112.8,NA,"Unknown","null","Lysosulfatide","","HMDB0254273","NA","3441849","NA","null","null",FALSE,TRUE,"Glycosphingolipids","Sphingolipids","Glycosphingolipids"
"Lysyl-aspartyl-glutamyl-leucine","17809_pos","Lysyl-aspartyl-glutamyl-leucine",0.09,8.33,NA,"Unknown","null","Lysyl-aspartyl-glutamyl-leucine","","HMDB0247848","NA","21881171","NA","null","null",FALSE,TRUE,"Oligopeptides","Carboxylic acids and derivatives","Amino acids, peptides, and analogues"
"Lysylisoleucine","6797_pos","Lysylisoleucine",0.42,74.76,NA,"Unknown","null","Lysylisoleucine;Lysylleucine","","HMDB0028954;HMDB0028955","74559;74561","7010499;7016103","NA;NA","null","null",FALSE,TRUE,"Dipeptides","Carboxylic acids and derivatives","Amino acids, peptides, and analogues"
"Lysylproline","5967_pos","Lysylproline",0.31,68.82,NA,"Unknown","null","Lysylproline","","HMDB0028959","74567","171204","NA","null","null",FALSE,TRUE,"Dipeptides","Carboxylic acids and derivatives","Amino acids, peptides, and analogues"
"Lysyltyrosine","9341_pos","Lysyltyrosine",0.33,13.48,NA,"Unknown","null","Lysyltyrosine;Pro-Pro-Pro","","HMDB0028963;HMDB0256689","73608;NA","7021820;4475718","NA;NA","null","null",TRUE,TRUE,"Dipeptides","Carboxylic acids and derivatives","Amino acids, peptides, and analogues"
"Lysylvaline","6070_pos","Lysylvaline",0.87,840.61,NA,"Unknown","null","Lysylvaline;Valyllysine","","HMDB0028964;HMDB0029132","73607;75014","6992341;168058","NA;NA","null","null",TRUE,TRUE,"Dipeptides","Carboxylic acids and derivatives","Amino acids, peptides, and analogues"
"M-toluamide","1193_pos","M-toluamide",0.87,175.82,NA,"Unknown","null","m-Toluamide;4-Aminoacetophenone","","HMDB0245928;HMDB0246623","NA;NA","69253;NA","NA;NA","null","null",TRUE,TRUE,NA,NA,NA
"M1g-dr","9011_pos","M1g-dr",0.56,55944.29,NA,"Unknown","null","M1G-dR;Pyrimidopurinone","","HMDB0254284;HMDB0256981","NA;NA","72746762;100927620","NA;NA","null","null",TRUE,TRUE,NA,NA,NA
"Maleimide-thiol","891_neg","Maleimide-thiol",0.2,15.51,NA,"Unknown","null","maleimide-thiol","","HMDB0254313","NA","22185901","NA","null","null",FALSE,TRUE,NA,NA,NA
"Malic acid","1058_neg","Malic acid",0.98,9578.26,NA,"(R)-MALATE","null","Malic acid;D-Malic acid;Benzothiophene;Diglycolic acid;Pyrazolopyrimidinone;2-Carboxyoxypropanoic acid","C00149;C00497","HMDB0000156;HMDB0031518;HMDB0249003;HMDB0251283;HMDB0256955;HMDB0257720","30797;30796;35858;NA;NA;NA","222656;92824;7221;8088;NA;22712749","34045;NA;NA;NA;NA;NA","null","null",TRUE,TRUE,"Beta hydroxy acids and derivatives","Hydroxy acids and derivatives","Beta hydroxy acids and derivatives"
"Malonic acid","265_neg","Malonic acid",0.84,86.53,NA,"Malonic Acid","null","Malonic acid;Hydroxypyruvic acid","C04025;C00168","HMDB0000691;HMDB0001352","30794;30841","867;964","NA;34120","null","null",FALSE,TRUE,"Dicarboxylic acids and derivatives","Carboxylic acids and derivatives","Dicarboxylic acids and derivatives"
"Malonylcarnitine","6157_pos","Malonylcarnitine",0.84,80.47,"Sulfoxides","no MS2: 1-Isothiocyanato-9-(methylsulfinyl)-nonane; LC-ESI-QTOF; MS2; CE","C11H21NOS2","Malonylcarnitine;(+-)-Carbovir","","HMDB0002095;HMDB0242235","85470;NA","91825606;72192","NA;NA","MQFLXLMNOHHPTC-UHFFFAOYNA-N","CS(=O)CCCCCCCCCN=C=S",TRUE,TRUE,"Acyl carnitines","Fatty acyls","Fatty acid esters"
"Malonylglycine","4510_neg","Malonylglycine",0.36,47.95,NA,"Unknown","null","Malonylglycine","","HMDB0240730","NA","15909779","NA","null","null",TRUE,TRUE,NA,NA,NA
"Malotilate","7845_neg","Malotilate",0.31,4.03,NA,"Unknown","null","malotilate","","HMDB0254316","NA","NA","NA","null","null",FALSE,TRUE,NA,NA,NA
"Maltitol","10972_pos","Maltitol",0.4,17.67,NA,"1-O-Alpha-D-Glucopyranosyl-D-Mannitol","null","Maltitol","","HMDB0002928","68428","493591","NA","null","null",FALSE,TRUE,"Fatty acyl glycosides of mono- and disaccharides","Fatty acyls","Fatty acyl glycosides"
"Maltotriose","17452_neg","Maltotriose",0.38,18.38,NA,"Raffinose","null","Maltotriose;Raffinose;1-Kestose;Melezitose;Panose;P(k) Trisaccharide;Alphagal1-3betaGal1-4Gal;""4'-Galactooligosaccharide"";Dextran;O-alpha-D-Mannopyranosyl-(1-4)-O-alpha-D-mannopyranosyl-(1-4)-alpha-D-mannopyranose;levan n","C01835;C00492;C03661;C08243;C00713","HMDB0001262;HMDB0003213;HMDB0011729;HMDB0011730;HMDB0029937;HMDB0242554;HMDB0246251;HMDB0246628;HMDB0247628;HMDB0247818;HMDB0254045","140999;16634;16885;6731;7912;NA;NA;NA;NA;NA;NA","439586;439242;440080;92817;4120027;22278218;14841532;298266;4125253;NA;5254051","38512;NA;NA;NA;NA;NA;NA;NA;NA;NA;NA","null","null",FALSE,TRUE,"Oligosaccharides","Organooxygen compounds","Carbohydrates and carbohydrate conjugates"
"Managlinat dialanetil","17157_pos","Managlinat dialanetil",0.09,5.15,NA,"Unknown","null","managlinat dialanetil","","HMDB0254319","NA","90860307","NA","null","null",FALSE,TRUE,NA,NA,NA
"Matairesinol","11768_pos","Matairesinol",0.02,2.58,NA,"Unknown","null","Matairesinol;Epipinoresinol;Miroestrol;Triptonide","C10682","HMDB0035698;HMDB0251858;HMDB0254751;HMDB0259271","6698;NA;NA;NA","119205;NA;4482617;NA","NA;NA;NA;NA","null","null",FALSE,TRUE,"Dibenzylbutyrolactone lignans","Furanoid lignans","Tetrahydrofuran lignans"
"Matrine 1beta-oxide","7054_pos","Matrine 1beta-oxide",0.29,12.97,"Benzoic acid esters","no MS2: Tetracaine; LC-ESI-QTOF; MS2; CE","C15H24N2O2","Matrine 1beta-oxide;Tetracaine","C07526","HMDB0248344;HMDB0258868","NA;9468","285670;NA","NA;NA","GKCBAIGFKIBETG-UHFFFAOYSA-N","CCCCNC1=CC=C(C=C1)C(=O)OCCN(C)C",FALSE,TRUE,"Matrine alkaloids","Lupin alkaloids","Matrine alkaloids"
"Mavatrep","14154_neg","Mavatrep",0.18,12.76,NA,"Unknown","null","Mavatrep;Riociguat","","HMDB0254350;HMDB0257236","NA;76018","67164254;NA","NA;NA","null","null",FALSE,TRUE,"Trifluoromethylbenzenes","Benzene and substituted derivatives","Trifluoromethylbenzenes"
"Mebeverine acid","7823_pos","Mebeverine acid",0.16,22.88,NA,"Unknown","null","Mebeverine Acid;Moxisylyte;N-[2-(3,4-Dihydroxyphenyl)ethyl]octanamide","","HMDB0254389;HMDB0254909;HMDB0255033","NA;NA;NA","20556914;4260;16389464","NA;NA;NA","null","null",FALSE,TRUE,NA,NA,NA
"Melibiose","10406_neg","Melibiose",0.82,546.86,NA,"MALTOSE","null","Melibiose;Cellobiose;D-Maltose;Alpha-Lactose;Sucrose;Lactulose;Trehalose;Isomaltose;Turanose;Kojibiose;Polymaltose;laminaribiose;3h-Sucrose;D-Glucose, 4-O-beta-D-galactopyranosyl-;D-Fructose, 6-O-alpha-D-glucopyranosyl-;6-O-alpha-D-Galactopyranosyl-D-galactopyranose;Gal-alpha1,2-Gal;Palatinose;(2R,3S,4R,5R)-2,4,5,6-Tetrahydroxy-3-[(2S,3R,4S,5S,6R)-3,4,5-trihydroxy-6-(hydroxymethyl)oxan-2-yl]oxyhexanal;D-Glucose, 6-O-alpha-D-glucopyranosyl-;(3S,4R,5R)-1,4,5,6-Tetrahydroxy-3-[(2S,3R,4S,5S,6R)-3,4,5-trihydroxy-6-(hydroxymethyl)oxan-2-yl]oxyhexan-2-one;(3S,4R,5S)-3,4,5,6-Tetrahydroxy-1-[(2S,3R,4S,5S,6R)-3,4,5-trihydroxy-6-(hydroxymethyl)oxan-2-yl]oxyhexan-2-one","C06422;C00208;C00243;C00089;C07064;C01083;C19636;C19632","HMDB0000048;HMDB0000055;HMDB0000163;HMDB0000186;HMDB0000258;HMDB0000740;HMDB0000975;HMDB0002923;HMDB0011740;HMDB0011742;HMDB0242553;HMDB0242694;HMDB0246276;HMDB0246552;HMDB0247101;HMDB0248216;HMDB0252573;HMDB0256083;HMDB0259415;HMDB0259486;HMDB0260157;HMDB0260158","NA;36217;47937;36219;17992;6359;16551;NA;32528;33020;NA;144332;NA;NA;NA;NA;NA;NA;NA;NA;NA;NA","6602503;10712;10991489;84571;5988;11333;7427;10357;5460935;164939;303614;4195243;1115;294;4177368;872;4623424;3749604;4186181;NA;219660;14149419","NA;NA;34261;34366;NA;NA;36774;NA;NA;NA;NA;NA;NA;NA;NA;NA;NA;NA;NA;NA;NA;NA","null","null",FALSE,TRUE,"O-glycosyl compounds","Organooxygen compounds","Carbohydrates and carbohydrate conjugates"
"Menadione bisulfite","6214_neg","Menadione bisulfite",0.82,157.46,NA,"Unknown","null","Menadione bisulfite","","HMDB0254432","63930","8536","NA","null","null",TRUE,TRUE,"Naphthoquinones","Naphthalenes","Naphthoquinones"
"Menahydroquinone-4","15666_pos","Menahydroquinone-4",0.02,2.2,NA,"Unknown","null","Menahydroquinone-4","","HMDB0254433","NA","162393","NA","null","null",FALSE,TRUE,"Diterpenoids","Prenol lipids","Diterpenoids"
"Meproscillarin","18875_neg","Meproscillarin",0.2,210062.3,NA,"Unknown","null","Meproscillarin","","HMDB0254457","NA","23447013","NA","null","null",FALSE,TRUE,"Bufanolides and derivatives","Steroids and steroid derivatives","Steroid lactones"
"Mercaptoacetic acid","59_neg","Mercaptoacetic acid",0.4,667.96,NA,"Unknown","null","mercaptoacetic acid","C02086","HMDB0254464","30065","1133","NA","null","null",FALSE,TRUE,NA,NA,NA
"Mesobilirubinogen","20470_pos","Mesobilirubinogen",0.27,2317142,NA,"Unknown","null","Mesobilirubinogen;Aplysiatoxin, 17-debromo-","C05790","HMDB0001898;HMDB0248517","29026;NA","26818;NA","NA;NA","null","null",FALSE,TRUE,"Bilirubins","Tetrapyrroles and derivatives","Bilirubins"
"Mesotrione","10795_pos","Mesotrione",0.09,26.64,"Benzoylcyclohexane-1,3-diones","no MS2: Mesotrione; LC-ESI-ITFT; MS2; CE","C14H13NO7S","Mesotrione","","HMDB0254481","38321","175967","NA","KPUREKXXPHOJQT-UHFFFAOYSA-N","CS(=O)(=O)C1=CC(=C(C=C1)C(=O)C1C(=O)CCCC1=O)N(=O)=O",FALSE,TRUE,"Benzoylcyclohexane-1,3-diones","Organooxygen compounds","Carbonyl compounds"
"Mespirenone","14837_pos","Mespirenone",0.13,11.39,NA,"Unknown","null","Mespirenone","","HMDB0254483","NA","13269064","NA","null","null",FALSE,TRUE,"Spironolactones and derivatives","Steroids and steroid derivatives","Steroid lactones"
"Mesuol","13311_pos","Mesuol",0.62,1207149,NA,"Unknown","null","Mesuol","","HMDB0254487","NA","5277586","NA","null","null",TRUE,TRUE,"Prenylated neoflavonoids","Neoflavonoids","Prenylated neoflavonoids"
"Metamitron","3715_neg","Metamitron",0.36,32.78,"1,2,4-triazines","no MS2: Metamitron; LC-ESI-ITFT; MS2; CE","C10H10N4O","METAMITRON","C10930","HMDB0254501","6791","38854","NA","VHCNQEUWZYOAEV-UHFFFAOYSA-N","CC1=NN=C(C(=O)N1N)C1=CC=CC=C1",FALSE,TRUE,NA,NA,NA
"Metampicillin","11253_neg","Metampicillin",0.44,18.71,"Phenoxyacetic acid derivatives","no MS2: Bezafibrate; LC-ESI-ITFT; MS2; CE","C19H20ClNO4","metampicillin;5-Methoxy-2-[(4-methoxy-3,5-dimethylpyridin-2-yl)methylsulfinyl]-1H-benzimidazol-4-ol","","HMDB0254503;HMDB0257925","NA;NA","4084;16124521","NA;NA","IIBYAHWJQTYFKB-UHFFFAOYSA-N","CC(C)(OC1=CC=C(CCNC(=O)C2=CC=C(Cl)C=C2)C=C1)C(O)=O",TRUE,TRUE,NA,NA,NA
"Metanephrine","3482_neg","Metanephrine",0.42,284.08,NA,"Unknown","null","Metanephrine;1,2-octadienoylglycine;1,3-octadienoylglycine;1,4-octadienoylglycine;1,5-octadienoylglycine;1,6-octadienoylglycine;1,7-octadienoylglycine;2,3-octadienoylglycine;2,4-octadienoylglycine;2,5-octadienoylglycine;2,6-octadienoylglycine;2,7-octadienoylglycine;3,4-octadienoylglycine;3,5-octadienoylglycine;3,6-octadienoylglycine;3,7-octadienoylglycine;4,5-octadienoylglycine;4,6-octadienoylglycine;4,7-octadienoylglycine;5,6-octadienoylglycine;5,7-octadienoylglycine;6,7-octadienoylglycine","C05588","HMDB0004063;HMDB0094780;HMDB0094781;HMDB0094782;HMDB0094783;HMDB0094784;HMDB0094785;HMDB0094786;HMDB0094787;HMDB0094788;HMDB0094789;HMDB0094790;HMDB0094791;HMDB0094792;HMDB0094793;HMDB0094794;HMDB0094795;HMDB0094796;HMDB0094797;HMDB0094798;HMDB0094799;HMDB0094800","144365;NA;NA;NA;NA;NA;NA;NA;NA;NA;NA;NA;NA;NA;NA;NA;NA;NA;NA;NA;NA;NA","21100;131802960;NA;NA;NA;NA;131802965;131802966;129822189;NA;NA;NA;131802971;NA;NA;NA;131802975;NA;NA;131802978;NA;131802980","46078;NA;NA;NA;NA;NA;NA;NA;NA;NA;NA;NA;NA;NA;NA;NA;NA;NA;NA;NA;NA;NA","null","null",FALSE,TRUE,"Methoxyphenols","Phenols","Methoxyphenols"
"Metanephrine sulfate","7338_neg","Metanephrine sulfate",0.42,60.81,NA,"Unknown","null","Metanephrine sulfate;Necrostatin 2 racemate","","HMDB0240719;HMDB0255499","NA;NA","91971539;643953","NA;NA","null","null",FALSE,TRUE,"Phenylsulfates","Organic sulfuric acids and derivatives","Arylsulfates"
"Methanethiosulfonate","390_neg","Methanethiosulfonate",0.04,208.53,NA,"Unknown","null","Methanethiosulfonate","","HMDB0254521","NA","74768","NA","null","null",FALSE,TRUE,"Organosulfur compounds",NA,NA
"Methanone, (6-methoxy-1h-indol-3-yl)(3,4,5-trimethoxyphenyl)-","10934_pos","Methanone, (6-methoxy-1h-indol-3-yl)(3,4,5-trimethoxyphenyl)-",0.31,6.02,NA,"Unknown","null","Methanone, (6-methoxy-1H-indol-3-yl)(3,4,5-trimethoxyphenyl)-","","HMDB0259681","NA","NA","NA","null","null",FALSE,TRUE,NA,NA,NA
"Methiocarb-sulfoxide","5845_pos","Methiocarb-sulfoxide",0.36,6.75,"Phenyl methylcarbamates","no MS2: Methiocarb-sulfoxide; LC-ESI-ITFT; MS2; CE","C11H15NO3S",NA,NA,NA,NA,NA,NA,"FNCMBMZOZQAWJA-UHFFFAOYNA-N","CN=C(O)OC1=CC(C)=C(C(C)=C1)S(C)=O",FALSE,TRUE,NA,NA,NA
"Methionine sulfone","2750_neg","Methionine sulfone",0.42,323.97,NA,"Carboxymethyl-L-Cysteine","null","Methionine sulfone","","HMDB0062174","21363","445282","NA","null","null",FALSE,TRUE,"L-alpha-amino acids","Carboxylic acids and derivatives","Amino acids, peptides, and analogues"
"Methionine sulfoxide","2301_pos","Methionine sulfoxide",0.87,80.87,NA,"Methionine Sulfoxide","null",NA,NA,NA,NA,NA,NA,"null","null",TRUE,TRUE,"L-alpha-amino acids","Carboxylic acids and derivatives","Amino acids, peptides, and analogues"
"Methotrimeprazine sulfoxide","11082_pos","Methotrimeprazine sulfoxide",0.4,14.94,NA,"Unknown","null","Methotrimeprazine sulfoxide","","HMDB0254540","NA","165566","NA","null","null",TRUE,TRUE,"Phenothiazines","Benzothiazines","Phenothiazines"
"Methoxycatecholamine","1883_pos","Methoxycatecholamine",0.6,191.43,NA,"Unknown","null","methoxycatecholamine","","HMDB0254544","NA","53995407","NA","null","null",FALSE,TRUE,NA,NA,NA
"Methyl (1r,2r)-2-ethyl-2,5,7,10-tetrahydroxy-6,11-dioxo-3,4-dihydro-1h-tetracene-1-carboxylate","14202_pos","Methyl (1r,2r)-2-ethyl-2,5,7,10-tetrahydroxy-6,11-dioxo-3,4-dihydro-1h-tetracene-1-carboxylate",0.44,6023.47,NA,"Unknown","null","Methyl (1R,2R)-2-ethyl-2,5,7,10-tetrahydroxy-6,11-dioxo-3,4-dihydro-1H-tetracene-1-carboxylate;Peperomin E","","HMDB0245606;HMDB0256298","NA;NA","15559457;NA","NA;NA","null","null",TRUE,TRUE,NA,NA,NA
"Methyl (methylthio)methyl disulfide","1236_neg","Methyl (methylthio)methyl disulfide",0.98,171.94,NA,"Unknown","null","Methyl (methylthio)methyl disulfide;Sulfoacetic acid","C14179","HMDB0031875;HMDB0258590","NA;50519","93236;NA","NA;NA","null","null",FALSE,TRUE,"Dialkyldisulfides","Organic disulfides","Dialkyldisulfides"
"Methyl 3-[(4-anilino-2-methoxyphenyl)sulfamoyl]thiophene-2-carboxylate","13950_neg","Methyl 3-[(4-anilino-2-methoxyphenyl)sulfamoyl]thiophene-2-carboxylate",0.04,8.63,NA,"Unknown","null","Methyl 3-[(4-anilino-2-methoxyphenyl)sulfamoyl]thiophene-2-carboxylate","","HMDB0252949","NA","46233311","NA","null","null",FALSE,TRUE,"Sulfanilides","Benzene and substituted derivatives","Sulfanilides"
"Methyl 3-[(diethoxyphosphorothioyl)oxy]but-2-enoate","7230_pos","Methyl 3-[(diethoxyphosphorothioyl)oxy]but-2-enoate",0.09,5.36,NA,"Unknown","null","Methyl 3-[(diethoxyphosphorothioyl)oxy]but-2-enoate","","HMDB0250562","NA","NA","NA","null","null",FALSE,TRUE,"Thiophosphate triesters","Organic thiophosphoric acids and derivatives","Thiophosphoric acid esters"
"Methyl 4-amino-5-ethyl-3-thiophenecarboxylate","3100_pos","Methyl 4-amino-5-ethyl-3-thiophenecarboxylate",0.27,32.49,NA,"Unknown","null","Methyl 4-amino-5-ethyl-3-thiophenecarboxylate","","HMDB0247491","NA","133753","NA","null","null",FALSE,TRUE,"Thiophene carboxylic acids and derivatives","Thiophenes","Thiophene carboxylic acids and derivatives"
"Methyl 6-methyl-3-(2-methylpropyl)-4-(3-nitrophenyl)-4,7-dihydrothieno[2,3-b]pyridine-5-carboxylate","13029_pos","Methyl 6-methyl-3-(2-methylpropyl)-4-(3-nitrophenyl)-4,7-dihydrothieno[2,3-b]pyridine-5-carboxylate",0.31,5.19,NA,"Unknown","null","Methyl 6-methyl-3-(2-methylpropyl)-4-(3-nitrophenyl)-4,7-dihydrothieno[2,3-b]pyridine-5-carboxylate","","HMDB0244458","NA","129003","NA","null","null",FALSE,TRUE,"Thienopyridines","Thienopyridines",NA
"Methyl beta-d-galactoside","3337_neg","Methyl beta-d-galactoside",0.87,535.7,NA,"METHYL BETA-D-GALACTOSIDE","null",NA,NA,NA,NA,NA,NA,"null","null",TRUE,TRUE,NA,NA,NA
"Methyl bisnorbiotinyl ketone","4461_pos","Methyl bisnorbiotinyl ketone",0.2,38.25,"Sulfanilides","no MS2: N,N-Dimethyl-N'-p-tolylsulphamide; LC-ESI-ITFT; MS2; CE","C9H14N2O2S","Methyl bisnorbiotinyl ketone","","HMDB0004822","89480","21252323","NA","UDCDOJQOXWCCSD-UHFFFAOYSA-N","CN(C)S(=O)(=O)NC1=CC=C(C)C=C1",FALSE,TRUE,"Thienoimidazolidines","Thienoimidazolidines",NA
"Methyl dihydrojasmonate","4989_pos","Methyl dihydrojasmonate",0.42,1593.91,NA,"Methyl Jasmonate","null","Methyl dihydrojasmonate;N-Methylolpentamethylmelamine","","HMDB0031740;HMDB0255189","89741;NA","102861;152134","NA;NA","null","null",FALSE,TRUE,"Jasmonic acids","Fatty acyls","Lineolic acids and derivatives"
"Methyl thioglycolate","288_neg","Methyl thioglycolate",0.22,118.61,NA,"Unknown","null","Methyl thioglycolate","","HMDB0254617","NA","16907","NA","null","null",FALSE,TRUE,"Methyl esters","Carboxylic acids and derivatives","Carboxylic acid derivatives"
"Methyl-3-[(2-nitrobenzoyl)amino]benzoate","8846_pos","Methyl-3-[(2-nitrobenzoyl)amino]benzoate",0.36,12.04,"Benzanilides","no MS2: Methyl-3-[(2-nitrobenzoyl)amino]benzoate; LC-ESI-QTOF; MS2; [M+H]+; CE","C15H12N2O5",NA,NA,NA,NA,NA,NA,"OWQNWJPLMHWHSM-UHFFFAOYSA-N","COC(=O)C1=CC(=CC=C1)N=C(O)C1=CC=CC=C1N(=O)=O",FALSE,TRUE,NA,NA,NA
"Methylendiglyoxal","862_neg","Methylendiglyoxal",0.38,11.48,NA,"Unknown","null","Methylendiglyoxal","","HMDB0254631","NA","20591840","NA","null","null",FALSE,TRUE,"Beta-diketones","Organooxygen compounds","Carbonyl compounds"
"Methylene diphosphate","3978_neg","Methylene diphosphate",0.29,12.41,NA,"Unknown","null","Methylene diphosphate","","HMDB0254634","NA","10262446","NA","null","null",FALSE,TRUE,"Monoalkyl phosphates","Organic phosphoric acids and derivatives","Phosphate esters"
"Methylephedrine","2689_neg","Methylephedrine",0.29,65259.64,NA,"Unknown","null","Methylephedrine;4-Methylracephedrine;Ephedrine methyl ether;p-Methoxymethamphetamine","C13639","HMDB0041932;HMDB0251292;HMDB0251838;HMDB0256050","90046;NA;NA;NA","4374;76974179;3808691;NA","NA;NA;NA;NA","null","null",FALSE,TRUE,"Phenylpropanes","Benzene and substituted derivatives","Phenylpropanes"
"Methylgallic acid-o-sulphate","6701_neg","Methylgallic acid-o-sulphate",0.2,3.88,NA,"Unknown","null","Methylgallic acid-O-sulphate","","HMDB0060005","89624","124202112","NA","null","null",FALSE,TRUE,NA,NA,NA
"Methylmalonic acid","578_neg","Methylmalonic acid",0.98,1697.29,NA,"SUCCINATE","null","Methylmalonic acid;Succinic acid","C02170;C00042","HMDB0000202;HMDB0000254","30860;15741","487;1738118","NA;NA","null","null",TRUE,TRUE,"Dicarboxylic acids and derivatives","Carboxylic acids and derivatives","Dicarboxylic acids and derivatives"
"Methylmalonyl-coenzyme a","24147_neg","Methylmalonyl-coenzyme a",0.02,1202137,NA,"Unknown","null","Methylmalonyl-coenzyme A","","HMDB0243687","NA","613","NA","null","null",FALSE,TRUE,NA,NA,NA
"Methylmalonylcarnitine","6642_neg","Methylmalonylcarnitine",0.16,16.6,NA,"Unknown","null","Methylmalonylcarnitine","","HMDB0013133","NA","NA","NA","null","null",FALSE,TRUE,"Acyl carnitines","Fatty acyls","Fatty acid esters"
"Methylpyrazine","96_neg","Methylpyrazine",0.44,348.75,NA,"Unknown","null","Methylpyrazine;1-Vinylimidazole;2-Aminopyridine;Diazepine","","HMDB0033112;HMDB0244017;HMDB0245026;HMDB0251148","NA;NA;NA;NA","7976;66171;NA;NA","NA;NA;NA;NA","null","null",FALSE,TRUE,"Pyrazines","Diazines","Pyrazines"
"Methylpyrogallol sulfate 3","4592_neg","Methylpyrogallol sulfate 3",0.42,17.29,NA,"Unknown","null","Methylpyrogallol sulfate 3;Methylpyrogallol sulfate 1;Methylpyrogallol sulfate 2 ","","HMDB0240694;HMDB0240699;HMDB0240709","133548;NA;176448","122164840;122397220;122397221","NA;NA;NA","null","null",FALSE,TRUE,"Phenylsulfates","Organic sulfuric acids and derivatives","Arylsulfates"
"Metioprim","9174_pos","Metioprim",0.42,55.64,NA,"Unknown","null","Metioprim","","HMDB0254675","NA","68590","NA","null","null",FALSE,TRUE,"Dimethoxybenzenes","Benzene and substituted derivatives","Methoxybenzenes"
"Metipamide","10260_neg","Metipamide",0.02,246482.1,NA,"Unknown","null","Metipamide","","HMDB0254676","NA","135086","NA","null","null",FALSE,TRUE,"Benzenesulfonamides","Benzene and substituted derivatives","Benzenesulfonamides"
"Metolachlor","10328_pos","Metolachlor",0.6,65880.87,"Anilides","no MS2: Metolachlor ESA; LC-ESI-ITFT; MS2; CE","C15H23NO5S",NA,NA,NA,NA,NA,NA,"CIGKZVUEZXGYSV-UHFFFAOYNA-N","CCC1=CC=CC(C)=C1N(C(C)COC)C(=O)CS(O)(=O)=O",FALSE,TRUE,"Anilides","Benzene and substituted derivatives","Anilides"
"Mevalonic acid","1536_neg","Mevalonic acid",0.91,566.89,NA,"Mevalonic Acid","null","Mevalonic acid;Aldehydo-ascarylose;beta-tyvelose;(2R,3R,4R,5S)-2-Methyl-tetrahydro-pyran-3,4,5-triol;D-Digitoxose","C00418","HMDB0000227;HMDB0248646;HMDB0249152;HMDB0249986;HMDB0251279","17710;NA;NA;NA;NA","439230;10419332;4471182;548247;325714","NA;NA;NA;NA;NA","null","null",FALSE,TRUE,"Hydroxy fatty acids","Fatty acyls","Fatty acids and conjugates"
"Mevalonolactone","1016_pos","Mevalonolactone",0.09,25.14,NA,"Mevalonolactone","null",NA,NA,NA,NA,NA,NA,"null","null",FALSE,TRUE,"Delta valerolactones","Lactones","Delta valerolactones"
"Midesteine","9152_neg","Midesteine",0.27,331.31,NA,"Unknown","null","Midesteine","","HMDB0254711","NA","65837","NA","null","null",FALSE,TRUE,"N-acyl-alpha amino acids and derivatives","Carboxylic acids and derivatives","Amino acids, peptides, and analogues"
"Miglitol","4112_pos","Miglitol",0.4,19.21,NA,"Unknown","null","Miglitol;1-(2-Hydroxyethyl)-2-(hydroxymethyl)piperidine-3,4,5-triol","C07708","HMDB0014634;HMDB0243780","545681;NA","441314;51577","NA;NA","null","null",FALSE,TRUE,"Piperidines","Piperidines",NA
"Mimosine","3683_pos","Mimosine",0.04,34.09,NA,"Unknown","null","Mimosine","C04771","HMDB0015188","29063","440473","NA","null","null",FALSE,TRUE,"L-alpha-amino acids","Carboxylic acids and derivatives","Amino acids, peptides, and analogues"
"Minoxidil glucuronide","12437_neg","Minoxidil glucuronide",0.18,10.07,NA,"N-Acetyllactosamine","null","Minoxidil Glucuronide","","HMDB0254740","NA","74765399","NA","null","null",FALSE,TRUE,NA,NA,NA
"Miricorilant","14428_neg","Miricorilant",0.04,5.56,NA,"Unknown","null","Miricorilant","","HMDB0250460","NA","66550324","NA","null","null",FALSE,TRUE,"Linear diarylheptanoids","Diarylheptanoids","Linear diarylheptanoids"
"Mitoflaxone","7843_pos","Mitoflaxone",0.04,3.23,NA,"Unknown","null","Mitoflaxone","","HMDB0254759","NA","55748","NA","null","null",FALSE,TRUE,"Flavones","Flavonoids","Flavones"
"Mitoxantrone dicarboxylic acid","16262_neg","Mitoxantrone dicarboxylic acid",0.27,34120.75,NA,"Unknown","null","Mitoxantrone dicarboxylic acid","","HMDB0254764","NA","126805","NA","null","null",FALSE,TRUE,"Anthraquinones","Anthracenes","Anthraquinones"
"Mitozolomide","5881_pos","Mitozolomide",0.31,8.47,NA,"Unknown","null","Mitozolomide","","HMDB0254765","NA","NA","NA","null","null",FALSE,TRUE,"Imidazotetrazines","Imidazotetrazines",NA
"Mivebresib","16164_pos","Mivebresib",0.04,7.97,NA,"Unknown","null","Mivebresib","","HMDB0254770","NA","71600087","NA","null","null",FALSE,TRUE,"Diphenylethers","Benzene and substituted derivatives","Diphenylethers"
"Monascin","11776_pos","Monascin",0.04,7.99,"21-hydroxysteroids","no MS2: Prednisone; LC-ESI-QTOF; MS2; CE","C21H26O5","Monascin","","HMDB0254840","NA","73198325","NA","XOFYZVNMUHMLCC-UHFFFAOYNA-N","CC12CC(=O)C3C(CCC4=CC(=O)C=CC34C)C1CCC2(O)C(=O)CO",TRUE,TRUE,"Cyclohexenones","Organooxygen compounds","Carbonyl compounds"
"Mono-(3-carboxypropyl) phthalate","6146_neg","Mono-(3-carboxypropyl) phthalate",0.09,13.96,NA,"Unknown","null","Mono-(3-carboxypropyl) phthalate","","HMDB0061748","132872","53435015","NA","null","null",FALSE,TRUE,"Benzoic acid esters","Benzene and substituted derivatives","Benzoic acids and derivatives"
"Monoacetyldapsone hydroxylamine","9162_pos","Monoacetyldapsone hydroxylamine",0.36,14.86,NA,"Unknown","null","Monoacetyldapsone hydroxylamine","","HMDB0254847","NA","169449","NA","null","null",TRUE,TRUE,"Acetanilides","Benzene and substituted derivatives","Anilides"
"Monoacetyldiglyceride","8860_neg","Monoacetyldiglyceride",0.18,3.71,NA,"Unknown","null","Monoacetyldiglyceride","","HMDB0254848","NA","129678935","NA","null","null",FALSE,TRUE,"Tricarboxylic acids and derivatives","Carboxylic acids and derivatives","Tricarboxylic acids and derivatives"
"Monochlorobimane","5062_pos","Monochlorobimane",0.31,219.15,NA,"Unknown","null","Monochlorobimane","","HMDB0254851","52158","114886","NA","null","null",FALSE,TRUE,"Pyrazolopyrazoles","Pyrazolopyrazoles",NA
"Monoisoamyl 2,3-dimercaptosuccinate","6408_pos","Monoisoamyl 2,3-dimercaptosuccinate",0.33,67.66,NA,"Unknown","null","Monoisoamyl 2,3-dimercaptosuccinate;Monoisoamyl dimercaptosuccinic acid;Tretazicar;4-(3-Methylbutoxy)-4-oxo-2,2-bis(sulfanyl)butanoic acid","","HMDB0244613;HMDB0257778;HMDB0259127;HMDB0260275","NA;NA;NA;NA","10037868;21124312;NA;91235555","NA;NA;NA;NA","null","null",TRUE,TRUE,"Thia fatty acids","Fatty acyls","Fatty acids and conjugates"
"Monopropionylcadaverine","2029_pos","Monopropionylcadaverine",0.38,28.51,NA,"Unknown","null","Monopropionylcadaverine;N-Acetyl-1,6-diaminohexane;N-Nitrosodibutylamine","C19277","HMDB0254871;HMDB0255016;HMDB0255202","NA;NA;NA","194207;NA;13542","NA;NA;NA","null","null",FALSE,TRUE,"Secondary carboxylic acid amides","Carboxylic acids and derivatives","Carboxylic acid derivatives"
"Morinidazole","6997_neg","Morinidazole",0.33,80.89,NA,"Unknown","null","Morinidazole;1-Piperidineethanol, alpha-((2-nitro-1H-imidazol-1-yl)methyl)-, 1-oxide","","HMDB0254886;HMDB0257260","NA;NA","11644726;127544","NA;NA","null","null",FALSE,TRUE,"Nitroimidazoles","Azoles","Imidazoles"
"Morroniside","13415_neg","Morroniside",0.09,7.56,NA,"Unknown","null","Morroniside;Pamapimod;Shanzhiside methyl ester","","HMDB0254897;HMDB0256101;HMDB0258271","NA;90685;NA","12312977;NA;13892721","NA;NA;NA","null","null",FALSE,TRUE,"O-glycosyl compounds","Organooxygen compounds","Carbohydrates and carbohydrate conjugates"
"Mosapride","14603_pos","Mosapride",0.04,8.77,NA,"Unknown","null","Mosapride","","HMDB0254899","NA","119584","NA","null","null",FALSE,TRUE,"Aminophenyl ethers","Phenol ethers","Aminophenyl ethers"
"Motesanib","11842_neg","Motesanib",0.11,3.24,NA,"Unknown","null","Motesanib;p-Chlorodisopyramide","","HMDB0254901;HMDB0256034","51098;NA","11667893;6426895","NA;NA","null","null",FALSE,TRUE,"Indolines","Indoles and derivatives","Indolines"
"Mulberroside a","19598_neg","Mulberroside a",0.33,4345501,NA,"Unknown","null","Mulberroside A","","HMDB0254945","NA","75183056","NA","null","null",FALSE,TRUE,NA,NA,NA
"Myo-inositol glutamate","9524_neg","Myo-inositol glutamate",0.2,5.76,NA,"Unknown","null","Myo-inositol glutamate","","HMDB0254974","NA","NA","NA","null","null",TRUE,TRUE,"Alpha amino acid esters","Carboxylic acids and derivatives","Amino acids, peptides, and analogues"
"N(1)-acetylsulfamethoxazole","8198_neg","N(1)-acetylsulfamethoxazole",0.11,16.73,"Benzenesulfonamides","no MS2: N4-Acetylsulfamethoxazole; LC-ESI-ITFT; MS2; CE","C12H13N3O4S","N(1)-Acetylsulfamethoxazole","","HMDB0255280","NA","87725","NA","GXPIUNZCALHVBA-UHFFFAOYSA-N","CC(O)=NC1=CC=C(C=C1)S(=O)(=O)NC1=NOC(C)=C1",FALSE,TRUE,NA,NA,NA
"N(1)-ethylchlorpropamide","8651_neg","N(1)-ethylchlorpropamide",0.71,50.42,NA,"Unknown","null","N(1)-Ethylchlorpropamide","","HMDB0255281","NA","362592","NA","null","null",TRUE,TRUE,NA,NA,NA
"N(4)-acetylsulfamethazine","9379_neg","N(4)-acetylsulfamethazine",0.09,4.61,"Benzenesulfonamides","no MS2: N4-Acetylsulfamethazine; LC-ESI-ITFT; MS2; CE","C14H16N4O3S","N(4)-Acetylsulfamethazine;N-Acetylsulfamethazine","","HMDB0244280;HMDB0255075","83457;NA","66855;108015","NA;NA","LJKAKWDUZRJNPJ-UHFFFAOYSA-N","CC(O)=NC1=CC=C(C=C1)S(=O)(=O)NC1=NC(C)=CC(C)=N1",FALSE,TRUE,NA,NA,NA
"N(4)-acetylsulfisoxazole","8906_neg","N(4)-acetylsulfisoxazole",0.04,17.67,NA,"Unknown","null","N(4)-Acetylsulfisoxazole","","HMDB0255283","NA","160743","NA","null","null",FALSE,TRUE,NA,NA,NA
"N(6),o(2)-dimethyladenosine","8598_pos","N(6),o(2)-dimethyladenosine",0.22,12.35,NA,"Unknown","null","N(6),O(2)-Dimethyladenosine;""N2-Ethyl-2'-deoxyguanosine""","","HMDB0255287;HMDB0255293","NA;NA","14366984;135839700","NA;NA","null","null",FALSE,TRUE,NA,NA,NA
"N(6)-6(r,s)-lipoyl-l-lysine","10586_pos","N(6)-6(r,s)-lipoyl-l-lysine",0.29,21.13,NA,"Unknown","null","N(6)-6(R,S)-lipoyl-L-lysine","","HMDB0255285","NA","558483","NA","null","null",FALSE,TRUE,NA,NA,NA
"N(6)-methyllysine","2126_pos","N(6)-methyllysine",0.87,869.77,"Beta amino acids and derivatives","no MS2: (3S)-3,7-diaminoheptanoic acid; LC-ESI-QTOF; MS2; CE","C7H16N2O2","N(6)-Methyllysine;N2-Methyl-L-lysine;Emeriamine","C02728","HMDB0002038;HMDB0240689;HMDB0251771","17604;21756;NA","164795;NA;5071774","NA;NA;NA","PJDINCOFOROBQW-LURJTMIESA-N","NCCCC[C@H](N)CC(O)=O",TRUE,TRUE,NA,NA,NA
"N(6)-monobutyryladenosine","10722_pos","N(6)-monobutyryladenosine",0.42,30.12,NA,"Unknown","null","N(6)-Monobutyryladenosine","","HMDB0255286","NA","53463585","NA","null","null",FALSE,TRUE,NA,NA,NA
"N,n-diallylpentobarbital","9186_pos","N,n-diallylpentobarbital",0.4,100.72,NA,"Unknown","null","N,N-Diallylpentobarbital;""N,N'-Diallylpentobarbital"";ROXATIDINE;Soquinolol","","HMDB0255251;HMDB0255272;HMDB0257317;HMDB0258385","NA;NA;NA;NA","125599;3063036;NA;68811","NA;NA;NA;NA","null","null",FALSE,TRUE,NA,NA,NA
"N,n-dimethyl-p-phenylenediamine","1226_pos","N,n-dimethyl-p-phenylenediamine",0.31,14.44,NA,"Unknown","null","N,N-Dimethyl-p-phenylenediamine;N1,N1-Dimethylbenzene-1,2-diamine","C04203","HMDB0247696;HMDB0255291","15783;NA","7472;76083","NA;NA","null","null",FALSE,TRUE,NA,NA,NA
"N,n-dimethylformamide dimethyl acetal","576_pos","N,n-dimethylformamide dimethyl acetal",0.98,4775.34,NA,"5-AMINOPENTANOATE","null","N,N-Dimethylformamide dimethyl acetal","","HMDB0255265","85061","78373","NA","null","null",TRUE,TRUE,NA,NA,NA
"N,n-diphenyl-p-phenylenediamine","6843_pos","N,n-diphenyl-p-phenylenediamine",0.07,53.64,NA,"Unknown","null","N,N-Diphenyl-p-phenylenediamine;1-N,3-N-Diphenylbenzene-1,3-diamine;""N,N'-Diphenyl-p-phenylenediamine"";2-Phenyl-5-(5-methyl-3-pyridinylmethyl)pyridine","C14501","HMDB0243487;HMDB0243953;HMDB0247345;HMDB0249951","NA;NA;34860;NA","75371;245216;6319;57330086","NA;NA;NA;NA","null","null",FALSE,TRUE,NA,NA,NA
"N-((2'r)-2'-deoxy-2'-fluoro-2'-methyl-p-phenyl-5'-uridylyl)-l-alanine 1-methylethyl ester","18359_neg","N-((2'r)-2'-deoxy-2'-fluoro-2'-methyl-p-phenyl-5'-uridylyl)-l-alanine 1-methylethyl ester",0.13,1143237,NA,"Unknown","null","""N-((2'R)-2'-Deoxy-2'-fluoro-2'-methyl-p-phenyl-5'-uridylyl)-L-alanine 1-methylethyl ester""","","HMDB0256898","NA","91302628","NA","null","null",FALSE,TRUE,NA,NA,NA
"N-(1-adamantyl)urea","3538_pos","N-(1-adamantyl)urea",0.16,11.37,NA,"Unknown","null","N-(1-Adamantyl)urea","","HMDB0244534","NA","64166","NA","null","null",FALSE,TRUE,NA,NA,NA
"N-(1-pyrenyl)iodoacetamide","12412_neg","N-(1-pyrenyl)iodoacetamide",0.11,8.75,NA,"Unknown","null","N-(1-Pyrenyl)iodoacetamide;Indisulam","","HMDB0245178;HMDB0253462","NA;145431","122259;216468","NA;NA","null","null",FALSE,TRUE,NA,NA,NA
"N-(2(s)-(acetylthiomethyl)-3-(2-methylphenyl)-1-oxopropyl)-l-methionine ethyl ester","14163_pos","N-(2(s)-(acetylthiomethyl)-3-(2-methylphenyl)-1-oxopropyl)-l-methionine ethyl ester",0.33,15.59,NA,"Unknown","null","N-(2(S)-(Acetylthiomethyl)-3-(2-methylphenyl)-1-oxopropyl)-L-methionine ethyl ester","","HMDB0257551","NA","9822916","NA","null","null",FALSE,TRUE,NA,NA,NA
"N-(2,3,4-trihydroxybutyl)-l-valine","4664_neg","N-(2,3,4-trihydroxybutyl)-l-valine",0.84,58.11,NA,"Pantothenic Acid","null","N-(2,3,4-Trihydroxybutyl)-L-valine;p-Hydroxyphenylethylbiguanide","","HMDB0254995;HMDB0259540","NA;NA","76045192;10013772","NA;NA","null","null",TRUE,TRUE,NA,NA,NA
"N-(2,3-dihydroxypropyl)valine","3387_pos","N-(2,3-dihydroxypropyl)valine",0.42,81.49,NA,"Unknown","null","N-(2,3-Dihydroxypropyl)valine","","HMDB0254994","NA","23088918","NA","null","null",FALSE,TRUE,NA,NA,NA
"N-(2,5-dimethoxybenzyl)-n-(5-fluoro-2-phenoxyphenyl)acetamide","12906_neg","N-(2,5-dimethoxybenzyl)-n-(5-fluoro-2-phenoxyphenyl)acetamide",0.24,100624.2,NA,"Unknown","null","N-(2,5-Dimethoxybenzyl)-N-(5-fluoro-2-phenoxyphenyl)acetamide","","HMDB0250816","NA","10430788","NA","null","null",FALSE,TRUE,NA,NA,NA
"N-(2-(3,4-dichlorophenyl)ethyl)-n-methyl-2-(dimethylamino)ethylamine","7556_pos","N-(2-(3,4-dichlorophenyl)ethyl)-n-methyl-2-(dimethylamino)ethylamine",0.33,56.08,NA,"Unknown","null","N-(2-(3,4-Dichlorophenyl)ethyl)-N-methyl-2-(dimethylamino)ethylamine","","HMDB0248906","NA","188914","NA","null","null",FALSE,TRUE,NA,NA,NA
"N-(2-(mercaptomethyl)-3-phenylbutanoyl)-l-alanine","7538_neg","N-(2-(mercaptomethyl)-3-phenylbutanoyl)-l-alanine",0.42,20.22,NA,"1-METHYLADENOSINE","null","N-(2-(Mercaptomethyl)-3-phenylbutanoyl)-L-alanine","","HMDB0257118","NA","19604194","NA","null","null",FALSE,TRUE,NA,NA,NA
"N-(2-cyclohexyloxy-4-nitrophenyl)methanesulfonamide","9568_pos","N-(2-cyclohexyloxy-4-nitrophenyl)methanesulfonamide",0.16,5.74,NA,"Unknown","null","N-(2-Cyclohexyloxy-4-nitrophenyl)methanesulfonamide;Butylcarbamoyl-(4-methylphenyl)sulfonylcarbamic acid","","HMDB0255773;HMDB0257650","73458;NA","NA;54572603","NA;NA","null","null",FALSE,TRUE,NA,NA,NA
"N-(2-hydroxy-3,3,3-trifluoropropyl)-2-(2-nitro-1-imidazolyl)acetamide","7580_neg","N-(2-hydroxy-3,3,3-trifluoropropyl)-2-(2-nitro-1-imidazolyl)acetamide",0.13,19.28,NA,"Unknown","null","N-(2-Hydroxy-3,3,3-trifluoropropyl)-2-(2-nitro-1-imidazolyl)acetamide","","HMDB0258458","NA","9882197","NA","null","null",FALSE,TRUE,NA,NA,NA
"N-(2-hydroxyethyl)ethylenediaminetriacetic acid","7770_pos","N-(2-hydroxyethyl)ethylenediaminetriacetic acid",0.29,13.6,NA,"Unknown","null","N-(2-Hydroxyethyl)ethylenediaminetriacetic acid;N-(4-Aminobutyl)-2-Naphthalenesulfonamide;Dibenz[a,c]anthracene;Dibenz[a,h]anthracene","C19388;C14325","HMDB0244676;HMDB0245247;HMDB0249009;HMDB0251159","NA;93373;NA;35299","8773;4298;9164;NA","NA;NA;NA;NA","null","null",FALSE,TRUE,NA,NA,NA
"N-(2-hydroxyphenyl)acetamide glucuronide","9783_neg","N-(2-hydroxyphenyl)acetamide glucuronide",0.42,23.27,NA,"Unknown","null","N-(2-Hydroxyphenyl)acetamide glucuronide;(2R,3S)-Epoxiconazole","","HMDB0240542;HMDB0242676","NA;83758","NA;3317081","NA;NA","null","null",FALSE,TRUE,NA,NA,NA
"N-(2-hydroxypropyl)valine","2742_pos","N-(2-hydroxypropyl)valine",0.87,226.24,NA,"Unknown","null","N-(2-Hydroxypropyl)valine;N-(3-Hydroxypropyl)valine;Statine","","HMDB0254992;HMDB0255001;HMDB0258487","NA;NA;NA","21121256;43468391;3387569","NA;NA;NA","null","null",TRUE,TRUE,NA,NA,NA
"N-(2-pyrimidinyl)formamide","701_neg","N-(2-pyrimidinyl)formamide",0.11,4.77,NA,"Unknown","null","N-(2-Pyrimidinyl)formamide;N-pyrimidin-5-ylformamide","","HMDB0252442;HMDB0255241","NA;35877","255580;NA","NA;NA","null","null",FALSE,TRUE,NA,NA,NA
"N-(3,5-dichlorophenyl)-2-hydroxysuccinimide","6465_neg","N-(3,5-dichlorophenyl)-2-hydroxysuccinimide",0.02,10.89,NA,"Unknown","null","N-(3,5-Dichlorophenyl)-2-hydroxysuccinimide;1-(3,5-Dichlorophenyl)pyrrole-2,3,5-triol","","HMDB0244438;HMDB0260232","NA;NA","114902;54414721","NA;NA","null","null",FALSE,TRUE,NA,NA,NA
"N-(3,5-dichlorophenyl)succinimide","5718_neg","N-(3,5-dichlorophenyl)succinimide",0.47,30.19,NA,"Unknown","null","N-(3,5-Dichlorophenyl)succinimide;1-(3,5-Dichlorophenyl)pyrrole-2,5-diol","C10987","HMDB0251374;HMDB0260233","NA;NA","NA;53886988","NA;NA","null","null",TRUE,TRUE,NA,NA,NA
"N-(3-(4-methylpiperazin-1-yl)phenyl)-8-(4-(methylsulfonyl)phenyl)-[1,2,4]triazolo[1,5-a]pyridin-2-amine","15858_neg","N-(3-(4-methylpiperazin-1-yl)phenyl)-8-(4-(methylsulfonyl)phenyl)-[1,2,4]triazolo[1,5-a]pyridin-2-amine",0.2,8.35,NA,"Unknown","null","N-(3-(4-Methylpiperazin-1-yl)phenyl)-8-(4-(methylsulfonyl)phenyl)-[1,2,4]triazolo[1,5-a]pyridin-2-amine","","HMDB0249805","NA","NA","NA","null","null",FALSE,TRUE,NA,NA,NA
"N-(3-acetamidopropyl)pyrrolidin-2-one","3085_pos","N-(3-acetamidopropyl)pyrrolidin-2-one",0.62,39.34,NA,"Unknown","null","N-(3-acetamidopropyl)pyrrolidin-2-one;1-Hydroxy-2,2,5,5-tetramethyl-2,5-dihydro-1h-pyrrole-3-carboxamide;2,2,3,3-Tetramethylcyclopropanecarbonylurea;Apronal;Allyl-isopropyl-acetylharnstoff","","HMDB0061384;HMDB0243893;HMDB0245339;HMDB0248536;HMDB0258084","133185;NA;NA;NA;NA","129397;76703;10176413;10715;9942324","NA;NA;NA;NA;NA","null","null",FALSE,TRUE,"N-alkylpyrrolidines","Pyrrolidines","N-alkylpyrrolidines"
"N-(3-chloro-2-hydroxypropyl)valine","4087_neg","N-(3-chloro-2-hydroxypropyl)valine",0.09,19.32,NA,"Unknown","null","n-(3-Chloro-2-hydroxypropyl)valine","","HMDB0255000","NA","NA","NA","null","null",FALSE,TRUE,NA,NA,NA
"N-(3-chloro-4-morpholinophenyl)-n'-hydroxyformimidamide","6566_pos","N-(3-chloro-4-morpholinophenyl)-n'-hydroxyformimidamide",0.09,14.21,NA,"Unknown","null","""N-(3-Chloro-4-morpholinophenyl)-N'-hydroxyformimidamide""","","HMDB0246171","NA","9816527","NA","null","null",FALSE,TRUE,NA,NA,NA
"N-(3-methyl-1,1-dioxo-1,4-thiazinan-4-yl)-1-(5-nitro-2-furanyl)methanimine","7800_neg","N-(3-methyl-1,1-dioxo-1,4-thiazinan-4-yl)-1-(5-nitro-2-furanyl)methanimine",0.04,5.26,NA,"Unknown","null","N-(3-Methyl-1,1-dioxo-1,4-thiazinan-4-yl)-1-(5-nitro-2-furanyl)methanimine","","HMDB0255486","NA","NA","NA","null","null",FALSE,TRUE,NA,NA,NA
"N-(3-methyl-2-pyridyl)-3-(4-chlorophenyl)succinimide","8456_neg","N-(3-methyl-2-pyridyl)-3-(4-chlorophenyl)succinimide",0.02,4.85,NA,"Unknown","null","N-(3-Methyl-2-pyridyl)-3-(4-chlorophenyl)succinimide","","HMDB0253392","NA","146069","NA","null","null",FALSE,TRUE,NA,NA,NA
"N-(3-phenylpropyl)-3,4-dihydroxybenzylidene cyanoacetamide","15346_pos","N-(3-phenylpropyl)-3,4-dihydroxybenzylidene cyanoacetamide",0.33,1063097,NA,"Unknown","null","N-(3-Phenylpropyl)-3,4-dihydroxybenzylidene cyanoacetamide","","HMDB0255002","NA","137191345","NA","null","null",FALSE,TRUE,NA,NA,NA
"N-(4-(2-chlorophenyl)-6,7-dimethyl-3-quinolyl)-n'-(2,4-difluorophenyl)urea","14830_neg","N-(4-(2-chlorophenyl)-6,7-dimethyl-3-quinolyl)-n'-(2,4-difluorophenyl)urea",0.38,421635.7,NA,"Unknown","null","""N-(4-(2-Chlorophenyl)-6,7-dimethyl-3-quinolyl)-N'-(2,4-difluorophenyl)urea""","","HMDB0244498","NA","125289","NA","null","null",FALSE,TRUE,NA,NA,NA
"N-(4-(4-amino-2-ethyl-imidazo(4,5-c)quinolin-1-yl)butyl)methanesulfonamide","11823_pos","N-(4-(4-amino-2-ethyl-imidazo(4,5-c)quinolin-1-yl)butyl)methanesulfonamide",0.64,621.27,NA,"Melibiose","null","N-(4-(4-Amino-2-ethyl-imidazo(4,5-c)quinolin-1-yl)butyl)methanesulfonamide","","HMDB0259491","NA","NA","NA","null","null",TRUE,TRUE,NA,NA,NA
"N-(4-aminobenzoyl)-l-glutamic acid","7144_pos","N-(4-aminobenzoyl)-l-glutamic acid",0.22,11.3,NA,"Unknown","null","N-(4-Aminobenzoyl)-L-glutamic acid","","HMDB0255007","NA","65138","NA","null","null",FALSE,TRUE,NA,NA,NA
"N-(4-methoxybenzyl)-n'-(5-nitro-1,3-thiazol-2-yl)urea","8858_neg","N-(4-methoxybenzyl)-n'-(5-nitro-1,3-thiazol-2-yl)urea",0.38,56.69,NA,"Unknown","null","""N-(4-Methoxybenzyl)-N'-(5-nitro-1,3-thiazol-2-YL)urea""","","HMDB0248543","NA","NA","NA","null","null",TRUE,TRUE,NA,NA,NA
"N-(5-amino-2-methylphenyl)-4-(3-pyridyl)-2-pyrimidineamine","7359_neg","N-(5-amino-2-methylphenyl)-4-(3-pyridyl)-2-pyrimidineamine",0.42,29.1,NA,"Unknown","null","N-(5-Amino-2-methylphenyl)-4-(3-pyridyl)-2-pyrimidineamine;1H-Indole-4,6-dicarboximidamide, 2-phenyl-;""4',6-Diamidino-2-phenylindole"";Diamidino-2-phenylindole;""4',6'-Diamidino-2-phenylindole""","","HMDB0244690;HMDB0244892;HMDB0250859;HMDB0251134;HMDB0257967","NA;NA;51231;NA;NA","9965429;156646;NA;135581853;11414751","NA;NA;NA;NA;NA","null","null",FALSE,TRUE,NA,NA,NA
"N-(6,8-difluoro-2-methyl-4-quinolinyl)-n'-[4-(dimethylamino)phenyl]urea","11661_pos","N-(6,8-difluoro-2-methyl-4-quinolinyl)-n'-[4-(dimethylamino)phenyl]urea",0.38,85.61,NA,"Unknown","null","""N-(6,8-Difluoro-2-methyl-4-quinolinyl)-N'-[4-(dimethylamino)phenyl]urea""","","HMDB0245742","NA","4331799","NA","null","null",FALSE,TRUE,NA,NA,NA
"N-(6-aminohexyl)-1-naphthalenesulfonamide","9176_pos","N-(6-aminohexyl)-1-naphthalenesulfonamide",0.36,11.73,NA,"Unknown","null","N-(6-Aminohexyl)-1-Naphthalenesulfonamide","","HMDB0255017","NA","4314","NA","null","null",FALSE,TRUE,NA,NA,NA
"N-(6-aminopyridin-2-yl)-4'-cyanobiphenyl-4-sulfonamide","10757_neg","N-(6-aminopyridin-2-yl)-4'-cyanobiphenyl-4-sulfonamide",0.07,65.23,NA,"Unknown","null","""N-(6-Aminopyridin-2-yl)-4'-cyanobiphenyl-4-sulfonamide""","","HMDB0256368","NA","NA","NA","null","null",TRUE,TRUE,NA,NA,NA
"N-(7-((2r,3r,4s,5r)-3,4-dihydroxy-5-methoxy-6,6-dimethyl-tetrahydro-2h-pyran-2-yloxy)-8-methyl-2-oxo-2h-chromen-3-yl)acetamide","13456_neg","N-(7-((2r,3r,4s,5r)-3,4-dihydroxy-5-methoxy-6,6-dimethyl-tetrahydro-2h-pyran-2-yloxy)-8-methyl-2-oxo-2h-chromen-3-yl)acetamide",0.02,4.26,NA,"Unknown","null","N-(7-((2R,3R,4S,5R)-3,4-Dihydroxy-5-methoxy-6,6-dimethyl-tetrahydro-2H-pyran-2-yloxy)-8-methyl-2-oxo-2H-chromen-3-yl)acetamide","","HMDB0253830","NA","74926876","NA","null","null",FALSE,TRUE,NA,NA,NA
"N-(carboxymethyl)-n-(2-((carboxymethyl)amino)ethyl)glycine","5317_neg","N-(carboxymethyl)-n-(2-((carboxymethyl)amino)ethyl)glycine",0.87,348.92,NA,"Unknown","null","N-(Carboxymethyl)-N-(2-((carboxymethyl)amino)ethyl)glycine;Glutamine lactate;Tris(carboxymethyl)ethylenediamine","","HMDB0247201;HMDB0252811;HMDB0257993","132232;NA;NA","167782;129691591;21947007","NA;NA;NA","null","null",TRUE,TRUE,NA,NA,NA
"N-(mercaptoacetyl)glycine","1548_neg","N-(mercaptoacetyl)glycine",0.42,31767.67,NA,"Unknown","null","N-(Mercaptoacetyl)glycine","","HMDB0255024","NA","NA","NA","null","null",FALSE,TRUE,NA,NA,NA
"N-(n-(3-amino-3-carboxypropyl)-3-amino-3-carboxypropyl)azetidine-2-carboxylic acid","9018_pos","N-(n-(3-amino-3-carboxypropyl)-3-amino-3-carboxypropyl)azetidine-2-carboxylic acid",0.11,14.98,"Benzoic acid esters","no MS2: Cocaine; LC-ESI-ITFT; MS2; CE","C17H21NO4","N-(N-(3-Amino-3-carboxypropyl)-3-amino-3-carboxypropyl)azetidine-2-carboxylic acid;NOTA","","HMDB0255025;HMDB0255756","25520;NA","3450503;124326","NA;NA","ZPUCINDJVBIVPJ-LJISPDSOSA-N","COC(=O)[C@@H]1[C@H]2CC[C@@H](C[C@@H]1OC(=O)C1=CC=CC=C1)N2C",FALSE,TRUE,NA,NA,NA
"N-[(1-chloro-4-hydroxyisoquinolin-3-yl)carbonyl]glycine","7471_neg","N-[(1-chloro-4-hydroxyisoquinolin-3-yl)carbonyl]glycine",0.31,16.67,NA,"Unknown","null","N-[(1-Chloro-4-hydroxyisoquinolin-3-YL)carbonyl]glycine","","HMDB0252244","NA","NA","NA","null","null",TRUE,TRUE,NA,NA,NA
"N-[(1r)-2,3-dihydro-1h-inden-1-yl]-adenosine","12908_pos","N-[(1r)-2,3-dihydro-1h-inden-1-yl]-adenosine",0.02,2.9,"N-arylpiperazines","no MS2: Prazosin; LC-ESI-QTOF; MS2; CE","C19H21N5O4","N-[(1R)-2,3-Dihydro-1H-inden-1-yl]-adenosine;LEUCOGENENOL","","HMDB0247685;HMDB0254032","NA;NA","13424661;301101","NA;NA","IENZQIKPVFGBNW-UHFFFAOYSA-N","COC1=C(OC)C=C2C(=N)NC(=NC2=C1)N1CCN(CC1)C(=O)C1=CC=CO1",FALSE,TRUE,NA,NA,NA
"N-[(2s)-1-[[(2s)-1-amino-1-oxopropan-2-yl]amino]-3-naphthalen-2-yl-1-oxopropan-2-yl]-n'-hydroxy-2-(2-methylpropyl)butanediamide","16070_pos","N-[(2s)-1-[[(2s)-1-amino-1-oxopropan-2-yl]amino]-3-naphthalen-2-yl-1-oxopropan-2-yl]-n'-hydroxy-2-(2-methylpropyl)butanediamide",0.04,9.02,NA,"Unknown","null","""N-[(2S)-1-[[(2S)-1-Amino-1-oxopropan-2-yl]amino]-3-naphthalen-2-yl-1-oxopropan-2-yl]-N'-hydroxy-2-(2-methylpropyl)butanediamide""","","HMDB0258718","NA","21881944","NA","null","null",FALSE,TRUE,NA,NA,NA
"N-[(3s)-2-oxotetrahydrofuran-3-yl]butanamide","2340_neg","N-[(3s)-2-oxotetrahydrofuran-3-yl]butanamide",0.84,1111.41,NA,"PYRIDOXINE","null","N-[(3s)-2-Oxotetrahydrofuran-3-Yl]butanamide;Diethadione","","HMDB0247190;HMDB0251235","NA;NA","NA;12798","NA;NA","null","null",FALSE,TRUE,NA,NA,NA
"N-[(furan-2-yl)methyl]-2-(n-methyl-2-phenoxyacetamido)benzamide","12060_pos","N-[(furan-2-yl)methyl]-2-(n-methyl-2-phenoxyacetamido)benzamide",0.24,8.25,NA,"Unknown","null","N-[(Furan-2-yl)methyl]-2-(N-methyl-2-phenoxyacetamido)benzamide","","HMDB0257962","NA","17397414","NA","null","null",FALSE,TRUE,NA,NA,NA
"N-[1-(hydroxymethyl)-2-(4-nitrophenyl)-2-oxoethyl]acetamide","6148_neg","N-[1-(hydroxymethyl)-2-(4-nitrophenyl)-2-oxoethyl]acetamide",0.31,11.8,NA,"Unknown","null","N-[1-(Hydroxymethyl)-2-(4-nitrophenyl)-2-oxoethyl]acetamide;""5-Ethynyl-2'-deoxyuridine""","","HMDB0246136;HMDB0246787","NA;NA","65112;122879","NA;NA","null","null",FALSE,TRUE,NA,NA,NA
"N-[2-(3,5-dioxopiperazino)propyl]-n-(2-amino-2-oxoethyl)glycine","8151_pos","N-[2-(3,5-dioxopiperazino)propyl]-n-(2-amino-2-oxoethyl)glycine",0.42,69.36,NA,"Unknown","null","N-[2-(3,5-Dioxopiperazino)propyl]-N-(2-amino-2-oxoethyl)glycine","","HMDB0255034","NA","9971221","NA","null","null",FALSE,TRUE,NA,NA,NA
"N-[2-(diacetylamino)-3-(4-isothiocyanatophenyl)propyl]-n-[2-(diacetylamino)propyl]acetamide","16351_neg","N-[2-(diacetylamino)-3-(4-isothiocyanatophenyl)propyl]-n-[2-(diacetylamino)propyl]acetamide",0.07,7.57,NA,"Unknown","null","N-[2-(Diacetylamino)-3-(4-isothiocyanatophenyl)propyl]-N-[2-(diacetylamino)propyl]acetamide;""2-((2'-(5-Ethyl-3,4-diphenyl-1H-pyrazol-1-yl)-[1,1'-biphenyl]-3-yl)oxy)acetic acid""","","HMDB0244607;HMDB0246117","NA;NA","3036099;16122583","NA;NA","null","null",FALSE,TRUE,NA,NA,NA
"N-[2-[(r)-[3-methyl-4-(2,2,2-trifluoroethoxy)pyridin-2-yl]methylsulfinyl]-1h-pyrrol-3-yl]benzamide","14827_neg","N-[2-[(r)-[3-methyl-4-(2,2,2-trifluoroethoxy)pyridin-2-yl]methylsulfinyl]-1h-pyrrol-3-yl]benzamide",0.07,9.38,NA,"Unknown","null","N-[2-[(R)-[3-Methyl-4-(2,2,2-trifluoroethoxy)pyridin-2-yl]methylsulfinyl]-1H-pyrrol-3-yl]benzamide","","HMDB0260408","NA","NA","NA","null","null",TRUE,TRUE,NA,NA,NA
"N-[4'-hydroxy-(e)-cinnamoyl]-l-aspartic acid","7804_pos","N-[4'-hydroxy-(e)-cinnamoyl]-l-aspartic acid",0.2,21.74,NA,"Unknown","null","""N-[4'-hydroxy-(E)-cinnamoyl]-L-aspartic acid""","","HMDB0029234","174662","24891369","NA","null","null",FALSE,TRUE,NA,NA,NA
"N-[4-[1-[2-(6-methylpyridin-2-yl)ethyl]piperidine-4-carbonyl]phenyl]methanesulfonamide","13718_pos","N-[4-[1-[2-(6-methylpyridin-2-yl)ethyl]piperidine-4-carbonyl]phenyl]methanesulfonamide",0.2,14.13,NA,"Unknown","null","N-[4-[1-[2-(6-Methylpyridin-2-yl)ethyl]piperidine-4-carbonyl]phenyl]methanesulfonamide","C13776","HMDB0251662","NA","3185","NA","null","null",FALSE,TRUE,NA,NA,NA
"N-[4-chloro-3-(trifluoromethyl)phenyl]-2-ethoxybenzamide","11014_pos","N-[4-chloro-3-(trifluoromethyl)phenyl]-2-ethoxybenzamide",0.18,7.51,NA,"Unknown","null","N-[4-Chloro-3-(trifluoromethyl)phenyl]-2-ethoxybenzamide","","HMDB0255036","95070","729859","NA","null","null",FALSE,TRUE,NA,NA,NA
"N-[[3-[(2s)-2-hydroxy-3-[[2-[4-[(phenylsulfonyl)amino]phenyl]ethyl]amino]propoxy]phenyl]methyl]-acetamide","17579_pos","N-[[3-[(2s)-2-hydroxy-3-[[2-[4-[(phenylsulfonyl)amino]phenyl]ethyl]amino]propoxy]phenyl]methyl]-acetamide",0.07,461687.1,NA,"Unknown","null","N-[[3-[(2S)-2-Hydroxy-3-[[2-[4-[(phenylsulfonyl)amino]phenyl]ethyl]amino]propoxy]phenyl]methyl]-acetamide","","HMDB0253860","NA","53432043","NA","null","null",FALSE,TRUE,NA,NA,NA
"N-a-acetyl-l-arginine","4585_pos","N-a-acetyl-l-arginine",0.87,1515.38,NA,"N-A-Acetyl-L-Arginine","null",NA,NA,NA,NA,NA,NA,"null","null",TRUE,TRUE,NA,NA,NA
"N-acetyl-1-methylhistidine","4307_pos","N-acetyl-1-methylhistidine",0.42,882.27,NA,"Unknown","null","N-Acetyl-1-methylhistidine;N-Acetyl-3-methylhistidine;4-Amino-1-[5-(hydroxymethyl)oxolan-2-yl]pyrimidin-2-one","","HMDB0240340;HMDB0240341;HMDB0255802","133181;133183;NA","53859791;193270;5718","NA;NA;NA","null","null",FALSE,TRUE,NA,NA,NA
"N-acetyl-3-(nitrosulfanyl)-l-valine","5405_neg","N-acetyl-3-(nitrosulfanyl)-l-valine",0.09,68.52,NA,"Unknown","null","N-Acetyl-3-(nitrosulfanyl)-L-valine;Coumestan","","HMDB0244752;HMDB0250498","NA;72578","21882149;638309","NA;NA","null","null",FALSE,TRUE,NA,NA,NA
"N-acetyl-b-glucosaminylamine","4772_pos","N-acetyl-b-glucosaminylamine",0.11,3.96,NA,"Unknown","null","N-Acetyl-b-glucosaminylamine;N(epsilon)-(Carboxymethyl)hydroxylysine;N-[(2Z)-2-Methoxyiminopropyl]-7H-purin-6-amine","C01239","HMDB0001104;HMDB0250375;HMDB0258951","15947;NA;NA","439454;53461970;85669800","NA;NA;NA","null","null",FALSE,TRUE,NA,NA,NA
"N-acetyl-l-aspartic acid","2508_neg","N-acetyl-l-aspartic acid",0.84,1549.01,NA,"N-Acetyl-L-Aspartic Acid","null","N-Acetyl-L-aspartic acid;Alanine pyruvate;Dimethyloxalylglycine","C01042","HMDB0000812;HMDB0248106;HMDB0251540","21547;NA;102218","65065;129630236;NA","36685;NA;NA","null","null",TRUE,TRUE,NA,NA,NA
"N-acetyl-l-glutamate","3289_pos","N-acetyl-l-glutamate",0.87,408.36,NA,"N-Acetyl-L-glutamate","null",NA,NA,NA,NA,NA,NA,"null","null",TRUE,TRUE,NA,NA,NA
"N-acetyl-l-phenylalanine","4014_pos","N-acetyl-l-phenylalanine",0.69,33.96,NA,"Phenylpropionylglycine","null","N-Acetyl-L-phenylalanine;Phenylpropionylglycine;3,4-Dimethylhippuric acid;Methylone;N-Acetyl-DL-phenylalanine;THURFYL NICOTINATE","C03519;C20126","HMDB0000512;HMDB0000860;HMDB0246035;HMDB0254656;HMDB0255056;HMDB0259050","16259;266653;NA;NA;21626;NA","74839;152323;152464;45789647;2000;NA","NA;NA;NA;NA;NA;NA","null","null",TRUE,TRUE,NA,NA,NA
"N-acetyl-l-tyrosine","4810_pos","N-acetyl-l-tyrosine",0.82,319.38,NA,"N-Acetyl-L-Tyrosine","null",NA,NA,NA,NA,NA,NA,"null","null",TRUE,TRUE,NA,NA,NA
"N-acetyl-s-(3-hydroxypropyl)cysteine","4654_neg","N-acetyl-s-(3-hydroxypropyl)cysteine",0.71,578.74,NA,"Unknown","null","N-Acetyl-S-(3-hydroxypropyl)cysteine;5-(delta-Carboxybutyl)homocysteine;Boc-L-cysteine;(2R)-2-Acetamido-5-hydroxy-2-(sulfanylmethyl)pentanoic acid","","HMDB0245906;HMDB0246764;HMDB0249330;HMDB0258091","NA;NA;NA;NA","3371179;44413151;5053163;NA","NA;NA;NA;NA","null","null",FALSE,TRUE,NA,NA,NA
"N-acetyl-s-trans,trans-farnesyl-l-cysteine","12180_pos","N-acetyl-s-trans,trans-farnesyl-l-cysteine",0.02,1825469,NA,"Unknown","null","N-Acetyl-S-trans,trans-farnesyl-L-cysteine","","HMDB0247773","NA","NA","NA","null","null",FALSE,TRUE,NA,NA,NA
"N-acetylaspartylglutamic acid","9060_pos","N-acetylaspartylglutamic acid",0.84,84755.02,NA,"Unknown","null","N-Acetylaspartylglutamic acid;Flobufen;N-Acetyl-1-aspartylglutamic acid;Propaphos","C12270;C12270;C19013","HMDB0001067;HMDB0252307;HMDB0255414;HMDB0256818","73688;NA;95120;38858","188803;NA;5255;NA","NA;NA;NA;NA","null","null",TRUE,TRUE,NA,NA,NA
"N-acetylcadaverine","1478_pos","N-acetylcadaverine",0.56,485.68,NA,"N-Acetylcadaverine","null",NA,NA,NA,NA,NA,NA,"null","null",FALSE,TRUE,NA,NA,NA
"N-acetylcystathionine","7030_pos","N-acetylcystathionine",0.42,13.89,NA,"Unknown","null","N-Acetylcystathionine;Phenyl 1-hydroxy-2-naphthoate","","HMDB0002381;HMDB0256421","88610;NA","152314;NA","NA;NA","null","null",TRUE,TRUE,NA,NA,NA
"N-acetylgalactosamine","4721_pos","N-acetylgalactosamine",0.44,53.1,NA,"O-SUCCINYL-L-HOMOSERINE","null","N-Acetylgalactosamine;N-Acetyl-D-glucosamine;beta-N-Acetylglucosamine;N-Acetyl-b-D-galactosamine;N-Acetylmannosamine;N-((2R,3R,4R,5R)-3,4,5,6-Tetrahydroxy-1-oxohexan-2-yl)acetamide;2-(Acetylamino)-2-deoxy-alpha-D-mannopyranose;(2R,5S)-5-Amino-1,2,6,7-tetrahydroxyoctane-3,4-dione","C01074;C00140;C03878;C05021;C00645;C02711","HMDB0000212;HMDB0000215;HMDB0000803;HMDB0000853;HMDB0001129;HMDB0244808;HMDB0248228;HMDB0255319","40356;506227;28009;28497;63154;NA;7203;NA","84265;439174;24139;440552;11096158;343911;899;76090650","36880;34006;NA;NA;35606;NA;NA;NA","null","null",TRUE,TRUE,NA,NA,NA
"N-acetylgalactosamine 4-sulphate","8496_neg","N-acetylgalactosamine 4-sulphate",0.44,61.82,NA,"Unknown","null","N-Acetylgalactosamine 4-sulphate;N-Acetylglucosamine 6-sulfate;2-(Acetylamino)-2-Deoxy-6-O-Sulfo-alpha-D-Glucopyranose","C16265;C04132","HMDB0000781;HMDB0000814;HMDB0244937","44391;28132;NA","446101;440235;5195972","NA;NA;NA","null","null",TRUE,TRUE,NA,NA,NA
"N-acetylglutamine","3244_pos","N-acetylglutamine",0.87,454.16,NA,"N-Acetylglutamine","null","N-Acetylglutamine;gamma-Glutamylacetamide;H-Hyp-gly-OH;tetrahydroxybutylimidazole","","HMDB0006029;HMDB0252618;HMDB0253018;HMDB0258912","21553;NA;NA;NA","182230;76082401;559549;129829215","NA;NA;NA;NA","null","null",TRUE,TRUE,NA,NA,NA
"N-acetylhistamine","1824_pos","N-acetylhistamine",0.42,129.47,NA,"Unknown","null","N-Acetylhistamine","C05135","HMDB0013253","28483","69602","NA","null","null",FALSE,TRUE,NA,NA,NA
"N-acetylhistidine","3480_neg","N-acetylhistidine",0.49,1036.46,NA,"Unknown","null","N-Acetylhistidine","C02997","HMDB0032055","16437","75619","NA","null","null",TRUE,TRUE,NA,NA,NA
"N-acetylimidazole","406_pos","N-acetylimidazole",0.67,141.65,NA,"Unknown","null","N-Acetylimidazole;2-Furancarboximidamide","C02560","HMDB0243814;HMDB0245134","16984;NA","17174;3028399","NA;NA","null","null",FALSE,TRUE,NA,NA,NA
"N-acetylkynurenine","6061_neg","N-acetylkynurenine",0.44,36.69,NA,"Unknown","null","N-Acetylkynurenine;Benzenebutanoic acid, alpha-(acetylamino)-2-amino-gamma-oxo-","","HMDB0240342;HMDB0245586","NA;NA","54201144;5231549","NA;NA","null","null",TRUE,TRUE,NA,NA,NA
"N-acetyllactosamine","12435_neg","N-acetyllactosamine",0.42,42.36,NA,"N-Acetyllactosamine","null",NA,NA,NA,NA,NA,NA,"null","null",FALSE,TRUE,NA,NA,NA
"N-acetylmethionine sulfoxide","4098_pos","N-acetylmethionine sulfoxide",0.76,37741.32,NA,"Unknown","null","N-Acetylmethionine sulfoxide","","HMDB0240343","NA","7408371","NA","null","null",FALSE,TRUE,NA,NA,NA
"N-acetylmuramate","8089_neg","N-acetylmuramate",0.33,7.5,NA,"Unknown","null","N-Acetylmuramate","C02713","HMDB0060493","21615","5462244","NA","null","null",FALSE,TRUE,NA,NA,NA
"N-acetylneuraminate","9211_pos","N-acetylneuraminate",0.42,8.2,NA,"N-ACETYLNEURAMINATE","null",NA,NA,NA,NA,NA,NA,"null","null",FALSE,TRUE,NA,NA,NA
"N-acetylneuraminic acid","8910_neg","N-acetylneuraminic acid",0.87,245.08,NA,"N-ACETYLNEURAMINATE","null","N-Acetylneuraminic acid;3h-Sialic acid;Glucose-6-glutamate;9-O-Acetylneuraminic acid;Aceneuramic acid","C19910","HMDB0000230;HMDB0246275;HMDB0252776;HMDB0255839;HMDB0259583","45744;NA;NA;NA;NA","445063;906;71336986;3266376;349962","NA;NA;NA;NA;NA","null","null",TRUE,TRUE,NA,NA,NA
"N-acetylputrescine","1024_pos","N-acetylputrescine",0.56,648.01,NA,"N-Acetylputrescine","null",NA,NA,NA,NA,NA,NA,"null","null",FALSE,TRUE,NA,NA,NA
"N-acetylserine","1492_pos","N-acetylserine",0.33,237.43,NA,"N-Acetylserine","null",NA,NA,NA,NA,NA,NA,"null","null",FALSE,TRUE,NA,NA,NA
"N-acetyltaurine","2176_neg","N-acetyltaurine",0.78,3801.59,NA,"Unknown","null","N-Acetyltaurine","","HMDB0240253","84415","NA","NA","null","null",TRUE,TRUE,NA,NA,NA
"N-acetyltryptophan","5899_neg","N-acetyltryptophan",0.71,451.89,NA,"BIOTIN","null","N-Acetyltryptophan;3-Phenylacetylamino-2,6-piperidinedione;5-Ethyl-5-p-tolylbarbituric acid;indolepropionylglycine;N-Acetyl-D-tryptophan","","HMDB0013713;HMDB0245972;HMDB0246784;HMDB0253470;HMDB0255052","74640;NA;NA;NA;70976","700653;157096;104245;129691959;2002","NA;NA;NA;NA;NA","null","null",TRUE,TRUE,NA,NA,NA
"N-acetylvanilalanine","6183_neg","N-acetylvanilalanine",0.49,31.17,NA,"Unknown","null","N-Acetylvanilalanine;N-lactoyl-Tyrosine;tyrosine lactate","","HMDB0011716;HMDB0062177;HMDB0259352","88403;NA;NA","12681285;57329379;NA","NA;NA;NA","null","null",FALSE,TRUE,NA,NA,NA
"N-alpha-acetyl-l-citrulline","4452_neg","N-alpha-acetyl-l-citrulline",0.49,519.25,NA,"Unknown","null","N-alpha-Acetyl-L-citrulline;2-(2-Aminopropanylamino)-4-carbamoylbutyric acid","C15532","HMDB0000856;HMDB0248109","49002;NA","656979;542027","NA;NA","null","null",FALSE,TRUE,NA,NA,NA
"N-alpha-acetyllysine","3255_pos","N-alpha-acetyllysine",0.87,214.66,NA,"N-Alpha-Acetyllysine","null",NA,NA,NA,NA,NA,NA,"null","null",TRUE,TRUE,NA,NA,NA
"N-benzoyl-l-tyrosine ethyl ester","9530_pos","N-benzoyl-l-tyrosine ethyl ester",0.2,4.61,"Phenol ethers","no MS2: Kresoxim-methyl; LC-ESI-ITFT; MS2; CE","C18H19NO4","N-Benzoyl-L-tyrosine ethyl ester;Kresoxim-Methyl","","HMDB0246185;HMDB0253821","NA;NA","253239;86438","NA;NA","ZOTBXTZVPHCKPN-HTXNQAPBSA-N","CO\N=C(\C(=O)OC)C1=CC=CC=C1COC1=CC=CC=C1C",FALSE,TRUE,NA,NA,NA
"N-benzylglucamine dithiocarbamate","10613_neg","N-benzylglucamine dithiocarbamate",0.49,74.97,NA,"Unknown","null","N-Benzylglucamine dithiocarbamate","","HMDB0249172","NA","179865","NA","null","null",TRUE,TRUE,NA,NA,NA
"N-carboxyethyl-g-aminobutyric acid","2732_pos","N-carboxyethyl-g-aminobutyric acid",0.64,143.33,NA,"Unknown","null","N-Carboxyethyl-g-aminobutyric acid;2-Aminoheptanedioic acid;hydroxyvalerylglycine;(S)-Dimethyl 2-aminopentanedioate;2-(Carboxymethylamino)-3-methylbutanoic acid;Pegorgotein","","HMDB0002201;HMDB0034252;HMDB0094717;HMDB0243725;HMDB0255021;HMDB0256203","NA;64305;NA;NA;NA;NA","2572;101122;79198664;416902;558642;NA","NA;NA;NA;NA;NA;NA","null","null",FALSE,TRUE,NA,NA,NA
"N-cyclopropyl-1-(3-((1-oxidopyridin-3-yl)ethynyl)phenyl)-1,4-dihydro(1,8)naphthyridin-4-one-3-carboxamide","14649_pos","N-cyclopropyl-1-(3-((1-oxidopyridin-3-yl)ethynyl)phenyl)-1,4-dihydro(1,8)naphthyridin-4-one-3-carboxamide",0.11,9.94,NA,"Unknown","null","N-Cyclopropyl-1-(3-((1-oxidopyridin-3-yl)ethynyl)phenyl)-1,4-dihydro(1,8)naphthyridin-4-one-3-carboxamide","","HMDB0254781","NA","9919680","NA","null","null",FALSE,TRUE,NA,NA,NA
"N-demethoxylinuron","4656_pos","N-demethoxylinuron",0.84,18.8,"N-phenylureas","no MS2: Diuron-desmethyl; LC-ESI-ITFT; MS2; CE","C8H8Cl2N2O","N-Demethoxylinuron","","HMDB0255108","83466","19113","NA","IDQHRQQSSQDLTR-UHFFFAOYSA-N","CN=C(O)NC1=CC(Cl)=C(Cl)C=C1",TRUE,TRUE,NA,NA,NA
"N-desmethyl loperamide","15860_neg","N-desmethyl loperamide",0.18,98.04,NA,"Unknown","null","N-desmethyl loperamide","","HMDB0255118","64043","9805944","NA","null","null",FALSE,TRUE,"Diphenylmethanes","Benzene and substituted derivatives","Diphenylmethanes"
"N-ethyl-7h-purine-6-sulfonamide","4963_neg","N-ethyl-7h-purine-6-sulfonamide",0.2,17.69,NA,"Unknown","null","N-ethyl-7H-purine-6-sulfonamide","","HMDB0255132","NA","4043781","NA","null","null",FALSE,TRUE,NA,NA,NA
"N-ethyl-n'-nitro-n-nitrosoguanidine","2143_pos","N-ethyl-n'-nitro-n-nitrosoguanidine",0.13,49.33,NA,"Unknown","null","""N-Ethyl-N'-nitro-N-nitrosoguanidine""","","HMDB0255134","NA","20238","NA","null","null",TRUE,TRUE,NA,NA,NA
"N-ethyl-n-(2-hydroxy-3-sulfopropyl)-3-toluidine","7152_neg","N-ethyl-n-(2-hydroxy-3-sulfopropyl)-3-toluidine",0.42,238.28,NA,"Unknown","null","N-Ethyl-N-(2-hydroxy-3-sulfopropyl)-3-toluidine","","HMDB0255133","NA","125979","NA","null","null",FALSE,TRUE,NA,NA,NA
"N-formyl-l-methionine","2596_neg","N-formyl-l-methionine",0.87,922.76,NA,"N-Formyl-L-Methionine","null","N-Formyl-L-methionine;N-Acetyl-DL-homocysteine;N-Formyl-DL-methionine;2-Amino-3-propylsulfinylprop-2-enoic acid","C03145","HMDB0001015;HMDB0255054;HMDB0255142;HMDB0255372","16552;NA;NA;NA","439750;108348;911;91332461","NA;NA;NA;NA","null","null",TRUE,TRUE,NA,NA,NA
"N-formyl-met-leu-phe-lys","19764_pos","N-formyl-met-leu-phe-lys",0.11,722184.5,NA,"Unknown","null","N-Formyl-met-leu-phe-lys","","HMDB0252432","NA","14631849","NA","null","null",FALSE,TRUE,NA,NA,NA
"N-heptafluorobutyrylimidazole","6703_neg","N-heptafluorobutyrylimidazole",0.2,6.4,NA,"Unknown","null","n-Heptafluorobutyrylimidazole","","HMDB0255147","NA","NA","NA","null","null",FALSE,TRUE,NA,NA,NA
"N-heptafluorobutyrylproline","10307_pos","N-heptafluorobutyrylproline",0.29,113940.2,NA,"Unknown","null","N-Heptafluorobutyrylproline","","HMDB0255148","NA","14275155","NA","null","null",FALSE,TRUE,NA,NA,NA
"N-heptanoylglycine","3205_pos","N-heptanoylglycine",0.78,439.23,NA,"Unknown","null","N-Heptanoylglycine;8-Amino-7-oxononanoic acid;1-Hydroxy-2,2,5,5-tetramethylpyrrolidine-3-carboxylic acid;Pivagabine;L-Valine, N-(2-hydroxy-3-butenyl)-","C01092","HMDB0013010;HMDB0240687;HMDB0243895;HMDB0246575;HMDB0253927","74433;149468;NA;NA;NA","10932172;448124;92169;NA;71342819","NA;NA;NA;NA;NA","null","null",TRUE,TRUE,NA,NA,NA
"N-hydroxy-2(r)-[[(4-methoxyphenyl)sulfonyl](3-picolyl)amino]-3-methylbutanamide hydrochloride","12825_neg","N-hydroxy-2(r)-[[(4-methoxyphenyl)sulfonyl](3-picolyl)amino]-3-methylbutanamide hydrochloride",0.33,5.62,NA,"Unknown","null","N-Hydroxy-2(R)-[[(4-methoxyphenyl)sulfonyl](3-picolyl)amino]-3-methylbutanamide hydrochloride;Pentetic acid;4-(2-Aminoethylamino)-3-[bis(carboxymethyl)amino]-3-(carboxymethyl)hexanedioic acid","","HMDB0249875;HMDB0256284;HMDB0257978","NA;35739;NA","4626827;NA;20065480","NA;NA;NA","null","null",TRUE,TRUE,NA,NA,NA
"N-lactoyl-tryptophan","7311_neg","N-lactoyl-tryptophan",0.22,12.63,NA,"Unknown","null","N-lactoyl-Tryptophan;5-Benzylacyclouridine;Taglutimida;2-[[2-[(Dimethylamino)methyl]phenyl]thio]-5-fluoroaniline","","HMDB0062178;HMDB0246756;HMDB0249202;HMDB0249921","NA;41037;NA;125631","131770415;54929;26516;10265481","NA;NA;NA;NA","null","null",FALSE,TRUE,NA,NA,NA
"N-lactoylleucine","3769_neg","N-lactoylleucine",0.87,200.15,"Hydropyrimidines","no MS2: 6-(gamma,gamma-Dimethylallylamino)purine; LC-ESI-QTOF; MS2; CE","C10H13N5","N-Lactoylleucine;1-Carboxyethylleucine;N-(3-Methylbut-2-EN-1-YL)-9H-purin-6-amine;Glutamic acid diethyl ester","C04083","HMDB0062176;HMDB0240626;HMDB0245646;HMDB0252807","NA;NA;17660;NA","57329455;NA;92180;408343","NA;NA;NA;NA","XVVUABVHOSCDJP-UHFFFAOYNA-N","CC(C)=CCN=C1N=CNC2=NC=NC12",TRUE,TRUE,NA,NA,NA
"N-methacryloyl-l-glutamic acid","4510_pos","N-methacryloyl-l-glutamic acid",0.87,385.87,"6-alkylaminopurines","no MS2: Kinetin; LC-ESI-QTOF; MS2; CE","C10H9N5O","N-Methacryloyl-L-glutamic acid","","HMDB0255166","NA","22244854","NA","QANMHLXAZMSUEX-UHFFFAOYSA-N","C(NC1=C2N=CN=C2NC=N1)C1=CC=CO1",TRUE,TRUE,NA,NA,NA
"N-methyl-2-(4'-methylaminophenyl)-6-hydroxybenzothiazole","7109_neg","N-methyl-2-(4'-methylaminophenyl)-6-hydroxybenzothiazole",0.36,62.08,NA,"Unknown","null","""n-methyl-2-(4'-methylaminophenyl)-6-hydroxybenzothiazole""","","HMDB0255169","NA","129887057","NA","null","null",FALSE,TRUE,NA,NA,NA
"N-nitrosodiethanolamine","1111_pos","N-nitrosodiethanolamine",0.89,2900,NA,"3-UREIDOPROPIONATE","null","N-NITROSODIETHANOLAMINE;N,N-Bis(1-hydroxyethyl)nitrous amide","C19278","HMDB0255203;HMDB0257609","NA;NA","14223;22752115","NA;NA","null","null",TRUE,TRUE,NA,NA,NA
"N-nitrosofenfluramine","6839_pos","N-nitrosofenfluramine",0.11,4.98,NA,"Unknown","null","N-Nitrosofenfluramine","","HMDB0255206","NA","101196224","NA","null","null",FALSE,TRUE,NA,NA,NA
"N-octanoyl-l-homoserine lactone","5131_pos","N-octanoyl-l-homoserine lactone",0.42,49.95,NA,"Unknown","null","N-OCTANOYL-L-HOMOSERINE LACTONE","","HMDB0255213","NA","NA","NA","null","null",FALSE,TRUE,NA,NA,NA
"N-phenylacetylphenylalanine","7634_neg","N-phenylacetylphenylalanine",0.22,9.4,NA,"Unknown","null","N-Phenylacetylphenylalanine;N-(3-Phenoxycinnamyl)acetohydroxamic acid;Caffeic Acid Phenethyl Amide;Pentoxyresorufin","","HMDB0002372;HMDB0249488;HMDB0249531;HMDB0256292","975589;NA;NA;NA","47579;123970;54239304;NA","NA;NA;NA;NA","null","null",FALSE,TRUE,NA,NA,NA
"N-propionylmethionine","3925_pos","N-propionylmethionine",0.78,58.82,NA,"5-Methoxyindoleacetate","null","N-Propionylmethionine","","HMDB0094704","137541","21117855","NA","null","null",TRUE,TRUE,NA,NA,NA
"N-propylurea","263_pos","N-propylurea",0.42,255.77,NA,"Unknown","null","N-Propylurea","","HMDB0255240","NA","NA","NA","null","null",FALSE,TRUE,NA,NA,NA
"N-ribosylhistidine","8200_pos","N-ribosylhistidine",0.42,16.65,NA,"Unknown","null","N-Ribosylhistidine","","HMDB0002089","90055","126923","NA","null","null",FALSE,TRUE,NA,NA,NA
"N-succinimidyl 6-maleimidohexanoate","8869_neg","N-succinimidyl 6-maleimidohexanoate",0.42,23.75,NA,"Unknown","null","N-Succinimidyl 6-Maleimidohexanoate;N-(4-Acetamidobenzoyl)-L-glutamic acid;(2S)-2-[Acetamido(benzoyl)amino]pentanedioic acid","","HMDB0246963;HMDB0255006;HMDB0255324","NA;NA;NA","5091655;21155414;76084612","NA;NA;NA","null","null",FALSE,TRUE,NA,NA,NA
"N-vinyl-2-pyrrolidone","432_pos","N-vinyl-2-pyrrolidone",0.42,32.84,NA,"Unknown","null","N-VINYL-2-PYRROLIDONE;Policapram","C19548","HMDB0255245;HMDB0256664","NA;NA","6917;32775","NA;NA","null","null",FALSE,TRUE,NA,NA,NA
"N1-[3-(methylthio)phenyl]-2-chloroacetamide","4337_neg","N1-[3-(methylthio)phenyl]-2-chloroacetamide",0.04,6.23,NA,"Unknown","null","N1-[3-(Methylthio)phenyl]-2-chloroacetamide;1,3,5-Trinitrocyclohexa-1,3-diene","","HMDB0247523;HMDB0255343","NA;NA","2799648;21564613","NA;NA","null","null",FALSE,TRUE,NA,NA,NA
"N1-methyl-2-pyridone-5-carboxamide","1786_pos","N1-methyl-2-pyridone-5-carboxamide",0.91,3177.5,NA,"Unknown","null","N1-Methyl-2-pyridone-5-carboxamide;N1-Methyl-4-pyridone-3-carboxamide;1,3-Benzodioxole-5,6-diamine;2-(Pyridin-2-ylamino)acetic acid;2-Hydroxybenzohydrazide;N-Methyl-4-oxo-1,4-dihydropyridine-3-carboxamide;4-Hydroxybenzohydrazide;Ethyl 2,3-dicyanopropionate;Methyl pyridone carboxamide;N-Methyl-4-nitroaniline;n-methyl-6-oxo-1,6-dihydropyridine-3-carboxamide","C05842;C05843","HMDB0004193;HMDB0004194;HMDB0244157;HMDB0244956;HMDB0245152;HMDB0246137;HMDB0246451;HMDB0252027;HMDB0254609;HMDB0255170;HMDB0255171","27410;27838;NA;NA;NA;NA;NA;NA;NA;NA;NA","69698;440810;3080788;193885;13637;160670;1742;10725530;129716613;7483;70510","NA;NA;NA;NA;NA;NA;NA;NA;NA;NA;NA","null","null",TRUE,TRUE,NA,NA,NA
"N2,n2-dimethylguanosine","9441_pos","N2,n2-dimethylguanosine",0.51,126.84,NA,"Unknown","null","N2,N2-Dimethylguanosine","","HMDB0004824","19289","92919","NA","null","null",TRUE,TRUE,NA,NA,NA
"N2,n5-diacetylornithine","4578_pos","N2,n5-diacetylornithine",0.49,1057.44,NA,"Unknown","null","N2,N5-Diacetylornithine;[(2S,3R)-2-Amino-3-hydroxybutanoyl] (2S)-pyrrolidine-2-carboxylate","","HMDB0240345;HMDB0257877","133217;NA","65977;NA","NA;NA","null","null",FALSE,TRUE,NA,NA,NA
"N2-acetyl-l-lysine","3258_pos","N2-acetyl-l-lysine",0.29,56.19,NA,"N2-Acetyl-L-lysine","null",NA,NA,NA,NA,NA,NA,"null","null",FALSE,TRUE,NA,NA,NA
"N2-gamma-glutamylglutamine","7610_pos","N2-gamma-glutamylglutamine",0.84,61.05,NA,"Unknown","null","N2-gamma-Glutamylglutamine;N-gamma-Glutamylglutamine","C05283","HMDB0011738;HMDB0029147","73707;NA","150914;21122973","NA;NA","null","null",TRUE,TRUE,NA,NA,NA
"N4-acetylcytidine","8093_pos","N4-acetylcytidine",0.8,93938.63,NA,"Unknown","null","N4-Acetylcytidine;4-(2-Methoxyphenyl)-2-((5-methyl-1H-imidazol-4-yl)methyl)thiazole","","HMDB0005923;HMDB0250065","70989;NA","107461;3035572","NA;NA","null","null",FALSE,TRUE,NA,NA,NA
"N6,n6,n6-trimethyl-l-lysine","3263_pos","N6,n6,n6-trimethyl-l-lysine",0.87,3637.88,NA,"N6,N6,N6-Trimethyl-L-lysine","null",NA,NA,NA,NA,NA,NA,"null","null",TRUE,TRUE,NA,NA,NA
"N6-acetyl-l-lysine","3072_neg","N6-acetyl-l-lysine",0.49,24.5,NA,"Unknown","null","N6-Acetyl-L-lysine;N-alpha-Acetyl-L-lysine;Glycylleucine;Alanylvaline;Glycyl-Isoleucine;Isoleucyl-Glycine;Leucyl-Glycine;Valylalanine;N-(3-Amino-3-oxopropyl)-L-valine;alpha-Acetyllysine","C02727;C12989;C02155","HMDB0000206;HMDB0000446;HMDB0000759;HMDB0028700;HMDB0028844;HMDB0028907;HMDB0028929;HMDB0029120;HMDB0246894;HMDB0247927","17752;35704;73514;73809;NA;NA;NA;75008;NA;NA","92832;92907;92843;96799;259613;342532;79070;6992637;23147649;19009202","NA;NA;NA;NA;NA;NA;NA;NA;NA;NA","null","null",TRUE,TRUE,NA,NA,NA
"N6-cyclopentyladenosine","10631_pos","N6-cyclopentyladenosine",0.42,53.39,"Purine nucleosides","no MS2: isopentenyl-Adenosine-[d6]; LC-ESI-ITFT; MS2; CE 22.0 eV; [M+H]+","C15H21N5O4","N6-Cyclopentyladenosine;Acarviosin;Hippuryl-L-arginine;Riboprine","","HMDB0242692;HMDB0247888;HMDB0253174;HMDB0257214","91927;NA;NA;NA","4402;13118212;259599;266767","NA;NA;NA;NA","USVMJSALORZVDV-SDBHATRESA-N","CC(C)=CCNC1=C2N=CN([C@@H]3O[C@H](CO)[C@@H](O)[C@H]3O)C2=NC=N1",FALSE,TRUE,NA,NA,NA
"N6-etheno 2'-deoxyadenosine","7247_neg","N6-etheno 2'-deoxyadenosine",0.42,57.94,NA,"Unknown","null","""N6-Etheno 2'-deoxyadenosine"";1-((2-Methyl-5-methylene-5-oxotetrahydrofuran-2-yl)methyl)guanine;(2S,3S,5R)-5-(6-Aminopurin-9-yl)-2-(2H-oxet-2-yl)oxolan-3-ol","","HMDB0244258;HMDB0255803;HMDB0257938","NA;NA;NA","4250940;129161;NA","NA;NA;NA","null","null",TRUE,TRUE,NA,NA,NA
"N7-(2-carbamoyl-2-hydroxyethyl)guanine","5718_pos","N7-(2-carbamoyl-2-hydroxyethyl)guanine",0.31,154.48,"Coumaric acids and derivatives","no MS2: 3,4,5-Trimethoxycinnamic acid; LC-ESI-QTOF; MS2; CE","C12H14O5","N7-(2-Carbamoyl-2-hydroxyethyl)guanine","","HMDB0255307","NA","NA","NA","YTFVRYKNXDADBI-SNAWJCMRSA-N","COC1=CC(\C=C\C(O)=O)=CC(OC)=C1OC",FALSE,TRUE,NA,NA,NA
"Nafamostat","10619_neg","Nafamostat",0.42,11.63,NA,"Unknown","null","Nafamostat","","HMDB0255419","NA","4413","NA","null","null",FALSE,TRUE,"Guanidinobenzoic acids and derivatives","Benzene and substituted derivatives","Benzoic acids and derivatives"
"Nafoxidine","14796_pos","Nafoxidine",0.11,648820.9,NA,"Unknown","null","Nafoxidine","C14212","HMDB0255424","NA","4416","NA","null","null",FALSE,TRUE,"Phenylnaphthalenes","Naphthalenes","Phenylnaphthalenes"
"Naphth(1,2-b)oxirene","1373_pos","Naphth(1,2-b)oxirene",0.87,351.85,NA,"Unknown","null","Naphth(1,2-b)oxirene","","HMDB0255444","NA","115242","NA","null","null",TRUE,TRUE,"Diarylethers","Organooxygen compounds","Ethers"
"Naringenin","7105_neg","Naringenin",0.04,3.53,NA,"Apigenin","null","Naringenin;Dihydrogenistein;(2R)-5,7-Dihydroxy-2-(4-hydroxyphenyl)-2,3-dihydro-4H-chromen-4-one;Butin;Protosappanin A;TUCARESOL","C00509;C14458","HMDB0002670;HMDB0005897;HMDB0242579;HMDB0249463;HMDB0256874;HMDB0259322","17846;34707;50202;NA;NA;NA","439246;9838356;NA;NA;NA;NA","NA;NA;NA;NA;NA;NA","null","null",FALSE,TRUE,"Flavanones","Flavonoids","Flavans"
"Ne,ne dimethyllysine","2698_pos","Ne,ne dimethyllysine",0.87,440.97,NA,"Ne,Ne Dimethyllysine","null",NA,NA,NA,NA,NA,NA,"null","null",TRUE,TRUE,NA,NA,NA
"Nemifitide","22477_pos","Nemifitide",0.07,1503561,NA,"Unknown","null","Nemifitide","","HMDB0255508","NA","NA","NA","null","null",FALSE,TRUE,"Oligopeptides","Carboxylic acids and derivatives","Amino acids, peptides, and analogues"
"Nemiralisib","15392_pos","Nemiralisib",0.31,656844.9,NA,"Unknown","null","Nemiralisib","","HMDB0255509","NA","49784002","NA","null","null",FALSE,TRUE,"Indazoles","Benzopyrazoles","Indazoles"
"Neocuproine","4032_neg","Neocuproine",0.13,68.18,NA,"Unknown","null","Neocuproine","","HMDB0255520","91222","65237","NA","null","null",TRUE,TRUE,"Phenanthrolines","Phenanthrolines",NA
"Neomenthol-glucuronide","9956_neg","Neomenthol-glucuronide",0.33,17.16,NA,"Unknown","null","Neomenthol-glucuronide;Menthol glucuronide","","HMDB0060012;HMDB0254445","89610;NA","183838;3536531","NA;NA","null","null",FALSE,TRUE,"Terpene glycosides","Prenol lipids","Terpene glycosides"
"Neopterin","6467_pos","Neopterin",0.36,175.98,NA,"Unknown","null","Neopterin;""3'-AZIDO-2',3'-DIDEOXYURIDINE"";Dioxolane guanosine;Novuridine","","HMDB0000845;HMDB0246087;HMDB0251437;HMDB0255759","NA;NA;NA;NA","135408877;3908006;135402001;21068502","NA;NA;NA;NA","null","null",FALSE,TRUE,"Biopterins and derivatives","Pteridines and derivatives","Pterins and derivatives"
"Nep-in-2","10353_neg","Nep-in-2",0.47,6535.2,NA,"Unknown","null","Nep-IN-2","","HMDB0244642","NA","6914729","NA","null","null",FALSE,TRUE,NA,NA,NA
"Neplanocin a","6983_pos","Neplanocin a",0.33,5.92,NA,"Unknown","null","Neplanocin A","","HMDB0255538","NA","330164","NA","null","null",FALSE,TRUE,NA,NA,NA
"Neuraminic acid","6858_neg","Neuraminic acid",0.16,14.04,"Purine nucleosides","no MS2: Adenosine; LC-ESI-QTOF; MS2; CE","C10H13N5O4","Neuraminic acid;Miserotoxin;3-[(2-Benzyl-3-sulfanylpropanoyl)amino]propanoic acid","C06469","HMDB0000830;HMDB0254754;HMDB0258443","49022;NA;NA","513472;4480505;NA","NA;NA;NA","OIRDTQYFTABQOQ-KQYNXXCUSA-N","NC1=C2N=CN([C@@H]3O[C@H](CO)[C@@H](O)[C@H]3O)C2=NC=N1",FALSE,TRUE,"Acyl carnitines","Fatty acyls","Fatty acid esters"
"Niacinamide","671_neg","Niacinamide",0.71,193.92,NA,"Unknown","null","Niacinamide;3-Aminopicolinaldehyde;Isonicotinamide;Picolinamide;Pyridine-2-aldoxime;2-(Nitrosomethyl)pyridine","C00153;C02421;C01950","HMDB0001406;HMDB0245820;HMDB0253663;HMDB0256533;HMDB0256964;HMDB0257592","17154;NA;6031;8200;NA;NA","936;12204009;15074;NA;13395;54138656","34058;NA;NA;NA;NA;NA","null","null",FALSE,TRUE,"Nicotinamides","Pyridines and derivatives","Pyridinecarboxylic acids and derivatives"
"Nicoboxil","4753_neg","Nicoboxil",0.87,5147.24,NA,"Unknown","null","Nicoboxil;Rimiterol","C13138","HMDB0255581;HMDB0257235","NA;NA","14866;NA","NA;NA","null","null",TRUE,TRUE,"Pyridinecarboxylic acids","Pyridines and derivatives","Pyridinecarboxylic acids and derivatives"
"Nicosulfuron","13600_neg","Nicosulfuron",0.11,12.04,"Pyridinesulfonamides","no MS2: Nicosulfuron; LC-ESI-ITFT; MS2; CE","C15H18N6O6S",NA,NA,NA,NA,NA,NA,"RTCOGUMHFFWOJV-UHFFFAOYSA-N","COC1=CC(OC)=NC(N=C(O)NS(=O)(=O)C2=C(C=CC=N2)C(=O)N(C)C)=N1",FALSE,TRUE,NA,NA,NA
"Nicotinamide d-ribonucleotide","10140_neg","Nicotinamide d-ribonucleotide",0.16,13.92,NA,"Nicotinamide D-ribonucleotide","null",NA,NA,NA,NA,NA,NA,"null","null",FALSE,TRUE,NA,NA,NA
"Nicotinamide riboside","6288_neg","Nicotinamide riboside",0.16,34.41,NA,"Unknown","null","Nicotinamide riboside;2-Amino-6-[(1R,2S)-1,2,3-trihydroxypropyl]-7,8-dihydro-3H-pteridin-4-one;2-Amino-7-[(2R)-2,3-dihydroxypropanoyl]-5,6,7,8-tetrahydro-3H-pteridin-4-one","C03150;C04874","HMDB0000855;HMDB0244465;HMDB0255377","15927;17001;NA","439924;659;NA","41300;NA;NA","null","null",FALSE,TRUE,"Glycosylamines","Organooxygen compounds","Carbohydrates and carbohydrate conjugates"
"Nicotinamide ribotide","10093_neg","Nicotinamide ribotide",0.02,7.99,NA,"Unknown","null","Nicotinamide ribotide","C00455","HMDB0000229","14648","14181","NA","null","null",TRUE,TRUE,"Nicotinamide nucleotides","Pyridine nucleotides","Nicotinamide nucleotides"
"Nicotinic acid","697_neg","Nicotinic acid",0.71,134.47,"Pyridinecarboxylic acids","no MS2: Nicotinic acid; LC-ESI-QTOF; MS2; CE","C6H5NO2","Nicotinic acid;Picolinic acid","C00253;C10164","HMDB0001488;HMDB0002243","15940;28747","938;1018","34401;NA","PVNIIMVLHYAWGP-UHFFFAOYSA-N","OC(=O)C1=CN=CC=C1",FALSE,TRUE,"Pyridinecarboxylic acids","Pyridines and derivatives","Pyridinecarboxylic acids and derivatives"
"Nicotinuric acid","2919_pos","Nicotinuric acid",0.42,151.13,NA,"Nicotinuric Acid","null","Nicotinuric acid;Picolinoylglycine;""2'-Nitroacetanilide""","C05380","HMDB0003269;HMDB0059766;HMDB0254993","7563;89884;NA","68499;11788622;11090","NA;NA;NA","null","null",FALSE,TRUE,"N-acyl-alpha amino acids","Carboxylic acids and derivatives","Amino acids, peptides, and analogues"
"Nicotredole","7096_pos","Nicotredole",0.31,5.58,NA,"Unknown","null","Nicotredole","","HMDB0255590","NA","65768","NA","null","null",FALSE,TRUE,"3-alkylindoles","Indoles and derivatives","Indoles"
"Nipradilol","10177_pos","Nipradilol",0.07,3.98,"Phenothiazines","no MS2: Acepromazine; LC-ESI-QTOF; MS2; CE","C19H22N2OS","Nipradilol","","HMDB0255620","NA","72006","NA","NOSIYYJFMPDDSA-UHFFFAOYSA-N","CN(C)CCCN1C2=CC=CC=C2SC2=C1C=C(C=C2)C(C)=O",FALSE,TRUE,"1-benzopyrans","Benzopyrans","1-benzopyrans"
"Niridazole","4303_neg","Niridazole",0.16,18.09,NA,"Unknown","null","Niridazole","C19268","HMDB0255625","NA","NA","NA","null","null",FALSE,TRUE,"Nitrothiazoles","Azoles","Thiazoles"
"Nitrosyl acetate","33_neg","Nitrosyl acetate",0.4,31.2,NA,"Unknown","null","Nitrosyl acetate","","HMDB0255665","NA","12757149","NA","null","null",FALSE,TRUE,"Acyl nitrites","Organic oxoanionic compounds","Organic nitrites"
"Nizatidine sulfoxide","10615_neg","Nizatidine sulfoxide",0.13,7.39,NA,"Unknown","null","Nizatidine sulfoxide","","HMDB0255672","NA","77589293","NA","null","null",FALSE,TRUE,"2,4-disubstituted thiazoles","Azoles","Thiazoles"
"Nocodazole","8503_neg","Nocodazole",0.02,3,NA,"Unknown","null","Nocodazole","C13719","HMDB0255688","34892","4122","NA","null","null",TRUE,TRUE,"Benzimidazoles","Benzimidazoles",NA
"Nodakenin","14967_neg","Nodakenin",0.4,28.21,"Psoralens","no MS2: Nodakenin; LC-ESI-ITTOF; MS2; [(M+CH3COOH)-H]-","C20H24O9",NA,NA,NA,NA,NA,NA,"HXCGUCZXPFBNRD-DNLMCPORSA-N","CC(C)(O[C@@H]1O[C@H](CO)[C@@H](O)[C@H](O)[C@H]1O)[C@H]1CC2=C(O1)C=C1OC(=O)C=CC1=C2",FALSE,TRUE,NA,NA,NA
"Nolomirole","10016_neg","Nolomirole",0.56,74852.3,NA,"Unknown","null","Nolomirole","","HMDB0255699","NA","216238","NA","null","null",TRUE,TRUE,"Tetralins","Tetralins",NA
"Norepinephrine","2374_pos","Norepinephrine",0.84,118.9,NA,"Pyridoxal","null","Norepinephrine;Pyridoxine;6-Hydroxydopamine;5-Hydroxydopamine","C00547;C00314","HMDB0000216;HMDB0000239;HMDB0001537;HMDB0004817","18357;16709;78741;144646","439260;1054;4624;114772","35313;NA;NA;NA","null","null",TRUE,TRUE,"Catechols","Phenols","Benzenediols"
"Norepinephrine sulfate","6233_pos","Norepinephrine sulfate",0.69,915.04,NA,"Unknown","null","Norepinephrine sulfate;Norepinephrine 3-sulfate;5-[(4-Ethylphenyl)methylene]-2-thioxo-4-thiazolidinone;S-[(3R,3As,6S,6aS)-3-nitrooxy-2,3,3a,5,6,6a-hexahydrofuro[3,2-b]furan-6-yl] ethanethioate","","HMDB0002062;HMDB0240695;HMDB0244284;HMDB0253932","90022;NA;149696;NA","123747;10083394;2844975;20760352","NA;NA;NA;NA","null","null",FALSE,TRUE,"Phenylsulfates","Organic sulfuric acids and derivatives","Arylsulfates"
"Norprochlorperazine","11816_pos","Norprochlorperazine",0.53,33922.36,NA,"Unknown","null","Norprochlorperazine","","HMDB0251045","NA","10451115","NA","null","null",TRUE,TRUE,"Phenothiazines","Benzothiazines","Phenothiazines"
"Norquetiapine","8594_pos","Norquetiapine",0.02,6.5,NA,"Unknown","null","Norquetiapine;H-Tyr-gly-gly-OH;Glycyl-tyrosyl-glycine","","HMDB0246982;HMDB0247865;HMDB0252836","NA;NA;NA","11369918;NA;100083","NA;NA;NA","null","null",FALSE,TRUE,"Dibenzothiazepines","Benzothiazepines","Dibenzothiazepines"
"Nuclomedone","8137_neg","Nuclomedone",0.18,9.29,NA,"Unknown","null","Nuclomedone","","HMDB0255816","NA","NA","NA","null","null",FALSE,TRUE,"Pyrimidones","Diazines","Pyrimidines and pyrimidine derivatives"
"O,s,s-trimethyl phosphorodithioate","2352_neg","O,s,s-trimethyl phosphorodithioate",0.31,33.08,NA,"Unknown","null","O,S,S-Trimethyl phosphorodithioate","","HMDB0255875","NA","31435","NA","null","null",FALSE,TRUE,NA,NA,NA
"O-(2,3,4,5,6-pentafluorobenzyl)hydroxylamine","4250_neg","O-(2,3,4,5,6-pentafluorobenzyl)hydroxylamine",0.2,27.43,NA,"Unknown","null","o-(2,3,4,5,6-Pentafluorobenzyl)hydroxylamine","","HMDB0255831","NA","NA","NA","null","null",TRUE,TRUE,NA,NA,NA
"O-(pentafluorobenzyloxycarbonyl)-2,3,4,5-tetrafluorobenzoyl chloride","14854_neg","O-(pentafluorobenzyloxycarbonyl)-2,3,4,5-tetrafluorobenzoyl chloride",0.4,1037649,NA,"Unknown","null","o-(pentafluorobenzyloxycarbonyl)-2,3,4,5-tetrafluorobenzoyl chloride;Perfluorooctane","","HMDB0255832;HMDB0256326","NA;38826","129837315;NA","NA;NA","null","null",FALSE,TRUE,NA,NA,NA
"O-benzylfluorescein benzyl ester","17759_neg","O-benzylfluorescein benzyl ester",0.2,632813.2,NA,"Unknown","null","O-Benzylfluorescein benzyl ester","","HMDB0251170","NA","371436","NA","null","null",TRUE,TRUE,NA,NA,NA
"O-demethyl apixaban","15171_neg","O-demethyl apixaban",0.22,345484.8,NA,"Unknown","null","O-Demethyl apixaban","","HMDB0255847","NA","NA","NA","null","null",FALSE,TRUE,NA,NA,NA
"O-methoxycatechol-o-sulphate","3791_neg","O-methoxycatechol-o-sulphate",0.42,229.76,NA,"Unknown","null","O-methoxycatechol-O-sulphate;3-Methylcatechol 1-sulfate;3-Methylcatechol 2-sulfate","","HMDB0060013;HMDB0240662;HMDB0240663","133460;NA;NA","22473;118431379;NA","NA;NA;NA","null","null",FALSE,TRUE,NA,NA,NA
"O-phospho-l-serine","2903_neg","O-phospho-l-serine",0.42,16.2,"L-alpha-amino acids","no MS2: O-Phospho-L-serine; LC-ESI-QTOF; MS2; CE","C3H8NO6P",NA,NA,NA,NA,NA,NA,"BZQFBWGGLXLEPQ-REOHCLBHSA-N","N[C@@H](COP(O)(O)=O)C(O)=O",FALSE,TRUE,NA,NA,NA
"O-phosphoethanolamine","1273_neg","O-phosphoethanolamine",0.76,50.64,NA,"ETHANOLAMINE PHOSPHATE","null","O-Phosphoethanolamine;Aminoethanol phosphate","C00346","HMDB0000224;HMDB0248314","17553;NA","1015;18759431","1485304;NA","null","null",TRUE,TRUE,NA,NA,NA
"O-phosphothreonine","3714_pos","O-phosphothreonine",0.31,13.27,NA,"Unknown","null","O-Phosphothreonine;Creatinine oxalate;trifluoroquinolone","C12147","HMDB0011185;HMDB0250533;HMDB0259209","37525;NA;NA","3246323;129674268;20095355","NA;NA;NA","null","null",FALSE,TRUE,NA,NA,NA
"O-succinyl-l-homoserine","4561_neg","O-succinyl-l-homoserine",0.64,213.83,NA,"Unknown","null","O-Succinyl-L-homoserine","","HMDB0255868","NA","954","NA","null","null",TRUE,TRUE,NA,NA,NA
"O6-benzyl-8-oxoguanine","6665_pos","O6-benzyl-8-oxoguanine",0.04,27.41,NA,"Unknown","null","o6-Benzyl-8-oxoguanine;3-[2-Carboxyprop-1-enyl(ethoxycarbonyl)amino]-2-methylprop-2-enoic acid","","HMDB0255877;HMDB0257806","NA;NA","NA;54433909","NA;NA","null","null",FALSE,TRUE,NA,NA,NA
"Oclacitinib","10182_neg","Oclacitinib",0.18,614898,NA,"Unknown","null","Oclacitinib","","HMDB0255887","NA","44631938","NA","null","null",FALSE,TRUE,"Pyrrolopyrimidines","Pyrrolopyrimidines","Pyrrolopyrimidines"
"Octanal","879_neg","Octanal",0.87,182.87,NA,"Unknown","null","Octanal;2-Methyl-4-heptanone;2-Octanone;Ethyl pentyl ketone;(E)-2-Octen-1-ol;(R)-1-Octen-3-ol;3,4-Dimethylcyclohexanol;3,5-Dimethylcyclohexanol","C01545;C17145;C14272","HMDB0001140;HMDB0013821;HMDB0031294;HMDB0031295;HMDB0031296;HMDB0031299;HMDB0061912;HMDB0061913","17935;NA;87434;80946;NA;34118;88852;88850","454;7958;8093;246728;5364959;18827;97960;21584","NA;NA;NA;NA;NA;NA;NA;NA","null","null",TRUE,TRUE,"Medium-chain aldehydes","Organooxygen compounds","Carbonyl compounds"
"Octanamide","1430_pos","Octanamide",0.42,16.02,NA,"Unknown","null","Octanamide;VALNOCTAMIDE;Valpromide","","HMDB0255903;HMDB0259753;HMDB0259756","142682;NA;74562","NA;NA;NA","NA;NA;NA","null","null",FALSE,TRUE,"Fatty amides","Fatty acyls","Fatty amides"
"Octopine","6115_pos","Octopine",0.6,75.9,NA,"Unknown","null","Octopine;(2S)-2-(Carboxymethylamino)-5-(diaminomethylideneamino)-4-methylpentanoic acid","","HMDB0255912;HMDB0260137","NA;NA","427;NA","NA;NA","null","null",TRUE,TRUE,"Alanine and derivatives","Carboxylic acids and derivatives","Amino acids, peptides, and analogues"
"Octyl 4-methoxycinnamic acid","8369_pos","Octyl 4-methoxycinnamic acid",0.22,12.61,NA,"Unknown","null","Octyl 4-methoxycinnamic acid;Octinoxate;2-Methoxy-3-phenylundec-2-enoic acid","","HMDB0061861;HMDB0255909;HMDB0257874","NA;NA;NA","5355130;NA;54315676","NA;NA;NA","null","null",FALSE,TRUE,"Cinnamic acid esters","Cinnamic acids and derivatives","Cinnamic acid esters"
"Oenanthic ether","1938_pos","Oenanthic ether",0.42,13.25,NA,"Nonanoic acid","null","Oenanthic ether;Pelargonic acid;xi-2-Ethylheptanoic acid;Butyl 3-methylbutanoate;Propyl hexanoate;Hexyl propionate;2-Methylpropyl 3-methylbutanoate;Butyl 2-methylbutanoate;Isoamyl butyrate;Butyl pentanoate;2-Nonene-1,4-diol;4-Hydroxynonanal;4-Hydroxynonenol","C01601","HMDB0000798;HMDB0000847;HMDB0030331;HMDB0032042;HMDB0034165;HMDB0034606;HMDB0038040;HMDB0039216;HMDB0040221;HMDB0040295;HMDB0245271;HMDB0246461;HMDB0246462","86618;29019;NA;NA;87365;87549;NA;NA;87422;NA;NA;156112;NA","7797;8158;18648;7981;12293;88454;11514;61812;7795;61137;54541195;NA;76538793","NA;NA;NA;NA;NA;NA;NA;NA;NA;NA;NA;NA;NA","null","null",FALSE,TRUE,"Fatty acid esters","Fatty acyls","Fatty acid esters"
"Olpadronic acid","6967_pos","Olpadronic acid",0.42,36.95,NA,"Unknown","null","Olpadronic acid","","HMDB0255958","NA","NA","NA","null","null",FALSE,TRUE,"Bisphosphonates","Organic phosphonic acids and derivatives","Bisphosphonates"
"Olprinone","6060_neg","Olprinone",0.16,5.21,NA,"Unknown","null","Olprinone","","HMDB0255959","NA","NA","NA","null","null",FALSE,TRUE,"Bipyridines and oligopyridines","Pyridines and derivatives","Bipyridines and oligopyridines"
"Omeprazole","11117_pos","Omeprazole",0.44,14.06,NA,"Unknown","null","Omeprazole;5-(Dimethylamino)-N-(3,4-dimethyl-5-isoxazolyl)-1-naphthalenesulfonamide","C07324","HMDB0001913;HMDB0249312","77260;NA","4594;122272","2299956;NA","null","null",FALSE,TRUE,"Sulfinylbenzimidazoles","Benzimidazoles","Sulfinylbenzimidazoles"
"Ornithine","1013_neg","Ornithine",0.87,195.95,"L-alpha-amino acids","no MS2: L-Ornithine; LC-ESI-ITFT; MS2; m/z","C5H12N2O2","Ornithine;D-Ornithine","C00077;C00515","HMDB0000214;HMDB0003374","15729;16176","6262;71082","37976;2263101","AHLPHDHHMVZTML-BYPYZUCNSA-N","NCCC[C@H](N)C(O)=O",TRUE,TRUE,"L-alpha-amino acids","Carboxylic acids and derivatives","Amino acids, peptides, and analogues"
"Orotic acid","1780_neg","Orotic acid",0.87,6200.8,NA,"Uracil 5-Carboxylate","null","Orotic acid","C00295","HMDB0000226","16742","967","34527","null","null",TRUE,TRUE,"Pyrimidinecarboxylic acids","Diazines","Pyrimidines and pyrimidine derivatives"
"Orotidine","7848_neg","Orotidine",0.87,132.31,NA,"Orotidine","null","Orotidine","C01103","HMDB0000788","25722","92751","NA","null","null",TRUE,TRUE,"Pyrimidine nucleosides","Pyrimidine nucleosides",NA
"Ouabain","20266_pos","Ouabain",0.04,1508884,"Cardenolide glycosides and derivatives","no MS2: Ouabain; LC-ESI-QTOF; MS2; [M+H]+; CE","C29H44O12",NA,NA,NA,NA,NA,NA,"LPMXVESGRSUGHW-HBYQJFLCSA-N","C[C@@H]1O[C@@H](O[C@H]2C[C@@H](O)[C@]3(CO)[C@H]4[C@H](O)C[C@]5(C)[C@H](CC[C@]5(O)[C@@H]4CC[C@]3(O)C2)C2=CC(=O)OC2)[C@H](O)[C@H](O)[C@H]1O",FALSE,TRUE,NA,NA,NA
"Oxalacetic acid","987_neg","Oxalacetic acid",0.27,31.01,NA,"Unknown","null","Oxalacetic acid","C00036","HMDB0000223","30744","970","33604","null","null",FALSE,TRUE,"Short-chain keto acids and derivatives","Keto acids and derivatives","Short-chain keto acids and derivatives"
"Oxathiin carboxanilide","4545_neg","Oxathiin carboxanilide",0.13,12.75,NA,"Unknown","null","Oxathiin carboxanilide","","HMDB0255968","NA","20542956","NA","null","null",TRUE,TRUE,"Anilides","Benzene and substituted derivatives","Anilides"
"Oxibendazole","6265_pos","Oxibendazole",0.36,35.34,NA,"Unknown","null","Oxibendazole","","HMDB0255983","NA","NA","NA","null","null",FALSE,TRUE,"2-benzimidazolylcarbamic acid esters","Benzimidazoles","2-benzimidazolylcarbamic acid esters"
"Oxisuran","3019_pos","Oxisuran",0.44,83.43,NA,"Unknown","null","Oxisuran","","HMDB0255990","NA","33770","NA","null","null",TRUE,TRUE,"Aryl alkyl ketones","Organooxygen compounds","Carbonyl compounds"
"Oxoadipic acid","1921_neg","Oxoadipic acid",0.87,3199.11,NA,"2-OXOADIPATE","null","Oxoadipic acid;1-Benzothiepin;2-(2-Oxopropanoyloxy)propanoic acid","C00322","HMDB0000225;HMDB0243832;HMDB0258108","15753;NA;NA","71;9834037;54149437","1485244;NA;NA","null","null",TRUE,TRUE,"Medium-chain keto acids and derivatives","Keto acids and derivatives","Medium-chain keto acids and derivatives"
"Oxodipine","11165_neg","Oxodipine",0.36,5.85,NA,"Unknown","null","Oxodipine","","HMDB0255993","NA","NA","NA","null","null",FALSE,TRUE,"Benzodioxoles","Benzodioxoles",NA
"Oxoglutaric acid","1453_neg","Oxoglutaric acid",0.91,2292.71,NA,"Oxoglutaric Acid","null","Oxoglutaric acid;3-Oxoglutaric acid;alpha-Ketoglutarate cyanohydrin","C00026","HMDB0000208;HMDB0013701;HMDB0248224","30915;NA;NA","51;68328;54539841","33565;NA;NA","null","null",TRUE,TRUE,"Gamma-keto acids and derivatives","Keto acids and derivatives","Gamma-keto acids and derivatives"
"Oxonorfloxacin","10526_pos","Oxonorfloxacin",0.4,46.25,NA,"Unknown","null","Oxonorfloxacin","","HMDB0256001","NA","NA","NA","null","null",FALSE,TRUE,"Quinoline carboxylic acids","Quinolines and derivatives","Quinoline carboxylic acids"
"Oxyterracin","15761_neg","Oxyterracin",0.02,6.63,NA,"Unknown","null","Oxyterracin","","HMDB0256024","NA","54686003","NA","null","null",FALSE,TRUE,"Tetracyclines","Tetracyclines",NA
"P-cresol","358_pos","P-cresol",0.62,13.72,NA,"Benzyl Alcohol","null","p-Cresol;m-Cresol;o-Cresol;Benzyl alcohol;Anisole","C01468;C01467;C01542;C03485;C01403","HMDB0001858;HMDB0002048;HMDB0002055;HMDB0003119;HMDB0033895","17847;17231;28054;17987;16579","2879;342;335;244;7519","NA;NA;NA;NA;NA","null","null",FALSE,TRUE,NA,NA,NA
"P-cresol glucuronide","7669_neg","P-cresol glucuronide",0.8,1175.71,NA,"Unknown","null","p-Cresol glucuronide;""4'-Azidocytidine"";4-[3,4,5-Trihydroxy-6-(hydroxymethyl)oxan-2-yl]oxybenzaldehyde;p-Tolyl-ss-D-glucuronide;2-Amino-9-(6-aminopurin-9-yl)-1H-purin-6-one","","HMDB0011686;HMDB0246625;HMDB0253067;HMDB0256060;HMDB0257732","87986;NA;NA;NA;NA","154035;129317836;3303383;14299270;135985036","NA;NA;NA;NA;NA","null","null",TRUE,TRUE,NA,NA,NA
"P-cresol sulfate","3039_neg","P-cresol sulfate",0.82,10066.45,NA,"Unknown","null","p-Cresol sulfate;o-Cresol sulfate;2-Chlorobenzylidenemalononitrile","","HMDB0011635;HMDB0240655;HMDB0245722","82914;133089;NA","4615423;NA;17604","NA;NA;NA","null","null",TRUE,TRUE,NA,NA,NA
"P-cymene","1176_pos","P-cymene",0.31,12.81,NA,"Unknown","null","p-Cymene;p-Mentha-1,3,8-triene;1-Isopropyl-2-methylbenzene;1-Isopropyl-3-methylbenzene;4-Ethyl-o-xylene;(3E,5E)-2,6-Dimethyl-1,3,5,7-octatetraene;1,2-Diethylbenzene;1,2,3,5-Tetramethylbenzene;1,2,4,5-Tetramethylbenzene;Tert-butylbenzene","C06575;C14534","HMDB0005805;HMDB0037013;HMDB0037050;HMDB0037051;HMDB0059832;HMDB0061787;HMDB0244072;HMDB0244133;HMDB0244147;HMDB0258847","28768;89242;NA;NA;NA;90063;NA;NA;38978;NA","7463;176983;10703;10812;13629;5368451;8657;10695;NA;NA","NA;NA;NA;NA;NA;NA;NA;NA;NA;NA","null","null",FALSE,TRUE,NA,NA,NA
"P-hydroxyhippuryl-his-leu-oh","15591_pos","P-hydroxyhippuryl-his-leu-oh",0.07,4.04,NA,"Unknown","null","P-Hydroxyhippuryl-his-leu-OH","","HMDB0256043","NA","12790954","NA","null","null",FALSE,TRUE,NA,NA,NA
"P-hydroxylevamisole","4609_neg","P-hydroxylevamisole",0.4,151.29,NA,"Unknown","null","p-Hydroxylevamisole;Glycine glutamate","","HMDB0246439;HMDB0252864","NA;NA","10443458;NA","NA;NA","null","null",FALSE,TRUE,NA,NA,NA
"P-hydroxyphenylacetic acid","1653_neg","P-hydroxyphenylacetic acid",0.42,118.17,NA,"Ortho-Hydroxyphenylacetic Acid","null","p-Hydroxyphenylacetic acid;3-Hydroxyphenylacetic acid;ortho-Hydroxyphenylacetic acid;Mandelic acid;p-Anisic acid;3-Cresotinic acid;4-Hydroxy-3-methylbenzoic acid;Vanillin;Methylparaben;2-(Hydroxymethyl)benzoic acid;2-Methoxybenzoic acid;3-Methoxybenzoic acid;Methyl 2-hydroxybenzoate;4-Hydroxyphenyl acetate;RESORCINOL MONOACETATE","C00642;C05593;C05852;C01984;C02519;C14088;C00755;C10804;C12305;C13636;C12064","HMDB0000020;HMDB0000440;HMDB0000669;HMDB0000703;HMDB0001101;HMDB0002390;HMDB0004815;HMDB0012308;HMDB0032572;HMDB0032594;HMDB0032604;HMDB0032606;HMDB0034172;HMDB0060390;HMDB0257165","18101;17445;28478;32800;40813;20141;85239;18346;31835;NA;421840;NA;31832;31128;29672","127;12122;11970;439616;7478;6738;68138;1183;7456;11920;11370;11461;4133;96009;NA","35599;NA;NA;NA;NA;NA;NA;NA;NA;NA;NA;NA;NA;NA;NA","null","null",FALSE,TRUE,NA,NA,NA
"P-mppf","14706_neg","P-mppf",0.16,26.08,NA,"Unknown","null","p-MPPF","","HMDB0244701","NA","6603915","NA","null","null",FALSE,TRUE,NA,NA,NA
"P-toluenesulfonyl fluoride","2451_neg","P-toluenesulfonyl fluoride",0.47,423.13,NA,"Unknown","null","p-TOLUENESULFONYL FLUORIDE;Phenylmethylsulfonyl fluoride","C06747","HMDB0256057;HMDB0256652","NA;8102","NA;NA","NA;NA","null","null",FALSE,TRUE,NA,NA,NA
"Paclobutrazol","8092_neg","Paclobutrazol",0.38,43.67,NA,"Unknown","null","Paclobutrazol","","HMDB0256072","139343","NA","NA","null","null",TRUE,TRUE,"Amphetamines and derivatives","Benzene and substituted derivatives","Phenethylamines"
"Palosuran","14487_pos","Palosuran",0.51,521328.7,NA,"Unknown","null","Palosuran","","HMDB0256094","NA","NA","NA","null","null",FALSE,TRUE,"4-benzylpiperidines","Piperidines","Benzylpiperidines"
"Pancopride","10721_neg","Pancopride",0.42,218.51,NA,"Unknown","null","Pancopride","","HMDB0256106","NA","NA","NA","null","null",FALSE,TRUE,"Aminobenzamides","Benzene and substituted derivatives","Benzoic acids and derivatives"
"Panthenol","3937_pos","Panthenol",0.87,4877.83,NA,"Acetylcarnitine","null","Panthenol;Tert-Butyl (2-(2-hydroxyethoxy)ethyl)carbamate","C05944","HMDB0004231;HMDB0244567","27373;NA","131204;5220470","NA;NA","null","null",TRUE,TRUE,"Secondary alcohols","Organooxygen compounds","Alcohols and polyols"
"Pantoprazole","12333_neg","Pantoprazole",0.18,5.95,"Sulfinylbenzimidazoles","no MS2: Pantoprazole; LC-ESI-ITFT; MS2; CE","C16H15F2N3O4S","Pantoprazole","C11806","HMDB0005017","7915","NA","NA","IQPSEEYGBUAQFF-UHFFFAOYNA-N","COC1=CC=NC(CS(=O)C2=NC3=C(N2)C=C(OC(F)F)C=C3)=C1OC",FALSE,TRUE,"Sulfinylbenzimidazoles","Benzimidazoles","Sulfinylbenzimidazoles"
"Pantoprazole sulfide","11513_neg","Pantoprazole sulfide",0.33,42.35,NA,"Unknown","null","Pantoprazole sulfide","","HMDB0244298","NA","9799341","NA","null","null",FALSE,TRUE,"Benzimidazoles","Benzimidazoles",NA
"Pantothenic acid","4727_pos","Pantothenic acid",0.87,2645.8,NA,"Pantothenic Acid","null","Pantothenic acid;(1R,3S)-3-(6-Aminopurin-9-yl)cyclopentan-1-ol;6-Phenylhexyl isothiocyanate;3-[[(2S)-2,4-Dihydroxy-3,3-dimethylbutanoyl]amino]propanoic acid","C00864","HMDB0000210;HMDB0242329;HMDB0247105;HMDB0250782","46905;NA;NA;7916","6613;9881535;114757;988","NA;NA;NA;NA","null","null",TRUE,TRUE,"Secondary alcohols","Organooxygen compounds","Alcohols and polyols"
"Parylene c","7663_pos","Parylene c",0.33,683205.4,NA,"Unknown","null","Parylene C","","HMDB0256138","NA","NA","NA","null","null",FALSE,TRUE,NA,NA,NA
"Pasakbumin-a","13511_neg","Pasakbumin-a",0.02,4.67,NA,"Unknown","null","Pasakbumin-A;3-[2-[3,4,5-Trihydroxy-6-(hydroxymethyl)oxan-2-yl]oxypropan-2-yl]-2,3-dihydrofuro[3,2-g]chromen-7-one","","HMDB0252131;HMDB0258151","NA;NA","433873;18466552","NA;NA","null","null",FALSE,TRUE,NA,NA,NA
"Pc(14:0/20:3(5z,8z,11z))","23447_pos","Pc(14:0/20:3(5z,8z,11z))",0.49,410379.5,NA,"Unknown","null","PC(14:0/20:3(5Z,8Z,11Z));PC(14:0/20:3(8Z,11Z,14Z));PC(14:1(9Z)/20:2(11Z,14Z));PC(16:0/18:3(6Z,9Z,12Z));PC(16:0/18:3(9Z,12Z,15Z));PC(16:1(9Z)/18:2(9Z,12Z));PC(18:2(9Z,12Z)/16:1(9Z));PC(18:3(6Z,9Z,12Z)/16:0);PC(18:3(9Z,12Z,15Z)/16:0);PC(20:2(11Z,14Z)/14:1(9Z));PC(20:3(5Z,8Z,11Z)/14:0);PC(20:3(8Z,11Z,14Z)/14:0)","C00157","HMDB0007881;HMDB0007882;HMDB0007913;HMDB0007974;HMDB0007975;HMDB0008006;HMDB0008134;HMDB0008166;HMDB0008199;HMDB0008329;HMDB0008361;HMDB0008394","89517;89513;NA;84786;84789;84567;NA;89545;NA;89096;89119;89184","53478605;52922230;52922280;24778699;24778702;24778768;52922719;52922771;52922833;52923155;53478943;52923213","NA;NA;NA;NA;NA;NA;NA;NA;NA;NA;NA;NA","null","null",TRUE,TRUE,NA,NA,NA
"Pc(14:0/p-18:0)","22892_pos","Pc(14:0/p-18:0)",0.16,1043017,NA,"Unknown","null","PC(14:0/P-18:0);PC(16:0/P-16:0);PC(P-16:0/16:0);PC(P-18:0/14:0);PC(O-16:0/16:1(9Z))","","HMDB0007896;HMDB0007994;HMDB0011206;HMDB0011236;HMDB0013404","89590;89009;133672;89965;89906","53478617;53478671;11146967;52923926;52923742","NA;NA;NA;NA;NA","null","null",FALSE,TRUE,NA,NA,NA
"Pc(16:0/16:0)","23143_pos","Pc(16:0/16:0)",0.51,474163.4,NA,"Unknown","null","PC(16:0/16:0);PC(14:0/18:0);PC(18:0/14:0);1,2-Dipalmitoylphosphatidylcholine","C00157","HMDB0000564;HMDB0007871;HMDB0008031;HMDB0245715","72999;86090;86089;NA","452110;131150;3082163;6138","NA;NA;NA;NA","null","null",TRUE,TRUE,NA,NA,NA
"Pc(16:0/22:5(4z,7z,10z,13z,16z))","24275_pos","Pc(16:0/22:5(4z,7z,10z,13z,16z))",0.02,4043036,NA,"Unknown","null","PC(16:0/22:5(4Z,7Z,10Z,13Z,16Z));PC(16:0/22:5(7Z,10Z,13Z,16Z,19Z));PC(16:1(9Z)/22:4(7Z,10Z,13Z,16Z));PC(18:0/20:5(5Z,8Z,11Z,14Z,17Z));PC(18:1(11Z)/20:4(5Z,8Z,11Z,14Z));PC(18:1(11Z)/20:4(8Z,11Z,14Z,17Z));PC(18:1(9Z)/20:4(5Z,8Z,11Z,14Z));PC(18:1(9Z)/20:4(8Z,11Z,14Z,17Z));PC(18:2(9Z,12Z)/20:3(5Z,8Z,11Z));PC(18:2(9Z,12Z)/20:3(8Z,11Z,14Z));PC(18:3(6Z,9Z,12Z)/20:2(11Z,14Z));PC(18:3(9Z,12Z,15Z)/20:2(11Z,14Z));PC(18:4(6Z,9Z,12Z,15Z)/20:1(11Z));PC(20:1(11Z)/18:4(6Z,9Z,12Z,15Z));PC(20:2(11Z,14Z)/18:3(6Z,9Z,12Z));PC(20:2(11Z,14Z)/18:3(9Z,12Z,15Z));PC(20:3(5Z,8Z,11Z)/18:2(9Z,12Z));PC(20:3(8Z,11Z,14Z)/18:2(9Z,12Z));PC(20:4(5Z,8Z,11Z,14Z)/18:1(11Z));PC(20:4(5Z,8Z,11Z,14Z)/18:1(9Z));PC(20:4(8Z,11Z,14Z,17Z)/18:1(11Z));PC(20:4(8Z,11Z,14Z,17Z)/18:1(9Z));PC(20:5(5Z,8Z,11Z,14Z,17Z)/18:0);PC(22:4(7Z,10Z,13Z,16Z)/16:1(9Z));PC(22:5(4Z,7Z,10Z,13Z,16Z)/16:0);PC(22:5(7Z,10Z,13Z,16Z,19Z)/16:0)","C00157;C00157;C00157","HMDB0007989;HMDB0007990;HMDB0008021;HMDB0008050;HMDB0008081;HMDB0008082;HMDB0008114;HMDB0008115;HMDB0008139;HMDB0008146;HMDB0008177;HMDB0008210;HMDB0008242;HMDB0008306;HMDB0008337;HMDB0008338;HMDB0008369;HMDB0008402;HMDB0008432;HMDB0008433;HMDB0008465;HMDB0008466;HMDB0008497;HMDB0008627;HMDB0008659;HMDB0008692","84795;84796;89659;NA;89697;89696;74671;89617;89600;89580;89564;89453;89424;89103;NA;NA;89113;NA;88876;88877;88914;88913;88924;88851;88844;88433","24778735;24778737;52922475;24778860;53478741;53478743;24778948;53478767;53478787;52922745;52922801;52922859;52922919;52923121;52923177;52923179;53478959;52923235;53479033;52923293;53479069;53479071;52923351;52923623;53479281;53479347","NA;NA;NA;NA;NA;NA;NA;NA;NA;NA;NA;NA;NA;NA;NA;NA;NA;NA;NA;NA;NA;NA;NA;NA;NA;NA","null","null",TRUE,TRUE,NA,NA,NA
"Pc(16:0/p-18:1(11z))","23292_pos","Pc(16:0/p-18:1(11z))",0.22,3501951,NA,"Unknown","null","PC(16:0/P-18:1(11Z));PC(16:0/P-18:1(9Z));PC(16:1(9Z)/P-18:0);PC(18:1(11Z)/P-16:0);PC(18:1(9Z)/P-16:0);PC(O-16:0/18:2(9Z,12Z));PC(P-16:0/18:1(11Z));PC(P-16:0/18:1(9Z));PC(P-18:0/16:1(9Z));PC(P-18:1(11Z)/16:0);PC(P-18:1(9Z)/16:0)","C00157;C00157","HMDB0007996;HMDB0007997;HMDB0008028;HMDB0008093;HMDB0008126;HMDB0011151;HMDB0011209;HMDB0011210;HMDB0011240;HMDB0011272;HMDB0011305","89013;89014;89650;89702;89593;NA;89999;86232;89972;89940;89505","53478675;53478677;53478695;53478757;53478777;6443157;53480679;24779384;52923934;53480735;53480793","NA;NA;NA;NA;NA;NA;NA;NA;NA;NA;NA","null","null",FALSE,TRUE,NA,NA,NA
"Pc(18:0/22:5(4z,7z,10z,13z,16z))","24723_pos","Pc(18:0/22:5(4z,7z,10z,13z,16z))",0.38,13415430,NA,"Unknown","null","PC(18:0/22:5(4Z,7Z,10Z,13Z,16Z));PC(18:0/22:5(7Z,10Z,13Z,16Z,19Z));PC(18:1(11Z)/22:4(7Z,10Z,13Z,16Z));PC(18:1(9Z)/22:4(7Z,10Z,13Z,16Z));PC(18:3(6Z,9Z,12Z)/22:2(13Z,16Z));PC(18:3(9Z,12Z,15Z)/22:2(13Z,16Z));PC(18:4(6Z,9Z,12Z,15Z)/22:1(13Z));PC(20:0/20:5(5Z,8Z,11Z,14Z,17Z));PC(20:1(11Z)/20:4(5Z,8Z,11Z,14Z));PC(20:1(11Z)/20:4(8Z,11Z,14Z,17Z));PC(20:2(11Z,14Z)/20:3(5Z,8Z,11Z));PC(20:2(11Z,14Z)/20:3(8Z,11Z,14Z));PC(20:3(5Z,8Z,11Z)/20:2(11Z,14Z));PC(20:3(8Z,11Z,14Z)/20:2(11Z,14Z));PC(20:4(5Z,8Z,11Z,14Z)/20:1(11Z));PC(20:4(8Z,11Z,14Z,17Z)/20:1(11Z));PC(20:5(5Z,8Z,11Z,14Z,17Z)/20:0);PC(22:1(13Z)/18:4(6Z,9Z,12Z,15Z));PC(22:2(13Z,16Z)/18:3(6Z,9Z,12Z));PC(22:2(13Z,16Z)/18:3(9Z,12Z,15Z));PC(22:4(7Z,10Z,13Z,16Z)/18:1(11Z));PC(22:4(7Z,10Z,13Z,16Z)/18:1(9Z));PC(22:5(4Z,7Z,10Z,13Z,16Z)/18:0);PC(22:5(7Z,10Z,13Z,16Z,19Z)/18:0)","C00157;C00157;C00157","HMDB0008055;HMDB0008056;HMDB0008087;HMDB0008120;HMDB0008185;HMDB0008218;HMDB0008250;HMDB0008281;HMDB0008312;HMDB0008313;HMDB0008343;HMDB0008344;HMDB0008375;HMDB0008407;HMDB0008439;HMDB0008472;HMDB0008504;HMDB0008568;HMDB0008599;HMDB0008600;HMDB0008629;HMDB0008630;HMDB0008661;HMDB0008694","73865;86203;NA;86201;NA;NA;NA;NA;NA;NA;NA;NA;NA;NA;NA;NA;NA;NA;NA;NA;NA;NA;NA;NA","24778871;24778873;53478749;52922705;52922815;52922873;53478861;52923079;52923133;53478899;53478921;52923193;53478971;52923251;52923309;53479083;52923365;53479185;52923575;52923577;53479251;52923633;53479285;53479351","NA;NA;NA;NA;NA;NA;NA;NA;NA;NA;NA;NA;NA;NA;NA;NA;NA;NA;NA;NA;NA;NA;NA;NA","null","null",TRUE,TRUE,NA,NA,NA
"Pc(18:0/p-18:1(11z))","23688_pos","Pc(18:0/p-18:1(11z))",0.04,1315411,NA,"Unknown","null","PC(18:0/P-18:1(11Z));PC(18:0/P-18:1(9Z));PC(18:1(11Z)/P-18:0);PC(18:1(9Z)/P-18:0);PC(20:1(11Z)/P-16:0);PC(P-16:0/20:1(11Z));PC(P-18:0/18:1(11Z));PC(P-18:0/18:1(9Z));PC(P-18:1(11Z)/18:0);PC(P-18:1(9Z)/18:0);PC(O-18:0/18:2(9Z,12Z));PC(O-18:1(9Z)/18:1(11Z))","","HMDB0008062;HMDB0008063;HMDB0008094;HMDB0008127;HMDB0008324;HMDB0011216;HMDB0011242;HMDB0011243;HMDB0011274;HMDB0011307;HMDB0013418;HMDB0013428","89681;89679;89705;89594;89094;89975;89973;86241;89938;89507;89895;89883","53478707;53478709;53478759;53478779;53478911;52923904;53480707;42607428;53480739;53480797;6443070;53481725","NA;NA;NA;NA;NA;NA;NA;NA;NA;NA;NA;NA","null","null",FALSE,TRUE,NA,NA,NA
"Pc(18:1(11z)/p-18:1(11z))","23650_pos","Pc(18:1(11z)/p-18:1(11z))",0.04,455385.7,NA,"Unknown","null","PC(18:1(11Z)/P-18:1(11Z));PC(18:1(11Z)/P-18:1(9Z));PC(18:1(9Z)/P-18:1(11Z));PC(18:1(9Z)/P-18:1(9Z));PC(18:2(9Z,12Z)/P-18:0);PC(20:2(11Z,14Z)/P-16:0);PC(P-16:0/20:2(11Z,14Z));PC(P-18:0/18:2(9Z,12Z));PC(P-18:1(11Z)/18:1(11Z));PC(P-18:1(11Z)/18:1(9Z));PC(P-18:1(9Z)/18:1(11Z));PC(P-18:1(9Z)/18:1(9Z));PC(O-18:1(11Z)/18:2(9Z,12Z));PC(O-18:1(9Z)/18:2(9Z,12Z))","C00157","HMDB0008095;HMDB0008096;HMDB0008128;HMDB0008129;HMDB0008160;HMDB0008357;HMDB0011217;HMDB0011244;HMDB0011275;HMDB0011276;HMDB0011308;HMDB0011309;HMDB0013425;HMDB0013429","89706;89707;89595;89596;89543;89132;89974;84555;89939;NA;89503;89504;89879;89881","53478761;53478763;53478781;53478783;53478801;53478935;52923906;52923944;53480741;53480743;53480799;53480801;53481721;6443159","NA;NA;NA;NA;NA;NA;NA;NA;NA;NA;NA;NA;NA;NA","null","null",TRUE,TRUE,NA,NA,NA
"Pc(18:2(9z,12z)/p-18:1(11z))","23617_pos","Pc(18:2(9z,12z)/p-18:1(11z))",0.44,7948647,NA,"Unknown","null","PC(18:2(9Z,12Z)/P-18:1(11Z));PC(18:2(9Z,12Z)/P-18:1(9Z));PC(18:3(6Z,9Z,12Z)/P-18:0);PC(18:3(9Z,12Z,15Z)/P-18:0);PC(20:3(5Z,8Z,11Z)/P-16:0);PC(20:3(8Z,11Z,14Z)/P-16:0);PC(P-16:0/20:3(5Z,8Z,11Z));PC(P-16:0/20:3(8Z,11Z,14Z));PC(P-18:0/18:3(6Z,9Z,12Z));PC(P-18:0/18:3(9Z,12Z,15Z));PC(P-18:1(11Z)/18:2(9Z,12Z));PC(P-18:1(9Z)/18:2(9Z,12Z));PC(O-16:0/20:4(8Z,11Z,14Z,17Z));PC(O-18:2(9Z,12Z)/18:2(9Z,12Z));1-O-Hexadecyl-2-arachidonoyl-sn-glycero-3-phosphocholine","","HMDB0008161;HMDB0008162;HMDB0008193;HMDB0008226;HMDB0008390;HMDB0008422;HMDB0011218;HMDB0011219;HMDB0011245;HMDB0011246;HMDB0011277;HMDB0011310;HMDB0013407;HMDB0013435;HMDB0243975","89542;89541;89533;89415;89204;88885;89977;89976;89968;89969;NA;89457;89903;89866;NA","53478803;53478805;53478825;53478849;53479001;53479025;53480683;53480685;52923946;53480709;53480745;53480803;53481701;53481735;2222","NA;NA;NA;NA;NA;NA;NA;NA;NA;NA;NA;NA;NA;NA;NA","null","null",TRUE,TRUE,NA,NA,NA
"Pc(18:3(6z,9z,12z)/p-16:0)","23243_pos","Pc(18:3(6z,9z,12z)/p-16:0)",0.04,519378.7,NA,"Unknown","null","PC(18:3(6Z,9Z,12Z)/P-16:0);PC(18:3(9Z,12Z,15Z)/P-16:0);PC(P-16:0/18:3(6Z,9Z,12Z));PC(P-16:0/18:3(9Z,12Z,15Z))","C00157","HMDB0008192;HMDB0008225;HMDB0011212;HMDB0011213","89523;89414;89979;89978","53478823;53478847;53480681;52923894","NA;NA;NA;NA","null","null",FALSE,TRUE,NA,NA,NA
"Pc(20:4(5z,8z,11z,14z)/p-18:1(11z))","24039_pos","Pc(20:4(5z,8z,11z,14z)/p-18:1(11z))",0.4,2046.41,NA,"Unknown","null","PC(20:4(5Z,8Z,11Z,14Z)/P-18:1(11Z));PC(20:4(5Z,8Z,11Z,14Z)/P-18:1(9Z));PC(20:4(8Z,11Z,14Z,17Z)/P-18:1(11Z));PC(20:4(8Z,11Z,14Z,17Z)/P-18:1(9Z));PC(20:5(5Z,8Z,11Z,14Z,17Z)/P-18:0);PC(22:5(4Z,7Z,10Z,13Z,16Z)/P-16:0);PC(22:5(7Z,10Z,13Z,16Z,19Z)/P-16:0);PC(P-16:0/22:5(4Z,7Z,10Z,13Z,16Z));PC(P-18:0/20:5(5Z,8Z,11Z,14Z,17Z));PC(P-18:1(11Z)/20:4(5Z,8Z,11Z,14Z));PC(P-18:1(11Z)/20:4(8Z,11Z,14Z,17Z));PC(P-18:1(9Z)/20:4(5Z,8Z,11Z,14Z));PC(P-18:1(9Z)/20:4(8Z,11Z,14Z,17Z));PC(O-16:0/22:6(4Z,7Z,10Z,13Z,16Z,19Z))","","HMDB0008457;HMDB0008458;HMDB0008490;HMDB0008491;HMDB0008522;HMDB0008685;HMDB0008718;HMDB0011227;HMDB0011255;HMDB0011286;HMDB0011287;HMDB0011319;HMDB0011320;HMDB0013409","88894;88896;88923;88922;89066;88435;88636;89988;89954;NA;89925;89465;89468;86248","53479053;53479055;53479119;53479121;53479141;53479333;53479399;53480695;52923964;53480763;53480765;53480821;53480823;16759366","NA;NA;NA;NA;NA;NA;NA;NA;NA;NA;NA;NA;NA;NA","null","null",FALSE,TRUE,NA,NA,NA
"Pc(20:5(5z,8z,11z,14z,17z)/p-18:1(11z))","24000_pos","Pc(20:5(5z,8z,11z,14z,17z)/p-18:1(11z))",0.13,14414260,NA,"Unknown","null","PC(20:5(5Z,8Z,11Z,14Z,17Z)/P-18:1(11Z));PC(20:5(5Z,8Z,11Z,14Z,17Z)/P-18:1(9Z));PC(22:6(4Z,7Z,10Z,13Z,16Z,19Z)/P-16:0);PC(P-16:0/22:6(4Z,7Z,10Z,13Z,16Z,19Z));PC(P-18:1(11Z)/20:5(5Z,8Z,11Z,14Z,17Z));PC(P-18:1(9Z)/20:5(5Z,8Z,11Z,14Z,17Z));PC(16:0p/22:6)","C00157","HMDB0008523;HMDB0008524;HMDB0008751;HMDB0011229;HMDB0011288;HMDB0011321;HMDB0256154","89065;89064;88564;89987;89926;89469;NA","53479143;53479145;53479423;53480699;53480767;53480825;72784229","NA;NA;NA;NA;NA;NA;NA","null","null",FALSE,TRUE,NA,NA,NA
"Pc(22:5(4z,7z,10z,13z,16z)/p-18:1(11z))","24432_pos","Pc(22:5(4z,7z,10z,13z,16z)/p-18:1(11z))",0.42,11053670,NA,"Unknown","null","PC(22:5(4Z,7Z,10Z,13Z,16Z)/P-18:1(11Z));PC(22:5(4Z,7Z,10Z,13Z,16Z)/P-18:1(9Z));PC(22:5(7Z,10Z,13Z,16Z,19Z)/P-18:1(11Z));PC(22:5(7Z,10Z,13Z,16Z,19Z)/P-18:1(9Z));PC(22:6(4Z,7Z,10Z,13Z,16Z,19Z)/P-18:0);PC(P-18:0/22:6(4Z,7Z,10Z,13Z,16Z,19Z));PC(P-18:1(11Z)/22:5(4Z,7Z,10Z,13Z,16Z));PC(P-18:1(11Z)/22:5(7Z,10Z,13Z,16Z,19Z));PC(P-18:1(9Z)/22:5(4Z,7Z,10Z,13Z,16Z));PC(P-18:1(9Z)/22:5(7Z,10Z,13Z,16Z,19Z))","C00157;C00157","HMDB0008687;HMDB0008688;HMDB0008720;HMDB0008721;HMDB0008752;HMDB0011262;HMDB0011293;HMDB0011294;HMDB0011326;HMDB0011327","NA;NA;NA;NA;NA;133664;NA;NA;NA;NA","53479337;53479339;53479403;53479405;53479425;42607430;53480777;53480779;NA;53480837","NA;NA;NA;NA;NA;NA;NA;NA;NA;NA","null","null",TRUE,TRUE,NA,NA,NA
"Pc(o-16:1(9z)/18:0)","23332_pos","Pc(o-16:1(9z)/18:0)",0.38,8285423,NA,"Unknown","null","PC(O-16:1(9Z)/18:0);PC(O-18:1(11Z)/16:0);PC(O-18:1(9Z)/16:0)","","HMDB0013412;HMDB0013424;HMDB0013426","89892;89880;84825","53481707;53481719;6443119","NA;NA;NA","null","null",TRUE,TRUE,NA,NA,NA
"Pe(14:0/24:1(15z))","23712_pos","Pe(14:0/24:1(15z))",0.09,97318.29,NA,"Unknown","null","PE(14:0/24:1(15Z));PE(14:1(9Z)/24:0);PE(16:0/22:1(13Z));PE(16:1(9Z)/22:0);PE(18:0/20:1(11Z));PE(18:1(11Z)/20:0);PE(18:1(9Z)/20:0);PE(20:0/18:1(11Z));PE(20:0/18:1(9Z));PE(20:1(11Z)/18:0);PE(22:0/16:1(9Z));PE(22:1(13Z)/16:0);PE(24:0/14:1(9Z));PE(24:1(15Z)/14:0);PC(18:1(9Z)/17:0)","C00350","HMDB0008849;HMDB0008881;HMDB0008941;HMDB0008973;HMDB0008999;HMDB0009031;HMDB0009064;HMDB0009223;HMDB0009224;HMDB0009255;HMDB0009485;HMDB0009517;HMDB0009713;HMDB0009745;HMDB0256160","NA;NA;73875;NA;NA;NA;NA;NA;NA;NA;NA;NA;NA;NA;NA","53479558;53479569;9546836;52924238;9546841;53479630;9546843;9546838;9546835;52924553;52924721;53479855;NA;53480017;NA","NA;NA;NA;NA;NA;NA;NA;NA;NA;NA;NA;NA;NA;NA;NA","null","null",TRUE,TRUE,NA,NA,NA
"Pe(22:4(7z,10z,13z,16z)/p-18:1(11z))","23767_pos","Pe(22:4(7z,10z,13z,16z)/p-18:1(11z))",0.31,5959439,NA,"Unknown","null","PE(22:4(7Z,10Z,13Z,16Z)/P-18:1(11Z));PE(22:4(7Z,10Z,13Z,16Z)/P-18:1(9Z));PE(22:5(4Z,7Z,10Z,13Z,16Z)/P-18:0);PE(22:5(7Z,10Z,13Z,16Z,19Z)/P-18:0);PE(P-18:0/22:5(4Z,7Z,10Z,13Z,16Z));PE(P-18:0/22:5(7Z,10Z,13Z,16Z,19Z));PE(P-18:1(11Z)/22:4(7Z,10Z,13Z,16Z));PE(P-18:1(9Z)/22:4(7Z,10Z,13Z,16Z))","","HMDB0009611;HMDB0009612;HMDB0009643;HMDB0009676;HMDB0011392;HMDB0011393;HMDB0011424;HMDB0011457","NA;NA;NA;NA;90485;NA;NA;NA","53479907;53479908;53479939;53479972;53480857;53480858;53480884;53480914","NA;NA;NA;NA;NA;NA;NA;NA","null","null",FALSE,TRUE,NA,NA,NA
"Pelargonidin","7372_pos","Pelargonidin",0.38,26.16,NA,"Unknown","null","Pelargonidin;Luteolinidin","C05904;C08652","HMDB0003263;HMDB0029249","25863;6584","440832;441701","NA;NA","null","null",FALSE,TRUE,"7-hydroxyflavonoids","Flavonoids","Hydroxyflavonoids"
"Pelargonidin 3-glucoside","15097_pos","Pelargonidin 3-glucoside",0.04,3.76,NA,"Unknown","null","Pelargonidin 3-glucoside","C12137","HMDB0240551","31967","443648","NA","null","null",FALSE,TRUE,"Flavanones","Flavonoids","Flavans"
"Pelubiprofen","6725_pos","Pelubiprofen",0.27,4.85,NA,"Unknown","null","Pelubiprofen","","HMDB0256212","NA","129678","NA","null","null",FALSE,TRUE,"Phenylpropanoic acids","Phenylpropanoic acids",NA
"Penem","832_neg","Penem",0.87,949.51,NA,"Unknown","null","Penem;pyrithione","","HMDB0256222;HMDB0256986","NA;36578","19980826;NA","NA;NA","null","null",TRUE,TRUE,"Penems","Lactams","Beta lactams"
"Penicillin f","9046_neg","Penicillin f",0.4,9.57,NA,"Unknown","null","Penicillin F;(2S)-2-Amino-3-[4-[(2S)-2-amino-4-methylsulfanylbutanoyl]oxyphenyl]propanoic acid","","HMDB0256230;HMDB0257727","NA;NA","NA;NA","NA;NA","null","null",FALSE,TRUE,NA,NA,NA
"Penicillin k","10987_pos","Penicillin k",0.4,30.96,NA,"Unknown","null","Penicillin K","","HMDB0256231","NA","94167","NA","null","null",FALSE,TRUE,NA,NA,NA
"Penilloic acid","9279_pos","Penilloic acid",0.73,114208.1,NA,"Unknown","null","Penilloic acid","","HMDB0256237","NA","NA","NA","null","null",TRUE,TRUE,"Alpha amino acids and derivatives","Carboxylic acids and derivatives","Amino acids, peptides, and analogues"
"Pentacyclo[19.3.1.1(3,7).1(9,13).1(15,19)]octacosa-1(25),3(28),4,6,9(27),10,12,15(26),16,18,21,23-dodecaene","11889_pos","Pentacyclo[19.3.1.1(3,7).1(9,13).1(15,19)]octacosa-1(25),3(28),4,6,9(27),10,12,15(26),16,18,21,23-dodecaene",0.4,14.21,NA,"Unknown","null","Pentacyclo[19.3.1.1(3,7).1(9,13).1(15,19)]octacosa-1(25),3(28),4,6,9(27),10,12,15(26),16,18,21,23-dodecaene","","HMDB0245732","51202","11740710","NA","null","null",FALSE,TRUE,"Benzenoids",NA,NA
"Pentaerythritol mononitrate","2949_pos","Pentaerythritol mononitrate",0.16,27.33,NA,"Unknown","null","Pentaerythritol mononitrate","","HMDB0256252","NA","NA","NA","null","null",FALSE,TRUE,"Alkyl nitrates","Organic oxoanionic compounds","Organic nitrates"
"Pentafluorobenzaldehyde","3416_neg","Pentafluorobenzaldehyde",0.42,86.14,NA,"Unknown","null","Pentafluorobenzaldehyde","","HMDB0256257","NA","NA","NA","null","null",FALSE,TRUE,"Benzoyl derivatives","Benzene and substituted derivatives","Benzoyl derivatives"
"Pentanamide","208_pos","Pentanamide",0.71,22.95,NA,"N-Methyl-2-Pyrrolidinone","null","Pentanamide","C01842","HMDB0256275","16459","NA","NA","null","null",FALSE,TRUE,"Fatty amides","Fatty acyls","Fatty amides"
"Pentazirinocyclodiphosphathiazene","11288_neg","Pentazirinocyclodiphosphathiazene",0.02,6.66,NA,"Unknown","null","Pentazirinocyclodiphosphathiazene","","HMDB0258354","NA","NA","NA","null","null",FALSE,TRUE,"Aziridines","Aziridines",NA
"Perfluoro(methylcyclohexane)","11350_pos","Perfluoro(methylcyclohexane)",0.09,354861.6,NA,"Unknown","null","Perfluoro(methylcyclohexane)","","HMDB0256314","NA","NA","NA","null","null",FALSE,TRUE,"Cyclohexyl halides","Alkyl halides","Cyclohexyl halides"
"Perfluorotridecanoic acid","21805_neg","Perfluorotridecanoic acid",0.2,601007.8,NA,"Unknown","null","Perfluorotridecanoic acid","","HMDB0256336","NA","NA","NA","null","null",FALSE,TRUE,"Long-chain fatty acids","Fatty acyls","Fatty acids and conjugates"
"Perillic acid","2162_neg","Perillic acid",0.82,197.52,NA,"Unknown","null","Perillic acid;2-Butylhydroquinone;2,5-Cyclohexadien-1-one, 4-hydroxy-2,3,5,6-tetramethyl-;4-Tert-Butylcatechol;Camphorquinone;Dolichodial;Durohydroquinone","C11924;C14515","HMDB0004586;HMDB0245044;HMDB0245491;HMDB0246584;HMDB0249577;HMDB0251578;HMDB0251643","36999;NA;NA;NA;34607;NA;NA","1256;NA;123772;7381;25208;534263;136346","2266070;NA;NA;NA;NA;NA;NA","null","null",TRUE,TRUE,"Menthane monoterpenoids","Prenol lipids","Monoterpenoids"
"Perillyl alcohol","1664_neg","Perillyl alcohol",0.22,43.66,NA,"Unknown","null","Perillyl alcohol;Piperitone;Geranial;Pulegone;Dihydrocarvone;(1S,4S)-Dihydrocarvone;beta-Cyclocitral;4-(1-Methylethyl)-1-cyclohexene-4-carboxaldehyde;2,4-Decadienal;3,7-Dimethyl-2,6-octadienal","C02452;C01499;C09893;C18018;C11415;C20425","HMDB0003634;HMDB0034975;HMDB0035078;HMDB0035604;HMDB0036079;HMDB0036080;HMDB0041011;HMDB0059761;HMDB0243576;HMDB0250303","15420;48933;16980;35596;23733;168;53177;89872;NA;23316","10819;6987;638011;442495;24473;443183;9895;124202117;16899;NA","39849;NA;NA;NA;NA;NA;NA;NA;NA;NA","null","null",FALSE,TRUE,"Menthane monoterpenoids","Prenol lipids","Monoterpenoids"
"Perphenazine 4-aminobutyrate","16875_neg","Perphenazine 4-aminobutyrate",0.2,200711.2,NA,"Unknown","null","Perphenazine 4-aminobutyrate","","HMDB0259606","NA","NA","NA","null","null",FALSE,TRUE,"Phenothiazines","Benzothiazines","Phenothiazines"
"Pevonedistat","15090_neg","Pevonedistat",0.16,45601.03,NA,"Unknown","null","Pevonedistat","","HMDB0256358","93776","49831043","NA","null","null",FALSE,TRUE,"Indanes","Indanes",NA
"Pg(16:0/18:1(11z))","23014_neg","Pg(16:0/18:1(11z))",0.13,324849,"PG","no MS2: Phosphatidylglyceride 16","C40H77O10P","PG(16:0/18:1(11Z));PG(16:0/18:1(9Z));PG(16:1(9Z)/18:0);PG(18:0/16:1(9Z));PG(18:1(11Z)/16:0);PG(18:1(9Z)/16:0);1-Palmitoyl-2-oleoylglycero-3-phosphoglycerol","","HMDB0010573;HMDB0010574;HMDB0010587;HMDB0010601;HMDB0010615;HMDB0010630;HMDB0244000","44946;73234;85186;89270;89272;73206;NA","5289145;52941750;52926476;52927152;53480614;52927225;123897","NA;NA;NA;NA;NA;NA;NA","JITAGSMRIUAUGR-SGEDCAFJNA-N","CCCCCCCCCCCCCCCC(=O)OCC(COP(O)(=O)OCC(O)CO)OC(=O)CC\C=C/CCCCCCCCCCCCC",TRUE,TRUE,NA,NA,NA
"Pg(16:0/18:2(9z,12z))","22980_neg","Pg(16:0/18:2(9z,12z))",0.13,167630.9,"PG","no MS2: Phosphatidylglyceride 16","C40H75O10P","PG(16:0/18:2(9Z,12Z));PG(16:1(9Z)/18:1(11Z));PG(16:1(9Z)/18:1(9Z));PG(18:1(11Z)/16:1(9Z));PG(18:1(9Z)/16:1(9Z));PG(18:2(9Z,12Z)/16:0)","","HMDB0010575;HMDB0010588;HMDB0010589;HMDB0010616;HMDB0010631;HMDB0010645","73238;89092;89093;89271;89398;89351","52927246;53480606;52927167;53480615;52927146;52927142","NA;NA;NA;NA;NA;NA","SHHLVVJXLWXVNI-BAOXYHDDNA-N","CCCCCCCCCCCCCCCC(=O)OCC(COP(O)(=O)OCC(O)CO)OC(=O)CC\C=C/C\C=C/CCCCCCCCCC",FALSE,TRUE,NA,NA,NA
"Pg(18:1(11z)/22:6(4z,7z,10z,13z,16z,19z))","24476_pos","Pg(18:1(11z)/22:6(4z,7z,10z,13z,16z,19z))",0.07,216315,NA,"Unknown","null","PG(18:1(11Z)/22:6(4Z,7Z,10Z,13Z,16Z,19Z));PG(18:1(9Z)/22:6(4Z,7Z,10Z,13Z,16Z,19Z));PG(18:2(9Z,12Z)/22:5(4Z,7Z,10Z,13Z,16Z));PG(18:2(9Z,12Z)/22:5(7Z,10Z,13Z,16Z,19Z));PG(18:3(6Z,9Z,12Z)/22:4(7Z,10Z,13Z,16Z));PG(18:3(9Z,12Z,15Z)/22:4(7Z,10Z,13Z,16Z))","","HMDB0010629;HMDB0010644;HMDB0010657;HMDB0010658;HMDB0010671;HMDB0010686","89382;89352;89368;89366;89340;89317","53480628;52926308;53480635;53480636;52926660;52926688","NA;NA;NA;NA;NA;NA","null","null",FALSE,TRUE,NA,NA,NA
"Pg(18:3(6z,9z,12z)/22:6(4z,7z,10z,13z,16z,19z))","23707_neg","Pg(18:3(6z,9z,12z)/22:6(4z,7z,10z,13z,16z,19z))",0.24,675746.6,NA,"Unknown","null","PG(18:3(6Z,9Z,12Z)/22:6(4Z,7Z,10Z,13Z,16Z,19Z));PG(18:3(9Z,12Z,15Z)/22:6(4Z,7Z,10Z,13Z,16Z,19Z))","","HMDB0010674;HMDB0010689","89343;89314","52926661;52926689","NA;NA","null","null",FALSE,TRUE,NA,NA,NA
"Pgd2 ethanolamide","13440_pos","Pgd2 ethanolamide",0.18,870405.6,NA,"Unknown","null","PGD2 ethanolamide","","HMDB0013629","85174","5283120","NA","null","null",FALSE,TRUE,NA,NA,NA
"Pgf2a ethanolamide","13531_pos","Pgf2a ethanolamide",0.27,51.11,NA,"Unknown","null","PGF2a ethanolamide;AMP-Deoxynojirimycin","C13828","HMDB0013628;HMDB0248353","89607;NA","53481911;3662391","NA;NA","null","null",FALSE,TRUE,NA,NA,NA
"Phenazine-2,3-diamine","4146_neg","Phenazine-2,3-diamine",0.22,11.56,NA,"Unknown","null","Phenazine-2,3-diamine","","HMDB0256396","NA","NA","NA","null","null",FALSE,TRUE,"Phenazines and derivatives","Diazanaphthalenes","Benzodiazines"
"Phenol","90_neg","Phenol",0.47,495.48,NA,"Unknown","null","Phenol;Benzene oxide;Oxepin","C15584;C01782","HMDB0000228;HMDB0248977;HMDB0255979","15882;NA;NA","996;NA;NA","NA;NA;NA","null","null",TRUE,TRUE,"1-hydroxy-4-unsubstituted benzenoids","Phenols","1-hydroxy-4-unsubstituted benzenoids"
"Phenol sulphate","2443_neg","Phenol sulphate",0.78,6466.41,NA,"Unknown","null","Phenol sulphate","C02180","HMDB0060015","27905","74426","NA","null","null",TRUE,TRUE,"Phenylsulfates","Organic sulfuric acids and derivatives","Arylsulfates"
"Phenthoate","9360_neg","Phenthoate",0.33,9.57,NA,"Unknown","null","Phenthoate","C14429","HMDB0256420","34917","NA","NA","null","null",FALSE,TRUE,"Benzene and substituted derivatives","Benzene and substituted derivatives",NA
"Phenyl acetate","1129_neg","Phenyl acetate",0.4,35.09,NA,"PHENYL ACETATE","null",NA,NA,NA,NA,NA,NA,"null","null",FALSE,TRUE,"Phenol esters","Phenol esters",NA
"Phenyl phosphonothioate","2442_neg","Phenyl phosphonothioate",0.27,24.35,NA,"Unknown","null","Phenyl phosphonothioate","","HMDB0256424","NA","1378714","NA","null","null",FALSE,TRUE,"Benzene and substituted derivatives","Benzene and substituted derivatives",NA
"Phenylacetic acid","1127_neg","Phenylacetic acid",0.71,30.38,"Hydroxycinnamic acids","no MS2: Caffeic acid; LC-ESI-QTOF; MS2; CE","C9H8O4","Phenylacetic acid;2-Methylbenzoic acid;4-Methylbenzoic acid;4-Methoxybenzaldehyde;""2'-Hydroxyacetophenone"";Phenyl acetate;1,4-Benzodioxane;2-Hydroxyacetophenone;Oxonol","C07086;C07215;C01454;C10761;C15583;C07189","HMDB0000209;HMDB0002340;HMDB0029635;HMDB0029686;HMDB0032568;HMDB0040733;HMDB0244196;HMDB0245150;HMDB0256000","30745;36632;36635;28235;145716;8082;NA;28341;NA","999;8373;7470;31244;8375;31229;952;NA;NA","1486426;NA;NA;NA;NA;NA;NA;NA;NA","QAIPRVGONGVQAS-RQOWECAXSA-N","OC(=O)\C=C/C1=CC(O)=C(O)C=C1",TRUE,TRUE,"Benzene and substituted derivatives","Benzene and substituted derivatives",NA
"Phenylacetylglycine","3290_neg","Phenylacetylglycine",0.91,3997.94,NA,"5-HYDROXYINDOLEACETATE","null","Phenylacetylglycine;2-Methylhippuric acid;N-Formylphenylalanine;Actarit;n-benzoyl-d-alanine;N-Formyl-dl-phenylalanine","C05598;C01586","HMDB0000821;HMDB0011723;HMDB0240317;HMDB0247976;HMDB0255085;HMDB0255143","27480;68455;133534;NA;71167;NA","68144;91637;759256;2018;71002;NA","NA;NA;NA;NA;NA;NA","null","null",TRUE,TRUE,"N-acyl-alpha amino acids","Carboxylic acids and derivatives","Amino acids, peptides, and analogues"
"Phenylalanine betaine","4117_pos","Phenylalanine betaine",0.27,15.17,"Benzamides","no MS2: N,N-Diethyl-4-methoxybenzamide; LC-ESI-QTOF; MS2; [M+H]+; CE","C12H17NO2","Phenylalanine betaine;1-(3,4-Methylenedioxyphenyl)-2-aminopentane;3-(Benzylamino)-3-methylbutanoic Acid;N,N-Dimethyl-3,4-methylenedioxyamphetamine;6,7-Dihydroxy-2-dimethylaminotetralin;Fenobucarb;N-Methyl-1-(3,4-methylenedioxyphenyl)-2-butanamine;3,4-Methylenedioxy-N-ethylamphetamine","C14425","HMDB0240552;HMDB0243792;HMDB0245785;HMDB0246038;HMDB0247109;HMDB0252205;HMDB0254357;HMDB0254369","125805;NA;NA;NA;NA;34304;NA;132234","25837691;22007048;11138284;551630;122132;NA;124844;NA","NA;NA;NA;NA;NA;NA;NA;NA","HCJXEOFLVIFFDG-UHFFFAOYSA-N","CCN(CC)C(=O)C1=CC=C(OC)C=C1",FALSE,TRUE,"Phenylalanine and derivatives","Carboxylic acids and derivatives","Amino acids, peptides, and analogues"
"Phenylalanylproline","6643_neg","Phenylalanylproline",0.42,271.3,NA,"Unknown","null","Phenylalanylproline;Prolylphenylalanine","","HMDB0011177;HMDB0011179","74750;74795","7020641;6351946","NA;NA","null","null",FALSE,TRUE,"Dipeptides","Carboxylic acids and derivatives","Amino acids, peptides, and analogues"
"Phenylalanylthreonine","7154_pos","Phenylalanylthreonine",0.42,22.94,NA,"Unknown","null","Phenylalanylthreonine;Threonylphenylalanine","","HMDB0029005;HMDB0029068","73636;74862","18218233;7010579","NA;NA","null","null",TRUE,TRUE,"Dipeptides","Carboxylic acids and derivatives","Amino acids, peptides, and analogues"
"Phenylalanyltyrosine","9752_neg","Phenylalanyltyrosine",0.02,13.16,NA,"Unknown","null","Phenylalanyltyrosine;Tyrosyl-Phenylalanine;Bis(3-methoxysalicylidene)ethylenediamine;Phe-Tyr;(2S)-2-Amino-3-[4-[(2S)-2-amino-3-phenylpropanoyl]oxyphenyl]propanoic acid;(2S)-2-Amino-3-[3-[(2S)-2-amino-3-phenylpropanoyl]oxyphenyl]propanoic acid","","HMDB0029007;HMDB0029112;HMDB0252126;HMDB0256384;HMDB0257556;HMDB0257687","73637;NA;NA;NA;NA;NA","13341191;3421919;5232078;NA;NA;129143949","NA;NA;NA;NA;NA;NA","null","null",TRUE,TRUE,"Dipeptides","Carboxylic acids and derivatives","Amino acids, peptides, and analogues"
"Phenylethylmalonamide","4065_pos","Phenylethylmalonamide",0.53,208.64,NA,"Unknown","null","Phenylethylmalonamide;Pheneturide","C07499;C12590","HMDB0245113;HMDB0256403","NA;NA","23611;NA","NA;NA","null","null",FALSE,TRUE,"Phenylacetamides","Benzene and substituted derivatives","Phenylacetamides"
"Phenylglucuronide","6989_neg","Phenylglucuronide",0.62,582.21,NA,"Unknown","null","Phenylglucuronide;Phenol glucuronide;2-(2-Phenylethenylsulfonyl)ethenylbenzene","","HMDB0059806;HMDB0060014;HMDB0258520","NA;64681;NA","119239;87235;260148","NA;NA;NA","null","null",TRUE,TRUE,"Phenolic glycosides","Organooxygen compounds","Carbohydrates and carbohydrate conjugates"
"Phenylglyoxal","1159_pos","Phenylglyoxal",0.42,38.73,NA,"Unknown","null","Phenylglyoxal;""2,2'-Bifuran"";o-Phthalaldehyde;Phenol-formaldehyde resin","","HMDB0061916;HMDB0245350;HMDB0255866;HMDB0256408","NA;NA;70851;NA","14090;80006;NA;24754","NA;NA;NA;NA","null","null",FALSE,TRUE,"Phenylacetaldehydes","Benzene and substituted derivatives","Phenylacetaldehydes"
"Phenylglyoxylic acid","1577_neg","Phenylglyoxylic acid",0.16,200.63,NA,"Unknown","null","Phenylglyoxylic acid;5-Hydroxybenzofuran-2(3H)-one;4-Formylbenzoic acid","C02137","HMDB0001587;HMDB0245720;HMDB0246430","18280;141343;NA","11915;75898;12088","NA;NA;NA","null","null",FALSE,TRUE,"Benzoyl derivatives","Benzene and substituted derivatives","Benzoyl derivatives"
"Phenylphosphonic acid","1838_neg","Phenylphosphonic acid",0.27,42.1,NA,"Unknown","null","Phenylphosphonic acid","","HMDB0256444","NA","NA","NA","null","null",FALSE,TRUE,"Benzene and substituted derivatives","Benzene and substituted derivatives",NA
"Phenylpyruvic acid","2068_neg","Phenylpyruvic acid",0.44,75.12,NA,"PHENYLPYRUVATE","null","Phenylpyruvic acid;m-Coumaric acid;4-Hydroxycinnamic acid;2-Hydroxycinnamic acid;Enol-phenylpyruvate;cis-p-Coumaric acid;METHYL 4-FORMYLBENZOATE","C00166;C12621;C00811;C01772;C02763;C06738","HMDB0000205;HMDB0001713;HMDB0002035;HMDB0002641;HMDB0012225;HMDB0030677;HMDB0254568","30851;32357;32374;18125;16815;17450;NA","997;637541;637542;637540;641637;1549106;15294","34111;NA;36077;NA;NA;NA;NA","null","null",TRUE,TRUE,"Phenylpyruvic acid derivatives","Benzene and substituted derivatives","Phenylpyruvic acid derivatives"
"Phloretin","7551_pos","Phloretin",0.04,6.37,"2'-Hydroxy-dihydrochalcones","no MS2: Phloretin; LC-ESI-QTOF; MS2; CE","C15H14O5","Phloretin;""6'-Hydroxy-O-desmethylangolensin"";Methysticin","C00774","HMDB0003306;HMDB0041695;HMDB0254671","17276;NA;NA","4788;20601635;229851","NA;NA;NA","VGEREEWJJVICBM-UHFFFAOYSA-N","OC1=CC=C(CCC(=O)C2=C(O)C=C(O)C=C2O)C=C1",FALSE,TRUE,"2'-Hydroxy-dihydrochalcones","Linear 1,3-diarylpropanoids","Chalcones and dihydrochalcones"
"Phosphate","150_neg","Phosphate",0.89,994.42,NA,"Unknown","null","Phosphate","C00009","HMDB0001429","26078","1004","NA","null","null",TRUE,TRUE,"Non-metal phosphates","Non-metal oxoanionic compounds","Non-metal phosphates"
"Phosphatidylethanolamine alkenyl 16","23026_neg","Phosphatidylethanolamine alkenyl 16",0.18,338712.3,"1-(1Z-alkenyl),2-acylglycerophosphoethanolamines","no MS2: Phosphatidylethanolamine alkenyl 16","C43H76NO7P",NA,NA,NA,NA,NA,NA,"IRRKKHCAJLHSJE-NBLHLOSHNA-N","CCCCCCCCCCCCCC\C=C\OCC(COP(O)(=O)OCCN)OC(=O)CC\C=C/C\C=C/C\C=C/C\C=C/C\C=C/CCCCC",TRUE,TRUE,NA,NA,NA
"Phosphatidylethanolamine alkenyl 18","23296_neg","Phosphatidylethanolamine alkenyl 18",0.36,1358304,"1-(1Z-alkenyl),2-acylglycerophosphoethanolamines","no MS2: Phosphatidylethanolamine alkenyl 18","C45H76NO7P",NA,NA,NA,NA,NA,NA,"MEWSEYMCACAAEE-YLACOYRINA-N","CCCCCCCCCCCCC\C=C/C\C=C\OCC(COP(O)(=O)OCCN)OC(=O)CC\C=C/C\C=C/C\C=C/C\C=C/C\C=C/C\C=C/CC",FALSE,TRUE,NA,NA,NA
"Phosphatidylglyceride 16","23310_neg","Phosphatidylglyceride 16",0.42,803645.1,"PG","no MS2: Phosphatidylglyceride 16","C42H79O10P",NA,NA,NA,NA,NA,NA,"BWROGLIMDHGHPP-JSCMVKKRNA-N","CCCCCCCCCCCCCCCC(=O)OCC(COP(O)(=O)OCC(O)CO)OC(=O)CC\C=C/C\C=C/CCCCCCCCCCCC",FALSE,TRUE,NA,NA,NA
"Phosphatidylglyceride 18","23284_neg","Phosphatidylglyceride 18",0.36,319658.5,"PG","no MS2: Phosphatidylglyceride 18","C42H77O10P",NA,NA,NA,NA,NA,NA,"YNBZQPMSTPSIJD-XBCPOCNBNA-N","CCCCCCCCCCCCC\C=C/CCC(=O)OCC(COP(O)(=O)OCC(O)CO)OC(=O)CC\C=C/C\C=C/CCCCCCCCCC",FALSE,TRUE,NA,NA,NA
"Phosphatidylglyceride 20","23950_neg","Phosphatidylglyceride 20",0.27,180679.1,"PG","no MS2: Phosphatidylglyceride 20","C48H75O10P",NA,NA,NA,NA,NA,NA,"WAHLPBOVXFIGAP-YARNEYDXNA-N","CCCCCC\C=C/C\C=C/C\C=C/C\C=C/CCC(=O)OCC(COP(O)(=O)OCC(O)CO)OC(=O)CC\C=C/C\C=C/C\C=C/C\C=C/C\C=C/C\C=C/CC",FALSE,TRUE,NA,NA,NA
"Phosphatidylglyceride 22","24144_neg","Phosphatidylglyceride 22",0.36,19707840,"PG","no MS2: Phosphatidylglyceride 22","C50H75O10P",NA,NA,NA,NA,NA,NA,"XACKZSRNTPEYBU-GZSOIYOPNA-N","CC\C=C/C\C=C/C\C=C/C\C=C/C\C=C/C\C=C/CCC(=O)OCC(COP(O)(=O)OCC(O)CO)OC(=O)CC\C=C/C\C=C/C\C=C/C\C=C/C\C=C/C\C=C/CC",TRUE,TRUE,NA,NA,NA
"Phosphatidylinositol 16","24279_neg","Phosphatidylinositol 16",0.38,168164.8,"PI","no MS2: Phosphatidylinositol 16","C47H79O13P",NA,NA,NA,NA,NA,NA,"FPHAZHKZJQOPBU-BXVYXOBNSA-N","CCCCCCCCCCCCCCCC(=O)OCC(COP(O)(=O)O[C@H]1[C@H](O)[C@@H](O)[C@H](O)[C@@H](O)[C@H]1O)OC(=O)CC\C=C/C\C=C/C\C=C/C\C=C/C\C=C/C\C=C/CC",TRUE,TRUE,NA,NA,NA
"Phosphatidylinositol lyso 20","20945_neg","Phosphatidylinositol lyso 20",0.11,15.49,"2-acyl-sn-glycerol-3-phosphoinositols","no MS2: Phosphatidylinositol lyso 20","C29H49O12P",NA,NA,NA,NA,NA,NA,"GCTCZDZDLCVEBR-BMBRPNNFSA-N","CCCCCC\C=C/C\C=C/C\C=C/C\C=C/CCC(=O)OC(CO)COP(O)(=O)O[C@H]1[C@H](O)[C@@H](O)[C@H](O)[C@@H](O)[C@H]1O",TRUE,TRUE,NA,NA,NA
"Phosphatidylserine 16","23384_neg","Phosphatidylserine 16",0.07,158597.9,"PS","no MS2: Phosphatidylserine 16","C42H74NO10P",NA,NA,NA,NA,NA,NA,"SPHVTAIQBHDJQC-WRDNLCFKNA-N","CCCCCCCCCCCCCCCC(=O)OCC(COP(O)(=O)OCC(N)C(O)=O)OC(=O)CC\C=C/C\C=C/C\C=C/C\C=C/CCCCCC",FALSE,TRUE,NA,NA,NA
"Phosphatidylserine 18","23664_neg","Phosphatidylserine 18",0.2,642958.7,"PS","no MS2: Phosphatidylserine 18","C44H78NO10P",NA,NA,NA,NA,NA,NA,"AENVCOSUVDLDFA-NQWSYULSNA-N","CCCCCCCCCCCCCCCCCC(=O)OCC(COP(O)(=O)OCC(N)C(O)=O)OC(=O)CC\C=C/C\C=C/C\C=C/C\C=C/CCCCCC",FALSE,TRUE,NA,NA,NA
"Phosphocreatine","4285_pos","Phosphocreatine",0.82,36.37,NA,"Unknown","null","Phosphocreatine;2-[Carbamimidoyl(phosphonomethyl)amino]acetic acid","C02305","HMDB0001511;HMDB0257852","17287;NA","587;18984275","1594794;NA","null","null",TRUE,TRUE,"Alpha amino acids and derivatives","Carboxylic acids and derivatives","Amino acids, peptides, and analogues"
"Phosphoenolpyruvic acid","2211_neg","Phosphoenolpyruvic acid",0.71,121.15,NA,"Phosphoenolpyruvic Acid","null","Phosphoenolpyruvic acid","C00074","HMDB0000263","44897","1005","NA","null","null",FALSE,TRUE,"Phosphate esters","Organic phosphoric acids and derivatives","Phosphate esters"
"Phosphohexose","5878_pos","Phosphohexose",0.82,7029.78,NA,"Unknown","null","Phosphohexose;(6S,7R)-2,6,7,8-Tetrahydroxy-2-oxo-1,3,2lambda5-dioxaphosphonan-5-one","","HMDB0256479;HMDB0260167","NA;NA","129632292;NA","NA;NA","null","null",TRUE,TRUE,"Monosaccharides","Organooxygen compounds","Carbohydrates and carbohydrate conjugates"
"Phosphomethylphosphonic acid adenosyl ester","14266_neg","Phosphomethylphosphonic acid adenosyl ester",0.02,64.06,NA,"Unknown","null","Phosphomethylphosphonic acid adenosyl ester;Doravirine;[(2R,3S,5R)-5-[6-(Methylamino)purin-9-yl]-2-(phosphonooxymethyl)oxolan-3-yl] dihydrogen phosphate","","HMDB0248005;HMDB0251589;HMDB0260222","NA;NA;NA","4798;58460047;3985498","NA;NA;NA","null","null",FALSE,TRUE,"Purine ribonucleoside monophosphates","Purine nucleotides","Purine ribonucleotides"
"Phosphonoacetate","1239_neg","Phosphonoacetate",0.2,26.84,NA,"Phosphonoacetate","null",NA,NA,NA,NA,NA,NA,"null","null",FALSE,TRUE,NA,NA,NA
"Phosphoric acid hydroxymethyl ester","855_neg","Phosphoric acid hydroxymethyl ester",0.27,15.26,NA,"Unknown","null","Phosphoric acid hydroxymethyl ester","","HMDB0257619","NA","19914290","NA","null","null",FALSE,TRUE,"Monoalkyl phosphates","Organic phosphoric acids and derivatives","Phosphate esters"
"Phosphoserine","3095_pos","Phosphoserine",0.49,11.36,NA,"O-Phospho-L-serine","null","Phosphoserine;DL-O-Phosphoserine","C01005;C01005","HMDB0000272;HMDB0001721","15811;37712","68841;106","NA;36594","null","null",FALSE,TRUE,"L-alpha-amino acids","Carboxylic acids and derivatives","Amino acids, peptides, and analogues"
"Phthalic acid","2143_neg","Phthalic acid",0.42,372.02,NA,"Unknown","null","Phthalic acid;Terephthalic acid","C01606;C06337","HMDB0002107;HMDB0002428","29069;15702","1017;7489","NA;NA","null","null",FALSE,TRUE,"Benzoic acids","Benzene and substituted derivatives","Benzoic acids and derivatives"
"Pi(16:0/18:1(11z))","23893_neg","Pi(16:0/18:1(11z))",0.09,385176.8,"PI","no MS2: Phosphatidylinositol 16","C43H81O13P","PI(16:0/18:1(11Z));PI(16:0/18:1(9Z));PI(16:1(9Z)/18:0);PI(18:0/16:1(9Z));PI(18:1(11Z)/16:0);PI(18:1(9Z)/16:0)","C00626","HMDB0009782;HMDB0009783;HMDB0009799;HMDB0009806;HMDB0009822;HMDB0009834","88392;NA;88423;88557;88606;88625","NA;NA;NA;NA;NA;NA","NA;NA;NA;NA;NA;NA","IBBOEPTXNHPBRH-AFOMSZMQSA-N","CCCCCCCCCCCCCCCC(=O)OCC(COP(O)(=O)O[C@H]1[C@H](O)[C@@H](O)[C@H](O)[C@@H](O)[C@H]1O)OC(=O)CC\C=C/CCCCCCCCCCCCC",TRUE,TRUE,NA,NA,NA
"Pi(16:0/22:4(10z,13z,16z,19z))","25245_pos","Pi(16:0/22:4(10z,13z,16z,19z))",0.04,19.38,NA,"Unknown","null","PI(16:0/22:4(10Z,13Z,16Z,19Z));PI(16:0/22:4(7Z,10Z,13Z,16Z));PI(18:0/20:4(5Z,8Z,11Z,14Z));PI(18:0/20:4(8Z,11Z,14Z,17Z));PI(18:1(11Z)/20:3(5Z,8Z,11Z));PI(18:1(11Z)/20:3(8Z,11Z,14Z));PI(18:1(9Z)/20:3(5Z,8Z,11Z));PI(18:1(9Z)/20:3(8Z,11Z,14Z));PI(18:2(9Z,12Z)/20:2(11Z,14Z));PI(20:2(11Z,14Z)/18:2(9Z,12Z));PI(20:3(5Z,8Z,11Z)/18:1(11Z));PI(20:3(5Z,8Z,11Z)/18:1(9Z));PI(20:3(8Z,11Z,14Z)/18:1(11Z));PI(20:3(8Z,11Z,14Z)/18:1(9Z));PI(20:4(5Z,8Z,11Z,14Z)/18:0);PI(20:4(8Z,11Z,14Z,17Z)/18:0);PI(22:4(10Z,13Z,16Z,19Z)/16:0);PI(22:4(7Z,10Z,13Z,16Z)/16:0)","C00626;C00626;C00626","HMDB0009793;HMDB0009794;HMDB0009815;HMDB0009816;HMDB0009830;HMDB0009831;HMDB0009842;HMDB0009843;HMDB0009853;HMDB0009877;HMDB0009881;HMDB0009882;HMDB0009888;HMDB0009889;HMDB0009894;HMDB0009900;HMDB0009912;HMDB0009914","88421;88417;84153;88572;88628;88629;88643;88644;88657;89156;89131;89135;89142;89141;89110;NA;89298;89303","NA;NA;NA;NA;NA;NA;NA;NA;NA;NA;NA;NA;NA;NA;NA;NA;NA;NA","NA;NA;NA;NA;NA;NA;NA;NA;NA;NA;NA;NA;NA;NA;NA;NA;NA;NA","null","null",TRUE,TRUE,NA,NA,NA
"Piclamilast","12787_pos","Piclamilast",0.64,79972.41,NA,"Unknown","null","Piclamilast","","HMDB0256530","47619","154575","NA","null","null",FALSE,TRUE,"Benzamides","Benzene and substituted derivatives","Benzoic acids and derivatives"
"Pimelylcarnitine","9029_pos","Pimelylcarnitine",0.56,20794.07,NA,"Unknown","null","Pimelylcarnitine;Aditoprim","","HMDB0013328;HMDB0248017","85525;NA","53481699;NA","NA;NA","null","null",TRUE,TRUE,"Acyl carnitines","Fatty acyls","Fatty acid esters"
"Pioglitazone","11017_neg","Pioglitazone",0.22,8.52,NA,"Unknown","null","Pioglitazone;5-[[4-[2-(5-Ethylpyridin-2-yl)ethoxy]phenyl]methyl]-4-hydroxy-3H-1,3-thiazol-2-one;Apricoxib","C07675","HMDB0015264;HMDB0248910;HMDB0249626","8228;NA;NA","4829;53942694;9820073","NA;NA;NA","null","null",FALSE,TRUE,"Phenol ethers","Phenol ethers",NA
"Pip2(16:2(9z,12z)/18:0)","25881_pos","Pip2(16:2(9z,12z)/18:0)",0.02,734674.4,NA,"Unknown","null","PIP2(16:2(9Z,12Z)/18:0)","C00626","HMDB0010057","NA","53480248","NA","null","null",FALSE,TRUE,NA,NA,NA
"Pipecolic acid","908_neg","Pipecolic acid",0.87,210.99,NA,"Unknown","null","Pipecolic acid;L-Pipecolic acid;D-Pipecolic acid;2-Pyrrolidineacetic acid;N-Methyl-L-proline;(1r,2s)-2-Aminocyclopentanecarboxylic acid;(2R)-2-Methylpyrrolidine-1-carboxylic acid;2-Aminoethyl methacrylate;3-Pyrrolidineacetic acid;Isonipecotic acid;Nipecotic acid","C00408;C00408","HMDB0000070;HMDB0000716;HMDB0005960;HMDB0029444;HMDB0094696;HMDB0242326;HMDB0242709;HMDB0245015;HMDB0247562;HMDB0253664;HMDB0255618","17964;30913;41582;NA;90344;NA;NA;NA;NA;NA;116931","849;439227;736316;2761541;643474;429614;22151373;NA;4125298;3773;4498","NA;34890;NA;NA;NA;NA;NA;NA;NA;NA;NA","null","null",FALSE,TRUE,"Alpha amino acids","Carboxylic acids and derivatives","Amino acids, peptides, and analogues"
"Piperacillin","17963_neg","Piperacillin",0.42,1345995,"Peptides","no MS2: Piperacillin; LC-ESI-QTOF; MS2; CE","C23H27N5O7S",NA,NA,NA,NA,NA,NA,"IVBHGBMCVLDMKU-GXNBUGAJSA-N","CCN1CCN(C(O)=N[C@@H](C(O)=N[C@H]2[C@H]3SC(C)(C)[C@@H](N3C2=O)C(O)=O)C2=CC=CC=C2)C(=O)C1=O",FALSE,TRUE,NA,NA,NA
"Piperidine","31_pos","Piperidine",0.78,127.32,"Piperidines","no MS2: Piperidine; LC-ESI-QTOF; MS2; CE","C5H11N","Piperidine;1-Methylpyrrolidine;Cyclopentylamine","C01746","HMDB0034301;HMDB0243946;HMDB0250671","18049;NA;NA","8082;8454;2906","NA;NA;NA","NQRYJNQNLNOLGT-UHFFFAOYSA-N","C1CCNCC1",TRUE,TRUE,"Piperidines","Piperidines",NA
"Piperidine-1-carboxamide","931_pos","Piperidine-1-carboxamide",0.71,204.3,NA,"Unknown","null","piperidine-1-carboxamide;Polylysine","","HMDB0256575;HMDB0256678","NA;NA","NA;NA","NA;NA","null","null",FALSE,TRUE,NA,NA,NA
"Piridronic acid","6846_neg","Piridronic acid",0.02,7.2,NA,"Unknown","null","Piridronic acid","","HMDB0256596","NA","NA","NA","null","null",FALSE,TRUE,"Bisphosphonates","Organic phosphonic acids and derivatives","Bisphosphonates"
"Piroxantrone","14169_pos","Piroxantrone",0.4,41.45,NA,"Unknown","null","Piroxantrone;Teloxantrone","","HMDB0256611;HMDB0258795","NA;NA","59916;124644","NA;NA","null","null",FALSE,TRUE,"Anthracenes","Anthracenes",NA
"Polyanethole-sulfate","5009_neg","Polyanethole-sulfate",0.11,15.21,NA,"Unknown","null","Polyanethole-sulfate","","HMDB0256670","NA","NA","NA","null","null",FALSE,TRUE,"Anisoles","Phenol ethers","Anisoles"
"Polyribosylribitolphosphate","5378_pos","Polyribosylribitolphosphate",0.33,9.42,NA,"Unknown","null","Polyribosylribitolphosphate","","HMDB0249913","NA","2219","NA","null","null",FALSE,TRUE,"Monosaccharide phosphates","Organooxygen compounds","Carbohydrates and carbohydrate conjugates"
"Pomaglumetad methionil","12130_pos","Pomaglumetad methionil",0.11,3.5,NA,"Unknown","null","Pomaglumetad methionil","","HMDB0256693","NA","74405857","NA","null","null",FALSE,TRUE,"Peptides","Carboxylic acids and derivatives","Amino acids, peptides, and analogues"
"Popop","12053_pos","Popop",0.4,17.9,NA,"Unknown","null","Popop","","HMDB0256701","52236","NA","NA","null","null",FALSE,TRUE,"Phenyl-1,3-oxazoles","Azoles","Oxazoles"
"Porphobilinogen","5070_pos","Porphobilinogen",0.33,42.31,NA,"Unknown","null","Porphobilinogen;""3'-Deoxythymidine"";DL-Carbidopa","C00931","HMDB0000245;HMDB0246094;HMDB0246122","17381;NA;NA","1021;5280;2563","NA;NA;NA","null","null",FALSE,TRUE,"Aralkylamines","Organonitrogen compounds","Amines"
"Posatirelin","11489_pos","Posatirelin",0.04,9.04,NA,"Unknown","null","Posatirelin","","HMDB0256710","NA","9841481","NA","null","null",FALSE,TRUE,"Oligopeptides","Carboxylic acids and derivatives","Amino acids, peptides, and analogues"
"Prednisolone metasulfobenzoate","18867_neg","Prednisolone metasulfobenzoate",0.07,151451.9,NA,"Unknown","null","Prednisolone metasulfobenzoate","","HMDB0256747","NA","12422","NA","null","null",FALSE,TRUE,"Gluco/mineralocorticoids, progestogins and derivatives","Steroids and steroid derivatives","Pregnane steroids"
"Prenalterol","5028_pos","Prenalterol",0.76,2022.51,"Resorcinols","no MS2: Terbutaline; LC-ESI-QTOF; MS2; CE","C12H19NO3","Prenalterol","","HMDB0256762","NA","NA","NA","XWTYSIMOBUGWOL-UHFFFAOYNA-N","CC(C)(C)NCC(O)C1=CC(O)=CC(O)=C1",TRUE,TRUE,"4-alkoxyphenols","Phenols","4-alkoxyphenols"
"Prenylcysteine","3190_pos","Prenylcysteine",0.78,146.03,NA,"Indole-3-Methyl Acetate","null","Prenylcysteine","","HMDB0256764","NA","22395667","NA","null","null",FALSE,TRUE,"Cysteine and derivatives","Carboxylic acids and derivatives","Amino acids, peptides, and analogues"
"Preparation 11","6604_pos","Preparation 11",0.11,43.53,NA,"Unknown","null","Preparation 11;Serotonin O-sulfate","","HMDB0256765;HMDB0258257","NA;NA","NA;NA","NA;NA","null","null",FALSE,TRUE,"Thiophosphate triesters","Organic thiophosphoric acids and derivatives","Thiophosphoric acid esters"
"Primisulfuron-methyl","16100_neg","Primisulfuron-methyl",0.09,7.5,NA,"Unknown","null","Primisulfuron-methyl","","HMDB0256773","NA","NA","NA","null","null",FALSE,TRUE,"Pyrimidinyl-2-sulfonylureas","Organonitrogen compounds","Sulfonylureas"
"Prizidilol","10444_pos","Prizidilol",0.27,13.32,NA,"Unknown","null","Prizidilol","","HMDB0256780","NA","71952","NA","null","null",FALSE,TRUE,"Phenylpyridazines","Diazines","Pyridazines and derivatives"
"Prochlorperazine sulfoxide","12629_neg","Prochlorperazine sulfoxide",0.09,13.26,NA,"Unknown","null","Prochlorperazine Sulfoxide","","HMDB0256788","NA","NA","NA","null","null",FALSE,TRUE,NA,NA,NA
"Procymidone","7974_pos","Procymidone",0.33,9.67,NA,"Unknown","null","Procymidone","C10986","HMDB0256790","NA","NA","NA","null","null",TRUE,TRUE,"Phenylpiperidines","Piperidines","Phenylpiperidines"
"Proglumide","10068_neg","Proglumide",0.44,41.39,NA,"Unknown","null","Proglumide","","HMDB0256796","32058","NA","NA","null","null",TRUE,TRUE,"Glutamic acid and derivatives","Carboxylic acids and derivatives","Amino acids, peptides, and analogues"
"Proline amide","505_pos","Proline amide",0.87,172.25,NA,"Proline Amide","null",NA,NA,NA,NA,NA,NA,"null","null",TRUE,TRUE,NA,NA,NA
"Proline betaine","1418_pos","Proline betaine",0.87,147.86,NA,"Unknown","null","Proline betaine;(2S)-1,2-Dimethylpyrrolidine-2-carboxylic acid;1-Aminocyclohexanecarboxylic acid;2-Hydroxypropyl methacrylamide;trans-4-Aminocyclohexanecarboxylic acid;Crotonic acid betaine;N-(2-Hydroxypropyl)methacrylamide","C10172","HMDB0004827;HMDB0243593;HMDB0243822;HMDB0245163;HMDB0246355;HMDB0250545;HMDB0254991","35280;NA;86534;NA;NA;11946;NA","115244;21682858;1366;86613605;171560;589;NA","NA;NA;NA;NA;NA;NA;NA","null","null",TRUE,TRUE,"Proline and derivatives","Carboxylic acids and derivatives","Amino acids, peptides, and analogues"
"Proline glutamate","6834_pos","Proline glutamate",0.42,12.3,NA,"Unknown","null","Proline glutamate","","HMDB0256798","NA","NA","NA","null","null",FALSE,TRUE,"Glutamic acid and derivatives","Carboxylic acids and derivatives","Amino acids, peptides, and analogues"
"Prolyl-serine","3884_pos","Prolyl-serine",0.73,104.7,NA,"Unknown","null","Prolyl-Serine;Serylproline","","HMDB0029026;HMDB0029047","NA;74820","18218236;4369021","NA;NA","null","null",FALSE,TRUE,NA,NA,NA
"Prolyl-tryptophan","8520_neg","Prolyl-tryptophan",0.36,9.03,NA,"Unknown","null","Prolyl-Tryptophan;Tryptophyl-Proline;(+)-Isofebrifugine;Isofebrifugine","","HMDB0029028;HMDB0029091;HMDB0242253;HMDB0253633","NA;NA;NA;NA","18218238;14409732;115723;431195","NA;NA;NA;NA","null","null",FALSE,TRUE,NA,NA,NA
"Prolylhydroxyproline","5174_pos","Prolylhydroxyproline",0.87,747.71,NA,"Unknown","null","Prolylhydroxyproline;Pyroglutamylvaline;Morph;L-Prolyl-4-hydroxy-L-prolin;(2S)-3-Hydroxy-1-[(2S)-pyrrolidine-2-carbonyl]pyrrolidine-2-carboxylic acid","","HMDB0006695;HMDB0094651;HMDB0254890;HMDB0256781;HMDB0257791","74767;132991;NA;NA;NA","11902892;152416;115379;NA;NA","NA;NA;NA;NA;NA","null","null",TRUE,TRUE,"Dipeptides","Carboxylic acids and derivatives","Amino acids, peptides, and analogues"
"Promethazine sulfoxide","8854_pos","Promethazine sulfoxide",0.82,50.79,NA,"Unknown","null","Promethazine sulfoxide","","HMDB0247377","NA","NA","NA","null","null",FALSE,TRUE,"Phenothiazines","Benzothiazines","Phenothiazines"
"Propamidine","9050_neg","Propamidine",0.2,15.47,NA,"Unknown","null","Propamidine","","HMDB0256810","87462","NA","NA","null","null",FALSE,TRUE,"Phenol ethers","Phenol ethers",NA
"Propanil","4433_neg","Propanil",0.38,49.86,NA,"Unknown","null","Propanil","C14229","HMDB0256817","34936","4933","NA","null","null",FALSE,TRUE,"Anilides","Benzene and substituted derivatives","Anilides"
"Propargite","10769_neg","Propargite",0.64,7566.9,NA,"Unknown","null","Propargite","C18602","HMDB0256819","39300","NA","NA","null","null",FALSE,TRUE,"Phenylpropanes","Benzene and substituted derivatives","Phenylpropanes"
"Propenoylcarnitine","4361_neg","Propenoylcarnitine",0.62,1184.95,NA,"Unknown","null","Propenoylcarnitine;1-hydroxyoct-2-enoylglycine;1-hydroxyoct-3-enoylglycine;1-hydroxyoct-4-enoylglycine;1-hydroxyoct-5-enoylglycine;1-hydroxyoct-6-enoylglycine;1-hydroxyoct-7-enoylglycine;2-hydroxyoct-1-enoylglycine;2-hydroxyoct-2-enoylglycine;2-hydroxyoct-3-enoylglycine;2-hydroxyoct-4-enoylglycine;2-hydroxyoct-5-enoylglycine;2-hydroxyoct-6-enoylglycine;2-hydroxyoct-7-enoylglycine;3-hydroxyoct-1-enoylglycine;3-hydroxyoct-2-enoylglycine;3-hydroxyoct-3-enoylglycine;3-hydroxyoct-4-enoylglycine;3-hydroxyoct-5-enoylglycine;3-hydroxyoct-6-enoylglycine;3-hydroxyoct-7-enoylglycine;4-hydroxyoct-1-enoylglycine;4-hydroxyoct-2-enoylglycine;4-hydroxyoct-3-enoylglycine;4-hydroxyoct-4-enoylglycine;4-hydroxyoct-5-enoylglycine;4-hydroxyoct-6-enoylglycine;4-hydroxyoct-7-enoylglycine;5-hydroxyoct-1-enoylglycine;5-hydroxyoct-2-enoylglycine;5-hydroxyoct-3-enoylglycine;5-hydroxyoct-4-enoylglycine;5-hydroxyoct-5-enoylglycine;5-hydroxyoct-6-enoylglycine;5-hydroxyoct-7-enoylglycine;6-hydroxyoct-1-enoylglycine;6-hydroxyoct-2-enoylglycine;6-hydroxyoct-3-enoylglycine;6-hydroxyoct-4-enoylglycine;6-hydroxyoct-5-enoylglycine;6-hydroxyoct-6-enoylglycine;6-hydroxyoct-7-enoylglycine;7-hydroxyoct-1-enoylglycine;7-hydroxyoct-2-enoylglycine;7-hydroxyoct-3-enoylglycine;7-hydroxyoct-4-enoylglycine;7-hydroxyoct-5-enoylglycine;7-hydroxyoct-6-enoylglycine;7-hydroxyoct-7-enoylglycine;Dihydrokainic acid;Indanidine","","HMDB0013124;HMDB0094732;HMDB0094733;HMDB0094734;HMDB0094735;HMDB0094736;HMDB0094737;HMDB0094738;HMDB0094739;HMDB0094740;HMDB0094741;HMDB0094742;HMDB0094743;HMDB0094744;HMDB0094745;HMDB0094746;HMDB0094747;HMDB0094748;HMDB0094749;HMDB0094750;HMDB0094751;HMDB0094752;HMDB0094753;HMDB0094754;HMDB0094755;HMDB0094756;HMDB0094757;HMDB0094758;HMDB0094759;HMDB0094760;HMDB0094761;HMDB0094762;HMDB0094763;HMDB0094764;HMDB0094765;HMDB0094766;HMDB0094767;HMDB0094768;HMDB0094769;HMDB0094770;HMDB0094771;HMDB0094772;HMDB0094773;HMDB0094774;HMDB0094775;HMDB0094776;HMDB0094777;HMDB0094778;HMDB0094779;HMDB0251319;HMDB0253447","86076;NA;NA;NA;NA;NA;NA;NA;NA;NA;NA;NA;NA;NA;NA;NA;NA;NA;NA;NA;NA;NA;NA;NA;NA;NA;NA;NA;NA;NA;NA;NA;NA;NA;NA;NA;NA;NA;NA;NA;NA;NA;NA;NA;NA;NA;NA;NA;NA;NA;NA","53481699;NA;NA;NA;NA;NA;131802917;131802918;NA;NA;NA;NA;NA;131802924;NA;NA;NA;NA;NA;NA;131802931;131802932;NA;NA;NA;NA;NA;131802938;131802939;NA;NA;NA;NA;NA;131802945;131802946;NA;NA;NA;NA;NA;131802952;131802953;NA;NA;NA;NA;NA;131802959;1650;NA","NA;NA;NA;NA;NA;NA;NA;NA;NA;NA;NA;NA;NA;NA;NA;NA;NA;NA;NA;NA;NA;NA;NA;NA;NA;NA;NA;NA;NA;NA;NA;NA;NA;NA;NA;NA;NA;NA;NA;NA;NA;NA;NA;NA;NA;NA;NA;NA;NA;NA;NA","null","null",FALSE,TRUE,"Acyl carnitines","Fatty acyls","Fatty acid esters"
"Propiconazole","10926_pos","Propiconazole",0.11,13.86,"Dichlorobenzenes","no MS2: Propiconazole; LC-ESI-ITFT; MS2; CE","C15H17Cl2N3O2",NA,NA,NA,NA,NA,NA,"STJLVHWMYQXCPB-UHFFFAOYNA-N","CCCC1COC(CN2C=NC=N2)(O1)C1=C(Cl)C=C(Cl)C=C1",FALSE,TRUE,"Dichlorobenzenes","Benzene and substituted derivatives","Halobenzenes"
"Propylenediamine tetra-acetic acid","9173_pos","Propylenediamine tetra-acetic acid",0.33,13.16,NA,"Unknown","null","Propylenediamine tetra-acetic acid","","HMDB0246676","NA","20442","NA","null","null",FALSE,TRUE,"Tetracarboxylic acids and derivatives","Carboxylic acids and derivatives","Tetracarboxylic acids and derivatives"
"Propylparaben sulfate","6760_pos","Propylparaben sulfate",0.27,5.93,NA,"Unknown","null","Propylparaben sulfate","","HMDB0240718","133707","122198220","NA","null","null",FALSE,TRUE,"Phenylsulfates","Organic sulfuric acids and derivatives","Arylsulfates"
"Propyzamide","6552_pos","Propyzamide",0.87,91.01,NA,"Unknown","null","Propyzamide","C14333","HMDB0256847","34935","NA","NA","null","null",FALSE,TRUE,"3-halobenzoic acids and derivatives","Benzene and substituted derivatives","Benzoic acids and derivatives"
"Prostaglandin e2","10860_neg","Prostaglandin e2",0.16,270811.2,"Leukotrienes","no MS2: LTB4_20-Hydroxy; LC-ESI-QIT; MS2; CE","C20H32O5","Prostaglandin E2;Prostaglandin D2;Thromboxane A2;20-Hydroxy-leukotriene B4;13,14-Dihydro-15-keto-PGE2;15-Keto-prostaglandin F2a;Lipoxin A4;11b-PGE2;13,14-Dihydro-15-keto-PGD2;(Z)-7-((1R,5S)-5-Hydroxy-3-oxo-2-(3-oxooctyl)cyclopentyl)hept-5-enoic acid;20-hydroxyleukotriene B4;Prostacyclin (not favourable);(5S,6E,8E,10E,12E,14S,15R)-5,14,15-Trihydroxyicosa-6,8,10,12-tetraenoic acid;7-[(1R,2R,3R)-3-Hydroxy-2-[(3S)-3-hydroxyoct-1-enyl]-5-oxocyclopentyl]-5-heptenoic acid;Epi-Lipoxin A4","C00584;C00696;C02198;C04853;C04671;C05960;C06314","HMDB0001220;HMDB0001403;HMDB0001452;HMDB0001509;HMDB0002776;HMDB0004240;HMDB0004385;HMDB0060041;HMDB0060042;HMDB0244513;HMDB0245567;HMDB0246193;HMDB0247662;HMDB0247796;HMDB0251839","15551;15555;15627;15646;15550;28442;6498;89581;NA;NA;NA;NA;NA;NA;NA","5280360;448457;5280497;5280745;5280711;5280887;5280914;5283061;5283036;53394111;1589;159;3935;158;3934","35424;35725;NA;NA;NA;NA;NA;NA;NA;NA;NA;NA;NA;NA;NA","PTJFJXLGRSTECQ-PSPARDEHSA-N","OCCCCC\C=C/C[C@@H](O)\C=C\C=C\C=C/[C@@H](O)CCCC(O)=O",FALSE,TRUE,NA,NA,NA
"Protocatechuic acid 3-o-sulfate","5292_neg","Protocatechuic acid 3-o-sulfate",0.38,11,"2-phenoxypropionic acids","no MS2: Dichlorprop; LC-ESI-ITFT; MS2; CE","C9H8Cl2O3","Protocatechuic acid 3-O-sulfate;2-hydroxy-3-(sulfooxy)benzoic acid;3,5-Dihydroxybenzoic acid sulfate;Protocatechuic acid 4-O-sulfate","","HMDB0124993;HMDB0134105;HMDB0240373;HMDB0240382","NA;NA;NA;NA","71316222;131837851;71316225;NA","NA;NA;NA;NA","MZHCENGPTKEIGP-UHFFFAOYNA-N","CC(OC1=C(Cl)C=C(Cl)C=C1)C(O)=O",FALSE,TRUE,NA,NA,NA
"Proxyphylline","5502_neg","Proxyphylline",0.24,6.32,NA,"Unknown","null","Proxyphylline;[(2S,3S,4R,5R)-3,4,5,6-Tetrahydroxyhexan-2-yl] 2-hydroxypropanoate","","HMDB0256878;HMDB0258092","NA;NA","NA;NA","NA;NA","null","null",FALSE,TRUE,"Xanthines","Imidazopyrimidines","Purines and purine derivatives"
"Ps(16:0/18:2(9z,12z))","23502_pos","Ps(16:0/18:2(9z,12z))",0.09,326537.6,NA,"Unknown","null","PS(16:0/18:2(9Z,12Z));PS(16:1(9Z)/18:1(9Z));PS(18:1(9Z)/16:1(9Z));PS(18:2(9Z,12Z)/16:0)","","HMDB0012358;HMDB0012368;HMDB0012388;HMDB0012398","89823;90032;75101;90026","46891802;52926009;52925990;52925986","NA;NA;NA;NA","null","null",FALSE,TRUE,NA,NA,NA
"Ps(16:0/20:4(5z,8z,11z,14z))","23878_pos","Ps(16:0/20:4(5z,8z,11z,14z))",0.02,311672.6,NA,"Unknown","null","PS(16:0/20:4(5Z,8Z,11Z,14Z));PS(16:1(9Z)/20:3(8Z,11Z,14Z));PS(18:1(9Z)/18:3(9Z,12Z,15Z));PS(18:2(9Z,12Z)/18:2(9Z,12Z));PS(18:3(9Z,12Z,15Z)/18:1(9Z));PS(20:3(8Z,11Z,14Z)/16:1(9Z));PS(20:4(5Z,8Z,11Z,14Z)/16:0)","","HMDB0012361;HMDB0012371;HMDB0012392;HMDB0012402;HMDB0012412;HMDB0012421;HMDB0012431","90029;90037;90023;88488;88504;88506;88525","24779544;52925329;52925989;9547086;52925983;52925706;52925968","NA;NA;NA;NA;NA;NA;NA","null","null",FALSE,TRUE,NA,NA,NA
"Ps(18:0/18:1(9z))","23447_neg","Ps(18:0/18:1(9z))",0.02,478395.1,"PS","no MS2: Phosphatidylserine 18","C42H80NO10P","PS(18:0/18:1(9Z));PS(18:1(9Z)/18:0)","C02737","HMDB0010163;HMDB0012389","79096;75103","59720717;9547094","NA;NA","GPSKZJNTROFFOC-HYOGKJQXNA-N","CCCCCCCCCCCCCCCCCC(=O)OCC(COP(O)(=O)OCC(N)C(O)=O)OC(=O)CC\C=C/CCCCCCCCCCCCC",FALSE,TRUE,NA,NA,NA
"Ps(18:0/18:2(9z,12z))","23954_pos","Ps(18:0/18:2(9z,12z))",0.11,143238.4,NA,"Unknown","null","PS(18:0/18:2(9Z,12Z));PS(18:1(9Z)/18:1(9Z));PS(18:2(9Z,12Z)/18:0)","","HMDB0012380;HMDB0012390;HMDB0012400","84513;60568;88485","9547091;6438639;52925985","NA;NA;NA","null","null",FALSE,TRUE,NA,NA,NA
"Ps(18:0/22:6(4z,7z,10z,13z,16z,19z))","24721_pos","Ps(18:0/22:6(4z,7z,10z,13z,16z,19z))",0.02,3099784,NA,"Unknown","null","PS(18:0/22:6(4Z,7Z,10Z,13Z,16Z,19Z));PS(20:3(8Z,11Z,14Z)/20:3(8Z,11Z,14Z));PS(22:6(4Z,7Z,10Z,13Z,16Z,19Z)/18:0)","C02737","HMDB0010167;HMDB0012426;HMDB0012444","79098;88512;88445","24779546;52925721;52925937","NA;NA;NA","null","null",FALSE,TRUE,NA,NA,NA
"Ps(18:1(9z)/22:6(4z,7z,10z,13z,16z,19z))","24696_pos","Ps(18:1(9z)/22:6(4z,7z,10z,13z,16z,19z))",0.13,558615.6,NA,"Unknown","null","PS(18:1(9Z)/22:6(4Z,7Z,10Z,13Z,16Z,19Z));PS(20:3(8Z,11Z,14Z)/20:4(5Z,8Z,11Z,14Z));PS(20:4(5Z,8Z,11Z,14Z)/20:3(8Z,11Z,14Z));PS(22:6(4Z,7Z,10Z,13Z,16Z,19Z)/18:1(9Z))","","HMDB0012395;HMDB0012427;HMDB0012437;HMDB0012445","90025;88513;88531;88444","52925155;52925722;52925751;52925938","NA;NA;NA;NA","null","null",FALSE,TRUE,NA,NA,NA
"Ps(19:1(9z)/22:4(7z,10z,13z,16z))","24012_neg","Ps(19:1(9z)/22:4(7z,10z,13z,16z))",0.13,1165192,NA,"Unknown","null","PS(19:1(9Z)/22:4(7Z,10Z,13Z,16Z))","","HMDB0256887","NA","NA","NA","null","null",FALSE,TRUE,NA,NA,NA
"Ptaquiloside","13040_neg","Ptaquiloside",0.09,246722.1,NA,"Unknown","null","Ptaquiloside;Methyl 4-[(E)-2-(5,5,8,8-tetramethyl-6,7-dihydronaphthalen-2-yl)prop-1-enyl]benzenesulfonate","","HMDB0242690;HMDB0257579","NA;NA","160303;NA","NA;NA","null","null",FALSE,TRUE,"O-glycosyl compounds","Organooxygen compounds","Carbohydrates and carbohydrate conjugates"
"Pterin","2035_neg","Pterin",0.42,52.5,NA,"Unknown","null","Pterin;4-Hydroxy-L-glutamic acid;Methyl diethyldithiocarbamate","C00715;C05947","HMDB0000802;HMDB0002273;HMDB0254585","18265;21285;NA","73000;440854;12704","NA;NA;NA","null","null",FALSE,TRUE,"Pterins and derivatives","Pteridines and derivatives","Pterins and derivatives"
"Pugnac","10881_neg","Pugnac",0.02,3.4,NA,"Unknown","null","Pugnac","","HMDB0256921","NA","4343649","NA","null","null",FALSE,TRUE,"Monosaccharides","Organooxygen compounds","Carbohydrates and carbohydrate conjugates"
"Pymetrozine","4450_neg","Pymetrozine",0.42,117.92,NA,"Unknown","null","Pymetrozine","","HMDB0256932","NA","86370","NA","null","null",FALSE,TRUE,"1,2,4-triazines","Triazines","1,2,4-triazines"
"Pyraclostrobin","13075_pos","Pyraclostrobin",0.18,271795.1,"Phenylpyrazoles","no MS2: Pyraclostrobin; LC-ESI-ITFT; MS2; CE","C19H18ClN3O4",NA,NA,NA,NA,NA,NA,"HZRSNVGNWUDEFX-UHFFFAOYSA-N","CON(C(=O)OC)C1=CC=CC=C1COC1=NN(C=C1)C1=CC=C(Cl)C=C1",FALSE,TRUE,"Phenylpyrazoles","Azoles","Pyrazoles"
"Pyrano(2,3-c)pyrazol-6(2h)-one, 3,4-dimethyl-2-(2-thienylmethyl)-","6541_neg","Pyrano(2,3-c)pyrazol-6(2h)-one, 3,4-dimethyl-2-(2-thienylmethyl)-",0.44,69.8,NA,"Unknown","null","Pyrano(2,3-c)pyrazol-6(2H)-one, 3,4-dimethyl-2-(2-thienylmethyl)-","","HMDB0253035","NA","NA","NA","null","null",TRUE,TRUE,NA,NA,NA
"Pyridine-2,3-dicarboxylate","2177_neg","Pyridine-2,3-dicarboxylate",0.42,35.13,NA,"PYRIDINE-2,3-DICARBOXYLATE","null",NA,NA,NA,NA,NA,NA,"null","null",FALSE,TRUE,NA,NA,NA
"Pyridinin","6251_pos","Pyridinin",0.2,7.09,"Aminobenzenesulfonamides","no MS2: Sulfapyridine; LC-ESI-ITFT; MS2; CE","C11H11N3O2S","Pyridinin","","HMDB0256968","NA","NA","NA","GECHUMIMRBOMGK-UHFFFAOYSA-N","NC1=CC=C(C=C1)S(=O)(=O)NC1=CC=CC=N1",TRUE,TRUE,"Benzenesulfonyl compounds","Benzene and substituted derivatives","Benzenesulfonyl compounds"
"Pyrido(3,4-d)pyridazine-1,4-dione, 8-amino-5-chloro-2,3-dihydro-7-phenyl-","8245_pos","Pyrido(3,4-d)pyridazine-1,4-dione, 8-amino-5-chloro-2,3-dihydro-7-phenyl-",0.42,9.87,NA,"Unknown","null","Pyrido(3,4-d)pyridazine-1,4-dione, 8-amino-5-chloro-2,3-dihydro-7-phenyl-;Ritipenem","","HMDB0253839;HMDB0257244","NA;NA","126741;13187820","NA;NA","null","null",FALSE,TRUE,"Phenylpyridines","Pyridines and derivatives","Phenylpyridines"
"Pyridoxamine","2237_neg","Pyridoxamine",0.36,54.07,"Pyridoxamine 5'-phosphates","no MS2: Pyridoxamine; LC-ESI-QTOF; MS2; CE","C8H12N2O2","Pyridoxamine;Hexamethylene diisocyanate;4,5-Dimethoxybenzene-1,2-diamine;xymedon","C00534","HMDB0001431;HMDB0244241;HMDB0246610;HMDB0259943","16410;53578;NA;NA","1052;13192;NA;121931","35277;NA;NA;NA","NHZMQXZHNVQTQA-UHFFFAOYSA-N","CC1=C(O)C(CN)=C(CO)C=N1",FALSE,TRUE,"Pyridoxamine 5'-phosphates","Pyridines and derivatives","Pyridoxamines"
"Pyridoxine 5'-phosphate","6238_pos","Pyridoxine 5'-phosphate",0.29,11.33,NA,"Unknown","null","""Pyridoxine 5'-phosphate""","C00627","HMDB0001319","28803","1055","35527","null","null",FALSE,TRUE,NA,NA,NA
"Pyrimethamine","6201_pos","Pyrimethamine",0.31,10.8,"Aminopyrimidines and derivatives","no MS2: Pyrimethamine; LC-ESI-QTOF; MS2; [M+H]+; CE","C12H13ClN4",NA,NA,NA,NA,NA,NA,"WKSAUQYGYAYLPV-UHFFFAOYSA-N","CCC1=NC(=N)NC(N)=C1C1=CC=C(Cl)C=C1",FALSE,TRUE,NA,NA,NA
"Pyrimidine-2,4,6-triol","919_pos","Pyrimidine-2,4,6-triol",0.02,5.64,NA,"Unknown","null","Pyrimidine-2,4,6-triol","","HMDB0245479","NA","NA","NA","null","null",FALSE,TRUE,"Hydroxypyrimidines","Diazines","Pyrimidines and pyrimidine derivatives"
"Pyrocatechol sulfate","3141_neg","Pyrocatechol sulfate",0.4,129.5,NA,"Unknown","null","Pyrocatechol sulfate;2,5-Dihydroxybenzenesulfonic Acid","","HMDB0059724;HMDB0245498","68505;71157","3083879;17507","NA;NA","null","null",FALSE,TRUE,"Phenylsulfates","Organic sulfuric acids and derivatives","Arylsulfates"
"Pyrogallol-1-o-sulphate","3888_neg","Pyrogallol-1-o-sulphate",0.33,189,NA,"Unknown","null","Pyrogallol-1-O-sulphate;Pyrogallol-2-O-sulphate","","HMDB0060016;HMDB0060018","89613;89615","54110629;92013661","NA;NA","null","null",FALSE,TRUE,NA,NA,NA
"Pyrogallol-2-o-glucuronide","8946_pos","Pyrogallol-2-o-glucuronide",0.38,60.18,NA,"Unknown","null","Pyrogallol-2-O-glucuronide;1,3-Bis(4-nitrophenyl)urea","","HMDB0060017;HMDB0244158","89612;NA","122553541;9509","NA;NA","null","null",FALSE,TRUE,NA,NA,NA
"Pyroglutamic acid","899_neg","Pyroglutamic acid",0.91,2220.81,NA,"5-Oxoproline","null","Pyroglutamic acid;Pyrroline hydroxycarboxylic acid;3-Hydroxy-1-methylpyrrolidine-2,5-dione;4-Oxo-L-proline;1-Methylpyrrole-2,3,5-triol;pyrrolidone carboxylic acid;(2S)-6-Oxa-1-azabicyclo[3.1.0]hexane-2-carboxylic acid","C01879;C04281","HMDB0000267;HMDB0001369;HMDB0245148;HMDB0246561;HMDB0255336;HMDB0257001;HMDB0260147","18183;27391;NA;37011;NA;NA;NA","7405;1059;260809;413589;54548768;NA;53830296","NA;43511;NA;NA;NA;NA;NA","null","null",TRUE,TRUE,"Alpha amino acids and derivatives","Carboxylic acids and derivatives","Amino acids, peptides, and analogues"
"Pyroglutamyl-histidyl-glycine","10007_pos","Pyroglutamyl-histidyl-glycine",0.27,7.52,NA,"Unknown","null","pyroglutamyl-histidyl-glycine","","HMDB0256990","NA","NA","NA","null","null",FALSE,TRUE,NA,NA,NA
"Pyroglutamyl-phenylalanyl-prolinamide","11795_neg","Pyroglutamyl-phenylalanyl-prolinamide",0.18,59.82,NA,"Unknown","null","Pyroglutamyl-phenylalanyl-prolinamide","","HMDB0256991","NA","14021549","NA","null","null",FALSE,TRUE,"Oligopeptides","Carboxylic acids and derivatives","Amino acids, peptides, and analogues"
"Pyroglutamylglycine","3150_pos","Pyroglutamylglycine",0.18,7.72,NA,"Unknown","null","Pyroglutamylglycine;alpha-AMINO-3-HYDROXY-5-METHYL-4-ISOXAZOLEPROPIONIC ACID;2-Amino-2-(5-methyl-3-oxo-1,2-oxazol-4-yl)propanoic Acid","C13672","HMDB0061890;HMDB0248356;HMDB0257684","NA;NA;NA","20977730;1221;10125119","NA;NA;NA","null","null",FALSE,TRUE,"Alpha amino acids","Carboxylic acids and derivatives","Amino acids, peptides, and analogues"
"Pyrophosphate","2613_neg","Pyrophosphate",0.42,1170.91,NA,"Unknown","null","Pyrophosphate","C00013","HMDB0000250","29888","1023","NA","null","null",FALSE,TRUE,"Non-metal pyrophosphates","Non-metal oxoanionic compounds","Non-metal pyrophosphates"
"Pyrraline","6529_pos","Pyrraline",0.42,17.26,NA,"Unknown","null","Pyrraline","","HMDB0033143","NA","14274616","NA","null","null",FALSE,TRUE,"Alpha amino acids","Carboxylic acids and derivatives","Amino acids, peptides, and analogues"
"Pyrrole-2,3,5-tricarboxylic acid","3556_neg","Pyrrole-2,3,5-tricarboxylic acid",0.16,33.8,NA,"Selenomethionine","null","Pyrrole-2,3,5-tricarboxylic acid","","HMDB0256995","NA","NA","NA","null","null",FALSE,TRUE,"Tricarboxylic acids and derivatives","Carboxylic acids and derivatives","Tricarboxylic acids and derivatives"
"Pyrrole-2-carboxylic acid","421_pos","Pyrrole-2-carboxylic acid",0.36,25.71,NA,"Unknown","null","Pyrrole-2-carboxylic acid;2-Furamide;2-Hydroxypyridine 1-oxide;2,3-Dihydroxypyridine;2,4-Dihydroxypyridine;2,4(1H,3H)-Pyridinedione;pyridine-3,4-diol","C05942;C03927","HMDB0004230;HMDB0245133;HMDB0245310;HMDB0245397;HMDB0245452;HMDB0245487;HMDB0256965","36751;NA;NA;131454;NA;NA;28630","12473;69108;69975;28115;12273;15612824;NA","NA;NA;NA;NA;NA;NA;NA","null","null",FALSE,TRUE,"Pyrrole 2-carboxylic acids","Pyrroles","Pyrrole carboxylic acids and derivatives"
"Pyrrolidin-1-yl n,n-bis(sulfanyl)carbamate","3321_neg","Pyrrolidin-1-yl n,n-bis(sulfanyl)carbamate",0.87,559.48,NA,"Unknown","null","Pyrrolidin-1-yl N,N-bis(sulfanyl)carbamate","","HMDB0257676","NA","18967899","NA","null","null",TRUE,TRUE,NA,NA,NA
"Pyruvic acid","25_neg","Pyruvic acid",0.84,508.58,NA,"Pyruvic Acid","null","Pyruvic acid;Ethylene carbonate","C00022;C20363","HMDB0000243;HMDB0252067","32816;NA","1060;7303","NA;NA","null","null",TRUE,TRUE,"Alpha-keto acids and derivatives","Keto acids and derivatives","Alpha-keto acids and derivatives"
"Quercetin 3-(6-o-acetyl-beta-glucoside)","18706_pos","Quercetin 3-(6-o-acetyl-beta-glucoside)",0.09,810440.6,"Flavonoid-3-O-glycosides","no MS2: Quercetin 3-(6-O-acetyl-beta-glucoside); LC-ESI-QTOF; MS2; CE","C23H22O13",NA,NA,NA,NA,NA,NA,"IGLUNMMNDNWZOA-LNNZMUSMSA-N","CC(=O)OC[C@H]1O[C@@H](OC2=C(OC3=CC(O)=CC(O)=C3C2=O)C2=CC(O)=C(O)C=C2)[C@H](O)[C@@H](O)[C@@H]1O",FALSE,TRUE,NA,NA,NA
"Quercetin-3-(6''-malonyl)-glucoside","19032_neg","Quercetin-3-(6''-malonyl)-glucoside",0.38,108284.7,"Flavonoid-3-O-glycosides","no MS2: Quercetin-3-(6''-malonyl)-Glucoside; LC-ESI-QTOF; MS2; CE","C24H22O15",NA,NA,NA,NA,NA,NA,"NBQPHANHNTWDML-UJKBSQBPSA-N","O[C@H]1[C@H](O)[C@@H](COC(=O)CC(O)=O)O[C@@H](OC2=C(OC3=CC(O)=CC(O)=C3C2=O)C2=CC(O)=C(O)C=C2)[C@@H]1O",FALSE,TRUE,NA,NA,NA
"Questiomycin a","4355_pos","Questiomycin a",0.42,78.38,NA,"Unknown","null","Questiomycin A;4-Amino-1,8-naphthalimide;9H-Pyrido[3,4-b]indole-3-carboxylic acid","C02161","HMDB0030483;HMDB0246338;HMDB0249637","17293;40071;NA","72725;1720;173262","NA;NA;NA","null","null",FALSE,TRUE,NA,NA,NA
"Quetiapine","12909_pos","Quetiapine",0.09,12.98,NA,"Unknown","null","Quetiapine","C07397","HMDB0005021","8707","5002","NA","null","null",FALSE,TRUE,"Dibenzothiazepines","Benzothiazepines","Dibenzothiazepines"
"Queuine","7355_neg","Queuine",0.33,15.3,NA,"Unknown","null","Queuine;(2R,3S,5R)-5-(4,5-Dihydroimidazo[2,1-f]purin-3-yl)-2-(hydroxymethyl)oxolan-3-ol","C01449","HMDB0001495;HMDB0257763","17433;NA","53477731;NA","NA;NA","null","null",FALSE,TRUE,"Pyrrolopyrimidines","Pyrrolopyrimidines","Pyrrolopyrimidines"
"Quinclorac","5622_neg","Quinclorac",0.11,3.89,NA,"Unknown","null","Quinclorac","C18806","HMDB0257037","81974","NA","NA","null","null",FALSE,TRUE,"Quinoline carboxylic acids","Quinolines and derivatives","Quinoline carboxylic acids"
"Quinic acid","3330_pos","Quinic acid",0.67,45.81,NA,"Quinic Acid","null","Quinic acid;6,8-Bis(sulfanyl)octanal","C00296","HMDB0003072;HMDB0258126","17521;NA","6508;53825251","NA;NA","null","null",FALSE,TRUE,"Quinic acids and derivatives","Organooxygen compounds","Alcohols and polyols"
"Quinolinic acid","2365_pos","Quinolinic acid",0.29,35.81,NA,"Unknown","null","Quinolinic acid;2,6-Pyridinedicarboxylic acid;Urate radical;2-Nitrobenzoic acid;3-Hydroxy-2-nitrobenzaldehyde;4-Nitrobenzoic acid;Pyridine-3,5-dicarboxylic acid","C03722;C16234;C18625","HMDB0000232;HMDB0033161;HMDB0060260;HMDB0245255;HMDB0245884;HMDB0246532;HMDB0256966","16675;46837;89161;25620;NA;262350;46875","1066;10367;NA;NA;NA;NA;NA","NA;NA;NA;NA;NA;NA;NA","null","null",FALSE,TRUE,"Pyridinecarboxylic acids","Pyridines and derivatives","Pyridinecarboxylic acids and derivatives"
"Quinoxaline-6-sulfonamide","4071_neg","Quinoxaline-6-sulfonamide",0.22,11.78,NA,"Unknown","null","quinoxaline-6-sulfonamide","","HMDB0257054","NA","23193652","NA","null","null",TRUE,TRUE,NA,NA,NA
"Quinoxyfen","9200_pos","Quinoxyfen",0.22,136877.1,"Diarylethers","no MS2: Quinoxyfen; LC-ESI-ITFT; MS2; CE","C15H8Cl2FNO","Quinoxyfen","C18892","HMDB0257055","82040","NA","NA","WRPIRSINYZBGPK-UHFFFAOYSA-N","FC1=CC=C(OC2=CC=NC3=CC(Cl)=CC(Cl)=C23)C=C1",FALSE,TRUE,"Diarylethers","Organooxygen compounds","Ethers"
"Quisqualic acid","3280_pos","Quisqualic acid",0.6,23.2,"L-alpha-amino acids","no MS2: Quisqualic acid; LC-ESI-QTOF; MS2; CE","C5H7N3O5","QUISQUALIC ACID;urea aspartate","","HMDB0257060;HMDB0259714","NA;NA","NA;129681234","NA;NA","ASNFTDCKZKHJSW-REOHCLBHSA-N","N[C@@H](CN1OC(=O)N=C1O)C(O)=O",FALSE,TRUE,NA,NA,NA
"R-limonene","2890_neg","R-limonene",0.71,636.15,NA,"Unknown","null","r-limonene","","HMDB0257077","NA","91691547","NA","null","null",TRUE,TRUE,NA,NA,NA
"Racemetirosine","3566_pos","Racemetirosine",0.4,17.64,"Beta amino acids and derivatives","no MS2: L-beta-Homotyrosine; LC-ESI-QTOF; MS2; CE","C10H13NO3","Racemetirosine;alpha-Methyl-m-tyrosine;3-Amino-2-hydroxy-4-phenylbutanoic acid;5-[(2R)-2-Aminopropyl]-2-hydroxybenzoic acid;2-[(2R)-2-Aminopropyl]-5-hydroxybenzoic acid","C11820","HMDB0247174;HMDB0248232;HMDB0256443;HMDB0257825;HMDB0257865","NA;NA;NA;NA;NA","3125;2110;NA;19425051;NA","NA;NA;NA;NA;NA","VUNPIAMEJXBAFP-MRVPVSSYSA-N","N[C@@H](CC(O)=O)CC1=CC=C(O)C=C1",TRUE,TRUE,"Phenylpropanoic acids","Phenylpropanoic acids",NA
"Racemic mixture","7666_pos","Racemic mixture",0.04,4.67,NA,"Unknown","null","racemic mixture;1-[(3R,4R,5R)-3-Fluoro-3,4-dihydroxy-5-(1-hydroxyethyl)oxolan-2-yl]pyrimidine-2,4-dione","","HMDB0257088;HMDB0257564","NA;NA","365464;NA","NA;NA","null","null",FALSE,TRUE,NA,NA,NA
"Rebamipide","11667_neg","Rebamipide",0.02,6.63,NA,"Unknown","null","rebamipide","","HMDB0257127","NA","NA","NA","null","null",FALSE,TRUE,NA,NA,NA
"Renzapride","10009_pos","Renzapride",0.24,5.66,NA,"Unknown","null","Renzapride","","HMDB0257151","NA","NA","NA","null","null",FALSE,TRUE,"Aminobenzamides","Benzene and substituted derivatives","Benzoic acids and derivatives"
"Reparixin","7903_pos","Reparixin",0.42,24.62,NA,"N6-Methyladenosine","null","reparixin;3-[4-(2-Methylpropyl)phenyl]-2-oxobutane-1-sulfonamide","","HMDB0257152;HMDB0257665","NA;NA","6433115;17903818","NA;NA","null","null",FALSE,TRUE,NA,NA,NA
"Resveratrol","5165_pos","Resveratrol",0.04,11.83,"Benzophenones","no MS2: Benzophenone-3; LC-ESI-ITFT; MS2; CE","C14H12O3","Resveratrol;Oxybenzone;(Z)-Resveratrol;1,3-Benzenediol, 5-[(1Z)-2-(4-hydroxyphenyl)ethenyl]-;Benzilic acid;Benzyl 4-hydroxybenzoate;trihydroxystilbene","C03582;C14285;C14393","HMDB0003747;HMDB0015497;HMDB0034118;HMDB0246741;HMDB0248991;HMDB0249063;HMDB0259222","45713;34283;36002;27881;39414;NA;NA","445154;4632;1548910;5056;NA;7180;54057918","NA;NA;NA;NA;NA;NA;NA","DXGLGDHPHMLXJC-UHFFFAOYSA-N","COC1=CC(O)=C(C=C1)C(=O)C1=CC=CC=C1",FALSE,TRUE,"Stilbenes","Stilbenes",NA
"Rhodamine 6g","15473_pos","Rhodamine 6g",0.07,440126,NA,"Unknown","null","RHODAMINE 6G","","HMDB0257199","NA","NA","NA","null","null",FALSE,TRUE,NA,NA,NA
"Ribitol","1660_neg","Ribitol",0.87,248.56,NA,"L-ARABITOL","null","Ribitol;D-Arabitol;L-Arabitol;D-Xylitol;6-Hydrazinylnicotinamide;Hydrazino nicotinamide;Hydrazinonicotinamide;4-Hydrazinylpyridine-3-carboxamide","C00474;C01904;C00532;C00379","HMDB0000508;HMDB0000568;HMDB0001851;HMDB0002917;HMDB0247211;HMDB0253239;HMDB0253240;HMDB0258083","15963;18333;18403;17151;NA;NA;NA;NA","NA;94154;439255;6912;11636833;66878294;13667281;20077770","35086;NA;35268;NA;NA;NA;NA;NA","null","null",FALSE,TRUE,"Sugar alcohols","Organooxygen compounds","Carbohydrates and carbohydrate conjugates"
"Riboflavin","12588_pos","Riboflavin",0.47,43072.36,NA,"Riboflavin","null","Riboflavin;8-Epiloganic acid;7,8-Dimethyl-10-[(2R,3R,4S)-2,3,4,5-tetrahydroxypentyl]benzo[g]pteridine-2,4-dione","C00255","HMDB0000244;HMDB0247433;HMDB0247501","17015;NA;NA","493570;4430509;1072","NA;NA;NA","null","null",TRUE,TRUE,"Flavins","Pteridines and derivatives","Alloxazines and isoalloxazines"
"Ribostamycin","15542_neg","Ribostamycin",0.22,1198683,NA,"Unknown","null","ribostamycin","","HMDB0257216","NA","5066","NA","null","null",FALSE,TRUE,NA,NA,NA
"Ribothymidine","6719_pos","Ribothymidine",0.87,990.4,NA,"Unknown","null","Ribothymidine;3-Methyluridine;""2'-O-Methyluridine"";""5-Hydroxymethyl-2'-deoxyuridine"";arabinofuranosylthymine","","HMDB0000884;HMDB0004813;HMDB0240328;HMDB0246808;HMDB0248554","45996;89487;19227;NA;NA","445408;316991;102212;5201346;249989","NA;NA;NA;NA;NA","null","null",TRUE,TRUE,"Pyrimidine nucleosides","Pyrimidine nucleosides",NA
"Ritanserin","16462_neg","Ritanserin",0.07,560168,NA,"Unknown","null","ritanserin","","HMDB0257243","64195","NA","NA","null","null",FALSE,TRUE,NA,NA,NA
"Ritipenem acetoxymethyl ester","11870_pos","Ritipenem acetoxymethyl ester",0.24,9.09,NA,"Unknown","null","Ritipenem acetoxymethyl ester","","HMDB0259573","NA","15590557","NA","null","null",FALSE,TRUE,"Oligopeptides","Carboxylic acids and derivatives","Amino acids, peptides, and analogues"
"Rosavin","14427_neg","Rosavin",0.11,7.06,NA,"Unknown","null","rosavin","","HMDB0257308","NA","53395247","NA","null","null",FALSE,TRUE,NA,NA,NA
"Rosmarinic acid","11201_neg","Rosmarinic acid",0.16,3.86,"Coumaric acids and derivatives","no MS2: Rosmarinic acid; LC-ESI-QTOF; MS2; CE","C18H16O8",NA,NA,NA,NA,NA,NA,"DOUMFZQKYFQNTF-WUTVXBCWSA-N","OC(=O)[C@@H](CC1=CC(O)=C(O)C=C1)OC(=O)\C=C\C1=CC(O)=C(O)C=C1",FALSE,TRUE,"Coumaric acids and derivatives","Cinnamic acids and derivatives","Hydroxycinnamic acids and derivatives"
"Roxadustat","11475_pos","Roxadustat",0.22,8.25,NA,"Unknown","null","Roxadustat","","HMDB0252245","132774","NA","NA","null","null",FALSE,TRUE,"N-acyl-alpha amino acids","Carboxylic acids and derivatives","Amino acids, peptides, and analogues"
"Roxifiban","15709_pos","Roxifiban",0.07,15.87,NA,"Unknown","null","Roxifiban","","HMDB0257318","NA","21896638","NA","null","null",FALSE,TRUE,"Alpha amino acid esters","Carboxylic acids and derivatives","Amino acids, peptides, and analogues"
"Russian vx","7102_pos","Russian vx",0.38,42.61,"Coumaric acids and derivatives","no MS2: Caffeoylcholine; LC-ESI-QTOF; MS2; CE","C14H20NO4","Russian VX;Tx 60","","HMDB0257366;HMDB0259331","140422;136185","NA;NA","NA;NA","HLGBXKIGYXVIFU-UHFFFAOYSA-O","C[N+](C)(C)CCOC(=O)C=CC1=CC(O)=C(O)C=C1",FALSE,TRUE,NA,NA,NA
"S-(2-carboxyethyl)-l-cysteine","3284_neg","S-(2-carboxyethyl)-l-cysteine",0.49,81.23,NA,"Unknown","null","S-(2-Carboxyethyl)-L-cysteine","","HMDB0246645","NA","19945","NA","null","null",TRUE,TRUE,NA,NA,NA
"S-(2-carboxypropyl)-cysteamine","2230_pos","S-(2-carboxypropyl)-cysteamine",0.8,775.33,"Beta amino acids and derivatives","no MS2: R-3-Amino-5-(methylthio)pentanoic acid; LC-ESI-QTOF; MS2; CE","C6H13NO2S","S-(2-carboxypropyl)-Cysteamine;(R)-Propyl 2-amino-3-mercaptopropanoate;Cysteine isopropyl ester;DL-Ethionine;Methionine methyl ester;N-Methyl-L-methionine;S-Methyl-L-methioninate;N,N-Diethyl-1-methylsulfinylformamide","","HMDB0002169;HMDB0243697;HMDB0250703;HMDB0251518;HMDB0254602;HMDB0255177;HMDB0257404;HMDB0257406","NA;NA;NA;68662;NA;NA;NA;NA","133402;359910;10419513;6205;351663;4478780;NA;3035711","NA;NA;NA;NA;NA;NA;NA;NA","QWVNCDVONVDGDV-YFKPBYRVSA-N","CSCC[C@H](N)CC(O)=O",FALSE,TRUE,NA,NA,NA
"S-(3-oxo-3-carboxy-n-propyl)cysteine","4641_neg","S-(3-oxo-3-carboxy-n-propyl)cysteine",0.13,35.44,"Pyridazinones","no MS2: Chloridazon; LC-ESI-ITFT; MS2; CE","C10H8ClN3O","S-(3-Oxo-3-carboxy-n-propyl)cysteine;S-(2-Oxo-2-carboxyethyl)homocysteine","","HMDB0002135;HMDB0240387","NA;NA","54097042;54363604","NA;NA","WYKYKTKDBLFHCY-UHFFFAOYSA-N","NC1=C(Cl)C(=O)N(N=C1)C1=CC=CC=C1",FALSE,TRUE,NA,NA,NA
"S-(6-purinyl)cysteine","5535_neg","S-(6-purinyl)cysteine",0.4,60.53,NA,"Unknown","null","S-(6-Purinyl)cysteine","","HMDB0244484","NA","9794738","NA","null","null",FALSE,TRUE,NA,NA,NA
"S-3-oxodecanoyl cysteamine","6065_pos","S-3-oxodecanoyl cysteamine",0.58,54.99,NA,"Unknown","null","S-3-oxodecanoyl cysteamine","","HMDB0059773","89859","124202115","NA","null","null",TRUE,TRUE,"Fatty acyl thioesters","Fatty acyls","Fatty acyl thioesters"
"S-adenosylhomocysteine","12384_neg","S-adenosylhomocysteine",0.02,3,"5'-deoxy-5'-thionucleosides","no MS2: S-Adenosyl-L-homocysteine; LC-ESI-ITFT; MS2; m/z","C14H20N6O5S","S-Adenosylhomocysteine;(2S)-2-[[(2R,3S,4R,5R)-5-(6-Aminopurin-9-yl)-3,4-dihydroxyoxolan-2-yl]methylamino]-4-sulfanylbutanoic acid","C00021","HMDB0000939;HMDB0258158","16680;NA","439155;NA","33543;NA","ZJUKTBDSGOFHSH-WFMPWKQPSA-N","N[C@@H](CCSC[C@H]1O[C@H]([C@H](O)[C@@H]1O)N1C=NC2=C(N)N=CN=C12)C(O)=O",FALSE,TRUE,NA,NA,NA
"S-allyl cysteine sulfoxide","4069_neg","S-allyl cysteine sulfoxide",0.13,80.46,NA,"Unknown","null","s-Allyl cysteine sulfoxide","","HMDB0257393","NA","129668924","NA","null","null",FALSE,TRUE,NA,NA,NA
"S-carboxymethyl-l-cysteine","2672_neg","S-carboxymethyl-l-cysteine",0.31,39.35,NA,"Unknown","null","S-Carboxymethyl-L-cysteine;2-[(3-Chlorophenyl)diazenyl]acetonitrile","","HMDB0029415;HMDB0255365","971853;NA","1080;57163409","NA;NA","null","null",FALSE,TRUE,NA,NA,NA
"S-ethyl dipropylthiocarbamate","3121_neg","S-ethyl dipropylthiocarbamate",0.33,93331.09,NA,"Unknown","null","S-Ethyl dipropylthiocarbamate","C11081","HMDB0251894","NA","12968","NA","null","null",FALSE,TRUE,NA,NA,NA
"S-methyl 3-methylthiobutyrate","1000_neg","S-methyl 3-methylthiobutyrate",0.09,17.43,NA,"Unknown","null","S-Methyl 3-methylthiobutyrate","","HMDB0039843","NA","90246","NA","null","null",FALSE,TRUE,NA,NA,NA
"S-nitrosomercaptoethanol","368_pos","S-nitrosomercaptoethanol",0.87,87.95,NA,"Unknown","null","S-Nitrosomercaptoethanol","","HMDB0257419","NA","NA","NA","null","null",TRUE,TRUE,NA,NA,NA
"S-oxide","1800_pos","S-oxide",0.13,14.66,NA,"Unknown","null","S-Oxide;Thiobenzamide S-oxide","C16283","HMDB0257421;HMDB0259003","NA;NA","11949597;NA","NA;NA","null","null",FALSE,TRUE,NA,NA,NA
"S-petasin","10064_neg","S-petasin",0.4,145.21,NA,"Unknown","null","S-Petasin","","HMDB0257423","NA","92008635","NA","null","null",TRUE,TRUE,NA,NA,NA
"S-phenyl thioacetate","1776_pos","S-phenyl thioacetate",0.42,346.08,NA,"Unknown","null","S-Phenyl thioacetate","","HMDB0257424","NA","NA","NA","null","null",FALSE,TRUE,NA,NA,NA
"Sabeluzole","14349_pos","Sabeluzole",0.02,15.04,NA,"Unknown","null","Sabeluzole","","HMDB0257434","NA","59823","NA","null","null",FALSE,TRUE,"Benzothiazoles","Benzothiazoles",NA
"Saccharin","2827_neg","Saccharin",0.49,193.44,"Benzothiazoles","no MS2: Saccharin; LC-ESI-ITFT; MS2; CE","C7H5NO3S","Saccharin","C12283","HMDB0029723","32111","5143","NA","CVHZOJJKTDOEJC-UHFFFAOYSA-N","OC1=NS(=O)(=O)C2=CC=CC=C12",FALSE,TRUE,"Benzothiazoles","Benzothiazoles",NA
"Saccharopine","7676_pos","Saccharopine",0.24,13.51,"Glutamic acid and derivatives","no MS2: L-Saccharopine; LC-ESI-QTOF; MS2; CE","C11H20N2O6","Saccharopine;isoleucine glutamate","C00449","HMDB0000279;HMDB0253650","16927;NA","160556;NA","1484994;NA","ZDGJAHTZVHVLOT-YUMQZZPRSA-N","N[C@@H](CCCCN[C@@H](CCC(O)=O)C(O)=O)C(O)=O",FALSE,TRUE,"Glutamic acid and derivatives","Carboxylic acids and derivatives","Amino acids, peptides, and analogues"
"Salicylamide glucuronide","9079_neg","Salicylamide glucuronide",0.42,97.64,NA,"Unknown","null","Salicylamide glucuronide","","HMDB0257458","NA","NA","NA","null","null",FALSE,TRUE,"Phenolic glycosides","Organooxygen compounds","Carbohydrates and carbohydrate conjugates"
"Salicyluric acid","3553_pos","Salicyluric acid",0.69,70.03,NA,"Unknown","null","Salicyluric acid;Dopaquinone;Leucodopachrome;3-Hydroxyhippuric acid;4-Hydroxyhippuric acid;2-Hydroxy-7-methoxy-2H-1,4-benzoxazin-3(4H)-one;N-acetyl-5-aminosalicylic acid;4-Acetamidosalicylic acid;1,2-Epoxy-3-(p-nitrophenoxy)propane;Benzoic acid, 2-(acetyloxy)-5-amino-;Acetyl 4-aminosalicylic acid","C07588;C00822;C05604;C04274","HMDB0000840;HMDB0001229;HMDB0004067;HMDB0006116;HMDB0013678;HMDB0038055;HMDB0060602;HMDB0246329;HMDB0246908;HMDB0247698;HMDB0247923","9008;16852;60872;70824;71018;NA;NA;63816;508;NA;NA","10253;439316;161255;450268;151012;152213;65512;65509;21327;13140652;147034","NA;36114;46110;NA;NA;NA;NA;NA;NA;NA;NA","null","null",TRUE,TRUE,"Hippuric acids","Benzene and substituted derivatives","Benzoic acids and derivatives"
"Salidroside","8466_neg","Salidroside",0.42,6,NA,"Unknown","null","Salidroside","","HMDB0257463","NA","4961358","NA","null","null",TRUE,TRUE,"O-glycosyl compounds","Organooxygen compounds","Carbohydrates and carbohydrate conjugates"
"Sampatrilat","20014_neg","Sampatrilat",0.07,2097307,NA,"Unknown","null","Sampatrilat","","HMDB0257476","NA","20725583","NA","null","null",FALSE,TRUE,"Hybrid peptides","Peptidomimetics","Hybrid peptides"
"Saroglitazar","14923_neg","Saroglitazar",0.33,100567.1,NA,"Unknown","null","Saroglitazar","","HMDB0257500","NA","68279908","NA","null","null",TRUE,TRUE,"Phenylpyrroles","Pyrroles","Substituted pyrroles"
"Sebacic acid","3724_neg","Sebacic acid",0.78,1239.03,"Medium-chain fatty acids","no MS2: Sebacic acid; LC-ESI-QTOF; MS2; CE","C10H18O4","Sebacic acid;3-Methylazelaic acid;(R)-6-(3-Methylpiperazin-1-yl)nicotinonitrile;1,4-Butanediol diglycidyl ether","C08277","HMDB0000792;HMDB0059754;HMDB0243665;HMDB0244203","41865;89889;NA;NA","5192;22450170;62479801;17046","NA;NA;NA;NA","CXMXRPHRNRROMY-UHFFFAOYSA-N","OC(=O)CCCCCCCCC(O)=O",FALSE,TRUE,"Medium-chain fatty acids","Fatty acyls","Fatty acids and conjugates"
"Sebacoyl-l-carnitine","11132_pos","Sebacoyl-l-carnitine",0.44,23483.62,NA,"Unknown","null","Sebacoyl-L-carnitine;2-[4-[4-(4-Carbamimidoylphenyl)piperazin-1-yl]piperidin-1-yl]acetic acid","","HMDB0240726;HMDB0252929","73057;92207","71464537;173614","NA;NA","null","null",FALSE,TRUE,NA,NA,NA
"Secnidazole","3033_pos","Secnidazole",0.51,23.58,NA,"Phosphorylcholine","null","Secnidazole","","HMDB0258202","140628","NA","NA","null","null",TRUE,TRUE,"Nitroimidazoles","Azoles","Imidazoles"
"Secoisolariciresinol","11972_pos","Secoisolariciresinol",0.11,5.09,NA,"Unknown","null","Secoisolariciresinol;""5-(3'-Hydroxyphenyl)-gamma-valerolactone-3'-O-glucuronide"";(1R,9S,14S,15R,19S)-13,14,19-Trihydroxy-16,16-dimethyl-6-methylidene-10,12-dioxahexacyclo[9.8.0.01,15.02,8.05,9.08,13]nonadecan-7-one;Flaxseeds extract;Nodosin","C18167","HMDB0013692;HMDB0059991;HMDB0242347;HMDB0252297;HMDB0255691","65004;88746;NA;NA;NA","65373;124202062;14564539;586372;430943","NA;NA;NA;NA;NA","null","null",FALSE,TRUE,"Dibenzylbutanediol lignans","Dibenzylbutane lignans","Dibenzylbutanediol lignans"
"Sedoheptulose 7-phosphate(2-)","8239_pos","Sedoheptulose 7-phosphate(2-)",0.2,20.54,NA,"Sedoheptulose 7-Phosphate(2-)","null",NA,NA,NA,NA,NA,NA,"null","null",FALSE,TRUE,NA,NA,NA
"Semidehydroascorbic acid","2504_neg","Semidehydroascorbic acid",0.29,38.67,NA,"Unknown","null","Semidehydroascorbic acid","","HMDB0258226","NA","5476732","NA","null","null",TRUE,TRUE,"Butenolides","Dihydrofurans","Furanones"
"Senecioic acid","193_neg","Senecioic acid",0.62,43.98,NA,"Senecioic Acid","null","Senecioic acid;2,3-Pentanedione;4-Pentenoic acid;2,4-Pentanedione;Dihydro-5-methyl-2(3H)-furanone;3-Methylbut-3-enoic acid;delta-Valerolactone;Pent-2-enoic acid","C15499;C02240","HMDB0000509;HMDB0031598;HMDB0031602;HMDB0031648;HMDB0033840;HMDB0170858;HMDB0250981;HMDB0256282","37127;52774;35936;14750;48569;NA;16545;35939","10931;11747;61138;31261;7921;NA;10953;12299","NA;NA;NA;NA;NA;NA;NA;NA","null","null",FALSE,TRUE,"Methyl-branched fatty acids","Fatty acyls","Fatty acids and conjugates"
"Senegenin","18575_neg","Senegenin",0.13,18415.79,NA,"Unknown","null","Senegenin","","HMDB0258232","NA","200662","NA","null","null",FALSE,TRUE,"12-hydroxysteroids","Steroids and steroid derivatives","Hydroxysteroids"
"Sepiapterin","5453_neg","Sepiapterin",0.42,47.67,NA,"Unknown","null","Sepiapterin;Biopterin;8-[(Aminomethyl)sulfanyl]-6-sulfanyloctanoic acid;d-Threo biopterin;2-Amino-6-(2-hydroxypropanoyl)-2,3-dihydro-1H-pteridin-4-one","C00835;C06313;C06313","HMDB0000238;HMDB0000468;HMDB0013639;HMDB0251210;HMDB0257758","804632;63931;169109;15373;NA","65253;445040;53481912;NA;53882095","NA;NA;NA;NA;NA","null","null",TRUE,TRUE,"Pterins and derivatives","Pteridines and derivatives","Pterins and derivatives"
"Serine glutamate","6315_pos","Serine glutamate",0.04,3.68,NA,"Unknown","null","serine glutamate","","HMDB0258248","NA","NA","NA","null","null",TRUE,TRUE,NA,NA,NA
"Serotonin","2681_pos","Serotonin",0.29,10.21,NA,"INDOLE-3-ACETAMIDE","null","Serotonin;Cotinine;3h-Serotonin;4-Methylaminorex;N-hydroxyl-tryptamine","C00780;C17203","HMDB0000259;HMDB0001046;HMDB0246274;HMDB0246502;HMDB0255154","28790;127762;NA;NA;80959","5202;408;46228506;NA;13571630","NA;NA;NA;NA;NA","null","null",TRUE,TRUE,"Serotonins","Indoles and derivatives","Tryptamines and derivatives"
"Serotonin sulfate","7197_neg","Serotonin sulfate",0.07,3.45,NA,"Unknown","null","Serotonin sulfate","","HMDB0240717","NA","17948","NA","null","null",FALSE,TRUE,"Serotonins","Indoles and derivatives","Tryptamines and derivatives"
"Serylvaline","3982_pos","Serylvaline",0.42,4.95,NA,"Unknown","null","Serylvaline;Valylserine;N6-Carboxymethyllysine;N-(3-Amino-2-hydroxy-3-oxopropyl)-L-valine;Carboxy methyl lysine;epsilon-(Carboxymethyl)lysine;n-carboxymethyllysine;2-[(2S)-2,6-Diaminohexanoyl]oxyacetic acid;[(2S)-6-Amino-1-methoxy-1-oxohexan-2-yl]carbamic acid;Triethylenemelamine","C07642","HMDB0029052;HMDB0029136;HMDB0240347;HMDB0245695;HMDB0249649;HMDB0251887;HMDB0255097;HMDB0257672;HMDB0258077;HMDB0259195","74823;75021;53014;NA;NA;NA;NA;NA;NA;27919","7020158;6992639;123800;78062398;87428567;18471207;11680034;76082958;NA;NA","NA;NA;NA;NA;NA;NA;NA;NA;NA;NA","null","null",FALSE,TRUE,"Dipeptides","Carboxylic acids and derivatives","Amino acids, peptides, and analogues"
"Shanzhiside","12778_neg","Shanzhiside",0.13,5.2,NA,"Unknown","null","Shanzhiside","","HMDB0258270","NA","14378605","NA","null","null",FALSE,TRUE,"Iridoid O-glycosides","Prenol lipids","Terpene glycosides"
"Shikimic acid","2471_neg","Shikimic acid",0.24,9.7,NA,"SHIKIMATE","null","Shikimic acid","C00493","HMDB0003070","16119","8742","NA","null","null",FALSE,TRUE,"Shikimic acids and derivatves","Organooxygen compounds","Alcohols and polyols"
"Sialosyl-tn saccharide","17762_neg","Sialosyl-tn saccharide",0.13,146468.2,NA,"Unknown","null","sialosyl-Tn saccharide","","HMDB0258278","NA","5065953","NA","null","null",FALSE,TRUE,NA,NA,NA
"Simazine-2-hydroxy","3045_pos","Simazine-2-hydroxy",0.53,53.1,"N-aliphatic s-triazines","no MS2: Simazine-2-hydroxy; LC-ESI-ITFT; MS2; CE","C7H13N5O",NA,NA,NA,NA,NA,NA,"YQIXRXMOJFQVBV-UHFFFAOYSA-N","CCN=C1NC(O)=NC(N1)=NCC",FALSE,TRUE,NA,NA,NA
"Sinapic acid","4802_neg","Sinapic acid",0.31,46.09,"Vinylogous acids","no MS2: Trinexapac; LC-ESI-ITFT; MS2; CE","C11H12O5","Sinapic acid;cis-Sinapic acid;""5-(3',4',5'-Trihydroxyphenyl)-gamma-valerolactone"";2-Oxo-2-(3,4,5-trimethoxyphenyl)acetaldehyde","C00482","HMDB0032616;HMDB0034069;HMDB0041691;HMDB0245283","15714;76350;134255;NA","637775;1549091;44389277;285542","NA;NA;NA;NA","DFFWZNDCNBOKDI-KTKRTIGZSA-N","OC(=O)C1CC(=O)C(=C(O)C2CC2)C(=O)C1",FALSE,TRUE,"Hydroxycinnamic acids","Cinnamic acids and derivatives","Hydroxycinnamic acids and derivatives"
"Sirtinol","12875_neg","Sirtinol",0.07,12.13,NA,"Unknown","null","Sirtinol","","HMDB0258312","73158","2827646","NA","null","null",FALSE,TRUE,"N-benzylbenzamides","Benzene and substituted derivatives","Benzoic acids and derivatives"
"Sm(d18:1/16:0)","22646_pos","Sm(d18:1/16:0)",0.8,822408.1,NA,"Unknown","null","SM(d18:1/16:0);SM(d18:0/16:1(9Z))","C00550","HMDB0010169;HMDB0013464","78646;90008","9939941;53481781","NA;NA","null","null",TRUE,TRUE,NA,NA,NA
"Solgol","9347_pos","Solgol",0.69,45.76,NA,"Unknown","null","Solgol","","HMDB0248375","NA","4411","NA","null","null",TRUE,TRUE,"Tetralins","Tetralins",NA
"Sotalol","7434_pos","Sotalol",0.4,61.98,"Sulfanilides","no MS2: Sotalol; LC-ESI-ITFT; MS2; CE","C12H20N2O3S",NA,NA,NA,NA,NA,NA,"ZBMZVLHSJCTVON-UHFFFAOYNA-N","CC(C)NCC(O)C1=CC=C(NS(C)(=O)=O)C=C1",FALSE,TRUE,NA,NA,NA
"Sparsomycin","11250_neg","Sparsomycin",0.47,42989.36,NA,"Unknown","null","SPARSOMYCIN","","HMDB0258407","NA","14967","NA","null","null",TRUE,TRUE,NA,NA,NA
"Stachyflin","13000_pos","Stachyflin",0.07,246665.3,NA,"Unknown","null","Stachyflin","","HMDB0258481","NA","78193654","NA","null","null",FALSE,TRUE,"Xanthenes","Benzopyrans","1-benzopyrans"
"Streptidine","6947_pos","Streptidine",0.8,130619.4,NA,"Unknown","null","Streptidine","","HMDB0258506","NA","201527","NA","null","null",TRUE,TRUE,"Cyclohexanols","Organooxygen compounds","Alcohols and polyols"
"Styrylacetic acid","2198_pos","Styrylacetic acid",0.04,6.34,NA,"Unknown","null","Styrylacetic acid;ISOSAFROLE","","HMDB0246571;HMDB0253689","NA;NA","92923;8439","NA;NA","null","null",FALSE,TRUE,"Styrenes","Benzene and substituted derivatives","Styrenes"
"Suberic acid","2483_neg","Suberic acid",0.53,40.52,NA,"Suberic Acid","null","Suberic acid;2,4-Dimethyladipic acid;3-Methylpimelic acid;Dimethyl (S)-(+)-2-Methylglutarate;Ethylene glycol diglycidyl ether;Glyceryl methylmethacrylate","C08278","HMDB0000893;HMDB0059727;HMDB0059757;HMDB0244293;HMDB0252071;HMDB0252854","9300;89933;NA;NA;NA;NA","10457;549851;21510350;118086;16683;53732552","NA;NA;NA;NA;NA;NA","null","null",FALSE,TRUE,"Medium-chain fatty acids","Fatty acyls","Fatty acids and conjugates"
"Suberoyl-l-carnitine","9731_pos","Suberoyl-l-carnitine",0.62,17424.5,NA,"Unknown","null","Suberoyl-L-carnitine","","HMDB0240724","73052","71464531","NA","null","null",FALSE,TRUE,NA,NA,NA
"Suberylglycine","5183_neg","Suberylglycine",0.42,222.27,NA,"Unknown","null","Suberylglycine","","HMDB0000953","NA","6453952","NA","null","null",TRUE,TRUE,"N-acyl-alpha amino acids","Carboxylic acids and derivatives","Amino acids, peptides, and analogues"
"Succinimide","168_neg","Succinimide",0.42,45.94,NA,"MALEIMIDE","null","Succinimide;1H-Pyrrole-2,5-diol;3-Cyanopropanoic acid","C07273","HMDB0240653;HMDB0244903;HMDB0245845","9307;NA;NA","NA;53710320;263086","NA;NA;NA","null","null",FALSE,TRUE,"Pyrrolidine-2-ones","Pyrrolidines","Pyrrolidones"
"Succinimidyl acetate","1804_neg","Succinimidyl acetate",0.71,523.97,NA,"Unknown","null","Succinimidyl acetate;(2S)-1,2-Dimethyl-3,4-dioxoazetidine-2-carboxylic acid","","HMDB0244630;HMDB0257875","NA;NA","84460;67288555","NA;NA","null","null",TRUE,TRUE,"Pyrrolidine-2-ones","Pyrrolidines","Pyrrolidones"
"Succinyl-trialanine-4-nitroanilide","15848_pos","Succinyl-trialanine-4-nitroanilide",0.2,19.06,NA,"Unknown","null","Succinyl-trialanine-4-nitroanilide","","HMDB0258533","NA","NA","NA","null","null",FALSE,TRUE,"Oligopeptides","Carboxylic acids and derivatives","Amino acids, peptides, and analogues"
"Succinylacetone","1850_neg","Succinylacetone",0.67,47.12,NA,"Unknown","null","Succinylacetone;4,7-Dioxoheptanoic acid;5,6-Dimethyl-2,3-pyrazinedicarbonitrile","","HMDB0000635;HMDB0246616;HMDB0246643","87897;NA;NA","5312;21080046;299559","NA;NA;NA","null","null",FALSE,TRUE,"Medium-chain keto acids and derivatives","Keto acids and derivatives","Medium-chain keto acids and derivatives"
"Succinyladenosine","12899_pos","Succinyladenosine",0.84,750228.4,NA,"Unknown","null","Succinyladenosine;N6-Succinyl Adenosine","","HMDB0000912;HMDB0255303","71169;NA","20849086;14803430","NA;NA","null","null",TRUE,TRUE,"Purine nucleosides","Purine nucleosides",NA
"Succinylaminoimidazole carboxamide","4920_pos","Succinylaminoimidazole carboxamide",0.13,15.14,NA,"Unknown","null","Succinylaminoimidazole carboxamide","","HMDB0258547","NA","129651888","NA","null","null",FALSE,TRUE,"2-heteroaryl carboxamides","Carboxylic acids and derivatives","Carboxylic acid derivatives"
"Succinylaminoimidazole carboxamide riboside","12503_pos","Succinylaminoimidazole carboxamide riboside",0.47,15207.31,NA,"Unknown","null","Succinylaminoimidazole carboxamide riboside","","HMDB0240295","NA","54478644","NA","null","null",TRUE,TRUE,"1-ribosyl-imidazolecarboxamides","Imidazole ribonucleosides and ribonucleotides","1-ribosyl-imidazolecarboxamides"
"Succinylcarnitine","6885_pos","Succinylcarnitine",0.87,117.66,NA,"Unknown","null","Succinylcarnitine;O-methylmalonyl-L-carnitine;5-[1-Carboxy-2-(trimethylazaniumyl)ethoxy]-5-oxopentanoate;O-Succinylcarnitine","","HMDB0061717;HMDB0062785;HMDB0247852;HMDB0255869","NA;85473;NA;73034","131802075;91825610;3036008;71464481","NA;NA;NA;NA","null","null",TRUE,TRUE,"Acyl carnitines","Fatty acyls","Fatty acid esters"
"Sucralose","13454_pos","Sucralose",0.13,754956.6,NA,"Unknown","null","Sucralose","C12285","HMDB0031554","NA","5066234","NA","null","null",FALSE,TRUE,"C-glycosyl compounds","Organooxygen compounds","Carbohydrates and carbohydrate conjugates"
"Sucrose phosphate","14555_pos","Sucrose phosphate",0.07,17.94,NA,"Trehalose 6-Phosphate","null","Sucrose phosphate;Sucrose-6-phosphate","","HMDB0258552;HMDB0258553","NA;NA","NA;72787409","NA;NA","null","null",FALSE,TRUE,"Pentose phosphates","Organooxygen compounds","Carbohydrates and carbohydrate conjugates"
"Sudan black b","16064_pos","Sudan black b",0.04,5.31,NA,"Unknown","null","Sudan black B","","HMDB0258556","88216","NA","NA","null","null",FALSE,TRUE,NA,NA,NA
"Sufotidine","14100_neg","Sufotidine",0.11,179390.3,NA,"Unknown","null","Sufotidine","","HMDB0258563","NA","NA","NA","null","null",FALSE,TRUE,"N-benzylpiperidines","Piperidines","Benzylpiperidines"
"Sulfachlorpyridazine","7658_neg","Sulfachlorpyridazine",0.27,7.59,NA,"Unknown","null","Sulfachlorpyridazine","","HMDB0258572","59057","NA","NA","null","null",FALSE,TRUE,"Aminobenzenesulfonamides","Benzene and substituted derivatives","Benzenesulfonamides"
"Sulfanegen","5574_neg","Sulfanegen",0.2,25.62,NA,"Unknown","null","Sulfanegen","","HMDB0258580","138170","24830990","NA","null","null",FALSE,TRUE,"Dithianes","Dithianes",NA
"Sulfanilic acid","2409_neg","Sulfanilic acid",0.42,46.45,NA,"2-Aminobenzenesulfonate","null","Sulfanilic acid","C06335","HMDB0258581","27500","NA","NA","null","null",FALSE,TRUE,"Benzenesulfonic acids and derivatives","Benzene and substituted derivatives","Benzenesulfonic acids and derivatives"
"Sulfate","141_neg","Sulfate",0.96,876.09,NA,"Unknown","null","Sulfate;1,1-Dichloroethane","C00059;C18247","HMDB0001448;HMDB0244020","26836;NA","1117;6365","33697;NA","null","null",TRUE,TRUE,"Non-metal sulfates","Non-metal oxoanionic compounds","Non-metal sulfates"
"Sulfisomidine","7762_pos","Sulfisomidine",0.2,8.66,"Aminobenzenesulfonamides","no MS2: Sulfamethazine; LC-ESI-ITFT; MS2; CE","C12H14N4O2S","Sulfisomidine","","HMDB0258586","32166","NA","NA","ASWVTGNCAZCNNR-UHFFFAOYSA-N","CC1=CC(C)=NC(NS(=O)(=O)C2=CC=C(N)C=C2)=N1",FALSE,TRUE,"Aminobenzenesulfonamides","Benzene and substituted derivatives","Benzenesulfonamides"
"Sulfo-ciprofloxacin","13652_neg","Sulfo-ciprofloxacin",0.42,27.67,NA,"Unknown","null","Sulfo-ciprofloxacin","","HMDB0258588","NA","54111122","NA","null","null",FALSE,TRUE,"Quinoline carboxylic acids","Quinolines and derivatives","Quinoline carboxylic acids"
"Sulfo-phospho-vanillin","8524_pos","Sulfo-phospho-vanillin",0.4,631853.5,NA,"Unknown","null","Sulfo-phospho-vanillin","","HMDB0258589","NA","129628498","NA","null","null",FALSE,TRUE,"Benzoic acids and derivatives","Benzene and substituted derivatives","Benzoic acids and derivatives"
"Sulforaphane","2594_neg","Sulforaphane",0.04,5.15,NA,"Unknown","null","Sulforaphane","","HMDB0005792","47807","5350","NA","null","null",FALSE,TRUE,"Sulfoxides","Sulfoxides",NA
"Sulofenur","10749_neg","Sulofenur",0.33,78.85,NA,"Unknown","null","Sulofenur","","HMDB0258616","NA","NA","NA","null","null",TRUE,TRUE,"N-phenylureas","Benzene and substituted derivatives","N-phenylureas"
"Sulotroban","10095_neg","Sulotroban",0.29,10.44,NA,"Unknown","null","Sulotroban","","HMDB0258617","NA","NA","NA","null","null",FALSE,TRUE,"Phenoxyacetic acid derivatives","Benzene and substituted derivatives","Phenoxyacetic acid derivatives"
"Sumarotene","12876_pos","Sumarotene",0.58,25.84,NA,"Unknown","null","Sumarotene","","HMDB0258626","NA","71314","NA","null","null",TRUE,TRUE,"Stilbenes","Stilbenes",NA
"Suvorexant","15818_pos","Suvorexant",0.04,3.89,NA,"Unknown","null","Suvorexant","","HMDB0258640","NA","57505028","NA","null","null",FALSE,TRUE,"N,N-dialkyl-m-toluamides","Benzene and substituted derivatives","Toluenes"
"Swertiamarin","12505_pos","Swertiamarin",0.18,4.91,NA,"Unknown","null","Swertiamarin","","HMDB0258644","NA","3515878","NA","null","null",FALSE,TRUE,"O-glycosyl compounds","Organooxygen compounds","Carbohydrates and carbohydrate conjugates"
"Taisho","12628_neg","Taisho",0.16,6.18,NA,"Unknown","null","Taisho","","HMDB0258681","NA","9930259","NA","null","null",TRUE,TRUE,"Beta amino acids and derivatives","Carboxylic acids and derivatives","Amino acids, peptides, and analogues"
"Talactoferrin alfa","12204_pos","Talactoferrin alfa",0.13,9.73,NA,"Unknown","null","Talactoferrin Alfa;5-(3-(4-(2-(4-Fluorophenyl)ethoxy)phenyl)propyl)furan-2-carboxylic acid","C11796","HMDB0244925;HMDB0248362","103981;NA","5619;16760291","NA;NA","null","null",FALSE,TRUE,NA,NA,NA
"Talarozole","12636_pos","Talarozole",0.09,6.16,NA,"Unknown","null","Talarozole","","HMDB0258688","102167","NA","NA","null","null",FALSE,TRUE,"Benzothiazoles","Benzothiazoles",NA
"Taurine","767_neg","Taurine",0.89,8958.08,NA,"Taurine","null","Taurine;3h-Taurine;Sulfonamidoethanol","C00245","HMDB0000251;HMDB0246277;HMDB0258596","15891;NA;NA","1123;129664824;21520684","34373;NA;NA","null","null",TRUE,TRUE,"Organosulfonic acids","Organic sulfonic acids and derivatives","Organosulfonic acids and derivatives"
"Taurine lactate","4254_neg","Taurine lactate",0.58,506.77,NA,"Unknown","null","Taurine lactate","","HMDB0258739","NA","129661140","NA","null","null",TRUE,TRUE,"Organosulfonic acids","Organic sulfonic acids and derivatives","Organosulfonic acids and derivatives"
"Taurocyamine","2368_pos","Taurocyamine",0.87,79.14,NA,"Unknown","null","Taurocyamine","C01959","HMDB0003584","17228","68340","NA","null","null",TRUE,TRUE,"Organosulfonic acids","Organic sulfonic acids and derivatives","Organosulfonic acids and derivatives"
"Tauromustine","8138_pos","Tauromustine",0.02,8.99,"1,4-benzodiazepines","no MS2: Oxazepam; LC-ESI-ITFT; MS2; CE","C15H11ClN2O2","Tauromustine","","HMDB0258745","NA","NA","NA","ADIMAYPTOBDMTL-UHFFFAOYNA-N","OC1N=C(C2=CC=CC=C2)C2=C(C=CC(Cl)=C2)N=C1O",FALSE,TRUE,"Nitrosoureas","Organic carbonic acids and derivatives","Ureas"
"Tebupirimfos","9301_neg","Tebupirimfos",0.2,3.69,NA,"Unknown","null","Tebupirimfos","C18692","HMDB0258766","38951","NA","NA","null","null",FALSE,TRUE,"Pyrimidinyl phosphorothioates","Organic thiophosphoric acids and derivatives","Thiophosphoric acid esters"
"Tecarfarin","16216_pos","Tecarfarin",0.09,3727966,NA,"Unknown","null","Tecarfarin","","HMDB0258769","NA","NA","NA","null","null",TRUE,TRUE,"4-hydroxycoumarins","Coumarins and derivatives","Hydroxycoumarins"
"Telmisartan","18228_pos","Telmisartan",0.04,3.55,"Biphenyls and derivatives","no MS2: Telmisartan; LC-ESI-ITFT; MS2; CE","C33H30N4O2",NA,NA,NA,NA,NA,NA,"RMMXLENWKUUMAY-UHFFFAOYSA-N","CCCC1=NC2=C(C=C(C=C2C)C2=NC3=CC=CC=C3N2C)N1CC1=CC=C(C=C1)C1=CC=CC=C1C(O)=O",FALSE,TRUE,NA,NA,NA
"Temephos","16019_neg","Temephos",0.11,140418.5,NA,"Unknown","null","temephos","C18809","HMDB0258801","38954","NA","NA","null","null",FALSE,TRUE,NA,NA,NA
"Tenatoprazole","10566_neg","Tenatoprazole",0.56,14283.28,NA,"Unknown","null","Tenatoprazole","","HMDB0258812","NA","NA","NA","null","null",TRUE,TRUE,"Imidazopyridines","Imidazopyridines",NA
"Tenidap","9357_neg","Tenidap",0.36,22.68,NA,"Unknown","null","Tenidap","","HMDB0258816","NA","NA","NA","null","null",FALSE,TRUE,"Indolecarboxamides and derivatives","Indoles and derivatives","Indolecarboxylic acids and derivatives"
"Tenocyclidine","6167_pos","Tenocyclidine",0.76,123.09,NA,"Hydroxybutyrylcarnitine","null","Tenocyclidine;thienylcyclohexylpiperidine","","HMDB0258817;HMDB0258991","64610;NA","NA;20068539","NA;NA","null","null",TRUE,TRUE,"Aralkylamines","Organonitrogen compounds","Amines"
"Tert-butyl 4-(1h-pyrazolo[3,4-d]pyrimidin-4-yl)piperazine-1-carboxylate","8671_neg","Tert-butyl 4-(1h-pyrazolo[3,4-d]pyrimidin-4-yl)piperazine-1-carboxylate",0.4,35218.16,NA,"Unknown","null","Tert-butyl 4-(1H-pyrazolo[3,4-d]pyrimidin-4-yl)piperazine-1-carboxylate","","HMDB0245674","NA","NA","NA","null","null",FALSE,TRUE,NA,NA,NA
"Tert-butyl n-[(2s,3r)-3-hydroxy-4-[(4-methoxyphenyl)sulfonyl-propan-2-yloxyamino]-1-phenylbutan-2-yl]carbamate","18005_pos","Tert-butyl n-[(2s,3r)-3-hydroxy-4-[(4-methoxyphenyl)sulfonyl-propan-2-yloxyamino]-1-phenylbutan-2-yl]carbamate",0.02,1528265,NA,"Unknown","null","Tert-butyl N-[(2S,3R)-3-hydroxy-4-[(4-methoxyphenyl)sulfonyl-propan-2-yloxyamino]-1-phenylbutan-2-yl]carbamate","","HMDB0247866","NA","78381781","NA","null","null",FALSE,TRUE,NA,NA,NA
"Tert-butyl n-[2-(prop-2-enamido)ethyl]carbamate","4484_pos","Tert-butyl n-[2-(prop-2-enamido)ethyl]carbamate",0.42,506.77,NA,"Unknown","null","Tert-butyl N-[2-(prop-2-enamido)ethyl]carbamate","","HMDB0258846","NA","15479668","NA","null","null",FALSE,TRUE,NA,NA,NA
"Tesofensine","10222_pos","Tesofensine",0.13,6.11,NA,"Unknown","null","Tesofensine","","HMDB0258853","NA","11255911","NA","null","null",FALSE,TRUE,"Phenyltropanes","Tropane alkaloids","Phenyltropanes"
"Tetrahydro-2,5-furan-diacetic acid","3241_pos","Tetrahydro-2,5-furan-diacetic acid",0.76,145.41,NA,"Unknown","null","Tetrahydro-2,5-furan-diacetic acid;3-(3-Oxobutanoyloxy)butanoic acid","","HMDB0059767;HMDB0258085","89885;NA","13220191;53889896","NA;NA","null","null",FALSE,TRUE,"Dicarboxylic acids and derivatives","Carboxylic acids and derivatives","Dicarboxylic acids and derivatives"
"Tetrahydrobiopterin","5650_neg","Tetrahydrobiopterin",0.31,23.05,NA,"Unknown","null","Tetrahydrobiopterin;4(1H)-Pteridinone, 2-amino-7-(1,2-dihydroxypropyl)-5,6,7,8-tetrahydro-;(6S)-Tetrahydro-L-biopterin;(6S)-2-Amino-6-[(1S,2S)-1,2-dihydroxypropyl]-5,6,7,8-tetrahydro-3H-pteridin-4-one","C00272","HMDB0000027;HMDB0249918;HMDB0257928;HMDB0257929","59560;NA;NA;15372","44257;169715;20213807;NA","NA;NA;NA;NA","null","null",TRUE,TRUE,"Biopterins and derivatives","Pteridines and derivatives","Pterins and derivatives"
"Tetrahydrocoptisine","10004_pos","Tetrahydrocoptisine",0.11,5.34,NA,"Unknown","null","Tetrahydrocoptisine","","HMDB0258897","NA","6770","NA","null","null",FALSE,TRUE,"Protoberberine alkaloids and derivatives","Protoberberine alkaloids and derivatives",NA
"Tetrahydrocortisone","11407_neg","Tetrahydrocortisone",0.27,4490323,NA,"Unknown","null","Tetrahydrocortisone;""Reichstein's substance E"";4,5-Dihydrocortisol;Allotetrahydrocortisone;Tenacigenin B;Tetrahydroaldosterone","","HMDB0000903;HMDB0245599;HMDB0246609;HMDB0248161;HMDB0258810;HMDB0258895","NA;NA;NA;NA;NA;NA","12444617;536800;225756;618110;NA;21263334","NA;NA;NA;NA;NA;NA","null","null",FALSE,TRUE,"21-hydroxysteroids","Steroids and steroid derivatives","Hydroxysteroids"
"Tetrahydrofolic acid","15492_pos","Tetrahydrofolic acid",0.07,318931.8,NA,"Dihydrofolic Acid","null","Tetrahydrofolic acid;5,6,7,8-Tetrahydrofolic acid","C00101","HMDB0001846;HMDB0243631","20506;NA","91443;135402046","33856;NA","null","null",FALSE,TRUE,"Xanthines","Imidazopyrimidines","Purines and purine derivatives"
"Tetrahydrothiazine","284_pos","Tetrahydrothiazine",0.56,28.26,NA,"Unknown","null","tetrahydrothiazine;Thiomorpholine","","HMDB0258908;HMDB0259017","NA;36392","21696922;NA","NA;NA","null","null",TRUE,TRUE,NA,NA,NA
"Tetrahydrothiophene-3-ol 1,1-dioxide","1121_neg","Tetrahydrothiophene-3-ol 1,1-dioxide",0.29,64.9,NA,"Unknown","null","Tetrahydrothiophene-3-ol 1,1-dioxide;2-Methylprop-2-ene-1-sulfonic acid","","HMDB0244530;HMDB0245236","NA;NA","98932;73800","NA;NA","null","null",FALSE,TRUE,"Thiolanes","Thiolanes",NA
"Tetrahydrotriazine","27_pos","Tetrahydrotriazine",0.24,33.63,NA,"Unknown","null","tetrahydrotriazine","","HMDB0258910","NA","21891470","NA","null","null",FALSE,TRUE,NA,NA,NA
"Tetramine","5581_neg","Tetramine",0.27,20.29,NA,"Unknown","null","Tetramine","","HMDB0258920","NA","NA","NA","null","null",TRUE,TRUE,"Sulfuric acid diamides","Organic sulfuric acids and derivatives","Sulfuric acid diamides"
"Tetranor-pgem","9753_neg","Tetranor-pgem",0.42,31.25,NA,"Unknown","null","Tetranor-PGEM;6-[(1R,2R,3S,5S)-2-[(Z)-4-Carboxybut-2-enyl]-3,5-dihydroxycyclopentyl]-4-oxohexanoic acid;Prostaglandin M","","HMDB0253059;HMDB0256370;HMDB0256857","NA;NA;NA","21322073;85059776;NA","NA;NA;NA","null","null",FALSE,TRUE,NA,NA,NA
"Tetranorprostanedioic acid","7680_neg","Tetranorprostanedioic acid",0.4,82123.21,NA,"Unknown","null","Tetranorprostanedioic acid","","HMDB0258926","NA","NA","NA","null","null",TRUE,TRUE,"Medium-chain fatty acids","Fatty acyls","Fatty acids and conjugates"
"Tetroxoprim","10065_neg","Tetroxoprim",0.4,65.3,NA,"Unknown","null","Tetroxoprim","","HMDB0258940","NA","NA","NA","null","null",FALSE,TRUE,"Dimethoxybenzenes","Benzene and substituted derivatives","Methoxybenzenes"
"Theodrenaline","12550_pos","Theodrenaline",0.04,6.88,NA,"Unknown","null","Theodrenaline","","HMDB0258964","NA","NA","NA","null","null",FALSE,TRUE,"Xanthines","Imidazopyrimidines","Purines and purine derivatives"
"Therafectin","9134_pos","Therafectin",0.09,3.72,NA,"Unknown","null","Therafectin","","HMDB0248335","NA","2158","NA","null","null",FALSE,TRUE,"Ketals","Organooxygen compounds","Ethers"
"Thiacloprid","6405_pos","Thiacloprid",0.84,50.69,"2-halopyridines","no MS2: Thiacloprid; LC-ESI-ITFT; MS2; CE","C10H9ClN4S","Thiacloprid","","HMDB0258967","39175","115224","NA","HOKKPVIRMVDYPB-GXDHUFHOSA-N","ClC1=NC=C(CN2CCSC2=NC#N)C=C1",TRUE,TRUE,"2-halopyridines","Pyridines and derivatives","Halopyridines"
"Thiafentanil","14398_pos","Thiafentanil",0.44,156362.3,NA,"Unknown","null","Thiafentanil","","HMDB0259592","NA","13653617","NA","null","null",TRUE,TRUE,"Alpha amino acids and derivatives","Carboxylic acids and derivatives","Amino acids, peptides, and analogues"
"Thiamin monophosphate","11069_pos","Thiamin monophosphate",0.18,7.57,NA,"Thiamin monophosphate","null",NA,NA,NA,NA,NA,NA,"null","null",TRUE,TRUE,NA,NA,NA
"Thiamine","7040_pos","Thiamine",0.47,248.47,NA,"Thiamine","null",NA,NA,NA,NA,NA,NA,"null","null",FALSE,TRUE,"Thiamines","Diazines","Pyrimidines and pyrimidine derivatives"
"Thiamine monophosphate","11108_pos","Thiamine monophosphate",0.04,8.27,NA,"Unknown","null","Thiamine monophosphate","C01081","HMDB0002666","9533","1131","NA","null","null",FALSE,TRUE,"Thiamine phosphates","Diazines","Pyrimidines and pyrimidine derivatives"
"Thiazolidine","90_pos","Thiazolidine",0.27,25.62,NA,"Unknown","null","THIAZOLIDINE","","HMDB0258978","50120","NA","NA","null","null",FALSE,TRUE,NA,NA,NA
"Thiazoline","56_pos","Thiazoline",0.09,9.92,NA,"Unknown","null","thiazoline","","HMDB0258980","NA","NA","NA","null","null",FALSE,TRUE,NA,NA,NA
"Thiencynonate","12017_pos","Thiencynonate",0.4,25.54,NA,"Unknown","null","Thiencynonate","","HMDB0258983","NA","102396967","NA","null","null",FALSE,TRUE,"Piperidines","Piperidines",NA
"Thioapfelsaure","1055_neg","Thioapfelsaure",0.11,100.74,NA,"Unknown","null","Thioapfelsaure","","HMDB0259000","NA","12161284","NA","null","null",FALSE,TRUE,"Thia fatty acids","Fatty acyls","Fatty acids and conjugates"
"Thiochrome","6638_neg","Thiochrome",0.4,19.04,NA,"Unknown","null","Thiochrome;TRIPHENYLPHOSPHINE","","HMDB0259006;HMDB0259265","NA;NA","66706;NA","NA;NA","null","null",FALSE,TRUE,"Pyrimidines and pyrimidine derivatives","Diazines","Pyrimidines and pyrimidine derivatives"
"Thiocyclam","2746_neg","Thiocyclam",0.11,23.42,NA,"Unknown","null","Thiocyclam","C11473","HMDB0259009","4947","NA","NA","null","null",TRUE,TRUE,"Trithianes","Trithianes",NA
"Thiodi-glycolic acid","2781_neg","Thiodi-glycolic acid",0.33,10.03,NA,"Unknown","null","Thiodi-glycolic acid","","HMDB0247305","NA","450430","NA","null","null",FALSE,TRUE,"Thiodiacetic acid derivatives","Carboxylic acids and derivatives","Dicarboxylic acids and derivatives"
"Thiodiacetic acid","1572_neg","Thiodiacetic acid",0.42,178.39,NA,"Unknown","null","Thiodiacetic acid;Acetyloxysulfanyl acetate;Mercaptosuccinic acid","C14872","HMDB0042032;HMDB0247921;HMDB0254466","35012;NA;38705","31277;22116308;6268","NA;NA;NA","null","null",FALSE,TRUE,"Thiodiacetic acid derivatives","Carboxylic acids and derivatives","Dicarboxylic acids and derivatives"
"Thiol-maleimide","2669_neg","Thiol-maleimide",0.42,256.83,NA,"Unknown","null","thiol-maleimide","","HMDB0259015","NA","66618112","NA","null","null",FALSE,TRUE,NA,NA,NA
"Thiometon","6085_pos","Thiometon",0.31,418143.4,NA,"Unknown","null","THIOMETON","C18665","HMDB0259016","38962","NA","NA","null","null",FALSE,TRUE,NA,NA,NA
"Thiophene-2-carboxylic acid","856_neg","Thiophene-2-carboxylic acid",0.49,574.38,NA,"Unknown","null","THIOPHENE-2-CARBOXYLIC ACID","","HMDB0259027","71241","NA","NA","null","null",FALSE,TRUE,NA,NA,NA
"Thioproline","1126_pos","Thioproline",0.38,102.14,NA,"Unknown","null","Thioproline;Dapansutrile;Thiazolidine-4-carboxylic acid","","HMDB0062164;HMDB0250857;HMDB0258979","45171;NA;64564","93176;12714644;NA","NA;NA;NA","null","null",FALSE,TRUE,"L-alpha-amino acids","Carboxylic acids and derivatives","Amino acids, peptides, and analogues"
"Thioquinone","1240_neg","Thioquinone",0.09,12.46,NA,"Unknown","null","thioquinone","","HMDB0259030","NA","19753591","NA","null","null",FALSE,TRUE,NA,NA,NA
"Thioridazine 5-sulfoxide","13032_pos","Thioridazine 5-sulfoxide",0.38,21.89,NA,"Unknown","null","Thioridazine 5-Sulfoxide","","HMDB0243502","NA","24494","NA","null","null",FALSE,TRUE,NA,NA,NA
"Thiosulfate","436_neg","Thiosulfate",0.96,375.32,NA,"Unknown","null","Thiosulfate","C05529","HMDB0000257","5587","1085","NA","null","null",TRUE,TRUE,"Non-metal thiosulfates","Non-metal oxoanionic compounds","Non-metal thiosulfates"
"Thiosulfinate","1992_neg","Thiosulfinate",0.27,95.23,NA,"Unknown","null","thiosulfinate","","HMDB0259035","NA","NA","NA","null","null",FALSE,TRUE,NA,NA,NA
"Thiourea, (5-phenyl-1,2,4-thiadiazol-3-yl)-","5397_neg","Thiourea, (5-phenyl-1,2,4-thiadiazol-3-yl)-",0.11,14.89,NA,"Unknown","null","Thiourea, (5-phenyl-1,2,4-thiadiazol-3-yl)-","","HMDB0259036","NA","NA","NA","null","null",FALSE,TRUE,"Benzene and substituted derivatives","Benzene and substituted derivatives",NA
"Thioxanthen-9-one","4214_neg","Thioxanthen-9-one",0.22,14.01,NA,"Unknown","null","Thioxanthen-9-one","","HMDB0259037","NA","NA","NA","null","null",TRUE,TRUE,"Thiochromenes","Thiochromenes",NA
"Thioxanthene","3679_pos","Thioxanthene",0.27,46.53,NA,"Unknown","null","Thioxanthene","","HMDB0259038","51055","NA","NA","null","null",FALSE,TRUE,"Thioxanthenes","Benzothiopyrans","1-benzothiopyrans"
"Thorium","5218_neg","Thorium",0.38,20.26,NA,"Unknown","null","Thorium","C19157","HMDB0029215","33385","23960","NA","null","null",FALSE,TRUE,"Homogeneous actinide compounds","Homogeneous actinide compounds",NA
"Thymidine","5697_neg","Thymidine",0.82,426.45,NA,"THYMIDINE","null","Thymidine;L-Thymidine","C00214","HMDB0000273;HMDB0253921","17748;NA","5789;1134","50348;NA","null","null",TRUE,TRUE,"Pyrimidine 2'-deoxyribonucleosides","Pyrimidine nucleosides","Pyrimidine 2'-deoxyribonucleosides"
"Thymine","799_neg","Thymine",0.8,222.56,NA,"Thymine","null","Thymine;Imidazoleacetic acid;5-Methyl-1H-pyrazole-3-carboxylic acid;6-Methyluracil","C00178;C02835","HMDB0000262;HMDB0002024;HMDB0246825;HMDB0247093","17821;16974;74739;74733","1135;96215;9822;NA","34151;40666;NA;NA","null","null",TRUE,TRUE,"Hydroxypyrimidines","Diazines","Pyrimidines and pyrimidine derivatives"
"Thymol","1715_pos","Thymol",0.4,77.23,NA,"Unknown","null","Thymol;Perillyl aldehyde;(S)-Carvone;4-tert-Butylphenol;1-Methoxy-4-propylbenzene;(R)-Carvone;5-Isopropyl-2-methylphenol;Carvone;(R)-Menthofuran;2-Sec-Butylphenol;4-Butylphenol;VERBENONE","C09908;C02576;C11383;C14200;C01767;C09840;C09868;C14138;C14464;C09913","HMDB0001878;HMDB0003647;HMDB0004487;HMDB0032063;HMDB0032626;HMDB0035089;HMDB0035770;HMDB0035824;HMDB0036089;HMDB0245315;HMDB0246380;HMDB0259787","27607;15421;15399;34444;NA;15400;3440;38265;50542;34303;NA;78315","6989;16441;16724;7393;7702;439570;10364;7439;329983;6984;NA;NA","NA;NA;NA;NA;NA;NA;NA;NA;NA;NA;NA;NA","null","null",FALSE,TRUE,"Aromatic monoterpenoids","Prenol lipids","Monoterpenoids"
"Thymol sulfate","5130_neg","Thymol sulfate",0.36,8.29,NA,"Unknown","null","Thymol Sulfate","","HMDB0062720","82911","12456386","NA","null","null",FALSE,TRUE,NA,NA,NA
"Thymolphthalein","14997_pos","Thymolphthalein",0.04,13.7,NA,"Unknown","null","THYMOLPHTHALEIN","","HMDB0259056","NA","NA","NA","null","null",FALSE,TRUE,NA,NA,NA
"Tiaramide","10956_neg","Tiaramide",0.02,4.26,NA,"Unknown","null","TIARAMIDE","","HMDB0259071","NA","NA","NA","null","null",FALSE,TRUE,NA,NA,NA
"Tibalosin","10939_pos","Tibalosin",0.44,12913.93,NA,"Unknown","null","Tibalosin","","HMDB0259074","NA","163028","NA","null","null",FALSE,TRUE,"Phenylbutylamines","Benzene and substituted derivatives","Phenylbutylamines"
"Tibric acid","10314_pos","Tibric acid",0.31,14.56,NA,"Cyclic Amp","null","Tibric acid","","HMDB0259078","NA","3015892","NA","null","null",FALSE,TRUE,"Benzenesulfonamides","Benzene and substituted derivatives","Benzenesulfonamides"
"Tiflorex","6982_pos","Tiflorex",0.02,3.06,NA,"Unknown","null","Tiflorex","","HMDB0259085","NA","173669","NA","null","null",TRUE,TRUE,"Amphetamines and derivatives","Benzene and substituted derivatives","Phenethylamines"
"Tiglylcarnitine","5963_pos","Tiglylcarnitine",0.64,125.75,NA,"Unknown","null","Tiglylcarnitine;N-((1R,2S,4S)-Bicyclo[2.2.1]heptan-2-yl)-9-methyl-9H-purin-6-amine","","HMDB0002366;HMDB0250040","85520;NA","91825636;9837708","NA;NA","null","null",FALSE,TRUE,"Acyl carnitines","Fatty acyls","Fatty acid esters"
"Tiletamine","4817_pos","Tiletamine",0.87,550.05,NA,"N-Acetyl-D-Glucosamine","null","TILETAMINE","","HMDB0259091","NA","NA","NA","null","null",TRUE,TRUE,NA,NA,NA
"Tilisolol","9081_pos","Tilisolol",0.36,32.32,NA,"Unknown","null","Tilisolol","","HMDB0259093","NA","NA","NA","null","null",FALSE,TRUE,"Isoquinolones and derivatives","Isoquinolines and derivatives","Isoquinolones and derivatives"
"Timegadine","12099_pos","Timegadine",0.42,49.61,"Glycosylamines","no MS2: Isopentenyl-Adenine-9-glucoside; LC-ESI-ITFT; MS2; CE 14.0 eV; [M+H]+","C16H23N5O5","Timegadine","","HMDB0259098","NA","NA","NA","XEHLLUQVSRLWMH-HDNYONAXSA-N","CC(C)=CCNC1=C2N=CN([C@@H]3O[C@H](CO)[C@@H](O)[C@H](O)[C@H]3O)C2=NC=N1",TRUE,TRUE,"Quinolines and derivatives","Quinolines and derivatives",NA
"Topiramate","10273_neg","Topiramate",0.04,10.14,NA,"Unknown","null","Topiramate","C07502","HMDB0005034","63631","5284627","NA","null","null",FALSE,TRUE,"Dioxolopyrans","Dioxolopyrans",NA
"Tramiprosate","1302_pos","Tramiprosate",0.29,35.77,NA,"Unknown","null","Tramiprosate","C03349","HMDB0253211","NA","1646","NA","null","null",FALSE,TRUE,"Organosulfonic acids","Organic sulfonic acids and derivatives","Organosulfonic acids and derivatives"
"Trans-2-dodecenoylcarnitine","10948_pos","Trans-2-dodecenoylcarnitine",0.2,27.71,NA,"Unknown","null","trans-2-Dodecenoylcarnitine;Dodecenoylcarnitine","","HMDB0013326;HMDB0251567","89717;NA","53481671;129664620","NA;NA","null","null",FALSE,TRUE,NA,NA,NA
"Trans-jasmone","2282_pos","Trans-jasmone",0.38,28.59,NA,"Unknown","null","trans-Jasmone;Fenipentol;2-Isopropyl-4,5-dimethylphenol;Bicyclo[3.1.1]hept-2-ene-2-acetaldehyde, 6,6-dimethyl-;4-(2-Methylphenyl)butan-1-ol;4-Tert-Amylphenol;3-Butyl-4-methylphenol","C14226","HMDB0031454;HMDB0243992;HMDB0245183;HMDB0246132;HMDB0246286;HMDB0246582;HMDB0249476","88585;NA;NA;NA;NA;NA;NA","1549019;3338;23423067;169211;14863;NA;13783521","NA;NA;NA;NA;NA;NA;NA","null","null",FALSE,TRUE,NA,NA,NA
"Trans-trans-muconic acid","1313_neg","Trans-trans-muconic acid",0.42,46.21,NA,"Kojic Acid","null","trans-trans-Muconic acid;""Sumiki's acid"";cis,cis-Muconic acid;2,3-Methylenesuccinic acid","C20448;C02480","HMDB0002349;HMDB0002432;HMDB0006331;HMDB0059762","27036;89118;16508;NA","5356793;80642;5280518;284624","NA;NA;36677;NA","null","null",FALSE,TRUE,NA,NA,NA
"Trans-zeatin-riboside-o-glucoside","18177_pos","Trans-zeatin-riboside-o-glucoside",0.11,2391321,"Purine nucleosides","no MS2: Trans-Zeatin-riboside-O-glucoside; LC-ESI-ITFT; MS2; CE 12.0 eV; [M+H]+","C21H31N5O10",NA,NA,NA,NA,NA,NA,"MVMBTNNVZQRZQT-BPDSZQNASA-N","C\C(CO[C@@H]1O[C@H](CO)[C@@H](O)[C@H](O)[C@H]1O)=C/CNC1=C2N=CN([C@@H]3O[C@H](CO)[C@@H](O)[C@H]3O)C2=NC=N1",FALSE,TRUE,NA,NA,NA
"Transfluthrin","12281_pos","Transfluthrin",0.07,507497.2,NA,"Unknown","null","Transfluthrin","","HMDB0259110","NA","86352","NA","null","null",FALSE,TRUE,"Benzyloxycarbonyls","Benzene and substituted derivatives","Benzyloxycarbonyls"
"Triadimenol","8206_neg","Triadimenol",0.42,34.89,NA,"Unknown","null","TRIADIMENOL","C11127","HMDB0259143","9666","NA","NA","null","null",TRUE,TRUE,NA,NA,NA
"Triaminophenyl phosphate","11725_neg","Triaminophenyl phosphate",0.22,14.21,NA,"Unknown","null","Triaminophenyl phosphate","","HMDB0259149","NA","NA","NA","null","null",FALSE,TRUE,"Aryl phosphotriesters","Organic phosphoric acids and derivatives","Phosphate esters"
"Triazolo-benzophenone","13912_neg","Triazolo-benzophenone",0.09,5.95,NA,"Unknown","null","Triazolo-benzophenone","","HMDB0259156","NA","NA","NA","null","null",FALSE,TRUE,"Benzophenones","Benzene and substituted derivatives","Benzophenones"
"Triazolophthalazine","2330_neg","Triazolophthalazine",0.73,157.85,NA,"Unknown","null","triazolophthalazine","","HMDB0259158","NA","66703794","NA","null","null",TRUE,TRUE,NA,NA,NA
"Tribufos","9569_pos","Tribufos",0.11,4.15,NA,"Unknown","null","Tribufos","","HMDB0259163","38737","NA","NA","null","null",FALSE,TRUE,"Organothiophosphorus compounds","Organothiophosphorus compounds",NA
"Trichlormethine","3906_pos","Trichlormethine",0.6,23.55,NA,"Unknown","null","trichlormethine","","HMDB0259169","NA","NA","NA","null","null",FALSE,TRUE,NA,NA,NA
"Triethanolamine","1690_pos","Triethanolamine",0.38,25.35,"1,2-aminoalcohols","no MS2: Triethanolamine; LC-ESI-QTOF; MS2; CE","C6H15NO3","Triethanolamine","C06771","HMDB0032538","28621","7618","NA","GSEJCLTVZPLZKY-UHFFFAOYSA-N","OCCN(CCO)CCO",FALSE,TRUE,"1,2-aminoalcohols","Organonitrogen compounds","Amines"
"Triethylene glycol dimethacrylate","7770_neg","Triethylene glycol dimethacrylate",0.16,8.19,NA,"Unknown","null","Triethylene glycol dimethacrylate","","HMDB0244334","NA","7979","NA","null","null",TRUE,TRUE,"Dicarboxylic acids and derivatives","Carboxylic acids and derivatives","Dicarboxylic acids and derivatives"
"Triethylenetetramine","1586_pos","Triethylenetetramine",0.22,1967954,NA,"Unknown","null","TRIETHYLENETETRAMINE;Tris(2-aminoethyl)amine","C07166","HMDB0259196;HMDB0259274","39501;30631","NA;NA","NA;NA","null","null",FALSE,TRUE,NA,NA,NA
"Trifloxystrobin","14042_pos","Trifloxystrobin",0.07,10.53,"Trifluoromethylbenzenes","no MS2: Trifloxystrobin; LC-ESI-ITFT; MS2; CE","C20H19F3N2O4",NA,NA,NA,NA,NA,NA,"ONCZDRURRATYFI-TVJDWZFNSA-N","CO\N=C(\C(=O)OC)C1=CC=CC=C1CO\N=C(/C)C1=CC(=CC=C1)C(F)(F)F",FALSE,TRUE,NA,NA,NA
"Triflumizole","11110_pos","Triflumizole",0.04,7.14,NA,"Unknown","null","Triflumizole","","HMDB0259199","NA","91699","NA","null","null",FALSE,TRUE,"Trifluoromethylbenzenes","Benzene and substituted derivatives","Trifluoromethylbenzenes"
"Triflumuron","11748_pos","Triflumuron",0.16,312279.1,NA,"Unknown","null","Triflumuron","C18615","HMDB0259200","39388","NA","NA","null","null",TRUE,TRUE,"N-benzoyl-N'-phenylureas","Benzene and substituted derivatives","N-phenylureas"
"Trifluoroacetyl-l-lysyl-l-alaninanilide","12588_neg","Trifluoroacetyl-l-lysyl-l-alaninanilide",0.11,13.08,NA,"Unknown","null","trifluoroacetyl-l-lysyl-l-alaninanilide","","HMDB0259204","NA","NA","NA","null","null",FALSE,TRUE,NA,NA,NA
"Trigonelline","1179_pos","Trigonelline",0.87,197.85,NA,"Salicylamide","null","Trigonelline;2-Aminobenzoic acid;p-Aminobenzoic acid;3-Pyridylacetic acid;m-Aminobenzoic acid;2-Hydroxybenzaldehyde oxime;2-Nitrotoluene;3-Nitrotoluene;4-Methylnicotinic acid;4-Nitrotoluene;6-Methyl-2-pyridinecarboxylic acid;Homarine;N-Hydroxybenzamide;Phenyl carbamate","C01004;C00108;C00568;C19597;C19486;C14394","HMDB0000875;HMDB0001123;HMDB0001392;HMDB0001538;HMDB0001891;HMDB0245151;HMDB0245268;HMDB0245952;HMDB0246513;HMDB0246551;HMDB0247665;HMDB0253198;HMDB0255153;HMDB0256423","18123;30754;30753;86390;42682;NA;33098;39931;NA;35227;NA;NA;NA;NA","5570;227;978;108;7419;7200;NA;7422;NA;7473;70282;NA;10313;NA","NA;33883;NA;NA;NA;NA;NA;NA;NA;NA;NA;NA;NA;NA","null","null",TRUE,TRUE,"Alkaloids and derivatives",NA,NA
"Trimellitic anhydride","3230_neg","Trimellitic anhydride",0.27,73.51,NA,"Unknown","null","TRIMELLITIC ANHYDRIDE","","HMDB0259233","53050","NA","NA","null","null",TRUE,TRUE,NA,NA,NA
"Trimidox","2883_neg","Trimidox",0.13,8.36,NA,"Unknown","null","Trimidox","","HMDB0259245","NA","NA","NA","null","null",TRUE,TRUE,"Pyrogallols and derivatives","Phenols","Benzenetriols and derivatives"
"Triphenylphosphine","6932_pos","Triphenylphosphine",0.4,16.84,NA,"Unknown","null","TRIPHENYLPHOSPHINE","","HMDB0259265","NA","NA","NA","null","null",FALSE,TRUE,NA,NA,NA
"Tris(2-butoxyethyl) phosphate","13581_pos","Tris(2-butoxyethyl) phosphate",0.33,740847.1,NA,"Unknown","null","Tris(2-butoxyethyl) phosphate","C14446","HMDB0259275","35038","NA","NA","null","null",FALSE,TRUE,"Trialkyl phosphates","Organic phosphoric acids and derivatives","Phosphate esters"
"Triticonazole","9261_neg","Triticonazole",0.42,46.61,NA,"Unknown","null","Triticonazole","","HMDB0259283","NA","NA","NA","null","null",FALSE,TRUE,"Chlorobenzenes","Benzene and substituted derivatives","Halobenzenes"
"Tritiozine","8318_neg","Tritiozine",0.27,7.6,NA,"Unknown","null","Tritiozine","","HMDB0259284","NA","NA","NA","null","null",FALSE,TRUE,"Anisoles","Phenol ethers","Anisoles"
"Tryptophan 2-c-mannoside","11476_neg","Tryptophan 2-c-mannoside",0.42,29.16,NA,"Unknown","null","Tryptophan 2-C-mannoside;2-(beta-D-Mannopyranosyl)-L-tryptophan","","HMDB0240296;HMDB0258059","19232;NA","10981970;22999687","NA;NA","null","null",FALSE,TRUE,NA,NA,NA
"Tryptophol","1971_neg","Tryptophol",0.24,44.21,NA,"INDOLE-3-ETHANOL","null","Tryptophol","C00955","HMDB0003447","17890","10685","NA","null","null",FALSE,TRUE,"3-alkylindoles","Indoles and derivatives","Indoles"
"Tws119","9300_neg","Tws119",0.09,179.92,NA,"Unknown","null","TWS119","","HMDB0259330","NA","NA","NA","null","null",TRUE,TRUE,NA,NA,NA
"Tyramine","1157_neg","Tyramine",0.27,28.18,NA,"Unknown","null","Tyramine;2-Hydroxyphenethylamine;m-Tyramine;2-Anilinoethanol;2-(Dimethylamino)phenol;2-Ethyl-3-hydroxy-6-methylpyridine;2-Methoxy-5-methylaniline;4-(Dimethylamino)phenol;4-Amino-2,3-xylenol;p-Phenetidine;alpha-Hydroxy-beta-phenylethylamine;Aminophenetole;2-Ethyl-1-methylpyridin-4-one;o-Phenetidine","C00483;C02735;C19216","HMDB0000306;HMDB0001065;HMDB0004989;HMDB0245030;HMDB0245103;HMDB0245115;HMDB0245200;HMDB0246306;HMDB0246343;HMDB0246417;HMDB0248220;HMDB0248329;HMDB0250513;HMDB0255863","15760;16343;89626;NA;NA;NA;NA;NA;NA;85505;NA;NA;NA;NA","5610;1000;11492;31235;459235;114681;8445;22174;76542;NA;28618;19808190;13524147;NA","35110;NA;NA;NA;NA;NA;NA;NA;NA;NA;NA;NA;NA;NA","null","null",FALSE,TRUE,"Phenethylamines","Benzene and substituted derivatives","Phenethylamines"
"Tyramine-o-sulfate","4442_neg","Tyramine-o-sulfate",0.38,47.41,NA,"Unknown","null","Tyramine-O-sulfate","","HMDB0006409","133530","153005","2320878","null","null",FALSE,TRUE,NA,NA,NA
"Tyrosinamide","2929_pos","Tyrosinamide",0.16,32.61,NA,"Unknown","null","Tyrosinamide;(6-Amino-3,4-dihydro-2H-1,4-benzoxazin-3-yl)methanol;3-Anilinoalanine;Diisopropyl methylphosphonate;Pinacolyl methylphosphonic acid;Amino (2S)-2-amino-3-phenylpropanoate;Pyridin-3-ylmethyl N,N-dimethylcarbamate","","HMDB0013319;HMDB0243625;HMDB0245791;HMDB0251357;HMDB0256558;HMDB0260342;HMDB0260418","NA;NA;NA;77325;NA;NA;NA","595943;25054598;22062824;3073;NA;14258305;90804170","NA;NA;NA;NA;NA;NA;NA","null","null",FALSE,TRUE,"Tyrosine and derivatives","Carboxylic acids and derivatives","Amino acids, peptides, and analogues"
"Tyrosol","1279_pos","Tyrosol",0.09,10.74,NA,"Unknown","null","Tyrosol;1,3-Dimethoxybenzene;2-Methoxy-4-methylphenol;2-Phenoxyethanol","C06044","HMDB0004284;HMDB0029672;HMDB0032136;HMDB0041607","1879;NA;NA;64275","10393;9025;7144;31236","NA;NA;NA;NA","null","null",FALSE,TRUE,"Tyrosols","Phenols","Tyrosols and derivatives"
"Tyrosol 4-sulfate","4495_neg","Tyrosol 4-sulfate",0.8,792.54,NA,"Unknown","null","Tyrosol 4-sulfate","","HMDB0041785","174103","102186806","NA","null","null",TRUE,TRUE,"Phenylsulfates","Organic sulfuric acids and derivatives","Arylsulfates"
"Tyrosol glucuronide","9134_neg","Tyrosol glucuronide",0.42,60.76,NA,"Unknown","null","Tyrosol glucuronide","","HMDB0240563","NA","102186807","NA","null","null",FALSE,TRUE,"Phenolic glycosides","Organooxygen compounds","Carbohydrates and carbohydrate conjugates"
"Tyrosyl-prolyl-leucyl-glycinamide","15714_pos","Tyrosyl-prolyl-leucyl-glycinamide",0.04,13.77,NA,"Unknown","null","Tyrosyl-prolyl-leucyl-glycinamide;Tyr-pro-leu-gly-NH2","","HMDB0243591;HMDB0259345","NA;NA","78169703;3391947","NA;NA","null","null",FALSE,TRUE,"Peptides","Carboxylic acids and derivatives","Amino acids, peptides, and analogues"
"Tyrosyl-tyrosine","10485_neg","Tyrosyl-tyrosine",0.29,78235.33,NA,"Unknown","null","Tyrosyl-Tyrosine;tyrosine-tyrosinate;(2S)-2-[[(2S)-2-Aminopropanoyl]-naphthalen-2-ylamino]pentanedioic acid","","HMDB0029117;HMDB0259353;HMDB0260140","60987;NA;NA","NA;70573324;NA","NA;NA;NA","null","null",FALSE,TRUE,NA,NA,NA
"Tyrosyl-valine","7860_pos","Tyrosyl-valine",0.42,18.3,NA,"Unknown","null","Tyrosyl-Valine;Valyltyrosine;4-(1,3-Dihydroxy-4,4,5,5-tetramethyl-imidazolidin-2-yl)benzoic acid","","HMDB0029118;HMDB0029139;HMDB0244875","NA;73703;NA","14767562;7009554;19374994","NA;NA;NA","null","null",FALSE,TRUE,NA,NA,NA
"Tyrphostin b42","8541_pos","Tyrphostin b42",0.04,17.32,NA,"Unknown","null","Tyrphostin B42","","HMDB0244549","92212","2390","NA","null","null",FALSE,TRUE,NA,NA,NA
"Udp-glucose","19527_neg","Udp-glucose",0.38,1990336,NA,"UDP-glucose","null",NA,NA,NA,NA,NA,NA,"null","null",FALSE,TRUE,NA,NA,NA
"Ulimorelin","18652_neg","Ulimorelin",0.27,948043.4,NA,"Unknown","null","Ulimorelin","","HMDB0259396","NA","72995075","NA","null","null",FALSE,TRUE,"Cyclic peptides","Carboxylic acids and derivatives","Amino acids, peptides, and analogues"
"Undecanedioic acid","4420_neg","Undecanedioic acid",0.71,199.71,NA,"Unknown","null","Undecanedioic acid","","HMDB0000888","73713","15816","NA","null","null",FALSE,TRUE,"Medium-chain fatty acids","Fatty acyls","Fatty acids and conjugates"
"Undecylenic acid","2895_neg","Undecylenic acid",0.27,156.48,NA,"Unknown","null","Undecylenic acid;xi-gamma-Undecalactone;2-Ethylhexyl acrylate;Cyclopropaneoctanoic acid","C13910;C19420","HMDB0033724;HMDB0038311;HMDB0245119;HMDB0250676","35045;NA;NA;NA","5634;7714;7636;57346156","NA;NA;NA;NA","null","null",FALSE,TRUE,"Medium-chain fatty acids","Fatty acyls","Fatty acids and conjugates"
"Uracil","404_neg","Uracil",0.87,400,NA,"Uracil","null","Uracil;Pyridazine-3,6-diol","C00106;C18474","HMDB0000300;HMDB0256963","17568;NA","1174;NA","33879;NA","null","null",TRUE,TRUE,"Pyrimidones","Diazines","Pyrimidines and pyrimidine derivatives"
"Urapidil","13083_pos","Urapidil",0.33,31.47,NA,"Unknown","null","urapidil","","HMDB0259712","NA","NA","NA","null","null",FALSE,TRUE,NA,NA,NA
"Ureidopropionic acid","998_neg","Ureidopropionic acid",0.87,702.02,NA,"Glycyl-Glycine","null","Ureidopropionic acid;L-Asparagine;Glycyl-glycine;N-Carbamoylsarcosine;(Methyl-ONN-azoxy)methyl acetate;Methyl(acetoxymethyl)nitrosamine;DL-Asparagine;N-NITROSO-N-METHYLURETHANE","C02642;C00152;C02037;C01043;C16438;C19301","HMDB0000026;HMDB0000168;HMDB0011733;HMDB0012265;HMDB0243653;HMDB0246973;HMDB0251512;HMDB0255197","18261;17196;17201;15737;NA;NA;22653;NA","NA;6267;11163;439375;11606;42016;NA;12001","NA;34055;NA;NA;NA;NA;NA;NA","null","null",TRUE,TRUE,"Ureas","Organic carbonic acids and derivatives","Ureas"
"Ureidosuccinic acid","2776_pos","Ureidosuccinic acid",0.84,17.98,NA,"Unknown","null","Ureidosuccinic acid","C00438","HMDB0000828","15859","93072","34984","null","null",TRUE,TRUE,"Aspartic acid and derivatives","Carboxylic acids and derivatives","Amino acids, peptides, and analogues"
"Uric acid","2219_neg","Uric acid",0.87,3458.97,NA,"URATE","null","Uric acid","C00366","HMDB0000289","17775","1175","34768","null","null",TRUE,TRUE,"Xanthines","Imidazopyrimidines","Purines and purine derivatives"
"Uric acid bicarbonate","4998_neg","Uric acid bicarbonate",0.27,3.67,NA,"Unknown","null","uric acid bicarbonate","","HMDB0259717","NA","129670077","NA","null","null",FALSE,TRUE,NA,NA,NA
"Uric acid lactate","6337_neg","Uric acid lactate",0.22,9.25,NA,"Unknown","null","uric acid lactate","","HMDB0259719","NA","129680664","NA","null","null",FALSE,TRUE,NA,NA,NA
"Uridine","5800_neg","Uridine",0.87,2063.17,NA,"Pseudouridine","null","Uridine;Pseudouridine;1-[(2R,3S,5R)-3,4-Dihydroxy-5-(hydroxymethyl)oxolan-2-yl]pyrimidine-2,4-dione;1-[(2R,3R,4S,5R)-3,4-Dihydroxy-5-(hydroxymethyl)oxolan-2-yl]oxypyrimidin-2-one","C00299;C02067","HMDB0000296;HMDB0000767;HMDB0246131;HMDB0257989","16704;17802;143353;NA","6029;15047;1177;NA","34541;NA;NA;NA","null","null",TRUE,TRUE,"Pyrimidine nucleosides","Pyrimidine nucleosides",NA
"Urocanic acid","1191_neg","Urocanic acid",0.42,121.06,"Imidazolyl carboxylic acids and derivatives","no MS2: Urocanic acid; LC-ESI-QTOF; MS2; CE","C6H6N2O2","Urocanic acid;Nicotinamide N-oxide;Trans-urocanate;3-Aminopicolinic acid;3-Nitroaniline;4-Hydroxynicotinamide;4-Nitroaniline;5-Methylpyrazine-2-carboxylic Acid;6-Hydroxynicotinamide;N-Nitroaniline;N-Nitroso-N-phenylhydroxylamine;Nicoxamat;pyridone carboxamide;(3-Aminophenyl) nitrite","C00785;C02126","HMDB0000301;HMDB0002730;HMDB0062562;HMDB0245821;HMDB0245944;HMDB0246459;HMDB0246529;HMDB0246827;HMDB0247081;HMDB0255196;HMDB0255198;HMDB0255593;HMDB0256972;HMDB0257879","30817;NA;27248;NA;NA;NA;17064;NA;NA;NA;NA;NA;NA;NA","736715;72661;1178;73836;7423;12043122;7475;122831;72925;61191;135408745;NA;53943027;87503511","35990;NA;NA;NA;NA;NA;NA;NA;NA;NA;NA;NA;NA;NA","LOIYMIARKYCTBW-OWOJBTEDSA-N","OC(=O)\C=C\C1=CN=CN1",FALSE,TRUE,"Imidazolyl carboxylic acids and derivatives","Azoles","Imidazoles"
"Urocortisol","11487_neg","Urocortisol",0.22,221553.2,NA,"Urocortisol","null",NA,NA,NA,NA,NA,NA,"null","null",FALSE,TRUE,NA,NA,NA
"V-pyrro/no","1887_pos","V-pyrro/no",0.89,2272.17,NA,"Histidine","null","V-Pyrro/NO","","HMDB0259734","NA","5051378","NA","null","null",TRUE,TRUE,NA,NA,NA
"Val-cit","7210_neg","Val-cit",0.27,28.09,NA,"Unknown","null","Val-Cit","","HMDB0259738","NA","85068564","NA","null","null",FALSE,TRUE,NA,NA,NA
"Val-val-val","9637_pos","Val-val-val",0.02,4.09,NA,"Unknown","null","Val-Val-Val;(R)-N1-((S)-3,3-Dimethyl-1-(methylamino)-1-oxobutan-2-yl)-N4-hydroxy-2-isobutylsuccinamide","","HMDB0094676;HMDB0257274","NA;NA","235009;87843855","NA;NA","null","null",FALSE,TRUE,NA,NA,NA
"Valerylcarnitine","6068_pos","Valerylcarnitine",0.36,133.28,NA,"Valerylcarnitine","null",NA,NA,NA,NA,NA,NA,"null","null",FALSE,TRUE,"Acyl carnitines","Fatty acyls","Fatty acid esters"
"Valproic acid beta-d-glucuronide","9387_neg","Valproic acid beta-d-glucuronide",0.84,79543.23,NA,"Unknown","null","Valproic Acid beta-D-Glucuronide","","HMDB0259755","NA","20982145","NA","null","null",TRUE,TRUE,NA,NA,NA
"Valproylcarnitine","8220_pos","Valproylcarnitine",0.38,22.39,NA,"Unknown","null","Valproylcarnitine","","HMDB0259757","NA","6426899","NA","null","null",FALSE,TRUE,"Acyl carnitines","Fatty acyls","Fatty acid esters"
"Valsartan","15213_pos","Valsartan",0.07,55835.22,"Valine and derivatives","no MS2: Valsartan; LC-ESI-ITFT; MS2; CE","C24H29N5O3",NA,NA,NA,NA,NA,NA,"ACWBQPMHZXGDFX-QFIPXVFZSA-N","CCCCC(=O)N(CC1=CC=C(C=C1)C1=CC=CC=C1C1=NNN=N1)[C@@H](C(C)C)C(O)=O",FALSE,TRUE,NA,NA,NA
"Valylaspartic acid","5394_pos","Valylaspartic acid",0.78,60383.61,NA,"Unknown","null","Valylaspartic acid;gamma-Glutamyl-2-aminobutyric acid;gamma-Aminobutyric acid glutamate","","HMDB0029123;HMDB0240645;HMDB0252609","75009;NA;NA","7009608;NA;NA","NA;NA;NA","null","null",TRUE,TRUE,"Dipeptides","Carboxylic acids and derivatives","Amino acids, peptides, and analogues"
"Valylvaline","4588_pos","Valylvaline",0.64,1154.17,NA,"Unknown","null","Valylvaline","","HMDB0029140","73704","107475","NA","null","null",TRUE,TRUE,"Peptides","Carboxylic acids and derivatives","Amino acids, peptides, and analogues"
"Vanillactic acid","4222_neg","Vanillactic acid",0.42,67.32,NA,"Unknown","null","Vanillactic acid;Methyl syringate","","HMDB0000913;HMDB0254615","1240674;45820","160637;70164","NA;NA","null","null",FALSE,TRUE,"Phenylpropanoic acids","Phenylpropanoic acids",NA
"Vanillic acid 4-o-glucuronide","10475_neg","Vanillic acid 4-o-glucuronide",0.09,6.09,NA,"Unknown","null","Vanillic acid 4-O-glucuronide;6-[4-(carboxymethyl)-2-hydroxyphenoxy]-3,4,5-trihydroxyoxane-2-carboxylic acid;6-[5-(carboxymethyl)-2-hydroxyphenoxy]-3,4,5-trihydroxyoxane-2-carboxylic acid;Isovanillic acid glucuronide","","HMDB0060024;HMDB0125148;HMDB0125149;HMDB0240538","NA;NA;NA;NA","101579718;131831682;131831683;122402643","NA;NA;NA;NA","null","null",FALSE,TRUE,NA,NA,NA
"Vanillic acid 4-o-sulfate","5958_neg","Vanillic acid 4-o-sulfate",0.42,214.62,NA,"Unknown","null","Vanillic acid 4-O-sulfate;2-[4-hydroxy-3-(sulfooxy)phenyl]acetic acid;4-methoxy-3-(sulfooxy)benzoic acid","","HMDB0041788;HMDB0125151;HMDB0140929","88847;NA;NA","382946;131831685;131839509","NA;NA;NA","null","null",FALSE,TRUE,NA,NA,NA
"Vanilloylglycine","4847_neg","Vanilloylglycine",0.42,13.91,NA,"Unknown","null","Vanilloylglycine","","HMDB0060026","NA","3083688","NA","null","null",FALSE,TRUE,"Hippuric acids","Benzene and substituted derivatives","Benzoic acids and derivatives"
"Vanillylmandelic acid","3531_neg","Vanillylmandelic acid",0.38,47.46,NA,"Vanillylmandelic Acid","null","Vanillylmandelic acid;Syringic acid;3-(3,4-Dihydroxyphenyl)lactic acid;Ethyl gallate;3,4-O-Dimethylgallic acid;(2R,3S,4R,5R)-2,3,4,5,6-Pentahydroxyhexanoyl Fluoride;Methoxyhydroxymandelic Acid;(2R,4R,5R)-1-Fluoro-1,2,4,5,6-pentahydroxyhexan-3-one","C05584;C10833;C01207","HMDB0000291;HMDB0002085;HMDB0003503;HMDB0033836;HMDB0041662;HMDB0242668;HMDB0254548;HMDB0255313","1127735;68329;17807;87247;NA;NA;NA;NA","736172;10742;439435;13250;74709;21881183;54349796;76136801","46071;NA;NA;NA;NA;NA;NA;NA","null","null",FALSE,TRUE,"Methoxyphenols","Phenols","Methoxyphenols"
"Vanilpyruvic acid","4132_neg","Vanilpyruvic acid",0.13,10.63,NA,"Unknown","null","Vanilpyruvic acid","","HMDB0011714","NA","14124","NA","null","null",FALSE,TRUE,"Phenylpyruvic acid derivatives","Benzene and substituted derivatives","Phenylpyruvic acid derivatives"
"Vanylglycol","2884_neg","Vanylglycol",0.38,38.58,NA,"3-Methoxy-4-hydroxyphenylethyleneglycol","null","Vanylglycol;Phosphorylcholine;3,4-Methylenepimelic acid;3-Methyl-1,2,4-triazolo[3,4-A]phthalazine;2,3-Dimethoxy-5-methylhydroquinone","C05594;C00588","HMDB0001490;HMDB0001565;HMDB0059730;HMDB0245939;HMDB0246128","NA;18132;89913;60480;60899","NA;1014;124202121;97339;11183027","NA;48308;NA;NA;NA","null","null",FALSE,TRUE,"Methoxyphenols","Phenols","Methoxyphenols"
"Veliparib","5814_neg","Veliparib",0.29,55.66,NA,"Unknown","null","Veliparib","","HMDB0259777","NA","NA","NA","null","null",FALSE,TRUE,"Benzimidazoles","Benzimidazoles",NA
"Verdamicin","15824_neg","Verdamicin",0.04,246561.8,NA,"Unknown","null","Verdamicin","","HMDB0259789","NA","170820","NA","null","null",TRUE,TRUE,"Aminocyclitol glycosides","Organooxygen compounds","Carbohydrates and carbohydrate conjugates"
"Vibegron","15557_pos","Vibegron",0.11,553107.8,NA,"Unknown","null","VIBEGRON","","HMDB0259801","NA","123315041","NA","null","null",FALSE,TRUE,NA,NA,NA
"Vibunazole","8916_neg","Vibunazole",0.33,18.63,NA,"Unknown","null","vibunazole;Zacopride","","HMDB0259802;HMDB0259981","NA;NA","123676;NA","NA;NA","null","null",FALSE,TRUE,NA,NA,NA
"Viloxazine","5688_pos","Viloxazine",0.42,570.92,"Dimethoxybenzenes","no MS2: N,N-Diethyl-3,4-dimethoxybenzamide; LC-ESI-QTOF; MS2; [M+H]+; CE","C13H19NO3","viloxazine","","HMDB0259807","NA","NA","NA","ZQTJMIZZICSOBJ-UHFFFAOYSA-N","CCN(CC)C(=O)C1=CC(OC)=C(OC)C=C1",FALSE,TRUE,NA,NA,NA
"Vinclozolin m2","6472_neg","Vinclozolin m2",0.36,23.47,NA,"Unknown","null","Vinclozolin M2","C14207","HMDB0259812","NA","NA","NA","null","null",FALSE,TRUE,NA,NA,NA
"Vinylsulfonic acid","317_neg","Vinylsulfonic acid",0.42,88.12,NA,"Unknown","null","VINYLSULFONIC ACID","","HMDB0259830","NA","NA","NA","null","null",FALSE,TRUE,NA,NA,NA
"Violacein","10444_neg","Violacein",0.29,41.43,NA,"Unknown","null","Violacein","","HMDB0259831","NA","11053","NA","null","null",FALSE,TRUE,"Hydroxyindoles","Indoles and derivatives","Hydroxyindoles"
"Vitamin c oxalate","6617_neg","Vitamin c oxalate",0.22,42.65,NA,"Unknown","null","vitamin c oxalate","","HMDB0259845","NA","NA","NA","null","null",FALSE,TRUE,NA,NA,NA
"Voreloxin","13160_neg","Voreloxin",0.11,10.6,NA,"Unknown","null","Voreloxin","","HMDB0259874","NA","18969086","NA","null","null",TRUE,TRUE,"Naphthyridine carboxylic acids and derivatives","Diazanaphthalenes","Naphthyridines"
"Vorozole","10059_pos","Vorozole",0.11,6.84,NA,"Unknown","null","Vorozole","","HMDB0244433","NA","60796","NA","null","null",FALSE,TRUE,"Benzotriazoles","Benzotriazoles",NA
"Xanthine","1648_neg","Xanthine",0.49,91.32,NA,"XANTHINE","null","Xanthine;Oxypurinol","C00385;C07599","HMDB0000292;HMDB0000786","17712;28315","1188;4644","34825;NA","null","null",FALSE,TRUE,"Xanthines","Imidazopyrimidines","Purines and purine derivatives"
"Xanthohumol(random configuration)","10927_neg","Xanthohumol(random configuration)",0.04,285672.6,"3-prenylated chalcones","no MS2: Xanthohumol; LC-ESI-QQ; MS2; CE","C21H22O5","Xanthohumol(Random Configuration)","","HMDB0259921","94745","160869","NA","ORXQGKIUCDPEAJ-YRNVUSSQSA-N","COC1=C(C(=O)\C=C\C2=CC=C(O)C=C2)C(O)=C(CC=C(C)C)C(O)=C1",FALSE,TRUE,NA,NA,NA
"Xanthosine","7666_neg","Xanthosine",0.87,60.17,NA,"XANTHOSINE","null","Xanthosine;Nolatrexed","C01762","HMDB0000299;HMDB0255698","18107;NA","64959;NA","38352;NA","null","null",TRUE,TRUE,"Purine nucleosides","Purine nucleosides",NA
"Xanthotoxin","4560_pos","Xanthotoxin",0.27,44.98,"8-methoxypsoralens","no MS2: Xanthotoxin; LC-ESI-QTOF; MS2; CE","C12H8O4",NA,NA,NA,NA,NA,NA,"QXKHYNVANLEOEG-UHFFFAOYSA-N","COC1=C2OC(=O)C=CC2=CC2=C1OC=C2",FALSE,TRUE,NA,NA,NA
"Xanthurenic acid","3858_neg","Xanthurenic acid",0.42,774.84,NA,"XANTHURENIC ACID","null","Xanthurenic acid;3-Hydroxykynurenic acid","C02470","HMDB0000881;HMDB0246172","10072;NA","5699;54704071","NA;NA","null","null",FALSE,TRUE,"Quinoline carboxylic acids","Quinolines and derivatives","Quinoline carboxylic acids"
"Xanthurenic acid 8-o-sulfate","7701_neg","Xanthurenic acid 8-o-sulfate",0.42,48.94,NA,"Unknown","null","xanthurenic acid 8-O-sulfate","","HMDB0059741","89899","11522049","NA","null","null",FALSE,TRUE,NA,NA,NA
"Xipamide","11551_pos","Xipamide",0.09,14.99,NA,"Unknown","null","XIPAMIDE","","HMDB0259933","NA","NA","NA","null","null",FALSE,TRUE,NA,NA,NA
"Zaltoprofen","8737_pos","Zaltoprofen",0.02,6.53,NA,"Unknown","null","zaltoprofen","","HMDB0259983","NA","5720","NA","null","null",FALSE,TRUE,NA,NA,NA
"Zearalenone","9778_pos","Zearalenone",0.11,9.01,"Zearalenones","no MS2: Zearalenone; LC-ESI-QTOF; MS2; CE","C18H22O5",NA,NA,NA,NA,NA,NA,"MBMQEIFVQACCCH-QBODLPLBSA-N","C[C@H]1CCCC(=O)CCC\C=C\C2=CC(O)=CC(O)=C2C(=O)O1",FALSE,TRUE,NA,NA,NA
"Zibotentan","14227_neg","Zibotentan",0.04,15.14,NA,"Unknown","null","Zibotentan","","HMDB0260003","NA","NA","NA","null","null",TRUE,TRUE,"Phenylpyridines","Pyridines and derivatives","Phenylpyridines"
"Zopolrestat","14507_pos","Zopolrestat",0.16,29.94,NA,"Unknown","null","ZOPOLRESTAT","C01865","HMDB0260044","NA","NA","NA","null","null",FALSE,TRUE,NA,NA,NA
"Zosuquidar","18288_neg","Zosuquidar",0.07,1253197,NA,"Unknown","null","Zosuquidar","","HMDB0260047","NA","406793","NA","null","null",FALSE,TRUE,"Dibenzocycloheptenes","Dibenzocycloheptenes",NA
"[(1r,5r)-5-(6-aminopurin-9-yl)cyclohex-3-en-1-yl]methanol","6061_pos","[(1r,5r)-5-(6-aminopurin-9-yl)cyclohex-3-en-1-yl]methanol",0.64,56.27,NA,"Unknown","null","[(1R,5R)-5-(6-Aminopurin-9-yl)cyclohex-3-en-1-yl]methanol;(R)-2-(4-(Tert-butoxycarbonyl)morpholin-3-yl)acetic acid","","HMDB0243753;HMDB0247375","NA;NA","20846020;22487663","NA;NA","null","null",FALSE,TRUE,NA,NA,NA
"[(1s,2s,4s,5s)-2-(6-aminopurin-9-yl)-5-(hydroxymethyl)-4-bicyclo[3.1.0]hexanyl]methanol","7254_neg","[(1s,2s,4s,5s)-2-(6-aminopurin-9-yl)-5-(hydroxymethyl)-4-bicyclo[3.1.0]hexanyl]methanol",0.27,12.4,NA,"Unknown","null","[(1S,2S,4S,5S)-2-(6-Aminopurin-9-yl)-5-(hydroxymethyl)-4-bicyclo[3.1.0]hexanyl]methanol","","HMDB0260215","NA","NA","NA","null","null",FALSE,TRUE,NA,NA,NA
"[(2r,3r,4r,5s)-3,4-diacetyloxy-5-(2,4-dioxopyrimidin-1-yl)oxolan-2-yl]methyl acetate","12296_pos","[(2r,3r,4r,5s)-3,4-diacetyloxy-5-(2,4-dioxopyrimidin-1-yl)oxolan-2-yl]methyl acetate",0.16,4.07,NA,"Unknown","null","[(2R,3R,4R,5S)-3,4-Diacetyloxy-5-(2,4-dioxopyrimidin-1-yl)oxolan-2-yl]methyl acetate","","HMDB0245549","NA","254731","NA","null","null",FALSE,TRUE,NA,NA,NA
"[(2s,5s)-5-(2,4-dioxopyrimidin-1-yl)-3-hydroxyoxolan-2-yl]methyl dihydrogen phosphate","8854_neg","[(2s,5s)-5-(2,4-dioxopyrimidin-1-yl)-3-hydroxyoxolan-2-yl]methyl dihydrogen phosphate",0.29,16.2,NA,"Dump","null","[(2S,5S)-5-(2,4-Dioxopyrimidin-1-yl)-3-hydroxyoxolan-2-yl]methyl dihydrogen phosphate","","HMDB0258147","NA","688","NA","null","null",FALSE,TRUE,NA,NA,NA
"[3h]pemetrexed","14359_neg","[3h]pemetrexed",0.09,10.45,NA,"Unknown","null","[3H]Pemetrexed","","HMDB0243759","NA","394493","NA","null","null",FALSE,TRUE,NA,NA,NA
"[4-(3-benzyl-4-hydroxybenzyl)-3,5-dimethylphenoxy]acetic acid","12594_pos","[4-(3-benzyl-4-hydroxybenzyl)-3,5-dimethylphenoxy]acetic acid",0.27,8.3,NA,"Unknown","null","[4-(3-Benzyl-4-hydroxybenzyl)-3,5-dimethylphenoxy]acetic acid","","HMDB0252652","NA","448011","NA","null","null",FALSE,TRUE,NA,NA,NA
"[4-amino-2-(4-methoxyanilino)-1,3-thiazol-5-yl]-phenylmethanone","10111_pos","[4-amino-2-(4-methoxyanilino)-1,3-thiazol-5-yl]-phenylmethanone",0.16,4.71,NA,"Unknown","null","[4-Amino-2-(4-methoxyanilino)-1,3-thiazol-5-yl]-phenylmethanone","","HMDB0250874","NA","398017","NA","null","null",FALSE,TRUE,NA,NA,NA
"[Pc (10:0)] 1,2-didecanoyl-sn-glycero-3-phosphocholine","19770_pos","[Pc (10:0)] 1,2-didecanoyl-sn-glycero-3-phosphocholine",0.13,1602412,NA,"[PC (10:0)] 1,2-didecanoyl-sn-glycero-3-phosphocholine","null",NA,NA,NA,NA,NA,NA,"null","null",FALSE,TRUE,NA,NA,NA
"[St hydroxy(2:0)] 17,21-dihydroxypregn-4-ene-3,20-dione","11086_pos","[St hydroxy(2:0)] 17,21-dihydroxypregn-4-ene-3,20-dione",0.42,121205.8,NA,"[ST hydroxy(2:0)] 17,21-dihydroxypregn-4-ene-3,20-dione","null",NA,NA,NA,NA,NA,NA,"null","null",FALSE,TRUE,NA,NA,NA
"[[(3r,4r,5s,6r)-3-acetamido-4,5-dihydroxy-6-(hydroxymethyl)oxan-2-yl]amino] n-phenylcarbamate","11609_pos","[[(3r,4r,5s,6r)-3-acetamido-4,5-dihydroxy-6-(hydroxymethyl)oxan-2-yl]amino] n-phenylcarbamate",0.04,4.46,NA,"Unknown","null","[[(3R,4R,5S,6R)-3-Acetamido-4,5-dihydroxy-6-(hydroxymethyl)oxan-2-yl]amino] N-phenylcarbamate","","HMDB0247872","NA","76453828","NA","null","null",FALSE,TRUE,NA,NA,NA
