"","se_1","se_2","se_3","se_4","se_5","se_6","se_7","se_8","se_9","se_10","se_11","se_12","se_13","se_14","se_15","se_16","se_17"
"(+)-1-(9-fluorenyl)ethyl chloroformate",11.3621970241274,11.354795767262,11.2894718909303,11.5559406216254,11.3279018589575,11.3090472770631,11.5621698757324,11.320060114902,11.3518903864038,11.3251132194729,11.3095422507028,11.3012753043512,11.1638779184425,11.3295649296459,11.3235915685961,11.3349247520888,11.3155658312584
"(+)-diacetyl-l-tartaric anhydride",16.1299006696465,12.8935344788261,14.7713665818171,16.4146480925345,11.3236593479723,11.1148509431351,14.958587015106,14.5253035013928,15.0561751171399,15.0861302464135,14.8888827382216,15.6301097987154,11.1679879674112,11.7043359510565,15.7815542079347,14.8293437786797,14.3131304508949
"(+)-praeruptorin a",11.5674998024101,14.2328276386697,13.4613305969106,14.6346700068391,12.1961411293934,14.7778947365136,14.4533963028253,13.5702494755376,14.6272460613488,14.2139596189754,13.1226463810276,12.5793982526284,12.1909942383527,13.0784476372683,12.7730228481863,14.3751877967056,11.7751771028881
"(-)-Epigallocatechin",15.2979036251478,15.3926912545956,15.2402053093882,15.3159602850491,15.0853535688945,14.8672684517408,15.3499575943857,14.9553421251576,15.6088473693277,15.2335361904743,15.7433354279807,15.9611110032354,15.1577395437702,15.1290861599207,15.8148626505624,15.071558436517,15.2754081181216
"(-)-Slaframine",12.3484987704396,13.0539395210089,13.0614428552172,12.3448026312915,13.0686552469416,12.9828298069232,13.1079249382289,13.1705314575028,12.528797097405,14.0221553928747,14.6003074326385,14.3129759660075,14.0600673242168,13.9481812386038,13.9161074997072,13.8604256419858,13.7130481592256
"(1ar,3s,4as,7s,8as)-3-[(1s,2r,3r)-3-[(2r,5s)-5,6-dimethylheptan-2-yl]-2-(2-hydroxyethyl)-2-methylcyclopentyl]-7-hydroxy-4a-methyl-2,3,5,6,7,8-hexahydro-1ah-naphtho[4,4a-b]oxiren-4-one",14.5704252632082,14.8633598174032,14.2734164720255,14.3378661016152,14.5632730456506,15.25147036468,14.6685807906081,14.6581063673906,14.5927159415779,15.2094514045461,13.1191799306256,13.5267041347176,14.0813918402622,14.8249403933583,14.0587117937611,14.8182318587244,14.4596303331025
"(1r,4r,5s,6r)-4-amino-2-oxabicyclo[3.1.0]hexane-4,6-dicarboxylic acid",11.2772245157948,10.8388887980933,12.0361307294694,10.1587730125885,11.6995908715356,11.822596181908,10.7124518559337,11.9791597501807,10.5561507462708,11.8728878382945,9.22342854159927,10.6694791563469,12.1971063774502,10.3125660386049,11.2399262446564,10.7374490110547,11.6346327653983
"(1s,4ar,5r,8s,8as)-2,5-dimethyl-8-propan-2-yl-4,4a,6,7,8,8a-hexahydro-1h-naphthalene-1,5-diol",16.8500506210265,16.7795888277141,16.6099614920027,16.5160548917531,16.9260051913627,17.21820538194,17.756365272518,16.5571583832219,17.6923521637242,17.1556571140206,15.6980270478068,16.7508074135054,16.0087641289851,16.8654615271885,16.4234380181376,16.9873115221263,16.9337403589514
"(2,5-dihydroxypyrrol-1-yl) 5-[(3as,4s,6ar)-2-oxo-1,3,3a,4,6,6a-hexahydrothieno[3,4-d]imidazol-4-yl]pentanoate",12.8623557951845,12.9869168262277,12.9500995074819,12.9005118686806,12.9618758164842,13.008183488852,12.9158097545359,12.9314623439085,13.000284606722,12.9667462470939,12.8864348666404,12.8553220781334,12.924629778906,12.964467276222,11.3890824365729,13.0099304209223,13.0010190723135
"(2,5-dioxopyrrolidin-1-yl) 5-(2-hydroxyethoxy)-4-oxopentanoate",11.8915614924765,11.3013219166501,12.5881350403231,11.2335045343794,11.8628619257661,12.4382503001271,11.8827352430763,11.7922889014525,12.674867122616,11.9784378037897,11.5263441124068,12.2271671661128,10.8977691114481,12.048565377459,11.9109483650099,11.5639357229815,11.3248700747172
"(2,6-dioxo-3h-purin-9-yl) pyridine-3-carboxylate",11.7492949636258,10.4156565820256,11.9260990620235,10.8399447238856,10.331916775647,12.3948248031706,10.0985226350106,11.7694747182917,11.5384465695929,11.8348869042275,12.1354833714949,11.5412782642306,12.2274192712596,11.6583189748618,11.6624788030959,11.2436837997462,12.1226578241535
"(2-carbamoyl-7-oxo-1,6-diazabicyclo[3.2.1]octan-6-yl) hydrogen sulfate",12.0749485220423,12.2359417088311,12.205937454051,12.8674033446772,12.2150306332908,12.2558838656721,12.3087871960983,12.3007698558042,12.2625955973977,12.2971031433642,12.2470454862481,12.7611159861781,12.2021053856514,12.3307214218985,11.59880631579,12.322995238943,12.2561302695702
"(2-ethylcrotonoyl)urea",15.1703606814195,14.7364588558181,15.2934663145884,15.2706411537371,14.9966236026517,14.7174028151253,15.2132018568438,15.1166649340948,15.1637493317055,14.9131051832425,13.7314648901934,14.7714191641744,14.8271538693781,15.4629497305995,14.7275578773346,15.0002527972149,15.2976512119429
"(2e)-3-[3-(sulfooxy)phenyl]prop-2-enoic acid",10.311902401465,11.2406117954271,11.9608119603522,12.1030036291338,11.7096280569103,12.9944866775159,9.54637278787885,11.2324666292146,11.6957814014026,13.4393185389382,12.7675957792095,13.4520466539297,10.9817536909784,10.5346895297122,13.311353527615,10.3394555022019,10.2586173622016
"(2r)-2-acetamido-3-[[(2r)-2-acetamido-2-carboxyethyl]disulfanyl]propanoic acid",13.0764303766244,13.1063327066653,12.759155307259,12.6191194266416,13.1145095857204,13.227681680426,13.0534098833839,13.0072363556583,13.2563339852404,13.199263357913,13.2232461351475,13.0033257296177,13.2517792732041,13.5170489380541,13.0168395249475,13.1092136974489,13.5110814515195
"(2r)-2-amino-3-methyl-3-(2-nitrosoacetyl)sulfanylbutanoic acid",11.8088714862284,11.8452124720395,11.8474815416858,11.7654093550042,11.9121078460836,11.8987625300648,11.8112031842112,11.843627340635,11.8190884067678,11.80561924854,11.8193503920421,11.5707204428586,11.8379241423629,11.3771685219582,11.4748123342307,11.6176358382973,11.8280723990242
"(2r)-3-sulfanylpropane-1,2-diol",14.2932127060768,14.5308826626393,14.7207816090164,14.6112324029589,14.8543817305061,15.5090505661385,14.6954473543861,14.7155465480249,15.1837757726074,15.7182931106302,13.9424660494307,13.9366106989263,14.5624288937965,14.7591669161467,14.4446206898275,14.7723660508309,14.6962327497687
"(2r,3s,4r,5r)-2-fluoro-3,4,5,6-tetrahydroxyhexanal",15.0872270838957,15.1259133430056,14.9436188035364,14.8108808859373,15.1130844497764,15.2194754354204,15.0540281086248,14.7821589926462,15.1877489539611,14.9662467017327,15.0087513076287,15.117638827549,14.9662040206074,15.1467391454285,15.1772201296718,14.983833643934,14.9448231317047
"(2r,3s,4s,5r,6s)-2-(hydroxymethyl)-6-[4-(3-hydroxyprop-1-enyl)-2,6-dimethoxyphenoxy]oxane-3,4,5-triol",11.5454280908689,10.6962406932787,11.701148004702,10.8644829045095,11.9240559855853,9.88066847957154,10.6492688084194,11.9400229061687,11.6530304339457,11.0195815007069,11.4527570613051,11.0999311543798,11.6254493527221,12.0965871491214,11.9546664057407,11.6592454807133,11.4236175518468
"(2r,4r,5s,6s)-2,4-dihydroxy-5-[(2-hydroxyacetyl)amino]-6-[(1s,2s)-1,2,3-trihydroxypropyl]oxane-2-carboxylic acid",13.5471066840562,14.1846680779234,14.5938125881382,14.3610850125359,14.342853831198,14.0460826845738,14.1319345037334,14.4431757355798,14.3994531404121,14.1192984322848,14.6606356962474,14.8929040634653,14.3959956307837,14.1548596807359,14.4975117531764,14.290000815557,14.3148014736001
"(2r,4s)-1-tert-butyl 2-methyl 4-aminopyrrolidine-1,2-dicarboxylate",19.5505216318449,19.4931898828672,19.3309742307375,19.5278549047513,19.3936047857634,19.2043677181859,19.2477195790476,19.3250901392148,19.2482858665608,20.493706940426,19.4272936099553,19.7998327771347,19.385340262675,19.2434656005116,19.4842537286577,19.7395565494197,19.399614630069
"(2s)-1-[(2s)-3-(4h-imidazol-4-yl)-2-[[(2s)-5-oxopyrrolidine-2-carbonyl]amino]propanoyl]pyrrolidine-2-carboxylic acid",15.7929053134626,15.4849130402317,15.440797802357,16.0917071699532,15.46683299876,15.3044660786908,15.5371690297014,15.464320361391,15.4258163485425,15.358375885133,15.0740231603333,14.075452992848,15.4316555924946,15.4444594838413,15.6767058907649,15.4961117145902,15.4295642655375
"(2s,3r,4s,5r)-3,4,5-trihydroxy-6-oxopiperidine-2-carboxylic acid",14.3472099163622,14.1100861050507,13.5739380541416,14.2239336500719,13.5461940161335,14.2641423131083,13.9770819910099,13.7270063965225,14.4367908815724,14.1021161551811,14.3081475152979,14.2458945966159,13.9743877721707,14.0838880959151,14.2609918628802,13.9856774756415,14.2579870181687
"(3r,4r)-3-amino-1-hydroxy-4-methylpyrrolidin-2-one",14.4097471791032,15.0353033628236,15.014527383082,15.1983651399338,14.9433338929254,15.0512591267576,14.7835498942001,15.1563291641983,14.8716610115141,15.4144250812781,14.8430851826306,15.0207762079189,15.0018800544388,15.0488011035823,15.0358205177603,15.3014930129908,15.1002329806441
"(3r,4s)-2-[6-(cyclohexylamino)purin-9-yl]-5-(hydroxymethyl)oxolane-3,4-diol",11.8171961531336,11.9584819178354,12.510934792723,11.7465538329983,12.2100864633539,11.292797893359,11.389498211868,11.2985272868906,11.72898899942,12.9563814783397,11.2120362903122,11.2576174511268,11.862378646519,11.9066573633823,11.8973477058352,11.9110667818831,12.7340425560801
"(4-aminophenyl)phosphonic acid",12.2512819663279,11.8876342878718,12.4470425609457,11.7583194803182,12.2136808949302,9.39468561414926,11.440652410598,12.1821728260023,11.2218793498879,10.443520346692,12.5565075144731,11.7128393681552,12.098757803295,10.9929418442373,12.1399682708216,10.9822391933801,12.3091358558566
"(4-carbamimidoylphenyl)methanesulfonyl fluoride",10.3632007996388,12.2644535315868,11.380273997929,11.6356018413521,11.5474625978414,11.9466142316359,11.8884176785538,11.2790674911143,12.6337184859129,12.8018059812751,12.0166579800518,12.7245286926518,12.2512913366394,12.3722316976792,12.2438414926079,11.7225528811026,11.928364014176
"(4-sulfamoylphenyl) 4-(diaminomethylideneamino)benzoate",11.227923433431,10.4408330808538,10.6593780700631,10.1722290670555,9.59668206108119,11.5664128085731,10.2558956004959,9.69022910311763,11.6753487663248,11.3718665153072,10.517518195157,10.2551722463655,11.7659402028061,10.4162797613572,11.6208470234126,9.64440671237606,10.6581132742824
"(5s,6r)-methyl 5,6,7-trihydroxyheptanoate",11.1535302640964,11.2128110283745,11.20885844688,11.105884231098,11.1935438662825,11.5770996106754,11.4407812690477,11.1896787997495,11.166996754958,11.1228075657243,10.9536743401786,11.5593251834551,11.1723533212174,11.2552009461675,11.1795228580504,11.2286242796027,11.223439249326
"(8r)-3-[(4s,5r)-4-hydroxy-5-(hydroxymethyl)oxolan-2-yl]-7,8-dihydro-4h-imidazo[4,5-d][1,3]diazepin-8-ol",13.2961527224441,13.6672870584224,13.666118795332,13.0433280464655,13.3816168216076,13.6784533312958,13.8450232503515,13.8582853804679,13.8135809368341,13.6113689170193,12.5208966779568,12.9733434493879,13.5604097525492,13.760084285558,13.6329872975975,13.7166229846428,13.6958785637489
"(S)-3,4-dihydroxybutyric acid",16.3848275902359,16.7500600670737,16.6645118757943,16.100892931831,16.5800857359249,16.9201176030336,17.0686213649257,16.5611301634679,17.0236892027187,16.1276554789689,16.1560129612607,16.00362100775,16.6546800698612,16.7118549541185,16.2070488756133,16.7236683656413,16.5595511198221
"(Z)-n-feruloyl-5-hydroxyanthranilic acid",12.117939690553,12.3548906979029,11.3633961311885,11.2479090145939,11.5648229811994,12.4649245134521,12.1141675925493,11.5779009941329,11.9365854084746,11.832416267662,12.3242911957544,12.2587371026704,11.5359423101419,12.2701066423442,11.8788012248123,12.3620401777039,12.4745579545872
"1,1'-thiocarbonyldiimidazole",14.1808343648535,14.4884797964602,13.924969294217,13.9691328720499,14.0536041240429,14.307239700544,14.3768276913418,13.9498398543461,14.1797235736461,14.045326678775,13.879519728244,14.3801495638598,13.8906983147776,14.0767950475423,14.4120957755553,14.3219750848451,14.2176151433826
"1,1-diethyl-2-hydroxy-3-oxotriazane",23.1477231546568,22.870229210976,23.2903725484721,23.2939613841113,23.1616502195013,23.2143372150356,22.7682083817483,23.2678220314535,22.9606915556758,23.4315875224861,23.2102469499209,23.1659811795305,23.2346566809946,22.8519595098444,22.8950513493474,23.0938155809651,23.2230163769593
"1,2,3-trihydroxybenzene",15.8580771922463,15.2345365712237,15.4205506462817,15.7424395221075,15.1825013853474,15.3182747196783,15.4687952363029,15.2164970248367,14.8744937310138,14.8073054901697,15.3111872935793,14.6876678961733,15.3216852321283,14.9747142848673,14.904346394129,15.0924788641331,14.8959266102513
"1,2-benzenedithiol",12.0260021841215,12.1185439567145,12.6732770526916,11.8139510744074,12.6608552740045,11.8511823516987,12.0623586982685,11.3313054776033,11.8560373123994,11.8359799509107,12.0461617866203,11.8886523719927,12.1320728746076,11.5886317966394,11.8744257520374,11.7742437508622,11.4811157372719
"1,3,7-trimethyluric acid",11.5265697932291,12.8147654550738,13.8308459535995,12.9605902274724,13.1388032680257,12.6221261931621,12.7096887088435,13.1059024290641,12.8645021767846,13.2628650221143,13.2350495554789,13.5168067723506,13.4759102404122,12.7254116524072,13.3477168412307,12.507233741868,13.3224422669075
"1,3-dimethyluric acid",12.0381790316536,12.1614272396856,12.3207845232194,12.0345049202078,13.0482341057191,11.9234820935043,11.8480749075033,11.3776682816553,13.1502111656565,12.2692300876451,12.2150482385019,11.5197953150464,12.3759174759393,13.1703420700323,11.6147175085942,11.5481746960253,11.6639409670767
"1,4-diacetoxy-2,3-dicyanobenzene",12.8883645475817,12.4220456450814,13.0356322182917,12.9453676590622,12.6984421568083,13.3535170863603,12.7631476164123,12.9365176355158,13.3374784108083,12.829712420864,12.4693050240618,11.9900451585409,13.1664890365586,13.6131634426502,12.8201940545368,13.4771930836219,13.0789864785241
"1,4-diamino-2,3-dicyano-1,4-bis(o-aminophenylmercapto)butadiene",11.5493019860019,13.2006297797874,12.0775586749789,14.7216617029871,12.9845987821164,13.7394783181679,13.0089334558103,13.1985527999588,13.1014205673743,13.5618741261675,11.4276174462954,12.9152797095861,12.9108684373611,11.3293484523715,13.4549553691286,13.1608549990517,11.1448034244225
"1,5-benzothiazepin-4(5h)-one, 2,3-dihydro-3-hydroxy-2-(4-methoxyphenyl)-5-(2-(methylamino)ethyl)-, (2s,3s)-",12.5759791668351,12.8968256105006,12.9429205469616,13.2863015120448,13.2496201246211,13.0041255998291,12.9513483329898,12.4594267118944,12.9864513134309,12.7969693985662,11.8187700341078,12.9441863635961,11.890333374048,13.0821261621538,13.5616485791584,12.9213171514723,11.6826971415967
"1,n6-ethenoadenosine",12.3697045059635,11.8411917999377,12.3991336365381,11.3999231517187,11.3511731913451,11.2260589297301,11.5733797374195,11.9713690388431,12.7307990997367,11.909663852361,12.5851767338619,12.6427593591595,11.4174830703157,11.8949557188879,12.5970623881075,11.7769406578892,12.4121305917398
"1-((1-(4-chlorophenyl)-1h-1,2,3-triazol-4-yl)methyl)-4-phenylpiperazine",11.9057184140875,11.9070961636,11.9040316523191,11.9016246691178,11.9063821889834,11.9054624458787,11.9036736341763,11.9054117236159,11.905104939158,11.9026496758598,11.9036228211957,11.8985433368381,11.9067392399431,11.9005476424977,11.8998799863848,11.9046965462076,11.9070455240484
"1-(1-methylindol-5-yl)-3-(3-methyl-1,2-thiazol-5-yl)urea",14.2184745822806,13.7763998857845,13.1556883450703,14.3025164060176,13.2414747900657,13.7196073908724,13.3803637485698,14.5155493822751,14.1184893528214,12.4266356540419,15.0464053914569,14.9377044709717,14.1272687529025,14.8907500571748,14.3855434497929,14.2949980855868,14.2694681868256
"1-(1-naphthyl)ethyl isocyanate",13.2332323174217,12.6400730984629,13.2346843530459,12.8084481211161,13.4546969921167,13.133091405866,12.770051842803,13.0614686752281,12.6380620735179,13.7682480654809,13.4903373114955,13.7191059593978,13.564784518301,13.3858711742075,13.6752213717635,12.9767855918191,13.4219061092654
"1-(1-phenylcyclohexyl)-3-methylpiperidine",13.4362491713421,14.4276912331598,15.0224632218814,14.4969862066534,14.791398577619,13.7836787357596,14.2964813009617,14.5666964216669,14.3390475986038,13.3448560737424,15.0536896254509,14.4904816608421,14.936401455338,14.1423016538404,14.5350568647867,13.9983877801594,15.140849877049
"1-(2,4-dichlorobenzyl)-1h-indazole-3-carbohydrazide",11.8046918379317,11.1893189438546,11.593949362651,11.7237242998447,11.2281962991964,12.1828740822044,11.6777959567355,11.0635181666653,11.6520971042443,12.8127115763545,11.7396957720109,11.8688298694273,11.7979917370357,11.6577597829191,11.898827875827,11.720514537908,10.9215066349116
"1-(3-(4-phenylbenzyl)-4-hydroxychroman-7-yl)cyclopentane-1-carboxylic acid",11.713004942849,11.7190188839431,11.7171463231723,11.7155268391675,11.7155268391675,11.7227535351034,11.713133533704,11.7113787432361,11.7186353227438,11.7266011852567,11.7188910465303,11.7244885264179,11.7115075430297,11.7113787432361,11.7227535351034,11.7175304549126,11.7157833577488
"1-(4-chlorophenyl)-3-((4-methylphenyl)sulfonyl)urea",12.8329985371363,12.8314742986191,12.8347737833571,12.8314736899522,12.8327444560106,12.8324900062978,12.833506202115,12.8329976255261,12.8327435441688,12.8337594825488,12.8337588752709,12.8327438481162,12.8329985371363,12.8345207596849,12.8340123952966,12.8327444560106,12.8332522499393
"1-(7z-hexadecenoyl)-2-(4z,7z,10z,13z,16z,19z-docosahexaenoyl)-sn-glycero-3-phosphocholine",17.222777792616,17.4620384059638,17.2669144185178,17.1507006520888,17.0648104699886,16.949989098076,17.5873311453429,17.1540437639832,17.3148044060418,17.1837391861108,16.951499645971,16.9736177346568,17.2315366855232,17.280836337865,16.9010963977581,17.246548868193,17.2035532432406
"1-[3,4-dihydroxy-5-(hydroxymethyl)-2-oxolanyl]-1,2,4-triazole-3-carboxamide",12.2560817649482,12.5609591252564,12.6177695035817,12.6217477059124,12.5344375817503,12.3662327380351,13.0159211160299,12.6206813657851,12.8552246296612,12.8488969244729,12.877818068902,12.8995223148422,12.6726201637154,12.9889722591049,12.9202096483455,12.9007753684879,12.6826216656315
"1-[3,4-dihydroxy-5-(hydroxymethyl)oxolan-2-yl]-4-hydroxyhydropyridin-2-one",12.5307401300403,11.3325384760003,11.3253027475887,11.6205057152242,13.1412330538106,13.0813684513506,13.3059281572127,11.691671468904,11.1838749345456,13.7049755767821,11.6220897309488,11.5759701357686,10.9497284509793,11.4001135691045,11.1616809195303,12.3359878037024,11.6642711371175
"1-benzothiepin",14.9232918558292,16.5404525508701,11.3238023217663,11.6291893145236,14.7591634048048,14.6578599181475,13.2534087695199,14.0940572112039,14.8226158737911,14.979613863956,15.0530574677542,14.327847150829,14.7569258498732,11.6532902833282,14.4058156838193,14.4976443289385,14.5557380958509
"1-benzylimidazole",14.746814357533,14.5125214407558,14.6956662690455,14.49068616978,14.6817276974816,14.8057656007729,14.4020802487544,14.8001816469549,14.1834719988991,15.1576840487049,14.7693891784038,14.2594569670452,14.8007719082783,14.6610081851279,14.4537214572648,14.4496808169627,14.7304496776242
"1-chlorodibenzo-p-dioxin",16.1503448071803,15.8246335185304,15.9369612271313,16.5448659621035,15.901748758971,16.2594964912838,15.6294036273871,16.2290900390447,15.486922663746,16.31905643197,15.7542534585031,15.8021466981094,15.7323353193567,15.8610817489792,15.9434658693265,16.2024701413278,15.6184937169477
"1-deoxy-1-morpholino-d-fructose",11.537488500069,11.5287980262102,11.7789031041919,11.3956119651251,11.3555752942791,11.4498121742109,11.4536478071572,11.2600856497553,11.8648950340121,11.5260560106224,11.5328130552261,11.5513095307641,11.910622991655,11.4932098160001,11.5609160517776,11.1336338268834,11.5554082893571
"1-hydroxy-2-naphthoic acid",16.7352256416959,16.4178875343673,16.4511747907765,16.4900914247288,16.4973206067885,16.4018487268226,16.5100891006382,16.5738794513783,16.5967264548433,16.575242004799,16.8017717967838,16.9096378005821,16.7503290471311,16.6535489290665,16.904443980397,16.8036455880414,16.718454388473
"1-iodobutane",14.7887046076741,14.969862764253,15.2189877778399,14.8598980865186,15.1347474380208,15.5017876118313,15.1021086082597,15.0844577179878,14.487471214409,15.5126287923985,14.8719831224833,15.1491996807722,15.1688740320635,15.1629286584488,15.1020130203617,15.1212833517106,15.0285315586554
"1-iodoheptane",11.8858125603483,12.2303385643919,12.3745636920492,12.3860164639598,12.3429028389867,11.6968800733729,12.131555599196,12.2973249034721,11.7900623933234,12.2948237892433,12.2936350170888,12.3403244934253,12.3072920251353,12.1645446657394,12.303652207124,12.1807493936293,12.2682900430774
"1-iodopentane",15.4894056943432,15.691059141172,15.6744639021132,15.372728645885,15.7691910418744,15.3243143317327,16.0171447474619,15.7012211574143,15.1793982972414,14.6594456720684,16.0454839109958,15.4575101210904,15.8455351233045,15.6917800716936,15.3213122311783,15.5240954866378,15.7743836498986
"1-methoxyphenazine",12.6180967939728,11.9240697311023,12.4809624508472,12.2453056437388,12.1945956028769,11.5906715447093,11.2704556054425,11.6820731951508,11.0772494202263,12.0663738293927,11.7333478848534,11.8984371368705,11.7522512750766,11.380452187403,11.8955292855068,11.3675679423647,11.921340418644
"1-methyl-1,2-dihydropyridine-3-carboxamide",15.2002296058514,14.9954595085625,14.5973387673387,14.3138579730313,14.0285167752556,15.2081296962886,15.1663324371564,15.0460125832491,15.5200546273078,13.5252298959721,15.3219791984362,14.9136590056671,14.6662640065036,15.0894361023425,14.4582089779174,15.1593164953126,14.4162940841176
"1-methyl-2-(2-thiophen-2-ylethenyl)-5,6-dihydro-4h-pyrimidine",14.1486377599009,14.069560068327,14.2197451125601,14.1769624557915,14.2147387000513,14.4727161259895,13.6597061555343,14.1939648057019,13.7340397853813,14.6992358147566,14.3696646499213,13.809146684778,14.4170414471372,14.2042102406254,14.1135537213074,14.2035758062141,14.2809895910646
"1-methyl-2-hydroadenosine",16.0892643417326,15.9541226450092,15.8028665544104,15.8655763861855,15.8704798098327,16.0621365616724,16.1267578735123,15.7983746771647,16.0944219557826,15.9434581600215,16.1108787263683,16.0437079567958,15.9790125900507,16.0705220681507,16.0732607389655,15.9944456996133,15.8572443281037
"1-methylhistidine",13.5184712695849,13.9205187668501,13.9456508800102,13.6175087499122,13.9827999224639,13.941438634453,14.0059285973523,14.2096618306462,13.8172321655457,14.3307759783656,13.6340207061672,13.7080830752405,14.0686252015842,14.0006007795223,13.6768874849062,14.2658204726811,14.0901061987038
"1-naphthalenesulfonic acid",15.3898041066825,16.892829141706,16.370271152966,16.6041820729696,15.7018789929387,16.7925018138504,16.1025683011902,16.090837176882,16.7013705010522,16.1658078524004,16.5283773486383,16.9398151327233,16.1825238517569,15.8356434671584,16.9634842723692,16.0756048043292,16.3235566847782
"1-naphthyl isocyanate",13.928132674614,13.8148599734076,13.9926994066718,13.6866073297168,13.9341928809743,14.1521140020686,13.7104420158514,14.0177424936311,13.5514685268043,14.3962381421901,14.2572100025511,13.3463694765557,14.1295589274633,13.9558360421978,13.9156697390771,13.9902679428985,14.1283422264298
"1-naphthylamine",12.9199239969293,12.3826735437075,12.8629403471748,12.6893193881877,12.8084774555131,13.2017806267974,12.56524389659,12.9976100723095,12.2823839831716,13.3635829105345,13.0353957008233,12.153351357783,12.7954847086422,12.8708779633229,12.5449575717059,12.8389626038018,12.89859242005
"1-nitropyrene",13.9891825122292,11.9326559835438,14.0599881566065,11.4818435236333,11.6855442529284,11.4640681306144,13.8432880157519,11.7533206254531,11.4742838500304,14.7123421193818,14.6761693069931,11.6433457973291,14.0196986113897,12.5460565181397,11.7861386081391,14.3718616838108,13.9919293631571
"1-nitrosopiperazine",20.2199288653261,20.2501423366692,20.1023161587939,20.0226499277992,20.0921811936187,20.119528592848,20.0374351548698,20.1379815797395,20.1364462495218,20.0099887599448,19.9477300241789,20.179404705604,20.0559806688111,20.15540602488,19.9947367473031,20.0394504282695,20.0211777274927
"1-o-hexadecyl-sn-glycero-3-phosphocholine",14.864559665802,15.3840168782815,15.5138513994163,14.5692032493375,15.270487456344,15.3835838604555,14.8004547361023,15.4312968105536,14.779029117445,15.3697421855432,14.5490144159757,14.7548666517907,15.2991531552054,14.9392417591569,14.703636486867,15.3476580781618,15.1353568290798
"1-propanol, hexafluoro-",9.72893774892895,13.5314932898986,13.7339433178878,13.4990277786599,13.6535643769682,14.3982571999716,13.7408699870649,13.8135358326071,13.2644342844673,14.3010355954514,13.894303317532,14.0443805905826,14.1492081198694,14.114221941298,14.0381466467949,14.1288642846012,14.1613002987058
"1-pyrenecarboxaldehyde",12.7664247466837,12.3041963463159,12.92558041616,12.8717913328787,13.0560981841991,12.5966733686545,12.5040622064888,12.8448406236741,12.3649934310215,13.3303115464735,13.162728550468,13.293208565943,13.2196531067074,12.9134825708889,13.2453166644888,12.8581743097878,13.2040461060246
"1-pyrroline-5-carboxylic acid",13.9888372848074,13.4634926474259,14.0291964408349,14.6459640693963,14.0371155315467,14.5895866602132,13.7650130835477,14.61518560302,13.6543865990008,14.4435148270821,13.6618324769323,13.6737465680116,13.9403804831228,14.0442936531055,13.4891608497664,14.5059804999378,14.1767077617807
"1-salicylate glucuronide",13.667947447424,11.7210974822887,11.882817777701,13.0723831780686,12.0283564761497,12.1864261008796,12.186981924079,12.032385250315,12.401405535517,12.709493843253,13.7382423766731,14.2895420442407,11.8856138198999,12.2336532171049,13.7571904464985,11.8462428404942,12.0704890573914
"1-{2-[(3-ethylphenyl)amino]-2-oxoethyl}-6-oxo-1,6-dihydropyridine-3-carboxylic acid",10.389306552295,13.8019389656925,13.9614203110831,14.6642766781185,14.1352249176076,14.6958835237144,13.5756003527353,14.3405058368842,14.0396067631394,14.2855527973306,14.4310403977579,14.2881373519858,14.1930218512303,14.299982342873,14.3970714276798,14.3232741777417,14.3201145758421
"10-(phosphonooxy)decyl methacrylate",14.3980981162141,16.4549399257817,15.867727599977,13.8846198635949,16.099487546964,15.9967502498476,15.2866350604069,15.91352411338,15.8287913201969,16.8923429817918,14.834117547329,13.944272770327,16.0491789983314,15.5453629471211,13.6907302081135,16.2246694453031,16.5300361216956
"10-acetyl-3,7-dihydroxyphenoxazine",13.4672137743213,13.1001259166975,13.3396784398649,13.9015477856412,13.419273267166,13.8322860517938,12.3482931210121,13.5697634623618,12.8772427459126,14.1114448993257,13.4638062229193,13.2891344274781,13.4213857943199,13.3565398454986,13.4789427495675,13.5360674122537,13.5206837373818
"10z-nonadecenoic acid",15.3256962307123,15.8704224855036,15.6180315246582,15.0760968081435,15.7157903219512,15.004400626113,15.3903138246532,15.3163175557868,15.2291682796907,14.1046545270674,15.0550963337183,14.7655382713972,15.5440942245667,15.0941011699986,15.1941905577259,15.0022168612981,15.590324960991
"11-beta-hydroxyandrosterone-3-glucuronide",14.5538139535307,14.9205126871787,14.8899703563666,14.0494592587847,14.0454556091239,14.3429217217347,13.3021393770136,14.1080977227831,14.7128587834082,12.7563805462298,14.0662546232242,13.3477576747322,13.9173889255843,13.1923832950385,13.7380310828759,13.2371977905405,13.1632543400824
"11-hydroxyyohimbine",9.72464631874663,12.7499810092218,11.634943520468,13.0156527572989,12.2360877151235,13.5384274249397,13.1956097836305,13.5675878045781,13.2273850975122,11.6206556693006,12.1122354717876,12.5743091770316,11.587691683512,13.2437000822627,12.4986709978375,13.4158157832915,12.4064746820937
"11z-eicosenoic acid",17.6312084072945,17.9268729613545,18.1519031340071,17.4957411855835,17.9878828224468,17.1682421073978,17.632110491501,17.7089974095421,17.5212596986127,16.2426054662425,17.2085307014163,16.9137055563208,17.9072679528837,17.5220743162262,17.4825288123948,17.2395336982079,17.9622640744489
"13-hode",15.1159475407421,16.0256929357951,15.8730952817072,15.6302216572607,15.561226576669,15.320991151228,15.7860944852466,15.7001022240733,15.6667891135062,15.813229140473,15.5070744229988,15.6944896969499,15.6034350882835,15.2377414935701,15.8844928810293,14.8996039620803,15.8781050295333
"13-l-hydroperoxylinoleic acid",13.9693760970915,15.4614809768898,14.1925552061933,13.5219997171086,14.5915386765396,15.2654277241428,14.2305927439561,14.0346054602567,14.5184884781617,15.7948030440959,13.3491436944702,13.7285218239375,14.6090365349998,14.0473451810282,14.3449910329726,14.028121619759,14.0348533058401
"13-oxoode",14.3220231565963,15.0733215367199,14.7836290073525,14.3032592348867,14.7549012320677,14.6278312891057,14.9041402817693,14.5065812054772,14.8577686148314,14.8828427925027,14.4347506025937,14.3972515938372,14.4413978452783,14.2339940038791,14.9076991633337,14.2841660748643,14.9266188602724
"14-deoxy-11,12-didehydroandrographolide",13.1403910553696,12.2217488073155,13.0291111303568,12.9026182503446,13.9085627673125,13.0387951059199,11.8918938592535,11.6633655536348,12.2201895148414,12.6795718410274,13.8318463870565,12.7160443969694,13.4323827406949,11.3016661034586,13.0272432114092,12.1413708234502,12.0786840999956
"15(s)-hydroxyeicosatrienoic acid",15.8048361274027,15.8359422051889,16.2233575171409,15.8833757193992,16.0740686344676,15.6311113266375,15.9028582406552,15.8152411944771,16.0297702567085,15.2441059670816,16.5720450962332,16.3438480302905,16.2250464770419,15.4617731101018,16.7642395186535,15.4359190376617,16.0792543249773
"15-deoxy-d-12,14-pgj2",13.1888526777922,15.2313782934406,15.0143944407032,13.4722464383454,14.6171625184046,12.9886503811838,15.3231254888315,13.3475617825947,14.6133985512716,14.3756593178695,15.2755247519588,13.2205429957055,14.3432106925546,14.0828835149003,13.2569830536332,14.1247371605237,13.4040968475664
"16,16-dimethylprostaglandin e2",15.7193865974121,15.5267203249823,15.119022802683,15.3767388682866,15.2415950101496,15.249998712099,15.2861352197768,15.2276467144961,15.4762079848048,15.4055096346832,15.4789697404738,15.6432104817413,15.0530266159293,15.3399669853664,15.4226611798771,15.2443499987391,15.0152506559233
"17-hdohe",16.0110676904222,16.6422329962169,17.3550004387372,16.1668874623984,16.5707273465734,16.1705142935864,16.6124805175756,16.6904087225033,16.75689282545,15.9041785144935,16.334037183338,17.168759505767,16.9241598786552,16.421400133736,17.2740399554734,16.3949849900035,16.6890974515961
"17-hydroxyandrostane-3-glucuronide",12.055104857901,11.980213404306,13.757218258694,12.7521277900592,13.828763503333,13.5608480075093,11.5528516053721,13.7170992084421,12.2507044248855,13.4448497613735,11.6521463669033,11.3914516140493,12.8236437465668,11.9457414835074,11.1216885259205,11.8135320590506,12.7016820729709
"17beta-estradiol 3-sulfate",11.3836223300052,11.3958234565172,11.4119011531487,11.405771466734,11.3986825181176,11.5590585718955,11.4707443016985,11.5155577057171,11.4151576733709,11.9106343416316,11.399815209652,11.4556167667942,11.4929784898571,11.4067508891997,11.3984679171316,11.4440686813294,11.4419835243401
"19,20-dihdpa",12.7262456107525,13.7280324154658,12.7036134738487,13.3202474390816,13.0538964720751,14.1553547733121,13.6578386513147,13.7167234754391,13.9609283272411,14.3385685445594,12.5794740494081,12.8921001109295,13.8387327510838,13.3474569559966,13.6631559314968,13.5101649336986,12.4010290950535
"19-norandrosterone",14.8486056158477,15.176821576305,15.1100639954018,15.051433928457,14.8223516516072,14.6163228509173,15.4637420140698,14.8805223757947,15.1435932049913,13.1518515219398,14.5786467851324,15.0494333621316,14.6659028453103,14.6566185931731,15.1754602947541,14.8851243495337,14.7538614151662
"1b,3a,12a-trihydroxy-5b-cholanoic acid",16.2594844445233,16.9857214202808,17.4324326167171,16.2762637856875,17.7371847103989,19.4586513370071,17.3906758913504,17.2041442028297,17.2664972236219,20.4856821948424,16.573457175524,16.430886814291,17.8708927618416,17.2256019735924,17.1278228849281,17.8654380855189,17.7290748007801
"1h-indole-2,3-dione",17.4867885716046,17.7320787529792,17.9550087849416,18.9997766955047,17.7423083676005,18.4796457124031,17.4659565146149,17.7269427530904,16.9201971357311,17.8273200586591,17.9418342363662,16.8487932545664,17.3344087721321,16.8514278381256,16.6766392932791,18.3454382069478,17.7279576773912
"2,2,6,6-tetramethyl-4-piperidinol",20.2264148605784,20.0400035348829,19.9859686530892,19.9948911590531,20.0425755770929,20.1934758174681,20.1075605963532,19.9708753293783,19.9923928652249,20.1629004774379,20.1301854172561,20.1858271332706,20.0353700382112,19.8410413828591,20.0062435367822,20.1646169109238,19.9877217275442
"2,2-dichloro-12-(4-chlorophenyl)dodecanoic acid",13.3006019628359,11.8483085790374,13.5630273613432,15.8566038368049,12.920508791055,14.8030164495567,13.221092340154,14.3480540458788,11.864481957591,14.8592019395014,13.7501888031421,14.2996115555231,12.9097900389705,13.7960428475472,14.5218478227158,14.5320605701085,12.9824014118935
"2,3,4-trinitrotoluene",12.09413311611,12.476080759722,12.8356035103,14.0935409153141,13.2357282317938,12.6514891762434,12.9932547559264,13.1451914250108,12.580582977202,13.0150628640527,13.04718362553,13.4261231082578,13.1620213230503,13.0336257091737,13.1835757020744,12.6768814331781,13.2028079046046
"2,3-bis(3,4-dihydroxyphenyl)butanedioic acid",13.784529603526,13.962975980468,14.6078010316069,14.586297070123,14.3364241615205,13.9392188679026,14.2149712733832,14.4886014890031,14.3156895408793,14.1370642773369,14.9414710343219,14.789835393766,14.5145598398291,14.4042549742732,14.9010033494766,14.2643708604431,14.5200868931774
"2,3-diaminosalicylic acid",15.7712222212239,15.9309676023332,15.4933238297096,15.4064819288339,15.371628867294,15.6702285007778,15.873535032341,15.5312053556841,15.7015376951337,15.6071337197723,15.6594623630666,15.518894439578,15.5334086607712,15.7930820760473,15.4606523336556,15.7974680475218,15.5410712886387
"2,3-dihydroxy-5-methylthio-4-pentenoic acid",12.9109381131796,13.1008241510918,13.0187803054606,12.7062331489254,12.9274252731672,13.1944016281456,12.47525177789,12.8325584575897,13.1865538575849,12.9912924005216,13.0476774874933,12.9896660204979,12.9399976100687,13.3476865525572,12.6618451528574,13.1757782771707,12.8366645373407
"2,3-dinitrosobutanbildung",17.6020278792136,17.9781772346407,17.3255190855949,17.0683572230147,17.4238467587426,17.3340673200752,17.5468156413222,16.8799482531234,18.3672289428688,18.3581243198553,17.9224234881973,18.5758983725151,17.8169415895297,18.0305399595635,17.935981493186,17.4869418444138,17.6714342011733
"2,3-methyleneglutaric acid",16.2270462866356,13.5334081940048,16.2295295809795,15.9231071474897,15.7814504347066,12.226382321593,12.8144817117768,13.5333673412952,11.8320551128966,17.1294086929271,15.1648008530612,15.7379064492655,15.6501195759395,14.582677574119,15.3786678412082,13.0221355201395,15.6773966190627
"2,4,6-tris(dimethylaminomethyl)phenol",12.7219069704482,13.3482243801393,13.2640988666941,12.0639040846014,13.1049484125797,13.3771305265229,13.298280817253,13.2871140361559,13.4867838135973,13.7285460469134,12.7545950315492,11.4240302461511,13.3596347495425,13.2283229381973,12.5667089078277,13.0953907112489,13.2910013774494
"2,4-bis(2-methoxyethoxy)-1,3,5-triazine",16.078350636438,16.2379124325604,16.2283228356607,16.0914169029915,16.1510978290914,16.5536764480842,16.160682604085,16.0928541534363,16.0025604922192,16.4601596227933,15.70546759266,15.7426680625714,16.0739194138828,16.2480681684161,16.003915494417,16.1896865634733,16.18906986059
"2,4-bis(methylthio)butyric acid",16.3976322078243,11.4450882069314,11.2493123724708,16.7552106396098,14.5004625453481,15.0211144356687,11.5734926160942,11.2766828842324,11.2833183349838,15.3691611731696,14.7837609696996,15.1660702782516,14.1739191263579,14.474862955097,15.7909415563448,14.7320957042014,14.3506151803198
"2,4-diamino-6-dimethylamino-1,3,5-triazine",11.5338008795398,11.4691794751495,11.1391777067225,11.4056731163435,11.3882386513844,11.1405373667328,11.4902434769071,11.3036421263868,11.9015175676605,11.322089757225,11.39299920117,11.4162267875258,11.2192589590457,11.3564142804354,11.3866704057253,11.3883349109799,11.3062469555598
"2,4-thiazolidinedicarboxylic acid, 2-methyl-",15.3874032006554,15.1425249899619,15.907638295949,16.5391352865928,15.8605455497255,16.2876959141592,15.5106422069216,16.510485122954,15.5942974684038,16.2578363133165,15.539116552944,15.4975806205979,15.9103911305299,15.9557028380736,15.3431988688342,16.423791744424,16.1079905047573
"2,5-dioxopyrrolidin-1-yl 4-(pyren-1-yl)butanoate",12.6676742361723,9.8040033048348,11.8051944645664,12.7600224585448,11.7218233699201,13.4163144806971,10.8404492874614,12.948830248329,10.2372144397375,14.4824690313131,11.7791490784429,12.2931538132058,11.9365112630139,11.7626264839211,11.6984401747322,12.9503405602951,11.927315303648
"2,6-di-tert-butyl-4-hydroxymethylphenol",15.4337015839076,15.4347224686238,15.0965966626656,14.8814234071475,15.527983389222,15.6080950546627,16.3032628399394,15.0770964802241,16.239808633921,15.1517149863075,14.6225020733994,15.1946847208927,14.9618544013594,15.4938142156016,15.1638434509846,15.1477680626932,15.4898693746732
"2,6-dimethylpyrazine",13.2095727534998,13.5281078472625,13.3847809311446,12.9792231830638,13.2750772586047,13.1978823038326,13.4739834239484,13.3200341783342,13.5084082023408,13.1666818237638,13.6284848005576,13.7914955002345,13.3886057955858,13.5340211477133,13.4470332469673,13.3186340647357,13.5334175117596
"2,7-difluoro-4-methoxyspiro[fluorene-9,5'-imidazolidine]-2',4'-dione",9.98362715994259,9.98399746036675,9.99273267844928,9.9915269312712,9.99430373045288,10.0013958769576,9.9998354055054,9.98753243962144,9.98241091810702,9.98241091810702,9.98753243962144,9.97556236126847,9.99587243662381,9.99587243662381,9.9998354055054,10.0045098784579,9.97678654099467
"2-(1-adamantyl)-1,3-dioxetane",15.7130010130663,16.1058197171748,15.3073145116763,15.5463746678308,15.8147485721413,15.8807866370415,15.9782141796791,15.1463013946864,15.6413257621661,16.1448880991197,15.4170591418512,15.766420999099,15.7547042329408,15.120748072714,15.7287339377239,14.7886066833985,15.6225660161138
"2-(1h-indazol-3-yl)acetic acid",15.7851162602795,15.507425561089,15.2489545241505,13.1531830052327,14.618581446524,15.5281247079974,15.5860529030901,15.2414623051263,15.4861381566585,14.4654011354917,15.6735141255265,15.4890921516208,15.1635976531794,15.7782195700723,15.0753704965456,15.6143627158339,15.0632646902188
"2-(2-aminophenyl)-2-oxoacetaldehyde",12.4556639406216,12.4289839062175,12.6006048966841,13.0381485412543,12.6208680059652,12.9896883414868,12.4942470095601,12.8722983803973,12.2601964485414,13.1091745425377,12.1663481358698,12.2098989082991,12.6110063654229,12.3545709975808,12.493594756261,12.8734034566673,12.5964663036983
"2-(2-cyclopropylhydrazinyl)-9-[(2r,5r)-3,4-dihydroxy-5-(hydroxymethyl)oxolan-2-yl]-1h-purin-6-one",13.5439518610276,12.910650877933,13.5517363633516,13.3691981332325,13.7202655552328,13.4707474322969,12.9999317281951,12.5498579339596,13.6358674384004,14.1514490340861,13.9437319547416,13.6663518476843,13.0312054536497,12.5695668185607,13.615674373524,13.7122417115407,13.0913164610705
"2-(2-hydroxyethyl)-4-oxohexanedioic acid",10.3286576961114,12.5928795477103,12.8112223548539,12.8826594272767,12.7937732988856,13.3713893757358,12.5496281954789,13.0971793441756,12.4845450123144,13.6999830046286,12.7157580999181,12.8947138202039,12.6170527005955,12.5991600955718,12.7545886348807,13.0890644931779,12.7772332805081
"2-(2-oxopropanoyloxy)butanedioic acid",13.5175684057743,13.2866846485165,12.8581081814795,14.0427693981303,12.8973272886514,13.4109085591948,12.9115544941217,13.1939783997945,13.261696552222,13.4402550974753,13.23902205418,13.6183216002003,12.9687359222551,12.6994564584219,13.6554369142742,13.1767544481177,12.9469662102757
"2-(2-phenylacetoxy)propionylglycine",11.22591736648,12.0228596929242,11.1661440751118,11.1443790615428,11.2286015606411,11.1680769958795,11.3257403128779,11.1673312498123,11.3253640766856,11.2101622304934,11.3384379253811,11.2080152886153,11.2874008455356,11.3065541634215,11.2050156376745,11.305520767481,11.2115909796421
"2-(3,7,11-trimethyldodeca-2,6,10-trienylsulfanyl)benzoic acid",14.3741574189467,14.1741579388796,14.2220760843806,13.9519982599633,14.4243892125933,14.2321238031948,13.9932713570989,14.4288279062942,14.3221083680909,14.5689084212451,14.3798613958982,14.4065153280657,14.4412557706745,14.3671290403409,14.2567085059181,14.33033947494,14.5005425931376
"2-(4,4-difluoro-1-piperidinyl)-6-methoxy-n-[1-(1-methylethyl)-4-piperidinyl]-7-[3-(1-pyrrolidinyl)propoxy]-4-quinazolinamine",16.068146615677,16.3051360390536,16.4450344049564,15.8320010037064,16.2859391511097,15.9004873515191,16.0334843496616,16.1270664739117,15.7196359046662,15.5176779903744,16.6283736923028,15.8540121492624,15.7001354026935,15.7685560809312,15.8878690441368,15.7942811890697,16.0642645706956
"2-(4-(methylamino)phenyl)benzo[d]thiazol-6-ol",15.184658942984,14.437746163109,14.1500051935427,14.6670301869811,13.7082951138095,14.668860065242,14.4937181225095,13.7306974476387,15.7936446219873,14.7264896264216,15.9664293231256,15.9971878345243,14.2653175127175,14.5545913656584,14.9083701833192,14.4691753370769,14.6066963570198
"2-(5-chloro-2-fluorophenyl)-n-(pyridin-4-yl)pteridin-4-amine",12.6215102805584,12.1551194317968,11.6516612383351,13.7320851612901,11.5896649791336,11.6869836109995,10.3564449473841,12.9565094938103,12.1146456197959,12.6336384840915,10.4983068758982,12.9051008835299,12.3485178398072,11.8950852566381,12.6824974379749,10.0610669396524,11.3798376683029
"2-(5-fluoropentyl)-2-methylmalonic acid",12.9144827878376,12.9219467820001,12.7991850705726,12.8522748501486,12.9663866609245,13.2410742577121,12.9923187365023,12.9862344621086,12.4285653899834,13.4005199661714,12.925228673391,12.5143397431363,12.9771291221298,12.9235747856828,12.7946490573076,12.8812870835483,12.9745838817365
"2-(6-(5-chloro-2-methoxyphenyl)-4-oxo-2-thioxo-3,4-dihydropyrimidin-1(2h)-yl)acetamide",12.6167794238851,11.3500586998143,12.0255350731539,13.118237323236,13.0763772740234,11.39372892768,13.1777518979154,11.1067350730582,11.8471107968041,11.8392401275761,12.8759763645333,11.4326670498595,13.5978187184266,11.3039717607044,11.3731898884082,12.6698538794014,13.5132887607346
"2-(6-hydroxy-4-oxo-2-sulfanylidene-1h-pyrimidin-5-yl)propanedial",14.5227757560612,13.1428087129032,14.2268954139176,14.8696076276969,14.7704372853222,14.7576074092185,14.3015554916413,14.8071726015638,14.4718595279983,14.1171417777401,14.5247932614483,14.6099836795211,14.5958678403107,14.4559290334133,14.5193417203935,14.0212829120017,14.5606865900577
"2-(methylsulfonyl)pyridine",14.2818536189269,14.4698483787855,14.6671086907337,14.564754507026,14.8018569255588,14.3415110163423,14.7661061553224,14.6430773543594,14.3584892416368,13.6262204124419,15.1561023154228,14.6209308693693,14.7815209611008,14.7691811090569,14.73170373549,14.5448964759232,15.0584997588975
"2-({6-amino-3,5-dicyano-4-[4-(cyclopropylmethoxy)phenyl]pyridin-2-yl}sulfanyl)acetamide",9.62854104102105,9.64788367961187,9.6463441810175,9.64002407177346,9.62506532472877,9.62632246105739,9.64419991676022,9.63382455819878,9.65333031130793,9.63299228297309,9.63719471550617,9.64896038497502,9.64716646847395,9.64566478246083,9.69078003439109,9.62407184624664,9.65741780219605
"2-[(2-amino-2-oxoethyl)-[(2s)-2-[(2-amino-2-oxoethyl)-(carboxymethyl)amino]propyl]amino]acetic acid",13.9772082962144,14.3207351942416,13.2412044826848,14.6125097424421,13.8350778012903,14.9546133754724,14.2915620944355,13.9942299518177,13.9689415960972,13.9879814490291,14.2288935191431,14.0821166886374,13.8500412280278,14.1440124160443,14.0523461012361,14.6086931325025,13.4900037864659
"2-[(2s)-2-amino-3-carboxypropanoyl]oxybutanedioic acid",15.4854758317031,15.088745133558,15.1238137038063,15.9015671009331,15.1069645399195,15.099097835869,15.0824886387853,15.0844367959702,14.9499326431463,15.0722312443894,13.2383487757347,14.639379833737,14.9955754847023,15.1081580159849,15.0149738300585,15.1636658251078,14.9941991985053
"2-[(3s,5r)-5-[6-(2,4-dichlorophenyl)hexyl]-3-hydroxy-2-oxooxolan-3-yl]acetic acid",10.2787894680313,10.1851646373651,10.1713296574129,9.50310267389776,10.105508424483,10.1574145055024,9.97894459005474,10.0578058209751,9.12810170345394,9.80872335931812,10.5287853877018,10.8927175799677,10.1146934941557,9.31517026132391,11.2303003416416,10.0895908934055,10.1490298487064
"2-[(4s)-6-(4-chlorophenyl)-8-methoxy-1-methyl-4h-[1,2,4]triazolo[4,3-a][1,4]benzodiazepin-4-yl]-n-ethylacetamide",11.654867500128,11.6361415054562,11.4952260009552,11.6803313158719,11.6356012460313,11.686736700057,11.6515264372673,11.659668688213,11.661605920492,11.6839582517628,11.6859823596464,11.6905556688087,11.6493455007156,11.658424250167,11.6771510541487,11.6603902923859,11.6499898333202
"2-[(6-aminopurin-9-yl)methoxy]ethyl dihydrogen phosphate",13.2115360951754,13.5320485987239,11.8992463016728,14.002898393944,13.5509169199367,13.9918405418223,13.032893626594,13.6588529663857,13.6388833468879,14.4388728874954,12.197459041136,13.3431198937138,13.7779609014574,13.7996245602904,13.7767797146334,13.631024576009,13.3513688875609
"2-[3-(sulfooxy)phenyl]acetic acid",15.1044566733896,14.7831358490163,14.7041214843552,15.1143696914559,14.7519258422696,15.5591491022467,15.9534932707988,14.736986597297,16.2955086445377,14.7252986216595,15.1550384043551,15.1930402722257,14.84816847798,16.0293018688067,15.1711579388329,14.9697806108307,14.6947435573945
"2-[4-(dimethylamino)phenyl]benzothiazole-6-ol",11.7276385716698,11.513569261344,11.5226218887398,11.5362027015032,11.3057059891273,11.5282172165729,11.488093799014,11.5166387576751,11.5154592961183,11.5522403234141,11.3954659104038,11.5273072754643,11.4907936261222,11.5101254488803,11.5519321832536,11.483246630558,11.4966874432107
"2-amino-1,3-propanediol",19.2173318591328,19.6725889150479,19.7829171271475,20.045493451625,19.6777386320098,19.8797652989772,19.4136131651534,19.9134645122999,19.4369773056301,20.2020011993909,19.490183386371,19.6603937027972,19.5934620000465,19.7173709284951,19.6359411792548,20.0555993566731,19.7103500158838
"2-amino-2-thiazoline-4-carboxylic acid",13.8539623052188,15.3674663233251,14.5543062417509,14.6846066270366,14.5004494733633,14.5762778459175,15.1607117824402,14.3545488955296,14.8921138178178,14.6204723018354,14.0613554433485,14.7686399650264,14.4324998334885,15.2012466401821,14.5275525818275,15.197312516103,14.1540291912042
"2-amino-3-sulfanylpropanal",14.2249443911865,14.266456908359,13.6611828001994,13.9430483928149,13.8893988092331,13.4781789015067,13.6537862682242,13.9358633741302,14.150756163679,13.7123545554789,13.6477474514671,13.9119332043968,13.8102704839304,14.3002480562531,13.4485407506053,14.2271121416033,13.7684962779841
"2-amino-4,6-dinitrotoluene",11.557648668853,11.8223409030144,12.6894642818697,12.115359537309,11.3424947721844,12.16551940201,11.4650315988989,12.2904211395853,11.8863912307343,12.1131589956402,11.4525228161251,11.815075152074,11.234864046714,11.3623520178186,12.2590307390041,11.894018462696,11.313911595335
"2-amino-4-[(2-amino-2-carboxyethyl)disulfanyl]butanoic acid",12.2755243945647,12.2800323399914,12.2780299913377,12.7167389501332,12.2166372859432,12.3075880281543,12.1384492143106,12.2284564961027,12.238321169643,12.2280411166314,12.2079007271582,11.6152466532202,12.1391857979991,12.1233630731748,12.2124267945212,12.2029568678682,11.1577225314812
"2-amino-5-((1-((carboxymethyl)amino)-3-(methylthio)-1-oxopropan-2-yl)amino)-5-oxopentanoic acid",11.7111888627818,12.1555772430819,12.2506522778164,11.8901279049416,12.2622147441414,12.0818318722511,12.107088160086,12.0096393085533,12.5454810276916,12.5115564241623,12.2386041230615,12.9740198646908,12.205189729142,12.2131669897356,12.2281008485675,11.9741801713699,12.4078157547228
"2-amino-5-[[1-[carboxymethyl(sulfo)amino]-1-oxo-3-sulfanylpropan-2-yl]amino]-5-oxopentanoic acid",15.6995273596026,15.7419398834254,15.4518936575387,15.5113870497969,15.2807094203708,16.887651223864,15.2093832967355,15.4533343311313,15.5373462534899,17.0032022202126,15.9310926074834,15.5680066577228,15.0356433823744,15.2237581582545,14.9940219996106,15.6589337437842,15.4137134260292
"2-aminobicyclo[3.1.0]hexane-2,6-dicarboxylic acid",14.1278864483285,14.2780771506877,14.0647458742371,14.1811742043392,14.1265158143049,14.1559364107557,14.2438270923854,14.0544445187493,14.1380893955153,13.9734717361697,14.0913756475294,14.2525850979517,13.9325131818003,14.244755331554,13.976012075193,13.9735529037797,14.0161566189663
"2-aminosulfonyl-benzoic acid methyl ester",11.771385223337,11.8016881126797,11.4968857716091,11.5730953832451,12.236138015316,11.7662636118051,11.8767285562756,11.7445958304787,11.7743625234575,11.7653571138225,11.7383364956764,11.7245790337081,11.5317196346709,11.7995620915387,11.7276580384759,11.7497074507762,11.7131702627414
"2-benzyl-4-chlorophenol",15.6750201314169,15.4492022144946,15.2091265554552,16.3461342666287,15.1246350294899,15.3017606232482,15.353810051295,15.2248067186926,15.1894320536571,15.2918136541811,13.9218540462847,14.5367098934253,10.6832717432881,15.2759854780295,15.3375322269049,15.2517635548954,15.1089834944349
"2-chloro-n-[(z)-[3-hydroxy-5-(hydroxymethyl)-2-methylpyridin-4-yl]methylideneamino]benzamide",11.9574255649356,12.0062935092392,12.112379301397,12.05644970157,12.051936927035,12.1270207105088,12.0188179794687,12.1593341921572,12.001366629982,12.0129656247086,10.497400928212,11.9430452974093,11.983577388715,11.9974187175564,11.9983932606649,12.0990292647053,12.1684028750119
"2-chloroaniline",16.8652441096399,17.0440945467739,17.1185380664111,17.1135538174517,17.1048985230512,16.9900739356223,17.14297439899,17.1408302805119,17.1154539603094,17.0620953604275,17.2836169904589,17.1131798249762,17.1370021914586,17.0186353398301,17.0983575935091,16.9660394556917,17.1003716483162
"2-ethyl-2-methyl-n-(6-chloro-4-sulfamoyl-o-tolyl)succinimide",13.5112912246612,12.5697569000195,13.3050770982301,13.4952568907457,12.6241070243673,12.8878251361799,12.0321980551485,13.0906957495735,13.2641191310742,12.8037193165338,14.2299683204003,13.4943843189201,13.2241757287401,12.5237292732677,13.5498128853096,12.0597581970291,13.4376179753605
"2-furancarboxaldehyde",13.6441304928873,14.4005814137688,14.0863250741757,14.3256301298209,14.2031521027576,13.9790047292995,14.6521586339625,14.3040409098607,14.5254958612966,14.1110778775234,14.479970074867,13.9897128052735,14.1150288512981,14.4388334881742,14.2808448005523,14.024956206276,14.247898653027
"2-furoic acid",16.5581694898899,16.6324207134004,16.4704066417049,16.432312852159,16.447399311701,16.5826004724004,16.6752114636339,16.3079885940632,16.4810417669323,16.2440427953823,16.2547556965544,16.0134900384363,16.4393666357708,16.6405446404505,16.2460759196554,16.3386930107516,16.3779413144546
"2-hepteneoylglycine",13.7421563690109,14.0716568513365,14.0694388121731,12.6133512892459,13.9401472560238,13.8134934091344,14.3770125720269,14.0659667627928,14.8188564335461,14.1941259241241,12.3237761255128,13.7433449030142,13.8814295445126,15.3055035421395,13.2957670478475,14.4155550401545,14.1447542469971
"2-hexadec-7-enylicosa-8,11-dienedioic acid",16.2941646236983,16.155068369959,15.935200155958,16.0442126658429,15.9922474654884,16.176235505961,16.135475942787,15.9626741400174,16.1369824993752,15.6346128216158,15.908617385829,15.4636127718201,15.9677604310015,15.8941596834744,16.0065095941113,14.3347278753049,15.7741570436523
"2-hexadec-7-enyloctadecanedioic acid",15.2212311186219,16.1966665278279,15.8050138324628,14.8687683685415,15.7867908041197,14.3762446668078,15.7741372838964,15.0067212833442,15.1947328501926,12.2168672389857,15.3490791900344,14.7065280094745,15.6919622315087,14.8432098096905,15.4702237052223,14.2174319533267,15.4360334475991
"2-hydrazinopyridine",16.5057182942757,17.2689265053724,16.9783279385012,17.2926407460119,17.0571230968391,17.4516149724549,17.1839402552994,17.3286123286709,17.1101950513748,17.5493295857363,16.901820253825,17.214353683739,16.9914410952507,17.2697281016131,17.1359482458864,17.4261676728159,17.1054648291615
"2-hydroxy-3-methylpentanoic acid",16.7968113788873,16.9988902635148,16.9877449945197,16.5480463911035,16.9431468130895,17.0348766310224,16.7705175099339,16.7193020906313,16.5635877306783,16.659749071989,16.6639817693952,16.8820374413243,16.9373682284833,16.822369808209,17.0276515208564,16.6839292993452,16.6756146438555
"2-hydroxy-4-methylthiobutanoate",15.0020872908948,15.0295926082813,15.2615141704557,15.1926732643409,14.8629832212385,15.3368868973387,14.9341798972092,15.1008672806837,14.6919016684885,15.2105719233316,14.3291437043825,14.6292836407817,14.9335279305288,15.1068654432629,15.0530039667608,14.9361676508699,14.9331756749306
"2-hydroxy-4-methylthiobutyric acid",12.8308191717928,13.5605838199623,14.069235578678,14.1484235525888,13.8012950550468,13.0991397283525,13.3611681638879,13.9186852552172,13.7421829756179,13.89263558485,14.0713009255536,14.0238456254837,13.6971151652887,13.5029595874802,14.1201209817793,13.5160279644284,13.9354672328196
"2-hydroxyacetaminophen sulfate",15.9058715352912,15.8933548801024,15.7348265753059,15.8417045920359,15.7371394176448,15.6875573002369,15.8442411651134,15.7828279470751,15.7491637209964,15.9440655631959,15.7895562585909,15.8195142511984,15.7472085152934,15.8303639241395,15.7862389274552,15.8356249688269,15.7667149049359
"2-hydroxyadipic acid",17.510149547784,17.6432595788735,17.4055937935548,17.6174862126366,17.5223377098303,17.2873899738674,17.9591486725352,17.4825427004921,17.7993144572634,17.4069564440557,17.8119300745501,17.3415391690277,17.5534252547621,17.8345368298304,17.6650747479309,17.3661912088854,17.6946255629402
"2-hydroxybutyric acid",17.099876953737,18.2013507712506,17.2085033505693,17.0735292328934,17.3771308541874,17.5923673635641,17.7269601969573,17.3153768716681,17.6441585816108,17.2026843732031,17.2857734669304,17.3004064097981,17.4256392390848,17.8369144233853,17.0473400557828,17.6737283203659,17.2174303407355
"2-hydroxydodecyl methacrylate",15.2987285008722,16.805331501471,15.5513604206153,14.8307023677746,16.0237777982691,16.0379047116094,16.5747677706402,15.157787104351,16.2758254395374,15.6765818984817,15.944580109573,16.1873354365393,16.3465152007232,15.410829928342,15.7850071803855,15.7019773716208,16.0868207276441
"2-hydroxyethanesulfonate",16.0034510479051,15.8363614614779,15.2360766156342,15.4297599915067,15.2056183196295,15.4785607918327,15.8402689555576,15.2025134815493,15.6574208018585,14.6817325875522,16.2069085270026,15.3276957571262,15.5688756882432,15.6796041132388,15.6043885693233,15.5728654090936,15.206285548039
"2-hydroxyhexadecanoic acid",16.1375276302451,16.6457264278936,15.9347715537094,15.4753118171088,16.1568166042998,16.137670353767,16.4391459770927,15.5754044948658,16.2087088920107,15.6875206017344,16.3328117251373,15.837853754413,16.2435299454602,15.7317471327752,15.984692815165,15.6951420161516,16.0370330204108
"2-hydroxymyristic acid",15.1611199514569,16.47962100799,15.3382001951373,14.8498938602094,15.8640553520791,15.8784942166711,16.3261729391678,15.0134709876502,16.077501866423,15.4653522616925,15.6667097646665,16.0272219905861,16.0318780560934,15.1494667430888,15.5365058668085,15.6158095800294,15.7451913591359
"2-hydroxymyristoylcarnitine",14.5764251917306,14.7927877979895,14.9294152660202,14.5859733282309,14.9035191824773,14.8799777311749,14.9916202486211,14.538569433802,15.0473386467944,14.6901810169063,13.8238904627701,13.209781455326,14.9499706847133,14.3141071925613,13.8419429276292,14.8243475372371,15.1528307561319
"2-indolecarboxylic acid",14.9773183429979,15.6578627155677,16.0847825213892,14.8379845566259,16.0283652931088,15.4712576834133,15.2839529905587,16.192547789387,15.2601131526711,15.9970244544031,14.5042692488778,14.2084435859343,16.1421267937847,15.9699747419296,14.6733286561644,16.138395451263,15.9090873951353
"2-ketobutyric acid",16.7324363909183,16.7593389085155,17.0023736810036,16.8068435524548,16.8128539193239,17.6458906223658,16.9088989624609,16.8339615680376,16.3722317900555,17.4053279501784,16.9363879443541,17.1655314785002,16.9951641188331,17.0095271076317,17.0882265144346,16.8259470331111,16.8409513006551
"2-methoxyacetaminophen sulfate",13.5451483645344,13.0973160175187,14.2995169660329,13.3876562218612,13.9821900660029,13.0704852614237,13.2796132257077,13.9727134298534,13.5631477827898,13.9052576162211,13.8596953664338,14.489171598099,14.0836897772851,13.3697402182307,14.4000265949039,12.9677516483156,14.0562268972388
"2-methyl-3-hydroxybutyric acid",19.566195506879,19.5174080150432,19.7190055528182,19.4509458071793,19.572511316067,19.4092824318924,19.3853966298233,19.6278037688562,19.1239380349618,19.4360000175006,19.5857044245223,19.4179024183243,19.6411007375467,19.478133403723,19.6289521123414,19.4225059347703,19.6922789594624
"2-methyl-3-ketovaleric acid",18.4700044471336,18.253673515787,18.3442298181323,18.1340843554848,18.3483269774175,18.836611031569,18.2043018431983,18.4306106756211,18.0692369789325,18.6190938232668,18.3329879466846,18.0584162274093,18.3798331927327,18.7256192504846,18.048997747051,18.562600611924,18.3162067076086
"2-methylbutyroylcarnitine",15.7950864763225,16.5731859579738,17.1819163144964,15.6153953108895,17.2099509355507,17.1280403798444,16.5731033000021,17.4006691216952,16.3258140588086,17.5631404407157,14.642804864695,14.9911988531828,17.1584284902142,16.9301527292482,15.5928447067775,17.0158138357215,16.8606537514406
"2-methylbutyrylglycine",15.9383722214895,15.2722652148325,15.8524151095814,15.6065358684708,15.694462276233,15.9328478375951,15.4541921583519,15.9039132970951,15.5886135525871,15.2449358045365,15.3131512932128,15.9384916808402,15.9651177892479,16.347792440333,15.6450522041322,15.8734010114908,15.7130603994845
"2-methylcitric acid",14.7550721446985,14.022006862588,13.4381260472361,14.6581390703435,13.3700199195446,14.9705734314024,13.8619341136001,13.7520300630419,14.9436824789908,14.664110037511,14.5328362396632,14.9483872707253,13.6410904288214,13.631603417529,14.7233478598076,13.503977942559,13.9622662048111
"2-methylthiazolidine-4-carboxylic acid",13.8622167445651,13.9115445359893,14.5009522146213,14.4918637420744,14.2838299785736,14.4597921609959,14.4340035664006,14.5108429053844,14.4237581137273,14.9020848903547,12.7953313944302,14.3519478377678,14.1325380085494,14.0972006093542,14.306436584566,14.1659948789047,14.4793494443147
"2-octenoylcarnitine",13.6226463695378,13.99073481798,13.2704216671173,13.318796391846,13.007766676847,12.6034153063332,14.3692059266212,13.9184140014175,14.0955347536245,14.5324453915602,11.4647472996105,13.2943808094278,14.3255127931291,13.9982666796412,13.5969285556062,12.9790669916383,12.8658781732807
"2-oxazolidinone, 3-[[(5-nitro-2-furanyl)methylene]amino]-",15.5824921337183,15.2592651388968,15.458016465639,16.0062370226847,15.5928602262092,16.134383732794,15.1268028748828,15.9800994979874,14.9626562520295,16.4348368625567,15.2948420111097,15.5154784569902,15.4820909657298,15.5373421148657,15.4644506094688,15.9535290635209,15.6138249005828
"2-oxido-1,2,5-oxadiazol-2-ium",15.094695767852,14.8795206377585,14.8150329006248,14.6075609289418,14.75362975781,15.050216288285,14.6930779975517,14.6675138216502,14.8272269696834,15.0011127815871,14.8235306479803,15.0856525888694,14.8603825236443,14.5983470273294,14.6877737988949,14.8789016839497,14.6713244454694
"2-oxoarginine",16.4726300123837,16.4846060415998,16.4152916701939,16.5960461855616,16.4899411853774,17.0204733977561,16.8301074111835,16.3588044177242,16.834274440042,16.3692010904294,16.4749077625207,17.0746064259909,16.4126944410082,16.8013091907038,16.4865545422279,16.6198686288934,16.3054562724467
"2-phosphoglyceric acid",12.7793383735444,13.4402465689529,13.4041272226131,13.6428518989456,12.9524497271962,13.3810516131263,12.6866661141279,13.1199949884543,13.5146336424921,13.6244898220855,13.8112518630989,13.9014678018103,13.2893715070425,12.9759352033432,13.9254720869068,13.0991706175919,13.0189909094802
"2-phosphonopropionic acid",15.6062847516145,15.4364315181553,15.8257233731268,15.4989650156497,15.5911158556621,15.3080575426858,15.2983866016257,15.6039452645204,15.2712829215036,15.4881513585137,15.9881782414865,15.7480268317344,15.7155641768749,15.3790532870875,15.7082359618225,15.2980721648445,15.4827673862485
"2-pyrrolidinone",14.0374768918499,14.6938937448492,14.8613256491884,15.6026485776418,14.6502243436559,15.0772019393388,14.9407794871484,14.9170547066315,14.867830500785,14.8834509759655,15.1540841139384,15.3068722356281,14.7236317543275,14.7923885191001,15.6603760907591,14.9676771349016,14.8916917365819
"2-thenoyltrifluoroacetone",15.4200544740925,14.4100796659263,14.0939853844487,15.0819725658234,14.1709332366786,14.6110077698402,14.3712085035219,14.3683417186693,14.4399554827905,14.5928759494508,14.670909462242,14.918941240205,14.2324777236971,14.4241117803402,14.8446812698455,14.6142731519492,14.1574975241853
"2-thiouracil",13.5853779215622,13.768758571535,13.9165627339794,13.8093370534296,13.897707089773,13.953538276156,14.0337444228907,13.845612221047,13.8823623657714,13.9113484305296,13.6630806467881,14.1960288940357,13.9549191312994,13.6792966061308,13.8200031374688,13.9543610742329,13.8828553372
"2-thiouric acid",12.0585465603722,12.0204528774355,12.1403349137706,12.1456072429452,12.3459273982203,12.3568477743982,12.051728197034,12.3959321412854,12.4182196615941,12.4482999112412,12.014989255819,12.294803076829,12.2113938425642,12.2889837346811,12.1319228024737,12.189155493485,12.4111084149232
"20-epi-eldecalcitol",13.2196409531847,14.0617227744766,13.4324320918223,13.511319228782,13.7270517298848,14.5624291102727,13.8063467913513,13.9532603597773,13.9351082376465,14.4806263199411,12.271928939767,12.391127050463,13.8653920818294,13.8595461852306,12.8552470006824,13.9752580757506,13.4549297332946
"2h-benzo[f]isoindole-1-carbonitrile",13.0322590593669,12.3973695446128,13.0978249117206,12.9742770566333,13.0730004339257,12.6001013135122,12.4159037404047,12.7741355449506,12.2647137806857,13.3304930600954,13.1455025389636,13.2680023967048,13.2868438435058,12.8570371413718,13.2080793407888,12.7215953522115,13.0506670758584
"3',5'-cyclic amp",9.58382162223747,9.63010425373595,9.60752874559922,9.62290028652912,9.59608265257553,10.0319522515359,9.63985383034025,9.58698037554221,9.63670327089909,9.72989429226371,9.83043223317046,9.67199125529623,9.064559090876,9.62244950462232,9.60594444950507,9.66937106773544,9.56308012195361
"3',5'-dideoxythymidine",14.9952190903631,14.8371779905044,14.5453369704361,14.4564099387914,14.5032683880588,14.5875569016625,14.3657480002389,14.5526028030813,14.3847534813978,14.8477978658506,14.610827871085,14.7920604215494,14.8736264255776,14.779931020411,14.4361750120119,14.6667873501231,14.4132470039261
"3',6'-dihydroxy-6-isothiocyanatospiro[isobenzofuran-1(3h),9'-[9h]xanthen]-3-one",13.2755358357864,13.4247031893611,13.0652175428352,13.0979119242127,12.8470025706868,14.4711196086422,12.7581755764764,13.04105823158,13.1180062644109,14.5713561492693,13.5569267031938,13.1266182475332,12.6712577210011,12.8555007657929,12.4868700959205,13.2665230467193,13.0765214504568
"3'-(1-butylphosphoryl)adenosine",10.2447349227309,10.3570357461343,10.3935087411884,10.0697245795313,9.49170970469953,10.530146524572,10.2860221365555,10.328111610439,10.5126994218678,10.4692735508927,10.2035914438798,9.74976579238027,10.4598078177296,10.3154431908236,9.63381104041789,10.1705587280713,9.70325650256923
"3'-hydroxyamobarbital",12.7491329188623,11.6618176510553,12.9107955979802,13.5008762011124,11.5821777580846,13.0080727919089,12.0148612233883,12.7095672193486,11.9422487348379,12.8684092029732,12.5308711659612,12.6256161162551,11.6635932420274,12.8169151357111,12.6366260520451,13.0108499017817,11.8732132546242
"3'-o-methyl-(-)-epicatechin-5-o-sulphate",13.3981608863975,12.992948162703,13.0181242356312,13.3366734426957,12.6776480009723,13.1963978357775,13.2420194054432,12.8185557774666,13.0783536628259,12.6593745164047,14.272104438263,14.3897039843838,12.7700399158676,13.1409089087924,13.4871127986255,12.8634016374969,12.8758754567063
"3'-thiacytidine",12.8814559424356,11.9836567508318,11.5406660211846,12.1246498092258,11.6103410702098,11.9503105983135,11.7345750454124,10.1587281675877,12.0765886540164,11.7269356118399,9.80353790914171,9.7755078800143,11.5309180677054,12.0339506350607,11.2695764698642,10.2522215261253,11.876352271742
"3,3'-dichlorobenzidine",12.7490819071048,14.3400205084065,14.6282958022824,14.4948558899053,14.4752688101255,14.4847118618173,14.3503813616257,14.5542115841579,14.4691390274233,14.5682448370316,14.8362732661418,14.5335094351098,14.6062683712278,14.4082166069821,14.4633245541451,14.2711200796103,14.6476191619976
"3,4,5,4'-tetramethoxystilbene",12.9746773601501,12.145495224021,13.5258131911792,12.4645109740955,12.9512384883272,12.7926919053697,13.1067246301582,13.0574622001854,13.2315216876264,13.6008677591267,12.1490720408974,13.4147869404618,13.2280163517359,13.2000338297206,12.7125795860137,12.9877235365012,13.2050468885807
"3,4-dephostatin, ethyl-",14.5393411987853,14.8002092329557,14.4544672628323,14.7603662275689,14.4274136885654,14.2511132375089,14.9800151652354,14.3390155406343,14.6904853728013,14.335504173828,14.7758615593414,14.1948741299126,14.4987582066262,14.8872100934024,14.5104827862503,14.2880591246531,14.5121854919086
"3,4-didehydroretinol acetate",14.6348865153486,15.4583321354064,16.3057929820844,14.6853961135385,15.569153779525,14.735735828591,15.3543099835129,15.5709733703371,15.7222012928587,14.7765285881608,15.1550774537081,15.9051278277727,15.7370680639377,14.8128152401561,16.1547257733895,14.9114461260625,15.51188690412
"3,4-dihydro-9-hydroxy-[1]benzothieno[2,3-f]-1,4-thiazepin-5(2h)-one",15.4865691464527,15.8020181953545,15.6120359090465,16.2269419772004,15.6745314073385,15.8899237867693,15.7011289465037,15.8262530157444,15.7406169185308,15.8821389249476,15.8249867795311,15.9576778947325,15.8802782989165,16.0067500112132,16.0245639282447,15.9766812940747,15.7311975580956
"3,4-methylene suberic acid",12.5868151767459,12.9734630990219,11.398587109156,12.4288501625397,11.9354475094072,12.6663921180423,13.1901506606002,12.3901695393277,13.2052377313697,11.4095745637323,12.2480956591316,12.3464561567735,12.754996467103,11.8337337375199,12.1206671188424,12.5084112365964,11.7208113525013
"3,5-dimethyl-2-(3-pyridyl)thiazolidin-4-one",13.9291076776964,13.8224244167889,13.5590767573201,13.8617119976838,13.8213838754946,13.4034798883031,14.0375925230665,13.7569009735193,13.9804280263071,13.5922470180902,14.2141592514789,14.1267375971118,14.1286834522683,14.0782168532434,14.1486466854754,13.951730560418,14.0008642389791
"3,5-dimethyl-3'-isopropyl-l-thyronine",15.0889122938458,13.1376951712239,14.888541609793,13.5586837457614,14.8731845249719,13.7550281562742,12.3890429849602,13.7728367062675,12.3864465741467,15.8338725043568,15.0464134527636,15.6372017218618,15.4663138091417,14.2071177177154,15.5221849230831,13.9286980780445,15.4375544281856
"3,5-dinitrobenzoic acid",12.7946413285401,13.0047351428427,13.089159754926,12.9167354388758,12.6354249727532,12.9423481607805,12.8927038931853,12.9105931535248,12.9841089801947,12.7021528500722,13.0759178629671,13.3110777223223,12.8840953469306,12.8919289784571,13.2512001480766,12.812800556296,12.7014869325403
"3,5-dinitrosalicylic acid",15.0292092272033,15.988232727827,16.5179019830491,17.0670267350889,16.8696937924878,16.6669665038596,16.6908392724548,16.9071250848525,16.762066915779,16.7313363248645,16.9361935544404,17.2096581181124,16.9572656776185,16.8728296086478,17.1351457345927,16.7974597338448,16.9983783283765
"3-(((4,7-dichloro-1,3-benzoxazol-2-yl)methyl)amino)-5-ethyl-6-methylpyridin-2(1h)-one",12.9129169638386,12.9955921498282,13.4844519664855,13.3287309014294,13.2931681765517,12.1399677804534,13.0549134698577,13.1478402763172,13.2980605934151,13.0731743687108,13.5647892289224,13.2819539525735,13.2087999088018,13.127098461549,13.4234356215155,12.9480437054655,13.2190607114284
"3-(2-hydroxyethyl)histidine",16.6493421165771,16.4207106070345,16.672672362013,16.7766918077764,16.1844989801416,16.863880515685,16.5942302246569,16.8018341482729,16.5671833313369,16.5333524172717,16.219542497642,16.7556850714685,16.5290182434007,16.7676338214525,16.5976545606887,16.86151601189,16.608647894937
"3-(3-hydroxyphenyl)propanoic acid",15.4812785094304,14.5626699792026,14.9985095296742,15.2507466515753,15.0512841235916,15.2108286575081,14.5472151262964,14.9497413954276,14.2923001689834,15.0686644614594,15.0609346896556,15.1326129350796,14.7750233427895,14.6913915804917,15.7644690956296,14.6734183319147,14.4280071298873
"3-[3-(sulfooxy)phenyl]propanoic acid",17.7561529075957,18.1391605515561,17.5981352342337,17.3111694222984,17.9474679786112,17.7202408702524,18.1602764225178,17.3129954408072,18.0322392437299,17.1376246336745,17.9737086380239,18.1072289857239,17.8210632286763,17.1699791961165,17.9953777076123,18.2075552342034,17.657793841286
"3-[[(2r)-2-acetamido-2-carboxyethyl]disulfanyl]-2-aminopropanoic acid",12.3625009125536,11.8002691314229,12.0431428612163,12.9773252640948,12.2088079097187,12.1195414033898,11.9255509350816,12.2852814759869,11.751500963866,12.0189298450836,11.8073681219729,12.1618351962977,11.9512776656984,12.1968210188054,12.3950127822166,12.0076014810848,11.8948950535893
"3-amino-2-piperidone",15.7302193647699,15.8211964072858,15.7789676616182,16.4170330015929,15.8613843616362,16.272715984666,15.9128243764514,16.0598942939484,15.8872863612652,16.0837639529825,15.955761337244,16.1544635596395,15.9820573053436,16.0840310411553,16.1698661830608,16.1821686763637,15.8091921182005
"3-amino-4-hydroxybenzoic acid",10.1463948759967,13.2933280829524,13.445876870096,13.8391744475503,13.4392458808444,13.5275926494797,13.2296042155869,13.4337173193393,13.1624060168465,13.7396484782703,13.1667976812003,13.1539359008805,13.0454402935946,13.1846380939039,13.1045704983743,13.4591185168002,13.1632887771292
"3-amino-6-{4-[(4-methylpiperazin-1-yl)sulfonyl]phenyl}-n-pyridin-3-ylpyrazine-2-carboxamide",11.1616843842353,10.8669622115296,9.96843410185121,10.4619813069999,9.7603146388937,11.2000015555126,10.7986465351678,9.84005594345377,11.0583004254971,11.2977716664211,10.7093864612054,9.77037801343498,10.19846430267,10.9688830417457,10.8745720746151,11.0289168297827,10.6363335223848
"3-azido-7-hydroxycoumarin",12.6566971215827,14.8592320708375,15.3052140936734,13.3969635366406,15.0754447623579,14.5432295911427,14.7510317928478,14.9538959238936,14.3132620775411,15.0886436214033,13.3817085495225,13.0728205822971,15.1262941675903,14.224051922111,13.2917306070126,14.4419296580358,15.1968922248715
"3-chloro-2-hydroxypropanoic acid",14.6294050680634,15.2945007121074,15.8910758924079,15.4217174698126,15.6748601812352,14.6285622748905,15.039115712074,15.6488398434673,14.947306884432,14.3075122209785,15.8466962828794,15.2284511822728,15.5652286952472,14.9898815271991,15.6228741247867,14.6910044720303,15.5627463919524
"3-dehydroquinic acid",15.0764639231278,14.8367984230167,14.8351096859194,14.7680865961945,14.6478294977803,14.7377542539226,14.9017022103204,14.7069196336536,14.8874215070742,14.3095781084767,14.8476722777479,14.7912263570526,14.8406021257505,14.8827658103226,14.8806267840246,14.7042604979923,14.6475845942519
"3-diphosphoglyceric acid",18.7264689184273,18.6161053959713,18.537338741489,18.6971576375399,18.5685643476342,18.6916166395724,18.7271292145493,18.6367234973118,18.8167553831488,18.7644630175821,18.7982768989151,18.7975014544303,18.6818547894,18.6808164671067,18.7522415381666,18.7215318982226,18.672932976697
"3-feruloylquinic acid",11.7923651688757,14.0281865548177,13.9913646105055,13.8703353016192,13.7620767298941,13.9692876834825,14.4287738706818,13.9416872998542,14.1421625559914,13.5351815864486,14.2684327269231,13.7778625813943,14.0637986154232,14.0928307429357,14.0603852757998,14.1501759510372,14.4919271222451
"3-hydroxy-3-carboxymethyl-adipic acid",18.1001002489472,17.5343511591928,17.3577076198474,18.521792725691,17.3983082078049,17.22155007702,17.538453058193,11.4067563836263,17.4318655940887,17.411418853117,17.1205888152758,16.5984015316045,17.2682591275942,17.2526961963277,17.5945191636043,17.3629252121241,17.4583728161705
"3-hydroxy-cis-5-tetradecenoylcarnitine",13.1368641217729,15.3956083233203,15.1320036387354,13.0743216647393,15.1970352524199,14.7163685058917,15.4102892216875,15.0782001191169,14.9123921376629,14.8717692062499,14.5844305100897,13.7482924054137,15.4550276475282,15.2151452309619,13.783717410011,14.8794536645067,15.4827780282363
"3-hydroxy-l-aspartic acid",12.1348497979378,13.1692565534705,13.5575102634567,14.2709828989454,11.1007217890362,14.286744387012,13.7154863132373,13.5395364652377,13.5567822442704,13.1238738580343,13.2411274222577,12.4818904701739,13.1226611629369,12.7572978270575,12.3410842319121,13.9173154831318,13.440437159132
"3-hydroxybenzoic acid-3-o-sulphate",13.3534406033146,13.1969651394383,12.7027142748106,12.789718232495,12.9095497930527,12.687146721847,13.1139533868662,12.8339387196288,13.5031516355488,12.494240768427,13.2538707108194,13.1627640081883,13.0336925220952,13.0080412757327,13.1544428287264,13.2838757584381,12.7995475474669
"3-hydroxycapric acid",15.8321146492821,17.1449062743935,16.379903895209,15.6723035153526,16.6775553826625,16.2084673849047,16.9301888375506,16.0284369161089,16.6512224647401,15.6704769022588,16.1668967280065,16.1433032417825,16.7502508596719,15.9988782473087,16.2736084861478,16.0811708755152,16.2891048940942
"3-hydroxydecanoyl carnitine",13.6505350420366,15.5301459718155,15.437459778389,14.800174519424,15.3917322323483,14.3402783905895,15.0769259350086,15.1225257208707,15.0820040485142,13.2846644738423,14.5821714554978,13.7764967320085,13.3825239586887,14.89251211636,14.4800753834697,14.2313164969619,14.8454869277972
"3-hydroxydodecanoic acid",15.8179757087887,17.4453394203984,16.3227400618221,15.4436632948961,16.7129482137129,16.2994402590038,17.1906869642792,15.8502882591008,16.7758606471299,15.9354902105496,16.3268255938243,16.6248865314205,16.8558530539536,15.9551265920592,16.3636686785564,16.2840015951151,16.4006390162361
"3-hydroxydodecanoyl carnitine",14.5941920263901,15.2932498896695,15.1373742183672,14.4158187350815,15.1973699160441,14.4700933807436,14.7520169500911,14.4605161808093,14.8191168734638,14.0153022474925,13.0705832548633,14.445417069546,15.1777635973103,14.735517556662,13.4512609979486,14.5180602173514,15.0164365840179
"3-hydroxyisovalerylcarnitine",14.6274217060228,15.766411956934,15.9854854320215,14.6363380207295,15.904719281666,15.3177004460579,15.4707947198276,15.8533162480534,15.2060539696646,16.026812225871,15.1728391869037,14.0306902661359,15.9335592533108,15.7282413802695,14.4354625205426,15.5660671136456,15.8334950704477
"3-hydroxyoctanoyl carnitine",14.7975884827043,15.6562891791663,15.9085361496765,14.6662730170387,15.8637899445199,14.730133361083,15.4149046066367,15.4796784932368,15.2480333675102,14.8381029450283,14.5698156691914,13.8035266761193,15.6852428732002,15.4980403313507,15.022124309083,14.6682042203942,15.780000559039
"3-hydroxysebacic acid",13.229807851109,12.4014339238881,13.2172737572465,13.1980232253491,12.7073533932876,13.6614882479529,13.5244753616647,13.0931857569038,13.9520654878035,13.3623573120698,10.9473029417464,13.0682795067672,11.9472840454203,13.6638376137146,11.7705775550857,13.5904048900952,13.2504115656318
"3-hydroxytetradecanedioic acid",12.9193891905543,13.3520041863484,13.3121169733366,13.9586246352978,13.0787467525106,14.8294050794931,12.9253094054226,13.4360008524982,13.3136653264045,14.4631430868287,13.2586188728539,11.7491614406859,12.6615063477176,13.0820696718184,12.6546897150981,13.1803661198591,12.9502405293996
"3-methoxytyramine",19.5016615602555,19.1890547175635,19.2514187727364,19.5964176702358,19.3685392175355,19.8253079430236,19.19692756358,19.4577422889107,19.1857035455507,20.1653417619043,19.4585714405286,19.360695162108,19.3185807774464,19.3503877152903,19.4797792919204,19.4412677319096,19.2438782767013
"3-methyl sulfolene",17.6689930229756,17.3389089404856,17.7407964319188,18.0428390305048,17.7164655556777,18.0861258255968,17.3307088741146,17.9741293816043,17.3213395742533,18.3344375226934,17.3284019520589,17.4367471938186,17.7207390419037,17.6299498733627,17.5580333233306,18.0370251840535,17.673791924776
"3-methylcrotonylglycine",15.7256520504289,15.5811381061197,15.461195697139,15.1606275983685,15.7429942262463,15.7773973164615,15.9851182494463,15.6211163965963,16.4925923494959,14.0296375815541,15.0260807482135,15.7313762891548,15.8965927604742,16.5587680052561,15.3350894913352,15.8598208786218,15.6049857280903
"3-methylglutaconic acid",16.0425000425225,16.1286918812749,15.9464935394016,16.1149227126208,16.0033983090683,14.6372133577449,16.3190831780209,15.8982507200718,16.1995927619013,15.7724364136075,16.284998753547,15.8556309543088,15.9432152833475,14.0889702265428,16.129295312197,15.8464731466257,16.0629122974698
"3-methylglutarylcarnitine",15.1145429427854,15.3489674879332,15.4537274337084,14.7698071674831,15.23465388177,15.4794857903598,15.2057840332872,15.2164578424017,14.9418198782033,16.4075488098895,14.6922835082706,15.544183419812,15.4248416025445,15.5134992935156,15.3281376136121,15.4047619640873,15.4071236989517
"3-methylhistamine",15.9578539348192,16.2924230439438,16.0445805545216,15.8441987006308,15.9644905134533,15.8008414000947,16.2213815127866,16.2124632105897,16.3422439032684,15.7482175002659,16.344754351278,16.3271686148803,16.0299087279368,16.1821928871618,15.9874034473554,15.8902144735527,16.1836478317165
"3-methylhistidine",19.2184411146197,19.143214262216,19.1009034547932,18.9443586834259,19.1576140230783,19.2544372242751,19.444131101651,19.35922645349,19.1296928783765,19.2168638355214,19.184864926902,19.1882633454082,19.2206320743478,19.4230773742278,19.1472635925596,19.385796326037,19.3468240551051
"3-methylindole",15.6777335775397,15.827901034086,14.239555351155,15.947092045803,14.7796530639861,14.9552435642171,13.2770147216719,14.3927721343331,11.7567848592339,14.3422659495197,14.762999860825,15.3912507520809,14.4293885044453,16.2545776078765,15.6953866087452,16.0488432932909,14.357717099725
"3-methylthiopropionic acid",14.8306702886302,15.5353635330974,14.7029464913993,14.776041268122,14.3631196143743,14.7411425758056,14.9389973093093,14.9745843262057,14.8782167265203,15.2522789327744,15.2926551696099,15.4867899356892,14.7238943958673,15.1177144157573,14.9521774785198,15.5142960217578,14.6944701384672
"3-methylthymidine",14.0401983117406,13.6385434007125,13.6025552670535,13.4433018906475,13.580924846176,13.7579702664096,13.8169904631967,13.5343455064413,14.0204701336184,13.1141936207455,13.9831232293432,13.3609109881482,13.653187028925,13.9515803482478,13.5659851685681,13.8111260141166,13.3250820807216
"3-methyluric acid",14.3731670915378,15.1659314462621,14.7303400267472,15.9255345319938,14.9883980163408,15.7225031244432,14.8993729093389,15.1495561121725,15.0162153371519,15.4857638524013,15.3163713598234,15.7679607344612,14.8447566484854,15.0042570303601,15.6536129482333,15.2442387856842,14.7273553419986
"3-oxotetradecanoic acid",16.5182299234703,18.1799919015551,17.1349936984058,15.8724438657636,17.4254772615006,17.2322362328026,17.8807547322672,16.6686567472001,17.5562283926023,16.6727358076403,16.940411090746,17.1602681663038,17.7470144950594,17.1687905993062,16.8645990984976,16.6826707368311,17.2245788752527
"3-propoxy-1h-pyrazole-4,5-diol",18.792413185254,18.8922572899393,18.7930582035473,19.4800324349083,18.9020578303352,19.3091640649869,18.9381285408963,19.0549652513976,18.9109419346276,19.0890784586466,19.020245805608,19.1273524793355,18.9497500139705,19.1154458826103,19.1915809300647,19.1865404486725,18.8723344273495
"33fta10",11.2964225566567,11.2691058330087,11.3005442604876,11.437795259842,11.2363831272748,10.9241336137273,11.3809147728121,11.1155509381039,10.9389664249592,12.2441219042232,11.38442373745,11.4271195105813,11.3374921871363,11.2806276475698,11.3674297874403,11.2589734924436,11.3328501069398
"4'-azidocytidine",12.7214399552518,11.6439907653164,12.8599103364768,11.6102001310493,12.9475527222657,11.9320479781132,11.0857405422775,12.691946172224,12.3215005791079,12.7709784775271,12.8751708765729,12.6421995224079,12.7740642372294,12.7878425381031,12.7030033486802,12.5817807136761,12.8894807802743
"4,5dimethyl-3-(2-oxo-2-phenyl-ethyl)-thiazole",10.7742183578104,11.8374760911967,9.96629983526149,10.7242942711265,11.0687090687774,11.0182279164255,10.7790982602995,9.55518570806638,11.6424675751923,9.30218443160531,9.19326892265009,10.7844600412384,9.94109062022073,11.515735336564,9.13980367168116,10.9976223777213,9.63522726521014
"4,6-bis(methylthio)hexanoic acid",12.3496143270324,13.8905984197743,13.5266479347514,12.9812107966554,13.7180989626719,13.684931257229,14.0196420725956,13.6883958597725,13.8428348533073,13.6049233494548,13.5511400050648,13.260198542834,13.67751306306,13.9079892023583,13.2290608050026,13.7588691248018,13.6434830185834
"4-(7-hydroxy-6,7-dihydro-5h-cyclopenta[d]pyrimidin-4-ylamino)benzonitrile",12.3198779526446,13.3518497101735,12.6432235516035,13.2276327539956,12.7394689445638,13.1543121329039,13.0918980955232,13.1236895952978,12.9928957320393,12.1118197853571,12.2851224792739,10.2819904540407,11.9825379685555,12.8007159579984,10.8597309999468,12.8927069733653,12.4815365259904
"4-(7h-purin-6-ylsulfanyl)but-3-en-2-one",12.2451752453593,13.6436266458099,13.9351553175809,13.2644749279975,14.0469622984075,13.5250675101384,14.01324975677,13.9555939826792,13.4359815364159,13.4398623258953,13.4272061139909,13.726037827403,13.9518325950996,13.8781406870097,13.3672256772513,13.8441723397679,13.7835710426346
"4-(n,n-dimethylsulfamoyl)-7-hydrazino-benzofurazan",11.8611251893674,9.71760182396533,10.1515138264185,9.86040689236076,9.5329325503092,9.31950461421606,10.4723905389434,10.2767770928718,9.81263438307177,10.6040895271,9.45441817742769,10.5037387543569,9.46603750601181,10.6498098227469,10.8203808773101,10.8849039093511,10.7679851421844
"4-amino-4-deoxyarabinose",17.724001863988,14.309699942051,19.3447933240349,18.9341102466783,19.0418180043493,16.0856689182616,15.9104473235733,19.0893705821282,15.8462156260391,14.0899007149055,11.9203863417576,12.7057789995345,13.5252891172943,14.3942406135031,13.0339329249646,15.2719980195302,14.0713545921189
"4-aminobenzohydrazide",10.6632183152172,10.3183827247206,10.4575163716908,10.5227787598847,10.4076597882904,10.337669286262,10.5181218683057,10.4260957212015,10.3872791433075,10.489161215077,10.9821378113602,10.5683252503635,10.522833846728,10.410665236798,10.5966142999905,10.4339481679328,10.4843076075005
"4-dihydrocollidine",16.7662535082994,16.5878203404254,16.4444134403067,16.4928374044003,16.5740544099199,16.7830000474388,16.6482442789259,16.5804102986382,16.5863997159569,16.5738741034735,16.7252246426253,16.6818859655756,16.6008989783956,16.3245846684667,16.5862526100219,16.7023855844178,16.5824195097426
"4-fluoro-3-phenoxybenzoic acid",11.6048177112693,9.99294470385527,9.36770000822175,10.7170325589071,10.9567368237523,11.9190195394838,9.39062278344985,11.6102220851174,10.4182335690703,12.216772890737,11.1922300779148,11.447582751813,11.7627243763874,11.3713180924848,11.1119905832959,11.7387474371842,11.6756285109817
"4-formylaminoantipyrine",12.1367895388278,13.757844398363,14.2178025243181,13.629292146902,14.1051905402766,13.6304977951415,12.923019028182,14.1128049660639,13.3560848905328,14.4311214955757,12.9866200952428,13.8164428851656,14.0863195613657,13.22957159733,13.6316136302722,13.603577463976,13.6767411485071
"4-guanidinobutanoic acid",16.5212092331073,15.8538892977988,15.8642875314837,15.7194585552279,15.6474409894004,17.2456445807657,16.4910712518162,15.5875417677419,16.8208996968928,16.3456340540708,16.3357035852264,17.155013470783,16.4568495516925,16.4546979024809,15.5499185464879,16.9607593510078,15.5980193661403
"4-hydroperoxycyclophosphamide",11.6944081997951,12.3071808950523,11.6336353130179,10.220018540958,11.6776448494053,12.3276237288502,12.7277950275723,11.6718314900028,12.0720200802207,10.29365487255,10.3587867861097,11.39413268321,11.216074332908,11.4007199256453,10.62896117111,11.4055029886339,10.6404225827807
"4-hydroxy duloxetine",15.9102035688046,15.2546190980864,12.85045173241,15.4408407634783,12.549093877686,13.5500591636564,14.2774861204206,12.4917426784926,15.2531713058384,12.4688241468489,15.5724005920297,15.0209722852088,12.6565215307459,16.7562760148037,16.0567457682356,15.3720689057819,12.8918390887693
"4-hydroxy-5-(3',4'-dihydroxyphenyl)-valeric acid-o-glucuronide",10.4518315014114,9.51921352692028,10.5612958014643,10.5714973103178,10.5137217220343,10.5044499797964,10.4386189385978,10.5348095156336,10.4746619993842,9.40058459725522,10.4848559772351,10.436840818868,10.4667247763756,9.52258569797779,9.74781995020481,10.9974880615768,10.5218153608354
"4-hydroxy-5-(dihydroxyphenyl)-valeric acid-o-sulphate",14.512476093392,15.0174325269584,14.4368662420374,14.2374326651106,14.5368124137217,14.8567570993349,14.999281287739,14.4385123754304,15.617074768314,14.5505255621829,14.6484302817984,14.8109293762117,14.4762345046035,14.7130241515745,14.9253201108688,14.8108070351216,14.4910902976709
"4-hydroxy-5-(phenyl)-valeric acid-o-glucuronide",10.9944203225179,10.2923285235946,10.4845755467255,9.60916631706985,11.2542343296552,11.732782903748,9.76619604678676,11.4166414125896,10.840497263517,12.0173846602156,11.2879855535386,10.9722923014723,11.1636249983056,11.043155486044,10.8716621786775,10.1553753647709,11.3249009492016
"4-hydroxybenzoate",13.9852354364493,14.3295353706312,14.1112975256295,13.8478814031639,13.9456408499113,14.5941568185517,14.0849774916513,13.8360318700137,14.2768237808826,14.1170308995139,13.178468331226,13.8646023994573,14.013749898094,14.4442433889898,13.8294492878631,13.7918874106011,14.2156659702334
"4-hydroxybenzoic acid",15.6307982313407,15.7384620465935,15.4332533085463,15.4150279415607,15.6375641989607,16.0321691307587,15.7703923918741,15.4041132732208,15.6789467695958,15.9838352602223,15.7517615941553,15.8819143276879,15.6748916258915,15.0465117486831,15.6381768387513,15.7123893778196,15.4657489788005
"4-hydroxynonenal",17.1301241560258,16.4415648742454,16.8943077951274,16.8740461323296,16.6846521372016,16.7287934994098,17.4999439492464,16.6601782538097,17.4712107122518,16.9801916663433,15.9436113402957,16.4736234873545,15.9564904099694,16.872982664725,16.2129281520594,16.8230055251463,16.7885718646844
"4-hydroxyphenylpyruvic acid",14.172344131296,14.5816010577793,14.7394641381357,15.4230656750916,14.7252737429922,16.1288852812648,15.0088569996377,15.5254558058151,14.5977686614742,16.5965223700574,14.4962843271856,13.3816895164732,14.7893578928281,15.2581370024463,14.0541005502738,15.7129258317511,14.9727500867855
"4-hydroxyproline",21.159979986205,21.2940335290486,20.9664220386681,21.6997978111122,21.0976754625528,21.2526063727408,21.1945435127711,21.1590156479567,21.1943322135165,21.3717726090599,21.3000577787971,21.5151809613167,21.0626633815571,21.1595640880367,21.5030885524974,21.2831329386531,21.0609044823937
"4-methyl-1h-pyrrole-3-carboxamide",20.3833984379526,20.1322158893235,20.1275452509336,19.9920684560927,19.5555266330137,20.073769856006,20.2286637940739,19.9777501785286,20.4098121890068,19.2413345059071,20.3804246572219,20.5787602616219,19.8225700322921,20.1561829347404,20.2948874003258,20.1419987697603,19.8505425565232
"4-methyl-2-oxo-2h-chromen-7-yl sulfamate",11.7169146392333,10.6053195315261,10.6877825599553,9.93525413918378,9.61342634099019,10.2239966461974,10.4944912769222,10.5402809379948,9.3913655013782,10.4756381560114,10.1357097175005,10.2368002646886,10.2590522201611,9.56473564373961,10.2462711542422,9.95342061367507,10.2241348855787
"4-methyl-l-glutamate",14.0287335158367,13.7975476284551,14.6028279288572,13.962223779965,13.9762365343698,14.2154062886129,13.6694780539408,14.2662575716167,14.125410978018,14.5512885052203,13.809265003437,14.4694777621802,13.7908013568283,14.1508438093162,13.6194380320365,13.6187565481553,14.3548804749517
"4-methylbenzenecarbothioamide",16.6364326409072,16.3727326768919,16.7126339151925,16.9894907154839,16.6547791252339,17.0626202286625,16.365496534871,16.956306824708,16.3054524532294,17.2781471715847,16.2816621336211,16.3989210024903,16.7369986506383,16.5641374946092,16.567409222191,17.0182493078074,16.6308943318192
"4-methylthioamphetamine",15.8919480761914,16.6827232744207,15.9651459737438,16.3427489634339,16.311448892964,15.7723505020589,16.9524219755861,16.1425490035056,16.5541369740834,16.4302698070579,16.5263908161956,16.1738951934351,16.2811730174646,16.6062637123036,16.5553958224623,16.1662434739327,16.2688287816287
"4-methylthiobenzamide-s-oxide",12.6649379398613,13.5961058273762,13.8375383863825,14.3653596604438,14.0597920403721,14.496663303129,13.5198314268681,14.3632576028705,13.4883815874711,14.3003057279383,13.1846706327324,13.6123924072038,13.8850696967159,13.7730907254134,13.7902552018541,13.9949697349994,13.998047830666
"4-methylumbelliferone glucuronide",12.7766713422253,14.526154247357,14.171351146152,14.3944958951415,14.121072291673,13.8921107616443,14.1866690614644,14.1787902154926,14.3010092820674,13.7634101417171,14.8818456548609,13.9765289936589,14.0121102971743,14.4383504125058,14.1767788043294,13.8954106840706,14.1981181184357
"4-nitro-7-piperazinobenzofurazan",15.3525165319033,14.4551422338037,14.6025092033412,15.1434302121388,14.7519614124837,15.0262847277754,14.872168215488,13.2749599754129,15.9273082305144,14.5927569343818,14.6349652694756,15.5981459856743,14.8546493296683,14.1213990600842,15.3880118586423,12.7386791576027,15.1144994159311
"4-o-alpha-d-galactopyranuronosyl-d-galacturonic acid",10.3710017677758,9.33638321771355,8.86636429561913,10.1880845625786,12.6223648984357,12.2489834403335,12.8621498286858,9.23517466532461,9.20397521528836,12.3275288141707,10.6990368769834,9.47196806195004,9.00274999098965,8.95389288284022,10.5916250673855,12.8277660686778,8.7651061707498
"4-oxo-2-azetidinecarboxylic acid",15.7989324608937,15.2032965434953,15.3138561130159,15.6382030256435,16.5338888978396,15.8628308088946,15.4971875259329,15.6484810002929,15.6497926561276,16.0403625542196,15.3494311302447,15.6080770916795,15.3325889059303,15.6477086491365,15.5666234076702,15.9339477757075,15.5126116145229
"4-pyridoxic acid",15.1216610494537,14.5941458672787,14.8267458003206,14.0805989254042,14.4898758850137,14.7551353214437,14.3123853451977,14.0724533428765,14.5581803852757,15.210817080564,14.4748778355678,14.9300003259658,14.5513676168674,14.2753375600286,15.1743048033457,13.8759190339893,14.3635441078832
"4-trimethylammoniobutanoic acid",17.1814534261683,17.6907432111462,17.770477908561,17.1913376905896,17.9123964205436,17.9103392290599,17.7136101152954,17.7134414046488,17.5301771071072,18.4705079891043,16.9518188080377,17.1009308595424,17.8157791591192,17.7596197632195,17.2966087552315,17.5615617544746,17.6843444500077
"4-{[(5,5,8,8-tetramethyl-5,6,7,8-tetrahydronaphthalen-2-yl)carbonyl]amino}benzoic acid",13.6529918735636,13.2003971384214,13.111462507208,13.1208078750211,13.2263289992618,13.0541399380637,13.2302887273633,13.1214336786648,13.1802223131308,13.261926761742,13.2593302548867,13.2142665517694,13.2039387215321,13.1206674558171,13.215747901871,13.2672567618907,13.1809744753847
"5'-s-methylthioadenosine",11.321634484888,10.6759754453951,10.639306497303,11.255408122091,10.6619716175279,10.5725232855472,10.6954597198872,10.6659876539449,10.6187712857398,10.6385661934265,10.6482321113903,10.3596900731324,10.5015896341378,10.682858507745,10.7240737196678,10.7167268218118,10.2436337449398
"5,5-diphenyl-2-thiohydantoin",11.2183369566891,11.1747569147814,11.1200564716561,11.1422092912213,10.5698324057641,11.4871648202267,11.5014943618185,11.0489830241811,11.267322154065,11.097102251915,11.1959582626305,11.1922576458214,11.0354079289841,11.1593950188654,11.202086220448,10.6599872571163,11.0748511546496
"5,6-dichloro-1h-benzimidazole",18.1992646354911,18.0751540383402,17.9471996313893,18.1041854921265,18.0034238345568,17.9783234735814,18.1123757798228,17.9836999002528,18.035867713123,18.1030790709585,18.1544865196453,18.1452371258168,18.0479292919476,18.1062789716254,18.1298190905182,18.109994267741,18.0516515726579
"5,6-dimethoxynaphtol[2,3-b]furan-4,9-dione",13.0852888923901,12.4466659088277,12.2363405761379,12.039863635859,11.2631754741335,12.3599899578468,11.6777558675249,12.1001652969727,12.5024635673236,11.9590438012339,12.3670717458755,11.3844198540683,11.5078509853806,11.5851076782157,12.5644727605223,11.288210047003,12.6553493671017
"5,6-epoxy-8,11,14-eicosatrienoic acid",19.0367728277331,18.9131404888097,19.3968523406323,19.1741614179616,19.0376291772061,19.0013954118823,19.3907376013273,18.9905431662772,19.397618151369,18.7826769643605,19.2567887233345,19.6738388304682,19.28658264098,18.9377616877659,19.7055582496193,18.8182966730073,19.1384179717325
"5,9:7,10a-dimethano-10ah-[1,3]dioxocino[6,5-d]pyrimidine-4,7,10,11,12-pentol, octahydro-12-(hydroxymethyl)-2-imino-,(4r,4ar,5r,7s,9s,10s,10ar,11s,12s)-",11.7101734523842,13.9647580785035,13.8077183136834,13.8533118173273,13.400316050777,13.5966728440601,13.6421151875431,13.5192642015434,13.87182795386,13.2334055493571,13.2347979744622,13.3334854451319,13.2766644363426,13.6701829567247,13.9644611164157,13.6756870884442,13.5610893386601
"5-((7-(benzyloxy)quinazolin-4-yl)amino)-4-fluoro-2-methylphenol",11.7650210660481,11.7179087278333,11.7112194508346,11.8080896964639,11.6854546525078,11.7969286701755,11.7149903841896,11.2131431081052,11.7983501779657,11.7502568522984,11.7764637967813,11.7862963252513,11.6572658122463,11.7238575033163,11.8033925908777,11.7424402416717,11.6938112751981
"5-((p-hydroxybenzylidene)amino)-3-methylisothiazolo(5,4-d)pyrimidine-4,6(5h,7h)-dione",13.7169156070374,13.7229460999305,13.7165205432271,13.7226073175906,13.7134632065265,13.7259746257367,13.7195685613717,13.7111913163292,13.7195685613717,13.7165205432271,13.7168613935353,13.7214283906786,13.7107939841892,13.7199624231248,13.7173105148383,13.7123279065945,13.7138594797534
"5-(1h-indol-3-ylmethyl)-3-methyl-2-thioxo-4-imidazolidinone",10.8327203638197,10.7435987714922,9.35766286523625,10.3173865741608,10.4134094453036,10.670819335941,10.078850030521,9.83247183914718,10.2794857192724,10.1875180776802,11.1149793274746,10.9773615659079,10.7353335179755,10.4769763844711,11.5626394042245,11.0195426377358,9.46244155749456
"5-(3',5'-dihydroxyphenyl)-gamma-valerolactone-o-sulphate-o-methyl",12.0353429008435,12.0614295518236,12.1618489534897,12.2117362836736,12.1835668602447,11.2103611667876,12.1976301212696,11.0283444214687,12.1984480458963,12.2251460817288,12.372915980416,12.3236149271888,12.2294689120939,11.6194865164158,12.4174378284037,12.0767843510575,12.1378959305297
"5-(hydroxymethyl)piperidine-3,4-diol",16.0336401478771,16.3746635399724,16.1010448860918,16.1625401505408,16.2685364453171,16.3365321158837,16.577001857041,16.3721026915554,16.7084220918301,16.4769814307265,15.690424890736,16.176847374357,15.8831077427218,16.4199933971222,15.7314926820427,16.6957429300277,16.2765621089413
"5-[(azetidin-2-yl)methoxy]-2-chloropyridine",14.0225792696643,13.6198799532655,13.9804412878343,13.6687420100606,13.578575207275,13.9081187698826,14.0819540773371,13.8701483907643,14.3276320303042,14.0581253180005,13.6614718905357,14.1555469382783,13.7961178056417,13.9389913125213,14.0841510959319,13.7785523034604,13.9186826311508
"5-[[5-[[5-(pyrrol-2-ylidenemethyl)pyrrol-2-ylidene]methyl]-1h-pyrrol-2-yl]methylidene]pyrrole-2-carboxylic acid",12.5824076254876,11.3977405528345,10.1341756273389,11.753313146183,11.4522944317039,11.4035096746367,11.704769397801,11.4012651548102,11.5423915976051,11.4913693705059,11.6170392928498,11.6180094663104,11.428633341826,11.5668460124923,11.6886182266643,11.5159420110278,11.5874907382057
"5-acetylamino-6-formylamino-3-methyluracil",15.1341782292204,15.6028008487334,15.369859949817,15.2819084313009,15.4784470667091,15.7601528533408,15.3536346751645,15.5618584889905,15.0749607423394,15.8436035745283,15.8421217475112,15.1091135181445,15.7267440219089,15.5490196484344,15.4167575951066,15.6353746685532,15.7212968647958
"5-amino-1-[carboxy(methyl)amino]pentane-1,1,2,2,3,3,4,4,5-nonacarboxylic acid",11.5707670058123,11.909982794165,11.2036475448659,11.4117881339424,11.5794918654057,11.6930399513634,11.8617976680553,11.4788796582613,11.8935043545939,11.1359728941134,11.836272194775,11.3234682281821,11.2212740901961,12.30411102038,11.0861308898791,12.0588730177909,12.153665865483
"5-chloro-2'-deoxyuridine",12.4494502160348,12.8942301150666,12.9887989002588,12.997508779602,12.8269472171733,12.9690409480632,12.9110578778435,12.8389790473629,13.28830356226,12.8435086572442,13.5523222938509,13.3352962103322,13.0390369123932,13.0981139246623,13.4188873486376,12.9927021505453,12.9179859606535
"5-hepe",17.2383811785194,16.9437973223152,17.5586277460094,17.3628857848491,16.9259480993149,16.3189053561755,17.2425375466265,16.9578693861016,17.1810920636616,15.7943555608357,17.5796818195623,17.2255403799833,17.172506522745,16.8531629210056,18.044696302283,16.8320072423008,17.1722112950052
"5-hydroxyindole",15.424274911012,15.4755615282816,15.0583859555994,15.5683614270208,15.5413094495333,15.4650228642341,15.0658847061859,15.3062027503797,15.8051375731322,15.0250242493631,15.1430968754358,15.2534013663074,14.7576327916212,15.7846905612727,15.3974967290025,15.3097375097029,15.2046891650919
"5-hydroxyindoleacetic acid",15.4288204927438,14.7379103698965,14.8265778447466,15.1589960002059,15.1761600300795,15.0619319217269,15.0013902700972,15.0850820976059,15.2831839826984,14.6459159671031,14.9644406126029,15.3530120592905,15.2523198590511,15.1088087270361,14.8800748993333,12.9711153977804,15.2288678494807
"5-hydroxypyrazine-2-carboxylic acid",15.0017031994084,15.210696838176,14.8091524462173,14.7369042521346,15.0072155197454,15.143650351018,15.0649413689472,14.8706018987527,14.9640825344826,15.1956855897271,15.0056342402364,15.2584955712963,14.9762697550941,14.7026485763149,14.9321937731733,15.0927556754382,14.8780348219975
"5-methylcytidine",11.5431321109603,11.4767462278962,11.5242988192964,11.5328870350843,11.567989710874,11.6282366616753,11.515139997965,11.6032593140174,11.5256324732932,11.6883841801203,11.4829319403681,11.1930158865109,11.5207018555296,11.3271330493715,11.4914275463095,11.5255588027104,11.4376490594623
"5-methylcytosine",14.9461020105596,15.1254311498128,14.8600862571116,14.7561577873963,14.7694221401822,15.2265113141628,14.8757796518769,14.7372070970728,14.6956513271468,14.8540932367394,14.3702307014933,14.4369878977237,14.6643596221353,14.8805872116565,14.7165920970498,14.8051593810485,14.8173441395301
"5-tetradecenoic acid",17.1718270158278,18.2530316276278,17.0260556559525,16.5880991013041,17.3251936327306,16.4001397596612,17.8758513319687,16.1766008211164,17.3608138511593,15.4213487894928,17.5562075380916,16.6913799833175,17.5618824491225,16.6207416970911,17.1800373955953,16.3254602042234,17.0060562281765
"5alpha-tetrahydrocortisol",13.1764015991831,13.2940177828342,12.3586911008599,11.9456684762322,12.9168988312529,13.1460085676645,12.0903716860577,11.1555337756723,12.2933938014514,14.2943428489221,12.9638783319928,12.603782689854,13.0545291557345,12.5907569036296,12.8997754622581,12.9541379226957,12.3554147773378
"5z-dodecenoic acid",15.7373131299164,16.9759067486333,15.8744053276254,15.1111794168078,16.1763004561546,15.599176932137,16.5736151690319,15.3350464740244,16.263304863075,15.3583592990496,15.9907606719218,15.7329979776527,16.3816086054163,15.4540777049388,15.875128023901,15.4420652776996,15.7983064409358
"6-[(1z,2z)-3-hydroxy-3-phenyl-2-propene-1-ylidene]-2,4-cyclohexadiene-1-one",14.517406863789,14.4567671561281,14.6878514434458,15.0304233410466,14.5000547133973,15.2339780470057,14.5426088861663,14.6628472497809,15.2969887075754,15.0379163081907,14.8223744966911,14.7782910311652,14.9737357315779,15.2206318564131,15.3148855620214,15.1653360872429,14.9339263148637
"6-[(2s,3s,4r,5r)-5-(6-aminopurin-9-yl)-3,4-dihydroxyoxolan-2-yl]oxane-2,5-dione",11.6697196023907,14.1990819578377,9.46400569366548,12.0332509868658,14.2951637812659,13.5090403458977,13.7832701468427,14.2623310094787,13.7425335290774,13.9864641080334,11.5417858785592,12.0045076029494,9.3758221925865,14.0845683131226,12.3365036204242,13.9217185864798,14.34302952031
"6-[4-(2-carboxyethyl)phenoxy]-3,4,5-trihydroxyoxane-2-carboxylic acid",13.5652896473413,12.8706360887164,13.1338429498575,13.1896680019568,13.6516055662945,13.3957211457936,13.057004448752,11.5051863758401,13.3167352767209,14.0180104135984,13.9252336845628,14.985896767473,13.7927290931338,12.5317039548688,14.3353140341212,13.7370510752315,13.4261854450588
"6-amino-1-naphthalenesulfonamide",15.8460885480556,14.4037390006398,15.4919750291528,17.6268387978328,15.6571656740848,14.0792028141471,11.1531628722471,15.9766815903417,13.4196059937225,15.9616012035057,15.8872117041113,14.4648282441163,15.349396643931,15.2021271718727,15.6264808055503,15.6331191161319,15.6917970961885
"6-chloro-5-methyl-n-quinolin-4-yl-2,3-dihydroindole-1-carboxamide",13.8217414129629,13.5796013294866,13.2835510428952,13.4693291976157,13.1697122248221,13.0909060841632,13.4837295774686,12.3680414470959,13.7680207656811,13.6227826708738,13.7706165846419,13.8307680563858,13.4111205791091,13.5109673704389,13.7991606426406,11.8695254767889,11.8330474860399
"6-fluoropyridoxol",14.816998202839,14.5766655653872,14.6572540893098,14.402765519277,14.2152011910162,14.8766818303361,14.4404775593159,14.9307520254668,14.5898660668882,14.4417824520243,13.8812711205056,14.3838670264749,13.9425671525263,15.088785460131,14.5745952038782,14.8191055723451,14.2898489942452
"6-formylpterin",11.5364752966677,14.2900770050735,14.1680641310725,14.4892476512156,14.3450988350381,14.8626046109842,14.2895390449605,14.6644392209825,14.2381204079562,14.9642655714678,14.3045653922007,14.4759472880833,14.185728106251,14.3071203218676,14.1101420857462,14.544229967912,14.2394213404266
"6-hydroxymelatonin",16.8874587313184,16.6030437153775,16.9519571563974,16.7336125191594,16.8336159975268,17.3037661267036,16.5046295231911,17.0403238347054,16.3849510922543,17.5679191557643,16.9431095881282,16.3809623951784,16.9700817353633,16.7125465026544,16.7783347693083,16.6337453958739,16.9063967733407
"6-nitrotryptophan",11.4063513687823,11.5001626783403,12.4154296623451,12.225447240166,11.7755758724151,11.2514256167819,10.5558595538373,11.7706077048258,11.7296309752225,11.7417551097459,12.0580567565424,12.4091406723353,11.8197811462515,11.319669036282,12.5902735929671,11.233538662061,12.0125794651434
"6-oxopiperidine-2-carboxylic acid",14.2969027792169,14.6967266780751,13.6436708159212,13.3208244176984,14.0979498770514,13.9167675241759,14.5412256262821,13.7190496529345,15.0949596070469,14.3045332347618,13.6589279972812,14.2198474457929,14.2591801759473,14.6752173811087,13.6576271754462,13.793199670419,14.3734117767743
"7,8-dihydro-2'-deoxyguanosine",14.1441525857802,14.106986593571,13.3385257570715,14.2724202816341,13.5259582263504,14.1438836555223,14.1856746888735,12.9168812278364,14.1238091725891,14.3259942393802,13.9639523567305,14.4334304817641,13.530363572929,13.7863744153568,14.5234395934763,14.1863988138556,13.6426700492849
"7-(1,5-dimethyl-3-(phenoxymethyl)-1h-pyrazol-4-yl)-3-(3-(naphthalen-1-yloxy)propyl)-1h-indole-2-carboxylic acid",12.2779872738406,12.1539659996622,10.7237791039881,12.3206510294891,11.6845411371791,12.3806811016172,12.1696042885032,12.4921627254019,12.3202227956928,13.2913940123967,12.2780478923126,12.4619327332585,11.7875071233699,11.3355450907879,9.92078710933504,12.2754810298034,12.0219998513211
"7-(2-hydroxyethyl)guanine",10.4124576924693,9.86516732236302,9.77852107877021,10.3700147552116,9.52156137171819,10.7300664655775,10.0674395573676,9.82145027322192,10.0059493474593,9.7950393236932,10.5995024069762,9.67363687557726,10.5376401566579,10.8785736182697,10.4437446443828,10.4004405214494,10.1998642956268
"7-(trifluoromethoxy)indolin-2-one",12.7183014110872,11.8635181459719,11.8082017021757,11.97467796704,11.8758370340672,11.3740744508843,11.9415069814183,11.6073799021304,11.7724520319031,11.8288689720252,11.6556435734842,11.903674674671,11.6628246542254,11.7892090565974,11.9527309279784,11.7843689712032,11.7961302849732
"7-acetamidoclonazepam",10.4008402269586,10.700866542301,11.990327504735,10.2340369010021,12.0846854169649,11.5231975853063,10.0453844357364,11.9691679150428,9.61809638266993,11.9360242709161,9.23703493694053,9.53376936147272,9.08355979844373,9.2665069654765,9.86618323659557,9.46441467324189,9.87070640308913
"7-amino-4-(trifluoromethyl)coumarin",12.4243591877707,11.8072386621645,11.7741761790222,11.8258824320176,11.78198348848,11.7892049078483,11.7869732625324,11.7018981931945,11.7636580649387,11.7187057505861,11.4585954754844,11.1774809670652,11.0784875064937,11.7067037050141,11.8157154779911,11.5107457185495,11.7275825227719
"7-deoxydoxorubicinone",12.9952881366084,15.4018203456142,15.2280753724735,15.5047859096631,15.2933801095984,15.1811217845106,15.4884924408214,15.2589556467487,15.2636944435504,15.2360474039721,15.3933151914644,15.3022890766975,15.1105576309305,15.4433580686712,15.3475828651907,15.237675934466,15.3427451712335
"7-ethoxycoumarin",13.3526798704698,11.911386611177,11.9765133538965,12.3145768346117,13.1165819560808,12.5449623830136,12.6787263034584,12.6699781747212,13.0420768547486,12.4568931889575,13.0671354428558,12.8096416770851,13.1408688604791,12.6578996879705,13.1812179291365,11.7133366341205,11.9614699839433
"7-hydroxymitragynine",15.9295372607976,15.3098445135737,15.2514386292324,15.1260934059085,15.3528854933014,15.2204898446759,15.3475803896627,15.2994385089417,15.373624602867,15.4327233321365,15.5648229384916,15.4901505892219,15.2224473402896,15.2636573592088,15.452860256717,15.1732802592339,15.2176227857478
"7-hydroxyoctanoic acid",15.4963755856571,16.6996397434313,16.0529296339327,15.2570166577501,16.135649830716,15.2577393776674,16.4215708678427,15.5774189975278,16.1761101869416,14.9992997264688,15.7557992992866,15.6069507811782,16.2744684516092,15.9596474991427,16.1626436703327,15.6591681248005,15.9078163174079
"7-ketodeoxycholic acid",14.0589516925423,14.4175664293627,15.9667175433714,14.5495623309521,15.9664878311045,15.851037232234,13.6777958537773,15.5119945069615,13.6075510140811,19.3961296330171,13.3880563924376,14.0532982198273,15.9797024785098,14.943761274005,15.3329176957383,15.0568565700067,16.0098758301748
"7-methyl-2'-deoxyguanosine-3'-monophosphate",11.7733472260558,11.7701012942984,11.7745602593511,11.7792097309381,11.7791580905457,11.7735373789513,11.7712234958857,11.7818304273672,11.770651608576,11.7834309452432,11.7702180653844,11.7821343660653,11.7755089998669,11.7765516285659,11.7856861797601,11.7820401068697,11.7773825600284
"7-methylguanosine",14.0452254119369,14.105359407659,13.9028746105858,13.3677867037028,13.9271878637301,14.0850101587774,13.769290507135,13.6927097018895,14.1641544081657,14.035763927448,13.9963532705139,14.0116451202836,14.08247595106,13.9331640242462,13.8830755793155,13.7853499304462,13.7713982443416
"7-methylxanthine",12.1502462279981,13.6597525104337,13.9054594463432,14.3629175688337,13.8785047639595,14.4221755141825,13.9063951681154,14.4068466018477,13.6812232026392,14.3076605210514,13.2132847622004,13.5453057956243,14.0213840422973,13.7429671355649,13.8541523460442,14.1539127511299,13.9032958712853
"7z,10z-hexadecadienoic acid",15.6625940826235,16.59556457562,15.6500916469146,15.4483851158232,15.8225155315566,15.2873644446698,16.2298855029395,15.298233617018,16.0144455288316,14.7561523381952,15.7164227123155,15.7315952836927,15.9574731874616,15.39504573712,15.8248810344455,15.3455154524198,15.739622628809
"8-epiloganic acid",10.9496980282056,10.9855606924203,10.9727742832777,10.9449690416193,10.9635097268987,10.940840606145,10.9630225643578,10.9633879583536,10.962900736894,10.9545277772427,10.9721708716868,10.9541591541498,10.9679102273783,10.9680314503922,10.9496980282056,10.9449690416193,10.9682738526529
"8-hydroxy-3-methyl-3,4-dihydrotetraphene-1,7,12(2h)-trione",12.3327581019655,11.9824243997619,11.9676850326133,12.2644076473038,12.4378347362859,12.287340468073,11.7340943945292,12.3373304361427,12.4103051873786,12.4101865973189,12.2876857441038,12.0047429598357,12.9044178309357,12.2644977353096,12.2586204635224,12.2692036777912,12.752267731585
"8-hydroxy-7-methylguanine",16.2324766379444,16.4161953650192,16.1276579943703,16.3113944074853,16.1780132809454,15.9662698714253,16.5871835752397,16.0618936285453,16.4280275563491,15.918481477745,16.4201648791249,15.8352503138239,16.086099548045,16.456723110877,16.2321609443478,15.8604108831907,16.2107247363162
"8-hydroxyguanine",14.887965987408,15.5404207482186,16.1769671322642,16.1620496405304,15.9903062929214,16.2508217111099,15.3114812352823,16.1547866158194,15.6804517405638,16.4396912642052,15.9667216199964,16.0209408565383,16.0283790303235,15.5207839081517,15.6239467704465,15.8652276121349,16.0823332829852
"8-phenyltheophylline",11.6537256758502,12.0241795361217,11.6317503289416,11.4372265204946,11.346201449683,12.3606998405448,12.3126596767537,11.6379242892851,11.2328012544753,12.4610620008477,12.2018750204262,12.136872100086,11.4074999888047,12.3703230860835,12.2670612493409,11.8367644029025,11.5622861716153
"9,12,15,18,21-tetracosapentaenoic acid",13.2697479905873,14.0989327388664,14.0300255690529,14.0252811341957,14.2562167940278,13.6426865502239,13.9055781997883,13.8889331753299,14.2325919771977,12.958143103403,12.7945731715117,12.823507210125,13.424959211275,13.8978885272431,13.2484772609211,14.2702963658045,14.0901256711467
"9-(2-phosphonylmethoxyethyl)-2,6-diaminopurine",13.4546505854103,13.6543253427271,13.742090462332,13.5332313191047,13.7873592756177,13.8411025173346,13.682119299522,13.6224994195115,13.3179615014574,14.0959828200674,13.7573209356059,13.3064675845609,13.7957062425676,13.6255622648219,13.3208872409129,13.6860227328059,13.6733172689261
"9-(tetrahydrofuran-2-yl)-9h-purin-6-amine",12.7743849156509,14.0870634807695,14.1674422786824,13.7087150194442,14.0610522175729,14.0046396266028,13.7922306490119,14.0702656444239,14.2585677193785,14.3141657021555,13.7209280894173,14.0953684552228,13.9701120380145,14.2785444327474,14.2844410650853,14.2088654491706,13.9534983468517
"9e-heptadecenoic acid",16.4354431824634,16.6945888261928,16.6769386317887,16.3597340441838,16.6125244060427,15.6411990806192,16.2685086551982,16.4787630819949,16.2177148676171,14.7042802402438,16.508025500543,15.95128474706,16.511539631257,16.1844899223257,16.4175924467091,16.0874010827701,16.6826933295073
"A methyl farnesoate",14.8415634913657,15.471186763096,14.8061182988346,14.6598343399066,15.0092675510778,14.4396102021141,15.3789660242225,14.4901570371975,14.9135267370674,14.2787672724197,14.6616216431995,14.9189439769847,15.1061707145395,14.2310186999901,15.0410243300452,14.3392210665837,14.7607700136727
"Acetaminophen",12.6754985298576,11.4501108653349,12.5470945776699,11.6672858449605,12.7141917587866,11.9868240052342,12.0052859528763,12.1055816065778,11.787104580942,12.6521608859175,12.6222188685783,11.8722455858031,11.2581222282378,11.866136294345,11.2481104648855,11.9957244417225,10.8446313809461
"Acetyl citrate",16.9623404176888,15.8599041211184,15.8129949881692,17.3193812375534,11.5481378184588,16.0212505781306,11.6477364046974,15.9561289881008,16.1296210801701,16.172946892107,15.7343625125623,16.5343066145192,15.9573628745991,15.9284745466279,16.6430206075749,16.0854368398468,15.8333240147421
"Acetylglycine",15.3198261966163,15.942396637636,15.3119256522546,15.0147360074706,15.2812614849978,15.9812379431082,15.6664654327233,15.4259367725694,15.6817218534686,15.0630674679492,15.3014333329146,15.8691456304114,15.4575180343114,15.9599907737448,15.0254091628759,15.7487813693127,15.1405754292633
"Adenosine dialdehyde",18.4130269229484,17.4602257711668,17.4991743440086,18.5522608184518,17.5222128698054,17.4797240630026,12.5892378648974,17.465565227671,17.3812975230842,17.5831404246267,16.6779777671862,17.4589872581403,17.3370150885724,17.4566371247886,17.7963470822506,17.6206289894033,17.6213066328047
"Adibendan",11.7618051888542,11.7634736802312,11.7341637943095,11.7458960518119,11.7603918155256,11.7409657513252,11.7883534171615,11.7664439239334,11.7354824715365,11.733899047377,11.7588473192822,11.7216916165473,11.7546919968036,11.7674907392473,11.7410972027945,12.0458940673459,11.7762882963232
"Adipoylglycine",15.4536221774973,15.165591071903,15.5549661750743,15.1890938256024,15.225689921016,15.3056696877987,15.1851510146092,15.5937802276967,15.5575840162896,15.479329753294,15.5271961975956,15.604384125757,15.4862067891925,15.5454745505696,15.552934450908,15.5069017948452,15.4828312364761
"Adrenic acid",14.7710650966928,15.0362298406485,15.0991973428093,14.6188409842977,15.1263596294281,14.8128581793719,14.9136904511623,14.5242543649122,14.9380129622511,14.1313489237369,14.4809340513488,14.5917094889214,15.1291487290196,14.8349262362536,14.6688524093448,14.7467735156395,15.080058491262
"Ajugol",13.304488383595,13.1007154555548,11.9184556274027,13.3877893514919,12.7946984265575,11.9508295259843,13.4475096670603,12.738546984757,13.3961162031339,12.8288745573311,13.0942854064681,13.5879000089428,12.7785641295174,12.9324842669374,12.8276420126626,12.3151609827079,11.9605700078329
"Ala-cys-gly",14.2457164556612,14.6201936640465,14.6097873535692,14.2291374531632,14.2338057516767,15.0938822722232,14.5888977374801,14.4651198135023,14.4740751249158,15.0430646470006,13.8709802521088,14.3315378246592,14.4886346529198,14.7417971391757,14.3345580826499,14.585767045897,14.6750623403412
"Ala-hyp-gly",20.3163522502173,20.8559409488016,21.4551573357472,20.9755253228557,21.2304662286207,20.2446807901273,20.6431550754261,21.1652869295837,20.5722700274883,19.9266578847711,21.441694567635,20.8382582839213,21.204146122708,20.6764860502254,21.1939681973998,20.3552021576737,21.195393672757
"Alacepril",12.4741304330913,12.6535079656311,12.2364034648568,12.8329898128667,13.2595003370852,13.4206337608425,10.7477044504825,13.2619477414278,11.1831711335889,14.355674508891,10.705763832206,10.3769379552745,12.4998879972625,11.2269975878758,12.5365790599646,12.7312398185908,13.0879220106234
"Alanine lactate pyruvate",15.2954078428002,14.8048325066001,14.7570406261444,15.2219772984039,14.8049679265087,14.6174738956219,14.8472465862106,14.7450029854688,14.7120921856493,14.6103322025625,14.7739641438783,14.44986961674,14.7239427329626,14.7458645472963,14.4472993990321,14.7281452589517,14.6474721426236
"Alanylglycine",22.201162568502,22.3476146887439,22.0333238470612,22.7765822268483,22.1462905570249,22.3185039568399,22.2659852856689,22.1975913946966,22.2369880573312,22.4426262804924,22.3917028474954,22.5784084594954,22.1295271006446,22.2373307114669,22.5718817318198,22.3627187384347,22.1222587434666
"Alanylisoleucine",14.6495816678386,13.9770719752618,13.9561929176865,13.9764823524048,13.9300147196785,15.1924209355479,14.9054448874544,13.901147581791,14.7863756347352,14.9362428767626,14.2717284274724,14.4191089918459,13.9613419762573,14.4271571117873,14.4117145262693,14.5769389217393,13.5131015368417
"Alanylproline",14.4809299923529,13.9331164679025,14.1563372534402,14.8912597354213,14.5636080470077,14.2732453609266,14.0915619333501,14.9806666775812,14.5540977375181,14.3420389846015,14.6796524199013,14.0601279124763,14.4748972232417,14.1108694484493,14.4205692446141,14.5333924334555,14.5646646227765
"Albendazole-2-aminosulfone",10.7036751554417,10.8300934859265,10.3269402596642,10.7234442607574,10.5295653189015,10.3335277870932,11.4591661133741,10.4541452219549,11.2377267561734,10.7039193350222,10.6728809222489,10.585499362547,9.59939139795583,10.7963777321736,10.6923933142114,10.705312636185,10.4961524251188
"Alizarin",12.2506277853456,12.4674244276851,12.5385019586165,12.2917674015692,12.4269002352271,12.7320288693477,12.3691304565507,12.6265242160875,12.6646637183918,12.4981655504661,12.6839380915824,12.7228982615731,12.5779187340756,12.6998042358548,12.6518720045004,12.5164511573516,12.6221962951031
"All-trans-retinoic acid",16.0040721910119,16.0467914196656,16.7144863499269,16.3587190131982,16.2062588216959,15.21035841382,16.2980759302017,16.0018008069999,16.243843367889,15.3249035694548,16.6945443583078,16.3186726665057,16.4212661458421,15.8790093261092,17.1924933697279,15.7233604286287,16.3518782829948
"Allantoin",16.3548847910374,16.8049285781563,16.9354247734562,16.8068980378,16.833308699528,16.9528530341909,17.0697042694402,16.8786816080796,16.9287038330221,16.5934136385765,16.877090700741,16.8235635883272,16.896702631617,17.3010874695646,16.8405031576864,16.8452027947404,16.9750290598912
"Allo-hydroxycitric acid lactone",17.3027226108769,14.0131147172251,14.1916439730614,17.8670713102455,12.1840937656323,15.4297096177603,15.6504221551573,13.6257343570264,11.4899360454855,13.9744045510736,15.0089714319701,15.4587641550613,13.053046532608,15.5494701080003,16.56599560489,15.3642093708055,13.4386382798771
"Allophanic acid",17.7831793641442,17.9231686081947,17.4164941778068,17.4075926808834,17.4716842992682,17.0857428924071,17.279779633166,17.2601512572823,17.7501440601612,17.3603301489035,17.3285508042933,17.4780399248472,17.3201721589132,17.8504290432844,17.1209305632087,17.5747555759568,17.4003634977505
"Alpha-ketoisovaleric acid",17.9269620888922,18.0884779613048,18.0294477604466,17.5719251254055,17.9613544755693,18.3550808206758,17.8970932721933,17.9226646079341,17.766229968416,18.1407360490193,17.7723799871978,17.6107355351549,18.0378249212903,17.9985863589312,17.4833287627911,17.8757758605413,17.7686845417055
"Alpha-linolenic acid",18.2283675037703,18.9399307376923,18.5467577600443,18.193810311137,18.6513986702479,17.8474164557603,18.7811145269188,18.1652518008107,18.4982190046166,17.5176250695031,17.9920427192704,17.9773247065462,18.4168011575986,18.1458191141983,18.4444584085451,18.038012979431,18.4878514722601
"Alpha-tocopherol",14.6509436932993,14.7440166384313,14.354275906386,14.3297715783822,14.2508165403489,14.2405444731826,14.3336994244343,14.2402461151935,14.3639858551355,13.7122004363676,14.8721011646356,14.4784191231624,14.0937829145565,14.3317564480542,14.2884862064851,14.3098483317081,14.1920836806044
"Alrestatin",13.1019781785415,13.0777366066047,12.699932688005,13.2682376197225,13.0939410120235,12.6469823398615,12.5834320057858,13.0418018972541,13.146281577462,13.7368099525125,13.6175557508796,13.4534892771387,13.5506907384186,13.3418436314795,13.7013759410053,13.4565095605227,13.4591911224183
"Aminoadipic acid",14.1167914101245,13.8492229577737,14.0757286481308,13.9979976436751,14.0193001719537,14.1835126382562,14.0160434427856,14.1504950713872,13.935143781918,14.059789748482,13.9092234856754,14.0699244297797,13.9338529094908,14.0037569079082,13.9478486606222,13.9299694730495,13.7634933182224
"Aminodeoxykanamycin",13.3600763007328,13.1800265539801,12.6915412111336,12.9923494135034,13.4773605426692,12.9384105247742,12.8328319929803,12.983280274994,12.6336575416043,12.9278932741805,12.4863200260869,13.0628600612225,13.105062214993,13.3128236073229,12.4608834195991,12.5417844303988,13.2320453619688
"Amitrole",14.9396155518891,15.1718420126118,14.9469842562467,15.5801491998545,14.9233721324695,15.0984632287994,15.0422915299491,15.0403978524747,15.0233608237053,15.2256511644764,15.0890767960621,15.52740131449,14.9007252449938,14.8913099977935,15.3575155595195,15.0896690118807,14.8907871719141
"Amperozide",15.1994360991873,15.1164984433746,14.5633062935227,14.917016592739,14.5911150321455,14.6265889311121,14.8036193595211,14.6325406798255,15.0393628855148,14.5672402802826,14.9580441337064,15.0730909891746,14.6415629074807,14.7476295543147,14.8298387871678,14.8235635795557,14.5269832695588
"Andolast",11.7666074840822,11.7509645081673,11.630504032072,11.8703549254196,11.5752204707649,11.6644317978853,11.6790763428067,11.0772503638738,11.7703507190522,11.7172369679807,11.3806010100338,11.2653113788132,11.2467767265822,11.7642264637863,11.4830540033433,12.2262155106799,11.1341456348865
"Anethole trithione",11.4106141772493,11.393791376679,11.3546887703303,11.4117674800346,11.080967974496,11.4099954854388,11.3832611906591,11.4097060174251,11.4440856313792,11.5625506411516,11.443598304496,11.417918779681,11.5510376053868,11.4232441863612,11.4907039823936,11.4300971584078,11.4369086614681
"Anserine",15.8908957757059,16.518013321234,16.9396279614822,16.9160406632104,16.7488636365994,16.7032973492934,16.8238462438052,17.2514210462384,16.8683876213191,16.7638668573035,16.7379398434143,17.0416630366085,16.7703695892469,17.1169433728975,16.3546809106608,17.0931266384689,16.9029210024194
"Antcin k",16.1302014454103,16.5338501851707,16.2970887510242,15.4966603158566,15.2794286788589,14.9562297842768,15.2463169592805,14.9693493368143,15.1081146952948,14.6654588653156,15.8647325105493,15.107430073068,15.7064346696622,15.5857768907276,14.9636525553324,15.5998268632629,13.9708328100208
"Arabinonic acid",15.0678573272884,15.816081617486,15.781445413469,15.6968072962462,15.655695960666,15.8546739203574,15.5909980748318,15.6385626134604,15.8141102970623,15.7320829797985,15.9632741507404,15.5876666520102,15.6556933439013,15.8065698162543,15.6676021884674,15.5287565532592,15.6162955823657
"Arachidonic acid",18.3953065591059,18.409472384455,18.6654390613067,18.2125302847388,18.6506718901587,18.26960207599,18.5246136922782,18.7299575322872,18.3545969646017,17.9159582758308,18.3245646214784,18.400832589719,18.6870749133275,18.2415182992146,17.913346247828,18.2297138724494,18.6310960199177
"Arg-gly-asp-ser",13.9567365108782,13.8125649665003,13.8970228301544,13.5236783817173,14.4811591194162,14.3165479924897,13.4387559604762,14.5807999691045,14.1831724934701,14.8070668788009,14.2655662328478,14.176062741201,14.6596793741044,14.4177881569433,14.1603325836988,14.4778789371703,14.6285378422224
"Arginine chloride",12.999902984568,12.3641831811997,13.1029839652378,12.9421579672005,13.0549785232725,12.607351469642,12.3673828303419,12.7407286170979,12.1927272364954,13.311608386216,13.1308361536484,13.2817382556189,13.3195258361535,12.8941060419062,13.2594802032993,12.7181770542482,13.0325044320413
"Arginine chloromethyl ketone",13.1835083194087,13.2235382188066,13.1607378029429,13.2849155623679,13.1606663044033,13.0408157498603,13.3319626917959,13.1186889177017,13.2595428677154,13.1999596670728,13.206471567951,13.277009385528,13.1871598566052,13.2668222476836,13.1644627007401,13.1136294821413,13.0634522419495
"Argininosuccinic acid",12.7858563882832,14.6555371902215,14.5282578225514,15.2431533071112,14.8962852920208,15.5881496616517,14.6243139410924,15.721788503442,15.1266740585385,15.4103258360009,14.9496884708743,13.1541383762285,14.7505464767324,15.1722212860651,13.8529706459547,15.2347843136356,15.1844612513572
"Arotinolol",12.0696820320639,12.5029118837759,12.4348017565111,11.970794070588,12.9196456201601,11.3507657686836,12.2994628558222,12.2949891374097,11.6257323978028,11.3913321312763,12.2517924549364,11.8284078706164,12.7432445219067,11.7767412802093,12.025963786455,11.4674157950099,12.6169687664139
"Arsenobetaine",11.6663456852175,11.3888483432504,10.9736720552634,11.5273840995186,11.2161560362016,11.0170190179917,11.3587341027105,11.0747570320428,11.2057053865642,11.5584541117973,11.425203347973,11.4900794980549,11.3313487635896,11.4741523230127,11.205733382601,12.1947864839158,11.1572848311219
"Articaine",14.1770999794622,14.8023793073696,14.8213951235974,14.6946198848843,14.6110747032857,15.0333111534478,14.6661622190177,14.7173402913371,14.5302182986031,15.2898892064508,14.6335544138587,14.9552190129742,14.7193393908473,14.6924058287347,14.5712165415662,15.0359153323112,14.7891793567538
"Ascorbic acid",18.3770123629809,18.0087807239592,18.9404395122994,19.6413758461517,19.3958609718631,19.3640018281869,19.0913219256008,19.3900583185139,19.1892872123306,18.7593337955656,19.2728617288235,19.3187124698842,19.2304476734652,19.161899694675,19.356762198432,18.8054141967668,19.2181655509891
"Ascorbic acid 2-sulfate",17.2849395795835,17.1806090385118,16.6813304744918,16.9398841324074,16.7371838972225,16.8311676901881,17.142961691139,16.8725162405922,17.2231265482117,16.0327892027069,17.3780179415508,17.00223164856,16.7609687124721,17.0598903629595,17.0050373060159,16.8373885566493,16.551133322965
"Asparagine glutamate",9.75288003909343,9.23737617980718,9.74691874036235,10.8786527206439,11.1977851415978,10.5355989063674,10.631435122399,11.0344793431758,11.4078970746432,11.4950652862054,11.0567177828176,9.37269395761546,11.3254129698951,11.0031689839362,11.2547348485524,11.1336729328128,11.4731845478268
"Asparaginylhydroxyproline",17.3281394968067,17.6548742985704,17.4004955847271,17.2442297491722,17.2453529131113,17.5290168340046,17.4283370579043,17.1107320079525,17.6399362176354,17.4035100453189,17.3905418559716,17.1848049787817,17.3076845012727,17.753505177004,17.436367563533,17.6215088314016,17.2956317977519
"Aspartylglycosamine",14.7168860762474,13.9841220337446,14.9858747582148,15.1438878754567,14.8025295994985,15.4152498485877,13.7917820671095,15.204943577242,14.819378224285,15.6367128184369,14.7953575360092,14.9915849228941,14.9314681938844,14.8582157879335,14.8180621100055,13.9669428399164,14.9078286473031
"Aspartyllysine",12.7730456682926,10.0034029850539,12.9235828806888,12.858102064178,12.8320751224101,12.5690074976156,10.4834079465293,13.012791634304,9.8475085646309,13.2201719912096,9.6798423666926,12.7864736724074,12.8842444353712,12.7071044238753,12.9337390799676,12.761497962905,13.0251550375604
"Asymmetric dimethylarginine",17.9972264294324,17.8186430121571,17.8736988771455,17.8757517357591,17.7962632143153,18.245936379295,17.9787937632008,17.9221231439794,18.0192320728001,18.0734704608634,17.9851916381491,17.7988146572276,17.7525107761283,18.0052916288464,18.0183220071308,17.985458844115,17.7955760651112
"Atreleuton",12.5626924903086,12.4720782719507,9.18302898460454,12.9737938504036,12.0399565577946,11.8318291235824,12.1514035620595,11.1442356500634,11.4304502965165,12.3456656787509,12.3709408303045,11.8960603540532,12.1995283718004,12.2220903306839,12.4304954817139,12.3723688156049,12.0616634924226
"Avagacestat",12.5934124378966,12.5281363452683,12.7543555871142,11.2966851526859,12.3591249906359,12.6654676897168,12.653673022086,12.3977753349669,12.614792230087,12.7616004296262,12.9198827116087,13.4320278885332,11.9704287013315,12.5661977814106,13.3175518723785,12.5087302931112,11.7523415617896
"Aziridyl benzoquinone",12.7134289449815,12.6686287187875,12.155190287559,12.6556102380802,11.3058333266573,12.4983482696831,12.3085402232648,11.7682250269887,11.2704923620987,14.1376826032486,12.6348549175661,12.6495149270897,11.7136854843169,11.0932484258913,12.5571790677771,11.1434407101768,12.7840849328597
"Bay-41-8543",11.3626178385528,9.90030825223011,10.1176700058379,11.9526228651776,11.5665180479839,12.9991342662921,11.0932820608334,12.3975337190903,10.4870915779934,13.0494425276114,9.72951100239871,11.6930253440098,10.4100565130191,9.85647268833075,10.7789302170821,11.9465287482109,9.61087948310704
"Bctc",12.1277068159075,11.4669852307738,10.205644703952,12.1111779021521,10.794468285357,12.1207489983485,9.4234951129496,10.9620579729573,9.43838219005177,11.6676046393413,11.4452339386616,11.4690749847786,11.3872885189677,11.6541615368755,11.7134308114435,11.8576669481838,11.6623987330552
"Benfuracarb",13.5206531798027,13.4689375806377,13.2354119441293,13.4355311182624,13.1984449780803,13.4473245869807,13.3150036852602,13.0284070046073,13.3534049239515,12.3615503925133,12.9181236984892,13.1272751999881,13.0633952882868,13.5274274841138,13.2413206143429,13.4780356560637,13.0237589742565
"Bensulide",11.119381481995,11.1046674251644,11.0556713510566,11.1095534375774,11.083045082948,11.0733225784291,11.0959019376238,11.0918600237213,11.0708223214264,11.1334727956318,11.1001794398786,11.3590288916313,11.0903558138702,11.0729564360215,11.1384667775767,11.0721954786139,11.1016935981413
"Benzamide",13.9769532004518,13.2200940659711,15.5556910482519,14.4885659908455,15.3558783418862,14.1823474438418,11.6150313912171,14.2335167152193,13.762858096555,12.4659597982929,14.3945080893506,11.6803698224149,13.6117880125361,14.9167963465809,14.4961861838865,14.2603533524016,15.351482953189
"Benzamide, n-(3r)-1-azabicyclo[2.2.2]oct-3-yl-4-chloro-",9.7593280229084,9.74256334124841,9.75739094600545,9.77833032064289,9.75290364164796,9.75674448261605,9.78145015946298,9.79080034939927,9.7373559937573,9.78018534010154,9.7682313049925,9.78460573286372,9.75739094600545,9.76185972631206,9.77201819768266,9.75868271573115,9.77706183622685
"Benzene-1,4-disulfonamide",10.8421265875383,10.0165879157089,10.7082751199944,9.97997099487413,9.70420515620523,10.3808062069534,9.78719860759641,9.38009851662693,9.55632310699254,10.4297472718634,9.6788520432901,9.7066869201745,10.4476533408453,9.65869908140125,9.64887215432692,10.0804044249624,9.50334043869073
"Bergaptol",12.437332491266,13.5823894055303,13.1837673556175,11.8236187503108,13.248715818185,13.8982366361375,13.3200896383886,11.6819473906349,13.7444048983323,13.3197941029268,13.8117174824092,13.8078312436854,12.0162837002202,13.6815853647979,13.6753395831903,13.3838400885834,12.0511620327314
"Beta,beta-dimethylacrylshikonin",13.756688587245,13.7574184612064,13.7620887550415,13.7752537251132,13.76731931485,13.7687631116359,13.764123956572,13.7559581801927,13.7660142374775,13.7740986413232,13.7639828832213,13.7706446519976,13.7680414738048,13.7600494031267,13.7745367575402,13.7628146997142,13.7620887550415
"Beta-alanine",14.3327004145553,14.5252191982396,13.9274513394675,13.9150900400327,14.0374208217473,14.1809820538707,14.052431314031,13.672188838728,14.949295968493,15.1525864591374,14.5184688898019,15.1809924059582,14.5073643903738,14.6799767036206,14.5880255662426,14.350574718009,14.2908292529122
"Beta-hydroxy-gamma-trimethylaminobutyric acid",11.3278392537798,12.6424452644911,12.9778790621176,11.3989523208902,12.9579280566555,12.2960019933106,12.2141772702415,13.0891401943002,12.156006936843,12.8816506389078,11.3363483750481,11.2109527747064,12.806578880669,12.6646624621868,11.5952552668665,12.6776601633662,12.954232013978
"Beta-ionone",13.2878188117824,15.7086300580216,14.8386830261327,15.2445486693805,14.5963128333675,12.8358759799119,15.6452694004936,15.7890340252288,15.6095941616627,15.5070434119888,15.1762503456927,14.3855215456906,15.2032512943019,13.2919851617875,13.2111073124279,15.9756064351822,15.7098770151773
"Beta-tyrosine",14.4400905121704,13.5536063373735,13.6453571695473,13.2820540433593,13.3282871687213,13.4234815061972,13.3534474922952,13.378118961345,13.6661304709246,13.322640224559,13.500060468991,14.2905925600331,13.5764692359513,13.2257720034225,13.6097564337513,13.1316638588532,13.6432151466551
"Bilirubin",13.8915447075682,14.5586277947781,15.3707683018377,13.5835226608452,15.1938934652547,14.9823612467641,13.6449274129972,14.7439822522375,14.3524971618492,16.504670015771,13.9095526971818,14.4854084214381,15.3449905022806,14.4537874041559,13.5019798479662,13.2399112518116,14.1747039578976
"Biocytin",12.3835391029651,12.6290244367747,13.1550007697531,12.8330888010463,13.2194834717407,13.0088668293991,12.9489505496452,13.3755718802301,13.0347868101371,13.4639193208014,12.9897010460424,13.0615926507543,13.4413235653336,13.2344245853718,12.9665491965617,13.2526205205228,13.3734521048742
"Biotin",14.9038952204114,15.3311645105859,15.0281652168003,14.8858250255958,14.8865037899297,15.2139536822678,14.99445005553,14.7121095742019,15.3443735625934,15.0707267359586,15.0419115926161,14.8377992977367,15.014711739491,15.413142584092,15.1083311792115,15.2731628724436,14.9779854100553
"Biotin thiamine",10.5925737441498,13.8939662449573,14.0366568324105,14.0582154535304,13.8878349506448,13.9555678098287,13.718357858437,14.1235789489428,13.9588547730868,13.7178059443623,13.9870350822705,13.8245913852373,13.6755994198682,13.8149598565159,14.0134365015869,13.8374677217478,13.8849182947011
"Bipiperidyl mustard",12.027039260278,12.9292880814386,11.884106258951,12.1853936585617,12.2651507288431,14.0694724959553,12.5218340639269,13.0260949604095,13.0588413734248,14.3372882814192,13.3617376166571,13.9501859600596,13.3460564502568,13.6121531601228,13.357330740111,13.4517691990003,13.2190514060732
"Bis(2-hydroxy-1-naphthyl) disulfide",10.5783813394938,10.6159401528119,10.5954485580974,11.1587447846901,10.5831295986309,11.1965888298465,10.6084227669911,10.696946909866,10.4951615470463,11.2338226115583,10.0176501084625,10.5327368083008,10.5358247002574,10.5953879739107,9.96270404870355,10.6400260857009,10.2598562114815
"Bis-a-tda",17.3481280239189,17.8169245338826,17.6184498804983,17.4898774990918,17.5376959313726,17.4533088483997,17.7343920448124,17.2973058899325,17.5099242595608,17.0831529515132,17.1943767827858,17.0568713260239,17.311371484144,17.4424135669107,17.174265717418,17.3293376498753,17.4184789021275
"Bisphenol s",15.2739921900292,17.077171376382,17.2118904275408,17.2310564702357,17.2231176557846,17.1510859693179,17.039739245357,17.2868819464882,17.1726976704871,17.1349297307333,17.4551580091291,17.2209041997819,17.2903880954225,17.1206226242939,17.1898663464134,16.9887894932562,17.276237372115
"Bucillamine",12.741413127126,12.0323594574023,14.3754469049934,13.7341084193251,13.9366487074981,14.1954655543005,14.1694623652222,14.2343180721662,14.8541661385635,13.200181576797,11.4203562782749,13.4728392511675,13.8013828246292,14.59682785165,13.1200173060721,13.9535387592513,14.2952658381597
"Buparlisib",12.9040294748973,12.9136139671553,12.9123682867628,12.9048656507692,12.9280197169617,12.9065359081673,12.9276092291732,12.9198109178192,12.9061207049476,12.896887254449,12.8913936911917,12.9015167445558,12.9160965253794,12.9185729366444,12.8960443787199,12.9218694426361,12.9119513232883
"Butyrylcarnitine",17.0784390329967,17.9312276686197,18.4020698329989,17.1461629157883,18.380485788251,17.0331005898257,17.4977901722409,18.270856577292,17.1743813042694,17.7246834618549,16.2543277317246,15.6910195127757,18.4788473449819,17.4884432602152,16.9438720368668,17.6958133269047,18.3528075998613
"Caffeic acid 3-o-sulfate",11.8508635299935,11.6764140040516,11.4582443119661,12.5558858132729,11.5644049154616,12.8381831054023,10.7642493456481,12.5834587976523,11.3922539299743,13.5026197790053,12.2081322412193,12.3957206627764,11.6830063597526,12.5901288903357,11.3521712166627,12.5288823822322,11.6459930533821
"Caffeine, 8-((3-methoxypropyl)amino)-",11.6871323420516,10.4323665965254,11.9257903254415,11.8347041331132,12.1658879565005,12.7365208054874,12.1348048887403,12.5245301450215,12.270112802946,12.7813270259791,12.2245480797348,11.5840621501202,12.3461675076532,12.5737169428626,11.9380755969493,13.0349479318546,12.265669394396
"Capryloylglycine",13.9152346862251,16.4117507526215,16.3215948557089,16.3378260633421,16.3005364225029,16.2319712625455,16.630752632659,13.8143173818121,16.5844890814042,16.8002401190787,16.2958456101945,16.7891315178443,16.5308916450636,16.3513720692115,16.727046793771,16.8249683295667,16.4612866961932
"Carbendazim",13.3374948548488,14.9124989243811,14.2948593329552,14.0893122443837,14.3339172441704,14.8862771501901,14.8135481860263,14.6210693068886,14.8638148914022,14.8172781019556,14.6513376790037,14.5458330345255,14.7961035107352,14.9869116680968,14.3829529683698,14.9027359899595,14.9053102991614
"Carglumic acid",13.5528188925242,13.7195151254142,13.8088155557111,13.9499845568607,13.6307999063302,14.0101367969605,13.6795886745551,13.8560972153317,13.7156441409643,13.6485753435695,13.9951153893601,13.886897630306,13.7268145319151,13.9612352725473,13.9340295649694,13.9823405318476,13.8663403668425
"Cariporide",13.1082049487565,13.1325553492062,13.9989625786935,13.6766347855875,13.9321394347803,12.3454664661898,13.2233464795977,13.9124660700253,13.0514608244865,12.9610295674325,14.3666800548569,13.5781118220683,14.0458598913028,13.3688500440279,13.8591629335547,13.4286886533313,14.2983460214017
"Carnitine",20.9541453170514,21.8335836486221,22.24437621663,20.8934200334734,22.2396523870088,21.5489950199959,21.5984910347636,22.3501182160528,21.3500225250673,22.0898638011473,20.5472987791997,20.1965204786371,22.1430537127872,22.0302087488792,20.8542236215899,21.991835131753,22.1751471072411
"Carnosine",13.4771541928517,13.5677770542631,14.0631091642029,14.165219522018,13.8279752458129,13.6711449725544,14.2463563280144,14.3430898281269,14.1970528789643,13.7399659860712,13.3687310419731,14.2497425600388,13.7851590093627,14.3063018595773,13.6087328942944,14.1907590557354,13.9216437461578
"Cartap",12.2342114298908,11.353133196149,12.291113366697,12.2970223421445,12.1508153625848,12.6389228337174,11.2129547913406,11.3346615705074,11.769584881641,11.5199180299956,12.2696354929892,12.2614802489159,12.4700249070573,11.7132510519716,12.2607182489537,11.7915148621519,12.6780610169223
"Cefuroxime axetil",9.44873847037934,9.44642807995976,9.44764659260185,9.44760476516447,9.44525019929251,9.45031790633068,9.44869668233661,9.44329839748256,9.44715687833238,9.44801066618693,9.44443631894804,9.44715687833238,9.44569882316849,9.4480524789772,9.44666695707863,9.44760476516447,9.44415502981914
"Cephalomannine",13.8956043853543,14.2946757237139,13.6597169390652,13.8883873376067,13.3310473244758,13.9556263838295,13.452177379417,13.7342159019023,14.030370791926,12.1633710705391,13.0027026683453,13.1344461694177,13.1372315986981,13.8417866922269,13.5469380544579,13.7372338819947,13.2966443704283
"Cephalosporanic acid",10.7055249998584,10.6870902810151,10.7349069043348,11.0800208122279,10.6814928231707,10.7265999264808,10.7272436369054,10.751302282179,10.7031890808616,10.7595544484152,10.7696315843422,11.0249131121988,10.726823171845,10.7187710428258,10.7443726214109,10.7254971864475,10.7138062521838
"Chenodeoxycholic acid",14.8795178498412,15.344367329661,15.6767259851105,14.8079831952994,16.1730593569963,14.9705748009516,14.3127559492969,15.4262083369937,14.1194121183818,17.1573645960715,15.606711863892,14.7053777582487,16.1477005115703,15.4183076049818,15.6745194648267,14.5221013475219,15.9053891381832
"Cholesterol",14.2760286794395,13.4946026115308,13.7318897738183,13.7939594922342,13.9766051190168,13.4750583588853,13.4035207101071,13.2343559654455,13.5602596915541,14.8747778323369,14.0749108929522,13.944736867964,13.7702456906958,13.8859794757912,14.0392973156183,14.1334704362373,13.5239921761442
"Cholesterol sulfate",17.1844014776592,16.873944797081,16.9324069491132,17.0109833842987,16.878577881124,17.3247090449935,17.0980933845355,16.9023416115363,16.9165726302037,16.7620662422605,16.9241405827855,16.7882999554335,16.7575710593181,16.8261290884541,16.8727404148014,17.0467559969211,16.9024249631605
"Choline",20.8013153144867,20.5241948402819,20.9681061264334,20.6661841153248,20.7984671411712,20.3046588922821,20.6154026803238,20.8843590759595,20.7201290130822,20.617503453936,21.1283146871545,20.855201101088,20.8941903479948,20.5916399240711,20.9045626234149,20.4533011855493,20.8593903927834
"Ciliatine",13.0183259264754,13.8536005426218,13.7165570420665,13.4943119428587,13.4988602563071,13.5227748564436,13.7282537749974,13.5086746791632,13.8036038869089,13.3980032219553,13.6517060939768,13.5197385975926,13.7194804054404,13.4497837842572,13.6890686085309,13.1769170506795,13.7522084566651
"Cimetidine sulfoxide",12.9457774716174,13.7431064779796,14.0233373974884,11.6533918220678,13.9265941585077,13.1689699964671,13.8693127770355,13.3811776630206,13.4311099114894,12.9849775135499,12.1952855654034,12.2035662085284,13.982456887852,13.9866395159179,13.0948909388855,11.6626669556091,13.7338423896497
"Cinnamic acid",14.048261607069,13.7703186231261,13.9340870074524,14.0419000188391,13.8227488688865,14.4207252254852,13.7280408948612,13.9718785159666,13.5093154734591,14.5586527791405,14.1447339241671,13.9888090561632,13.7258427307156,13.7965655770843,13.9721727083196,13.7227058565507,13.7757807954903
"Cis-4-hydroxycyclohexylacetic acid",15.2563269450092,15.7416125528047,14.7478607310696,15.2092606990025,14.5595128503477,16.615326889369,16.2643773900198,14.1380468736285,16.2252785932514,15.3623663052101,15.0099760231668,15.1667839612624,13.9574533294451,15.6746129470867,15.2601737273977,15.9004455863313,14.4854698952815
"Cis-aconitic acid",18.0882036726567,18.2750362695677,18.0487157037677,17.9184417019009,17.9521972393309,18.4305622089062,18.3416375936967,17.9010626974647,18.0902986086064,18.0141623210353,17.9122634025583,17.7456137273074,18.0915178606523,18.2124710761602,17.9834625732159,18.0437972898009,17.9604624580598
"Cis-linoleic acid",13.3911813118633,13.0743317755087,13.5704646038388,12.660704723976,13.4776077200682,13.334778379903,13.8267121940218,13.0638480167203,13.0387898439212,13.3266476758205,12.9740660404234,12.7369519243117,13.3698494177404,13.1242916760371,12.86773364458,12.5759693781526,12.8328451403247
"Citramalic acid",17.3355675173092,17.9115572652375,17.8794933093284,17.9479277302313,17.8378133859851,18.3292964384594,17.9357651396585,17.7438063996359,17.9456508585547,17.9701305557563,18.2946906445942,17.9366770014564,17.937071286876,17.9758041517488,17.9439537878686,17.6891090809537,17.9279907696978
"Citric acid",20.3829937476845,20.4321056092459,20.3093245499642,20.2270724506809,20.2722011089785,20.3369578222063,20.4697476494004,20.1252860362253,20.2767003991182,20.0341736965038,20.0429059433175,19.8190170148346,20.2460779895496,20.4592519264734,20.0301656365421,20.1570861869502,20.2016439956325
"Citrulline",17.4079849869393,17.3850521348449,17.2955353857415,18.0642804326263,17.389052838419,17.9443436346902,17.3938152181079,17.5680727174496,17.3894489542936,17.6233264189344,17.5391685319392,17.6073562594397,17.4543373165962,17.6568644871725,17.713228768523,17.6961548013301,17.3809659667821
"Clioquinol",13.4745269112823,13.5171523225147,13.3199253631702,13.5499381343761,13.4840888162779,13.3635200778704,13.6933183198397,13.4960890410305,13.6490604679326,13.7377118514696,13.7304345259204,13.7305985939984,13.703055137101,13.694048585519,13.6988086754451,13.5788597465481,13.4536941323216
"Clomethiazole",12.8912926210994,13.8814137688826,12.5014070279319,12.2157263924516,13.3995186420147,14.0087581681278,13.0696934495887,12.7832318380587,13.4290445462645,12.3952088113074,12.7974651171448,13.8352872838694,12.9911417711071,13.8009413463008,12.0756127764883,13.94213681562,12.6831306568991
"Clothianidin",13.5265572161042,13.1868187854189,13.2066123233061,13.2720958082558,13.2846838864254,13.2010576283698,13.334995194206,13.2546158608204,13.3592340796101,13.3800379091022,13.38940990851,13.1792966102088,13.4176817012136,13.2668175513678,13.3737444947302,13.3405115930684,13.3384088932011
"Cortexolone",13.6727442685661,14.6651518296378,14.0113255454341,13.4385640134857,14.2825226157769,13.0626390597466,12.7726095318649,14.2584464190896,13.3389117766569,14.2361848661141,13.7017789247946,14.5183312597919,14.7956281851572,14.0487750714552,14.35450746627,13.5527342753893,14.4131187244851
"Cortisol",14.0198439475696,15.0100885830802,13.60105810814,14.1369600741681,12.9628111339705,12.8603676902703,11.9936452511944,13.312138317368,13.707905792279,13.9331375158855,15.7301252498058,14.6683561598786,12.8884938216191,12.7286825997154,13.3897980144197,12.6634475335232,12.2401969435461
"Cortol",12.07357331606,11.5537246099647,11.8710792708552,11.8151699938664,11.7389549563251,11.9130860431149,11.8707066103449,11.8694602189768,12.4589134870068,11.9640672426526,11.7474266352606,11.8451534984167,11.2419082729469,11.5280631907042,11.1364946029359,11.8793637782146,11.7753111827594
"Cotinine glucuronide",13.2943268580128,13.8743619192795,13.5671087280914,13.4640076586516,13.7509588264066,13.9947355149815,13.5872663170963,13.8016227954875,14.0182134836901,14.1394327818612,13.8243940127033,14.1449905576025,14.0264378378839,13.833999860761,13.9205451936324,13.6069180450064,14.1713308000385
"Coumaphos",10.1158620310908,9.8295909128194,9.80031492081435,10.2463996909302,10.1767343252941,8.93235071567809,9.72361350558879,9.77376837572555,9.25108739350986,9.92556302952008,9.17715777425282,10.2804102303167,9.15221669730706,9.40076562293741,10.7464695328719,9.8626344353587,9.14880358760816
"Cppene",13.0714071897646,11.7698983199651,12.7436340244594,12.942388266295,11.9744004192498,11.2891138541759,12.8958431944392,12.7533519294985,13.5138756333998,12.7025261586973,13.0072082766368,12.9917613771726,11.5550330659058,12.8770825683361,13.322003944513,12.933003383368,12.6819666618477
"Creatine",16.520323347019,16.5459187620872,17.2183169062573,17.1764231057838,16.9781561287566,17.1811653359183,16.3709899882383,17.2090708840613,16.6682053672702,17.4466201235154,17.0230292097131,16.9554540256067,17.0725140155847,16.5620073953409,16.6428163186873,16.9001297802175,17.0962698260428
"Creatinine nitrite nitrate",11.1957807112466,11.2265582247947,11.1979773973879,11.0699057785248,11.1956362279054,11.479045927684,11.4772199063303,11.1879087003101,11.2266051518756,11.1999155187958,11.0448578285028,11.176593656795,11.2007448158127,11.2055036277523,11.1280386491458,11.1640942521874,11.1965327652908
"Crocetin",14.0432368086783,14.2753515993987,14.8200121256316,15.057381586823,14.7045569892735,14.8465209919103,14.3759576085767,15.0648867756424,14.5550377390909,15.1608629306573,15.0253054776465,14.7541311369293,15.0042893804059,15.0011414508455,14.970406599294,15.133736732393,15.1234635184229
"Cyasterone",14.1698730983628,13.8954026385897,14.1401669993176,13.1801015728291,13.843384058846,13.7104737305877,13.9082733073967,12.902972624261,13.8085957488321,12.7436939114221,13.8653914423694,12.7057623166857,13.0258639438281,13.4649374273391,14.7859602110221,14.1755359769206,13.6996809031838
"Cyclamic acid",14.0296915403234,14.7108263260276,14.2792813563689,14.612216320534,14.3587607282136,13.2084197680084,12.5739431904618,14.1714186496138,13.4926028304078,14.5413219148626,15.3393005514128,14.4820575643101,14.2982517472677,14.7963918108967,15.3173365387551,14.9145127325922,14.4389486974819
"Cyclonite",11.4808094547478,14.2851220168303,12.9814685745927,13.0653267950958,11.3400980642644,13.3129083521238,13.4062763251917,11.6587408466706,13.1611993669189,13.1933758478838,12.0587444224051,13.2441963938114,11.6794260028727,12.0772469074491,13.2859391339209,13.0562858954263,12.0571703858859
"Cyclopropanecarboxamide, 1,2,2,3,3-pentamethyl-",16.9706235986708,17.0379956593319,16.8842398575963,16.8286849782452,16.8979161483634,16.9739063460077,17.1263220131367,16.6965863612611,17.1217177101368,17.1674532771665,16.939525956083,17.3373193498772,16.9258463615022,16.7249140277046,17.0722365672772,17.2411090829243,16.939364876389
"Cysteic acid",14.8145050348908,14.7426881524597,14.8934741858215,14.902045246201,14.8989551162652,14.8080593941127,14.9646586488102,14.9802325625128,15.0034471278823,14.9406001953308,15.1847164479114,15.0655844195442,15.0465216335516,15.0157493705158,15.0583175545801,14.8467616183315,15.1501885111111
"Cysteine-s-sulfate",16.9402012365221,16.9036452298983,16.9278911111543,17.0412642933907,16.670206579606,18.244643332237,16.4245598765241,17.436746483032,16.7512042945113,18.4104653908833,17.3405228095001,17.1117657755102,16.4845568230693,16.9759821646478,16.1803332903122,17.3016056935404,16.8781794769822
"Cysteineglutathione disulfide",16.9247998143586,17.4041492979904,17.2518094970607,17.8218629099339,17.0897471017764,17.4004958124062,17.4275089268836,17.4224617423013,17.659265243811,17.3975914559011,17.6208792879888,18.1535526748618,17.2771733307314,17.7912401561667,17.9088301416241,17.7447964755662,17.4486743595773
"Cytidine",15.114331326976,15.4265089374033,15.1569131727138,15.0772657133903,15.0291745034431,15.3157017073308,15.1766746349416,14.8980849381135,15.4254511762308,15.1261142186947,15.1465495723217,15.0125201738337,15.0306870923747,15.422232907213,15.1659601891771,15.2968573072234,15.0246629873276
"Cytidine monophosphate n-acetylneuraminic acid",14.6131333949261,14.9127220706283,14.90264534336,14.7933968194701,14.7767277197331,14.5584601846373,15.0504041738036,14.648496137316,15.3555469180185,14.8686611808225,15.3808317970603,15.56392456316,14.95352126629,14.9231763943118,15.4901644636871,14.871261288325,15.1491045335742
"Cytosine phosphate",13.1016122535422,13.5667693347461,13.6575839717504,13.5824567107409,13.439060808311,14.9961593019537,13.2422164177447,14.075307271733,13.258088952584,15.1336004800801,13.7799828995992,13.6648471367486,13.2627067326113,13.5898245583854,12.0841524971806,13.9905202249455,13.3783085093828
"Cytosine-5-carboxylic acid",13.7705560142162,13.7654175582313,13.074973185714,13.9338866319305,13.9780031808484,13.9490484800561,13.838102316256,13.7880960257807,14.2281895463672,13.1071620508744,13.6474764530182,13.5673003171569,13.1914644695696,14.2099527590274,13.8562597995384,12.8908419993262,13.4781493937705
"D-alanyl-d-alanine",16.0258979169209,16.6273857775627,16.2219111695989,16.2224433429132,16.3529754794141,15.1945688676567,15.7000833057834,16.2025622711957,15.6867545793486,15.7972549941819,16.3874530906044,16.1199902222065,16.4742549861941,16.6765313512397,16.0166603293888,16.3760948232997,16.1912568582265
"D-glucamine",14.5901548346298,15.6516414536949,15.3797692820056,14.8855204101328,15.2443130581517,15.2609160655145,15.7722394475285,15.5431619177572,15.7954351467775,14.7340020694743,15.4407584282495,15.1645379149549,15.5839331990486,15.5858946993079,15.0601743983069,15.4085787230742,15.6241929072877
"D-glucosamine-6-phosphate",12.7341272101825,13.0758382392124,13.756112427298,13.5433397599976,13.3699834929178,12.9625847064471,13.1228054885141,13.4387320539424,13.2064218939638,12.9314004618808,13.8628833671464,13.6006218477568,13.4945253979467,13.2327836241136,13.75904887106,12.9267136109822,13.4267639663738
"D-glucose",18.8925638245367,19.0834328011357,18.7949697768161,19.0032860125443,18.8557492203095,18.6118274851423,19.2915677589908,18.7424216656716,19.0850897126225,18.5938177973455,19.1192988158319,18.5727815651755,18.7748289623456,19.1519884663366,18.9238500812815,18.5732603377672,18.9111192582578
"D-glucuronic acid",15.1128389649503,15.4022252796586,15.1874823602791,15.0783571514869,15.0868080819868,15.409579964066,15.4243254449267,15.1668719739036,15.3532788312137,15.1126638462665,15.1074293679111,14.8127580849993,15.2315913102851,15.5032190811228,15.1427042031909,15.268436312523,15.3348253355309
"D-ribulose 5-phosphate",13.0563168046347,14.1837251272926,13.8928521016682,14.6341763326406,13.3019450835135,14.6657059952859,13.4494460157633,13.6347964515843,14.4887811185239,13.2536624850972,14.3036509104596,13.0618439242417,13.1051921443946,14.2841857452212,13.079736671959,14.0588264814902,13.5916031795565
"D-xylose",14.3306718053563,13.6573030639143,13.4703002230838,13.2470615251652,13.7273773754091,13.2245192565073,13.1062977776263,13.2034318171362,13.6805723762015,12.5841217547048,14.6802524940301,14.2884784281771,13.8762244339758,13.7125246008035,13.9256028806788,13.4342035373054,13.3998693011395
"Daidzein",12.8569255288977,12.8316898293058,13.0454104411955,12.8469851683166,12.7182926393063,13.2836771375305,12.8632625481315,13.0942086534318,12.9366017641992,13.0390756203552,13.057480294118,12.7735166757444,13.1769528278792,13.0485453250749,13.1063963233644,12.9391447922269,12.958334446297
"Dbd-cocl",14.6490890150464,15.5281220581155,15.5762975321495,15.6022842162683,15.652939484824,15.8463118997893,15.6830797583199,15.6986029442846,15.2176164598483,15.9308346639328,15.5561691987501,15.0113896939869,15.5224362347305,15.3885203893927,15.1938819595992,15.3601475426419,15.4896013279918
"Dda-tetracycline",10.9921275437773,10.9804364959228,11.0486654356474,10.9724858162949,11.166351278084,10.9111672242761,11.0350565516076,11.0330735588124,10.9885250127695,10.9659692516549,11.0238455815398,10.9380082887852,11.4893208364765,11.0121989108186,10.9608703472256,11.0093922434639,11.0653488245795
"Deferitrin",10.0742813039967,10.1390560953068,9.95811583833413,10.0322320329858,9.93615157764495,9.3251857830853,10.7623540826852,9.85993521636914,9.95495989704759,9.92163400094438,9.46245478681726,9.88131174643418,9.86162156327681,9.55116328996945,9.77392129935618,9.51700436657437,9.74790333893631
"Dehydrodiisoeugenol",15.2917395824188,15.6307421103431,15.9484481533553,16.3115467772685,15.8460688247103,16.0735164964436,15.5816272762708,16.2443231984068,15.6185476491049,16.4206082997339,16.0656895742502,16.1418912132954,16.0283569569666,16.0895163971659,16.1646156457355,16.3838767551069,16.0329858481387
"Dendrodoine",11.6560568117402,10.1567750763578,10.9157519878783,10.2266391546701,9.64856957879118,11.4880331991388,10.8241051243541,10.4621704874236,11.7911137542968,10.6071013567677,11.6319561656701,10.4112402897516,9.69632259554423,12.0020714713109,11.4315021343088,11.3914449375268,11.2613361475179
"Deoxycytidine",16.1115628717801,15.4230543291927,15.8686779716317,15.8687352042225,15.9045809625049,15.6504226949946,15.5332997010068,15.3643570738253,15.9293191766779,16.3647480193211,16.2333249686922,15.9922598655642,15.7938486434011,15.5367173036791,16.0621546455593,15.827279836852,15.6101116534806
"Deoxyribose",13.0738338586623,13.6732523632082,13.5887151489731,12.9576269593749,13.5670858565477,13.5406215676428,13.6768516971044,13.6293750419688,13.8106653536464,13.5577385215328,13.0369602426789,11.7409039956744,12.5261446274362,14.0430367182307,13.1941149115767,13.6994034810718,13.5076602266338
"Deoxythioguanosine",12.4509817634046,12.2111734302112,13.673963071482,14.8969172531273,13.2078231283348,13.9536121151697,12.6821184950823,14.3100392335071,14.0265697799456,13.5768852740091,13.7088397592096,13.301174014838,12.99011028729,13.5908576402242,13.5531716737774,13.596865975799,13.6945837982377
"Deoxyuridine",14.2827425174061,14.5247455503965,14.7300844055216,14.2349041471763,14.6972951972953,15.1509759792913,14.4882487835849,14.6098893672536,14.3685618338701,15.837379982327,14.1195885040779,14.5574528384684,14.564315166154,14.498633144695,14.2000466506923,14.5059966409982,14.877437754391
"Desaminosulfamethazine",11.3539231841752,12.1883188799594,11.5162559694509,11.9507208192582,11.6943645732013,12.9240657510187,11.8119046683125,11.4182794861677,11.5037605388463,11.4890892168654,12.4665542878797,12.536417069786,11.2704462073766,11.2686798275408,11.8392511872302,11.7687950995135,11.586003583157
"Desmosine",16.2054286559876,15.6702258014903,15.6722311235302,16.1391940232877,15.7221698250889,15.3998097026212,16.0590011763826,15.787086800799,16.0794683143647,14.9893719679735,15.8174428156551,15.6275611054055,15.6534885384284,15.8123548802806,16.0305748576043,16.1088596825695,15.8417585893782
"Devd-cho",14.4373338697915,14.4369788080706,14.4270384770919,14.4318425329124,14.4211294221722,14.3955006332112,14.4435010979554,14.4270384770919,14.4383982991724,14.4117581399713,14.4277555647222,14.4449113674183,14.4177226646085,14.4391072898347,14.4373338697915,14.4281139158003,14.4214901551735
"Dezinamide",8.86137061308268,8.55269117362565,8.49594377062246,8.52134287611753,8.48959913038678,8.65546814560254,8.56800242670737,8.44794473882813,8.56264086658265,8.57230390259271,8.54596812712318,8.55992613664427,8.51493967632145,8.53621384004266,8.56594858136189,8.54780188556035,8.42993960955085
"Dg(14:0/22:5(4z,7z,10z,13z,16z)/0:0)",13.3089481177395,12.7661123681515,13.1873852837678,13.2802024429506,12.9114849489467,13.1614902730408,13.9402538665147,13.1135026686547,13.4982708233328,12.3003388833215,13.3126123911442,13.2687700050419,13.4544492622113,13.1692139502195,13.3341131649067,13.2912674099473,13.1578230699227
"Dg(18:2n6/0:0/18:3n6)",15.2000231261449,17.4404861865843,16.6910436321182,14.6493944218828,16.6130411577798,17.5869261894122,17.7053554266395,16.8726967885211,17.6190141017703,16.1839845829572,15.0152550481974,15.6507433127164,16.9922543340536,17.2757970369787,14.4292218393739,17.5665712326636,16.6046050592634
"Dhlnl",10.7597970054955,10.3162686826472,10.5478228355755,10.524911132499,10.5380975499412,10.1407324673546,10.4174672422233,10.5749266913977,10.6391562834351,10.1169660797143,10.6246677184158,10.850708923951,10.1712589891148,10.3128328599202,10.8807721984332,10.5185232552495,10.8172378392195
"Diaminopimelic acid",15.052290024031,14.9885970593334,15.594123813167,15.25601960272,15.7194885146438,15.5183072778187,15.1165198547486,15.89803148897,15.0993513178202,16.0535136911034,15.1314731339757,15.2258222505496,15.7095840891648,15.2685048371944,15.0041434954607,15.3711531169754,15.680215715762
"Dicarbonic acid",13.5077291716573,12.5279751336429,12.2081847037084,13.7304925818726,12.3377138244798,12.1114316525163,11.2800293935101,10.742546597985,12.1220406702795,12.3660937365926,12.6727851671296,11.8911391687019,12.2632596341151,12.1986337939366,13.0064924750294,10.8135435310038,12.2260531393922
"Dictyostelium",14.512476093392,15.0174325269584,14.4368662420374,14.2374326651106,14.5368124137217,14.8567570993349,14.999281287739,14.4385123754304,15.617074768314,14.5505255621829,14.6484302817984,14.8109293762117,14.4762345046035,14.7130241515745,14.9253201108688,14.8108070351216,14.4910902976709
"Didesethylflurazepam",13.1250309950319,12.6248785732573,13.3430952606403,13.3245751481301,12.9647492114247,13.2741986298889,12.2973861380984,12.6701187903222,12.9272065032058,12.5339714099851,13.0066646321093,13.1605431016456,13.0327375486844,12.9806291379569,13.3371157164798,12.5338042040727,12.930400815763
"Dienestrol diacetate",13.1223113392537,13.9178881060031,14.0745583186338,12.5051467822746,14.0384004436834,14.0124439821795,13.8418888880086,13.8776565935567,13.4559345960941,14.1942440020366,12.1450617114074,13.2261459182399,14.1487323201921,14.0462213366987,13.0385594676676,13.5618899916138,14.032496314008
"Diethanolamine",19.0981095676306,18.8379860187167,18.8485638723164,18.8600819479097,18.751464787377,19.5161350548883,18.9091147241448,18.671490105712,18.9407578849169,19.7772012460415,19.2536311950425,19.2581905993822,18.8665314241771,19.0287968234245,18.9986461957344,18.8146175612638,18.9090192058353
"Diethyl sulfone",20.3833984379526,20.1322158893235,20.1275452509336,19.9920684560927,19.5555266330137,20.073769856006,20.2286637940739,19.9777501785286,20.4098121890068,19.2425027958008,20.3804246572219,20.5787602616219,19.8225700322921,20.1561829347404,20.2948874003258,20.1415155142474,19.8505425565232
"Diethyl tartrate",12.0734245318891,13.6551449274936,12.1696401311425,11.9647884173804,11.974514749188,11.9248932568099,11.982322316746,11.2752682712269,12.2758937785135,13.0702614730002,11.7488924341121,12.7559409929991,12.511189031341,13.6074873245694,12.4496633827613,11.4849290432816,11.992295509355
"Diglyme",13.7463734367207,12.7854824847246,13.2770247515551,12.96815262818,13.4109823909855,12.3336768735515,12.2134031977031,12.8368191826309,12.3899740912451,13.9713679666228,13.3107336030256,13.7295832236802,13.4207832958125,12.9457985309225,13.6312040877668,12.6709583545486,13.5888071494481
"Dihomo-gamma-linolenic acid",17.4742008178612,17.6226003549951,17.7243240580489,17.1293461290988,17.7386801534534,17.191241093308,17.4302762891447,17.5418142588515,17.1668157030971,16.3516700147603,17.8614796883396,17.0643393798928,17.7708026241673,17.2369970191463,17.2685375365469,17.2039307589007,17.5677072440721
"Dihydroartemisinin",14.0609883615127,14.3284922441449,14.0948017516319,13.5422643029949,14.2753005896182,14.1676561184852,14.7759084344498,13.7210973572719,15.0868514577976,15.5972672366444,12.6154235492843,13.3357183989708,13.5871078732177,14.7771885022407,12.9786150397734,14.51731173923,13.9535028114336
"Dihydrotestosterone propionate",14.6927965504204,15.1018340207979,15.5152618794192,14.902879480503,14.9020351270608,14.5687318652806,15.1328805135012,14.8845423566457,15.058680925117,14.2686058227402,14.9038722609095,15.4232592703078,15.0835122814695,14.7146903733085,15.860778881536,14.7310604277865,14.8943796220812
"Dihydrothymine",14.8742137260655,15.2050503193148,15.0911337619943,14.6481885310269,15.2287720149771,15.8292155411417,15.5437202964858,15.0413662247212,15.183471842384,16.1249456828998,14.8228776422146,15.0144349155858,15.1699313811608,15.3304912299831,14.8704755621912,15.4382468399946,14.924898133081
"Dihydroxyethyldithiocarbamate",12.2981769334156,11.9784165266186,12.6223721028751,12.3297056123072,11.7654240761386,11.9829326344169,11.7188345941826,12.1556507603831,11.9311007333769,11.9249536086121,12.3250811742627,12.2263560435648,12.0012637074592,11.5889332880181,12.255194807827,11.509805290921,11.4538788652945
"Dihyroxy-1h-indole glucuronide i",13.0021693729144,9.89527633362136,12.5417050386986,12.5078351138016,12.6411621126784,9.59048841002106,11.7545562709484,9.88483153991015,9.57822889557484,11.2090697728481,12.5242352966051,12.1422195895092,11.1150218160546,12.1338459728382,13.147838498587,11.9347267112448,12.2666705860284
"Dimethoate",11.6076229994628,11.5974185198328,10.9569134265625,11.6567700888771,11.2682114037283,11.6718284174828,11.6309652636916,11.5657109568203,11.6653652461061,11.6038231458951,11.6441177970892,11.682158608783,11.5697828435689,11.6637070460558,11.5749865314521,11.678609043824,11.5516589559101
"Dimethyl suberimidate",18.5946770687286,18.6528545738041,18.349859411276,18.4038374197041,18.5219322956173,18.6414017543156,18.7032614986339,18.2678813258269,18.6839941595285,18.7919776833157,18.533388994373,18.9116253248672,18.5555403759425,18.3233709171406,18.6950721996094,18.788125888362,18.4720252197624
"Dimethylguanidino valeric acid",16.5891700471556,16.5362189814819,16.1679407533899,16.4481132612376,16.1014991129891,16.5669098694928,16.694181250539,16.118181591512,16.9208943278046,16.4684040206804,16.5415114152025,16.5197194604878,16.1973722592549,16.7587504622042,16.5525192107495,16.3097540032114,16.1976761827774
"Dimethylnitramine",16.0054720015026,16.547732360395,16.6307554959606,16.9048993041629,16.5170737425171,16.6946328463435,16.217376069486,16.7674629431771,16.2578551716411,17.0262031314525,16.3628201967231,16.5767515330662,16.4707895419192,16.5868655102601,16.5160362682662,16.9109322092574,16.5343677801544
"Dimethylphosphate",14.5156883080815,14.8356705334951,14.9528092537737,14.8297038850198,14.8184805483709,15.0266285807179,14.8826498416025,14.9287237996365,14.821752699612,14.8533665278238,14.916864547845,15.2028288709162,14.8553665374696,14.9337302278888,15.0561656368233,15.1052864643989,14.9637177182659
"Dimethylthiophosphate",16.741953101094,16.6296633400991,16.5347502074898,16.6473742349952,16.5540620780853,16.5662881644538,16.7162746544762,16.5643637714515,16.5967441618003,16.6668804969304,16.6665268551088,16.7037934668244,16.6026785877036,16.741117041837,16.6592990556794,16.6539174979742,16.6008573830448
"Diphacinone",10.4814790544269,11.1211114100963,11.2235470600034,10.8074177701642,12.2452881770529,12.2380045587814,11.1552628634849,11.7243782303473,11.7871654459082,12.6720669334439,10.1433088015664,9.76719735308112,11.7479423929176,11.9653211564876,11.3530268081445,10.8581662704157,12.0097001239447
"Diphenyl sulfide",13.6654854783506,15.6115041647134,15.2820026705777,14.3927837043913,15.2424267583481,15.6475306750744,16.0367503604675,15.2581990218549,15.6612789547885,14.9969783903742,14.8524234200876,14.4314940427415,15.0480963736113,15.3297597866773,14.2411714499545,15.2874267245666,15.0494467770818
"Diphenyl(2,4,6-trimethylbenzoyl)phosphine oxide",12.245881601975,12.7490320051902,12.8409165688465,11.3525688707721,12.8068227051825,9.21673159688141,11.4684530202274,12.4964092808308,12.3868589450161,10.9760235295995,11.9107580248539,9.48729543621677,12.2472560260909,12.3783811168741,12.6486730261541,11.6931021791264,12.2398378654288
"Diprotin a",15.1158170256094,14.6246638085855,15.0428844048657,15.8338445528548,15.0863309962104,15.614312481362,14.5547421854902,15.5298592295236,14.7013007992784,15.7635998078496,15.0361847652027,15.056589601527,15.0121305967552,15.1568966889558,15.2252251582347,15.6970969441965,15.0444931780551
"Dl-2-aminooctanoic acid",20.6403637166046,21.0249695842278,20.3979162609561,20.4351563085887,20.557859914625,20.3330689524465,20.2898849278169,20.4506761683689,19.9283592153746,20.7035801604612,20.2996269522732,19.9927714253804,20.4141483925633,21.1222544680138,20.4617719874468,21.0601715579926,20.4928266667982
"Docosa-4,7,10,13,16,19-hexaenoic acid ethyl ester",14.6834901639972,15.7600724096398,15.7134320438405,14.584843702233,15.6878427617474,15.1953994057569,15.8068930204798,15.6565703153469,15.3879899941591,14.4442985046561,14.3828930548387,14.1440267778056,15.7738289942533,15.529715876953,14.5932641350365,15.4160529619243,15.689566994178
"Docosahexaenoic acid",18.4526791001991,19.0742597613063,19.2308976680535,18.2976555649606,19.0519354784538,18.5827029692945,19.0746156628332,19.2504231935468,18.912809050689,17.7194498925627,18.6010819765565,18.7188325724722,19.1793876098632,18.8377355436309,18.4659088707978,18.8023038405271,19.1549620439216
"Dopamine",14.5655311261488,13.8846285206499,14.0879775825523,13.3439276947311,14.1417657909456,13.4809739255103,13.4067867956968,13.6961961480788,13.8670909706146,14.130700815079,13.7012344272443,13.6400982231924,14.3097657615442,13.4538820576032,14.109777516899,13.1386143801705,14.0479438654384
"Dothiepin sulfoxide",14.448176215939,15.2082451741739,15.7107866932071,15.8158118706703,15.6119559199539,15.8910487628005,15.1817350923096,15.7340122934015,15.5629111113918,15.8273596978247,15.8618669160762,15.2388195001409,15.6667894511124,15.3744614294649,15.2715864176895,15.1427848310694,15.7881813504537
"Ecgonine methyl ester",16.3093359294431,16.4960657762089,16.3821740245289,16.009097433448,16.3682695513755,16.1611843386849,16.5031677164733,15.9348341779108,16.4308652161599,15.0414621361017,15.3828987435933,15.4935369622835,16.3016895429732,16.7025992034815,15.846141703643,16.1030563462043,16.2382124136558
"Eicosadienoic acid",16.1043545435076,16.5216833469928,16.6698259042917,15.9626049901644,16.5900417965397,15.8376520871691,16.2390910913655,16.3369441242469,16.2310258470696,14.9982721203546,16.0883938011377,15.4083613131202,16.6518528538269,16.2659591338333,15.8651535120919,16.0087362771817,16.3706040606716
"Eicosapentaenoic acid",17.7550830661613,17.3714559001222,17.7844065468869,17.574081479926,17.507924032452,16.6158091815471,17.4276564613478,17.7798434760496,17.310367440455,15.9223415261427,17.4216173139776,16.9487800276152,17.6157779150002,17.3460645058686,17.1387466155972,17.284985114437,17.7043342586363
"Elaidic carnitine",15.850349545267,16.7177127190532,16.4582368847388,15.2109858289131,16.4806728139445,16.1940127568986,16.5122527551881,16.1464998697121,16.1936839742094,16.579038894563,15.5229991093392,15.9745963178281,16.4994424818794,16.2146572178934,15.6907179514769,16.0387548303428,16.2951425090033
"Englitazone",9.62684310102486,9.7804662534871,9.9565219937788,9.33864114557354,9.3559308099915,9.77854545935845,9.77819422770585,10.4402572875296,9.79626938645523,9.96493592323175,9.13989659131679,9.65565973559696,9.478345854123,9.6781964873854,9.59606543053316,9.78690158391676,9.61120548440957
"Enterodiol sulfate",13.8684296032639,14.0785368320671,13.3931921138261,13.3778850942676,13.5493789243699,13.9818118932004,13.6084568826401,14.1229669841309,14.0394637389265,14.0591085001757,13.9703591372222,14.3231445069195,14.2900311167252,14.0349499133163,13.9636780499984,14.241491381833,14.2824959846197
"Epinephrine",18.8562035865385,19.1917061183059,19.6975035950179,19.9769414006466,19.688812808054,20.2564674934862,19.452211217736,20.0826319342084,19.2071049835122,20.9506822416064,19.5446185435126,19.7978806178891,19.7076569972203,19.5055282241523,19.5791140706633,20.1607974174205,19.7243892098562
"Epsilon-(gamma-glutamyl)lysine",14.1947479113862,13.2471284660757,14.1614171355354,13.7124776680396,14.3633249941137,14.9570616504565,14.7575683804466,14.2138436877685,14.6095078852201,14.4585801150272,13.5177453856216,13.4645497993754,14.3932802741335,14.6534686485258,14.1372166569096,14.2420607318102,14.3292565844899
"Equol",13.022158917322,14.0770054835787,13.5082194210655,13.2418841122561,13.5360844540451,14.4749543957067,13.8860896807054,13.756727043844,13.6765142675424,13.8458467462606,14.0303481803749,13.9885801000238,13.5992054354306,13.829849595099,13.2208376024112,14.1325153376715,13.438541152855
"Erbon",12.9716313575681,13.119600836098,13.0939687663075,13.1632480118994,12.9966878894294,13.3190977489991,13.3627316018571,13.1536229394551,13.1904683604033,13.1524017934395,13.1488629652035,13.3292773450448,12.9902443820628,13.0129626327267,13.0580201030227,12.9215453930604,12.9541713800206
"Erucic acid",15.0475565906973,15.1482342127678,15.7889638867331,15.4018169559131,15.6305456336724,14.9230082160122,15.161840786194,15.382893585246,14.9731753044066,13.5808323304711,14.4680447188474,14.3929262457135,15.4260808270287,15.0463770572174,14.9062731116555,14.7339003403941,15.6243083827537
"Erythritol",14.608392738443,14.2491673763165,14.1088614263317,13.9542144524783,13.9503480739521,13.6434897454384,13.6968659481473,13.740846432984,13.6464958379483,13.6479793355625,13.7113947464483,13.7017218167108,13.5535526470117,13.7408703292961,13.7268934112131,13.5159881465138,13.5425663220569
"Esaprazole",14.2665890494406,14.6396347334477,12.9518870331948,13.3418484685304,14.4581260356685,14.6898241433877,14.0747594879963,14.4615691189214,13.8021135939915,14.3581361469352,13.4602763920164,13.0442373003884,14.5291964625611,14.0505096952569,13.9591283486964,13.7631105975242,13.6418350785013
"Esonarimod",10.2886541397302,9.93695870488444,10.135387892397,10.3977948995433,10.8920385929286,9.87004634481035,10.901042885769,11.1456325120693,10.1603711119401,10.0077635829019,9.21361892803972,9.64092443964412,9.40751516620961,11.341800126129,10.939711547881,10.5771958743274,10.7666956449668
"Estrone sulfate",11.5472959478,11.8704403912038,11.954483915193,11.5890397294068,11.9933391189336,12.0068598316904,11.7463995651109,11.9683813646796,11.8165198802728,11.8854288149855,11.6080479499411,9.86555287514592,11.8679189784432,11.8427416490136,9.76544003233204,11.8627272528951,11.7165127799358
"Ethoxybenzyl diethylenetriamine",12.0356326704306,12.5967117674859,11.9050601608964,13.3299916625872,12.7678177017138,13.8504760080396,12.2067543180865,13.2299517152547,11.6322422060356,13.678882051777,12.6314245567774,11.0584671235219,12.8725220481817,13.0110236817916,11.6880179981144,12.2383781818968,11.8800493746113
"Ethyl glucuronide",15.174962611668,15.5945665250103,14.7130070198194,15.2213646583143,15.0260424807762,15.4546191693132,15.0938757540088,14.6712720166974,14.1343918386849,15.2837953521116,13.0457303764994,14.3416177945103,14.9003489417244,15.0844601300526,14.2682203783217,14.9896778620234,14.7220935979268
"Etintidine",14.7181925423301,15.0647322884201,13.8013436120609,15.7924551539104,14.5949332768652,15.6388914931448,14.9704708982898,14.6939723086401,14.701145493046,14.9507457158147,15.1285183032107,15.1700048604979,14.4266834273869,14.8377806372245,15.255462641798,15.0209403732832,14.077936043589
"Febuxostat",11.5861598049251,11.5332558453888,11.8078040201555,11.4912779129337,11.771084643905,10.2603942834428,11.649091509664,11.6006301408231,11.5305814794376,10.5146504210467,11.5709654952945,10.4331912611562,11.5232519370015,11.5231072046545,11.5130802994652,11.418280329857,11.6843010527084
"Fenclofenac",12.038217563104,13.1387848576101,13.0613932382726,12.8119187935598,13.3368921894914,12.891215870607,13.2228634895235,12.9933162523826,13.0919467213724,12.9584257031765,13.163512973813,12.9843388941873,13.4713153227425,13.5276156520414,13.1616695284768,13.4113243017421,13.333321112013
"Fexinidazole",9.34011923128934,9.28758717911973,9.28177417953346,9.30816671264409,9.14578060809504,9.28154115729245,9.29773812571035,9.28942064694153,9.28276250305465,9.3170519643473,9.54453441228063,9.33539798498054,9.28895702044652,9.27603939263773,9.34864790919315,9.26781123393786,9.28232574457576
"Fluorescamine",12.9394867240409,12.5600502792832,12.9491152151255,13.0230415807892,12.7499439747892,12.8154775387229,12.5770954351919,12.8603055981653,12.9561853583797,12.4517375594566,12.7932161266743,12.7835453587612,12.3276949273981,12.5442494897213,12.8202452570505,12.6495122627762,12.9399302000304
"Fluorescein 5-maleimide",12.6045287256241,11.3989127188056,12.2271034490328,13.0652349050363,12.3271490153635,12.4758778465918,12.1792150008555,12.5794556796068,11.6865373187863,13.133897850181,12.3708589139617,12.6705578057643,12.5590146263253,11.7863993954358,12.8562635427937,11.7186321477094,13.0093343954772
"Fluorophosphoric acid",18.2870820951877,18.399765569808,18.2834357075867,18.3806100968035,18.2624964127326,18.179534098896,18.3585080029627,18.2726513143706,18.2878610167166,18.3740125965386,18.3294029140306,18.3855295489755,18.2440058261777,18.3262511105451,18.3267442890363,18.3601103904294,18.2657946679078
"Flupirtine",12.8388067416709,12.7908726325047,11.7447754146358,12.7395530713182,12.929483380138,12.8735894877159,12.863792864175,12.1094156102407,12.7315203666922,13.6968330629806,12.7385580165128,12.8272234318994,12.6089002625846,12.9759728926223,12.6811987270817,11.8391279251862,12.7004950307812
"Fluroxypyr",11.4522051853713,12.5816682001541,12.2785069880613,12.9091019719848,12.8218138919007,13.0111334284825,12.7004333462812,12.9983867443481,12.9732685337554,13.3744191387874,13.043606267016,13.2319345258293,13.1797254235293,13.1275358050113,13.0736975099854,12.8630957208342,12.6830909012822
"Formiminoglutamic acid",18.1250568157483,15.6836471803833,19.2323643687343,17.1909947810135,18.5089528963064,15.5437992904008,15.6838315525839,15.9897023463117,15.7128701299364,18.1212726164235,18.4371063478466,19.4759508662672,19.081566701785,15.6192028978679,18.6161000552953,15.279555971517,18.6491771498067
"Fructose 6-phosphate",15.2909700317679,14.996249142338,15.8872531550632,15.4831295281558,15.2748490831233,14.567285714495,14.9962559801231,14.8700947554329,15.0924705262359,15.1218533411882,15.8541863782092,16.1165871992054,15.3859500636095,14.9841530688261,16.0034977514087,14.7933497777654,15.3966177336515
"Fructose lactate",12.1084411613805,13.1243197856745,13.3785853880502,13.0572141518674,12.7541484155231,12.0129004459188,13.0965465744898,12.246507079208,12.3952808280095,13.2644079194134,13.4300267862464,12.4395970437667,13.42042693092,13.121813651665,13.0364286125435,11.7783809322118,13.2505017428599
"Fumagillol",13.4773233106723,14.6746038211819,14.0775983311094,13.2683576324042,14.3618894516061,14.3782550309117,14.4369371245985,14.0114150717911,14.6787093947662,14.9228081791321,12.8917636829161,13.3931616256978,13.9512061144578,14.0967972484308,13.4868010972554,14.1605223012939,14.2921204519098
"Fumaric acid",18.2093049415432,17.9941442585516,18.3373349159681,18.2978772161266,18.2194029108877,18.3022146711716,18.1391306455032,18.351103632281,18.0393295829037,18.5686374181324,18.0688505316965,18.1704776904627,18.2344490599355,18.1071269448403,18.2294614499511,18.1051632169646,18.1912050365304
"Fumaryl acetoacetate",14.710463864837,12.3136522845816,14.9471691283257,14.6257515140309,14.4459645388384,10.891260010168,10.3058171361368,12.4092313443761,11.9607903469315,15.8462351018335,13.9095099811971,14.473184438581,14.274966646656,13.1686753159388,14.0209746336927,11.8619696181041,14.4056630027175
"Furanone a",14.6664869143189,16.0249049079048,16.1878802397001,14.6056288816488,16.231080951873,15.4151141998775,15.6432463326982,16.0979739578864,15.3688422669425,15.9906164852846,14.4735249494464,14.120122315441,16.1079237803411,15.6578039417157,14.7185996223092,15.500433713023,16.0941507951771
"Furosemide",12.9420222003522,13.2045802839714,13.1720520410334,13.9106541759463,13.2239392323833,13.0398748203866,13.1849628710413,13.2470035567165,13.1483591958114,13.1236363046666,13.1385132836306,13.2404785318057,13.1519662755614,13.1697288392453,13.1860030885006,13.133588834032,13.2057773071769
"Fusarenon x",10.4877969466763,10.6014256367011,10.6014379269963,10.4173143680661,10.6594450106195,10.4704119133914,11.2119841746568,10.5370914269652,10.5999607530728,10.4350002381295,10.4335998634852,10.4349857637493,10.601444072088,10.6594392071876,10.3006318336785,10.5370783329082,10.4353464144505
"Galactaric acid",14.5737241344568,14.9214105221482,15.2927051992931,15.5052164145775,14.7272674249134,14.5369399599261,14.8303818364129,14.8458391142671,15.1226792328899,14.2040145693479,15.8318963263756,15.1424129582304,14.8611216687173,14.4655964053763,15.0291959061324,14.1824006471974,15.0630821825324
"Galactitol",16.3224860010596,17.0535633985821,17.1922971364972,16.9897489866662,17.3004472350862,16.8172156050954,16.9486482925451,17.2115365182985,16.9454944091671,16.9861021205764,16.9289436369474,17.0293239778899,17.0395653782676,17.1131562507318,17.4128412559187,17.009620587791,16.9252494773601
"Galactonic acid",17.5282039927978,17.8103499459494,18.3229909613722,18.6742831979408,17.9894093596001,17.7364779533666,18.0008586451768,17.966894812212,18.1329392175673,17.1680513140588,18.3866191161075,18.5820864498235,17.9971821599673,17.8913185333311,18.6965055717321,17.4894019003774,18.191781510418
"Galactose",13.9724589594196,14.2345856169806,14.2237569576983,14.2993148691725,14.300090894001,14.3951453679372,14.2563421914135,14.2688825327787,14.3672367697822,14.4392702779233,14.4285821861498,14.8080847358558,14.3377224775232,14.2708804931231,14.4416413676001,14.359662272736,14.3590721364904
"Galactosylhydroxylysine",13.1286269371811,12.5703502211248,12.7867980307539,12.8805468184811,12.5900262278818,12.9176156672811,12.9498638452102,12.7992595146637,13.0974925359974,12.8762203176133,12.9947752454655,13.0018998847271,12.6965192752451,12.8158098942227,12.9748996353115,12.7962407134395,12.8916261003402
"Gamma-butyrolactone",15.0010262024847,15.0722126256201,14.8949302788193,14.8560400499985,14.8620624003556,15.1374924217403,15.1263094328644,14.7435982151612,14.9976456424239,14.820491868127,14.7456305093202,14.43403809161,14.8755476624898,15.0147537696278,14.7187979619764,14.8133355881164,14.8008868006229
"Gamma-glutamylalanine",15.5199065906505,16.7505077708085,16.3774349066726,16.9239660523668,16.4808393112463,16.7765458087797,16.6640352741303,16.6924810405647,16.3409716071557,16.5714181723532,16.522669488653,16.4598031975193,16.4566807912979,16.7764198577156,16.6469322697312,17.1502610484949,16.4492991401152
"Gamma-glutamylcysteine",11.568670530784,12.6736863961754,11.9916454869406,12.9831878179284,12.0144395860879,10.9978754619421,12.9447013377726,11.7981315672611,12.0415689072733,13.5111327242417,12.5647071580824,12.0745319015166,12.4207164689104,11.8432497374511,13.0414658769725,11.8180281997655,11.8748731660264
"Gamma-glutamylglutamic acid",12.8265704747617,13.1216301796543,13.6183662531371,13.4390447145095,13.3888994579865,12.9919145816023,13.2363051674591,13.4278647398632,13.1068883838775,13.6716129586841,13.7720832611163,13.5497098498866,13.4753756121832,13.4938806642387,13.4715714797984,13.2734947684488,13.697572520098
"Gamma-glutamylglycine",13.8232190467125,14.400979937188,12.673049472118,14.0384149238144,14.0962323262185,14.6359960044795,14.1745346085492,14.1640326788163,14.1000076801372,14.3788220714229,12.8037404200299,14.5093744502273,12.4519751504519,14.4755092279626,12.8663655546164,14.4736547028036,14.3376045113174
"Gamma-glutamylhistidine",14.290895677883,14.8023793073696,14.8213951235974,14.6946198848843,14.6110747032857,15.0333111534478,14.6661622190177,14.7173402913371,14.5302182986031,15.2898892064508,14.6335544138587,14.9552190129742,14.7193393908473,14.6924058287347,14.5712165415662,15.0359153323112,14.7891793567538
"Gamma-glutamylisoleucine",15.498257546499,15.1090420823363,15.9910419333098,15.1949706538957,15.2514825173213,14.8645571205179,14.9499722140475,15.0362393355622,15.0629077557578,14.9864782729622,15.43947892373,15.8884839023482,15.8733278803972,14.9606248001352,15.7129668619945,14.8642128322874,15.8836893741866
"Gamma-glutamylmethionine",12.4264627947249,12.4114147024454,12.3605065495872,12.3804885841149,12.3385503919186,12.2794157634061,12.4057194666398,12.3437976688573,12.4173230520146,12.3767919571147,12.400456216724,12.8561799796884,12.3973229250523,12.6032533076775,12.5036228991487,11.6515975113109,12.3790178365769
"Gamma-glutamylphenylalanine",13.8538525371763,13.1048415522185,13.4440660646514,13.7611727462645,13.3874805769281,13.7884870690755,13.3674073038704,13.5143563017578,12.9115621465607,14.2618312661164,13.3836447706474,13.4969401718894,13.3748464588976,13.5570155116466,13.5912652430623,13.6596497881643,13.4533481847747
"Gamma-glutamylthreonine",14.2985989884855,15.2901385479126,15.72570695246,15.7545255748189,15.6729793798633,15.5840190351232,15.2694833080172,15.6331117126306,15.1727014307782,15.3739236617114,15.2569705011372,15.9255858377523,15.5853297360765,15.5972589499755,15.5392749951263,15.4361610293944,15.7205698906594
"Gamma-glutamyltyrosine",14.0777986951899,14.5064694635217,15.2094095875003,15.5208400871973,15.0110989434037,15.387471920566,14.8725259837059,15.2774606514922,14.2173606355646,16.2679694446986,14.8610447620965,15.2809334846936,15.0100604108387,14.8476860994903,14.6714038549474,15.5083196596342,15.1143952446945
"Gamma-glutamylvaline",13.6892451607141,13.114076011297,13.5582183408083,13.9537912593197,13.3539613881971,14.0967986718539,13.3781958265697,13.5340360222943,13.3344586144034,13.9407076140344,13.4349216864057,14.3810685100866,13.455127050441,13.6392988813627,13.7426598936612,13.7528743985376,13.6401630425606
"Garomefrine",14.3504429757583,14.5301278475924,15.4760394117096,14.9201551809897,14.8565754342795,14.2758879111944,14.2824316114272,14.8944900697929,14.8694004020046,14.7710831882426,14.9237441332258,15.5700200655787,15.0303869767777,14.6396161841913,15.4888884696347,14.5046062097377,15.0750473524306
"Gemeprost",12.8775506357932,13.3985179500407,14.5446604266609,13.3314714982641,14.4662433663067,14.9199774130638,13.7048392700755,14.762819232275,13.8015233544003,16.9682406864538,12.1004211382483,13.968582601535,14.4070158095032,13.9264142005809,13.5730357659928,14.1652689471601,14.6050489464277
"Gentisic acid",13.7945836655542,13.7491441676093,11.857428615792,13.9008015461527,12.0934103728764,14.5767399063608,14.0511232980906,11.6375078982364,14.0830314250055,12.327637406592,12.5156753958965,11.8519121572903,11.4214039216778,13.8862752717775,13.7710267969729,13.9355054626083,13.8644144013944
"Geranyl pyrophosphate ammonium*200 ug/vi al",10.232938527061,10.2750765983394,10.1583237118443,10.1419708233907,10.2028194361068,10.2439423800658,10.2648235176713,10.1556865036812,10.6466914875839,10.1869959827705,10.2141474824532,10.263890760078,10.2198699976875,10.1677066280636,10.2554991959047,10.2013809257925,10.2120924888724
"Glucoiberin",9.50790070381318,9.51840559167796,9.90810991062969,9.51614490827429,9.5587946051283,9.45254959824133,9.51927713395181,9.50240846639772,9.48134573457031,9.49199745683775,9.50818055304443,9.51249051467142,9.48148703605029,9.51927713395181,9.5166034929876,9.504415847776,9.53699078812417
"Glucosamine",15.1804735984682,15.5715886614593,15.4559682934721,15.0363245168644,15.5199550457274,16.4618542864281,15.4305403430412,15.4267552136903,15.3920025152237,16.7920596947246,15.1606106328982,15.789389411246,15.4251986689309,15.4950427975848,15.1070485914695,15.2988491920812,15.484774298787
"Glucose pyruvate acetate",10.826124969002,10.8020027441705,10.5955129966424,10.8848949735629,10.6380716332816,11.8198991101302,10.8597814454128,10.8409434197087,10.8061358351417,11.2401563818941,10.6449273866112,10.7311233548188,10.4919055699779,9.95076672162196,10.1366491973514,10.7959757970335,10.0844709680614
"Glucosylgalactosyl hydroxylysine",10.302126592508,10.0306235326232,10.6630620652406,9.84314985265895,9.69721255327692,10.5956535582076,10.469156046182,10.1302490400703,10.6712474949157,10.212733575509,10.5028996869018,10.3185773027014,10.3489553301854,10.5672262586485,10.6548849258316,10.4865322283214,10.2452495972677
"Glutaconic acid",16.7255105290086,16.8801415002768,16.62312799613,16.5543823003836,16.5665274772992,16.9994395016062,16.9470596053853,16.4996522875555,16.686283295468,16.6058569347393,16.5311178366477,16.3440351842176,16.7051200636753,16.7936885812193,16.5733724354372,16.6382342136617,16.587629754863
"Glutamic acid glutamate",12.8689468918143,12.9826878130397,13.2980395336328,13.3320581282882,13.0168763984637,13.3503173091623,13.2702506565638,13.5580373631719,13.6657955091559,13.3751941233351,13.6160202865877,13.7572054895003,13.4006905608874,13.430612679479,13.4803273401938,13.4151193217059,13.5160514353081
"Glutamine pyruvate",11.6528894278474,12.1342516130777,11.0217029571701,11.6636376970612,10.1605110966883,11.9974822535205,11.4578052167538,10.8542528312611,12.1430963247212,11.7649035610551,10.9816699532547,12.5397412041873,11.4958156897208,11.9546729905099,11.2563405404196,11.6378053202792,10.6417616699711
"Glutamyltryptophan",13.0111547769073,12.8769257495302,12.761516795211,12.9446975185225,12.8761455849897,12.9025010017084,12.9508261838225,12.7663828121578,12.2529999080851,13.4155213855791,13.1824948427149,12.6521937526187,13.0300800502515,12.7816216414168,12.6940401320514,12.8414811643061,13.0243865960434
"Glutaric anhydride",17.3611115297668,17.5186271758261,17.2005615365684,17.4671788825414,17.307092155939,17.0686779919369,17.708520301192,17.2070904774069,17.5241978759763,17.0378336993534,17.5356831546545,17.0507693580083,17.23320764213,17.5655108715482,17.364910181139,17.070095598737,17.3216510218562
"Glutarylcarnitine",14.7998197054778,14.6263680225659,15.5233532670723,14.3827028889794,15.0359181610362,14.7675458416474,14.7081231516657,14.8798968096025,14.7904811816119,16.1479257475189,14.1889546524538,14.6328810129051,15.3130055850175,14.8174323435993,14.7984547210984,15.0101737034986,15.2970013777928
"Glutarylglycine",14.7438074188565,16.3323008320839,16.705536102292,16.4811306036852,16.3674338912127,16.4866123961164,16.247692165282,16.6875287894107,16.1374541260072,16.7753015103377,15.8172735211528,16.5091784597393,16.4474410195068,16.3792475330656,15.7865211069829,16.5566653748549,16.5444750522841
"Glutathione",13.5137538441303,14.4327901063663,14.40579905092,14.3052911959481,14.0030267134946,14.1577364137375,14.5169067732791,14.0902795304917,14.5549676202213,14.0032961507223,14.3899008201933,14.5318663972365,14.0462858399479,14.2646319703664,14.3766077131394,14.2291012130307,14.1577650813565
"Glutathione peroxide",12.0668095937893,11.8482466577531,11.6921767604729,11.9248585779868,11.2303606530405,12.1903163038099,11.9427821363056,11.8718795264069,11.9438105275383,12.1272825251596,12.0307381131948,12.0149610623252,12.0631386103957,11.9254235261777,11.3240412134919,11.9337210023652,11.3948362992159
"Glyceraldehyde 3-phosphate",16.1877458690151,13.9780460625339,13.5685307901821,14.1920317281455,13.4167851024445,13.6120340741912,13.8062407800559,13.945386764529,14.4270308149243,12.8480152362191,14.2246138965795,14.2264951340011,14.2695196488164,13.9274893792831,14.2642061936211,14.0977424642741,14.2087204020567
"Glyceric acid",15.1661732349421,14.8778599760283,15.5293088004612,15.3243854915107,15.0633108718048,15.2747421014086,14.976532496946,15.0676798979964,14.9449824256966,15.6628293947362,15.2470397440135,15.1971991726038,15.2578892175682,14.8254000589725,15.3726358235298,14.8241626138497,15.0949123225588
"Glyceric acid 1,3-biphosphate",11.7420371147286,11.6394127450591,11.616681562704,12.4213266534294,9.00405375194938,11.3373544792506,10.6065191971616,11.3831922415491,12.0896458022231,11.4143616636095,12.5803666465321,12.831733721696,11.4001325152678,10.9391804132672,12.8156999810062,10.7001505937205,11.285803624013
"Glycerol",16.7600183127972,16.8658496895021,16.7249411120364,16.6417804785185,16.6855469266099,16.7794647795901,16.8379477029169,16.724902623913,16.586809618203,16.5565461189551,16.3595796282205,16.2549897494122,16.7205061937744,16.4438274284497,16.6454701010542,16.4600790487478,16.7017018974908
"Glycerol 3-phosphate",15.8725148047109,16.1921583652963,16.0590916774874,16.3692266602497,16.114780424832,15.8993380538076,15.9608266635264,16.167389265053,16.0333466625809,15.8279591571807,16.672722433441,16.2569705988643,16.0820668218213,16.0817042552228,16.1762973981337,15.9579433332146,16.055683219431
"Glycerophospho-n-arachidonoyl ethanolamine",16.7747427657169,16.3750432533065,16.4934159514182,16.5639678813978,16.3259991302592,16.4002287773183,16.5183572388832,16.3359616954934,16.495095290475,16.5037507770554,16.5111474505447,16.2587076776479,16.4206861329685,16.3044035263814,16.5614904176232,16.5124510680709,16.3071654686287
"Glycerophosphoglycerol",14.5651677569218,14.2917482226909,14.6098693965933,14.8107792983097,14.4309685470277,14.0743939535395,13.8467292997506,14.2758761114477,13.9004433291266,14.9879822841466,15.6273440628927,14.3316609247877,14.6374248193609,14.3418137711883,14.6367307035532,14.1680205397217,14.6392131048216
"Glycerophosphoinositol",13.1360800954114,13.1338544266916,13.9860928298124,13.8327341826889,13.6425489857241,13.4260645141891,13.4954646498394,13.7373270867105,13.7729191054239,13.7732162466187,14.3317103193977,14.1204183402932,13.8785702069151,14.0512472862435,14.2210133238197,13.7030159110915,14.0451206915265
"Glycerylphosphorylethanolamine",15.0831731569363,14.8378508914808,15.7352073915194,15.6186191059257,15.3836954448112,14.550776983671,15.0402618618462,15.3995063954505,15.0270127242426,14.6814448484165,15.9106344360687,15.2957277632278,15.3209157183808,14.8075179202355,15.6603013046816,14.7146260399081,15.4346096436024
"Glycinamide, glycyl-l-prolyl-",15.1568432683479,16.3650497069168,16.536127238817,16.4479505951886,16.4106812650114,16.4620159580394,16.4219893047576,16.9293286459374,16.8977327086598,16.4799879780114,16.5637373458241,17.0324704925973,16.8358305894568,17.1131268604303,16.539300291005,16.9123187398496,16.964724391839
"Glycogen",12.4443665710179,11.5362633838079,13.5028126394368,12.26435470799,12.4536515094576,11.1317200022166,11.3864763336372,11.7892417101765,11.2580508260137,11.7853150181869,12.5164547629857,13.2745373510034,13.1610536308766,12.7785348851989,13.5308009316563,11.6803497514185,13.034213040095
"Glycyl-phenylalanine",12.0588940674934,11.6681856602823,11.8383711130028,12.0527578083236,11.8430962268295,11.7055697117348,11.9061408185725,11.9112633316899,12.0143946448136,11.7868280864658,11.9979127098396,11.8997831614107,11.717665735045,11.994554018542,11.9282240854045,11.9910021737415,11.303999186931
"Glycyl-threonine",15.1254303076995,13.9795791407115,15.0558786432626,14.5420956796539,14.9185444507425,14.1031671172188,13.7801192590222,14.3599527812796,13.6857458814234,15.5752454053183,14.811972746118,15.2899984534002,15.1749803950503,14.3241061356456,15.1753499418928,14.1117160393822,15.0176349711486
"Glycyl-valine",16.9358701536462,15.7547008440203,17.0887832029381,17.6382655404445,16.5619576945387,15.655628954995,15.7361443531365,17.0338882624136,15.6799398492048,16.9873070010825,17.8812576381233,16.4679446623079,16.5066180768647,16.8728873900694,17.3242184005316,16.4340324785394,16.9650290974902
"Glycylproline",15.3939380861934,15.1079349087196,15.579747988899,15.9037956610645,15.6979421484397,15.4544773615714,15.3437872019512,16.3130515156891,15.5345579236675,15.6338186549551,16.3670627065466,15.5431997408027,15.7943935716318,15.5260755623309,15.7152747992462,15.4263025016334,15.8699162963427
"Guanidinosuccinic acid",14.896174145517,14.6033595267566,14.7688977987919,15.4508944462241,14.8339985066428,15.187756889387,14.5504526774118,14.9900992065481,14.4477290712111,15.1608082690718,15.1538046723844,14.8193928952218,14.5694805384635,14.9933724318034,15.1535581285402,15.2591512803981,14.8786138318855
"Guanidoacetic acid",18.1116660086349,18.3766766764561,18.0734492083019,18.2884740906991,18.099887065332,18.5176838683758,18.3178958681814,18.0109111379745,18.212200536627,19.1742510484366,18.4228101781393,18.7521407679681,18.1497459405057,18.3962355042217,18.3107272864531,18.2142843149999,18.0010565499008
"Guanosine",12.3860870115044,14.3827186216053,14.0972312073425,14.3615124625679,14.2637298136362,14.4937718195819,14.2487176770783,14.3037557558411,14.2241919069932,14.4905376958667,14.5293853862697,14.3356281139555,14.3555885753921,14.4310189570654,14.3583265363097,14.1370230416023,14.3890213576531
"H-tyr-gly-gly-oh",10.8247872350274,10.8140907521327,10.8136635989931,10.8165800010534,10.8098814184252,10.8145877491858,10.8124512270939,10.8145177246278,10.8091641684003,10.8199126990592,10.8115953507351,10.8032797304739,10.7998915848931,10.807446100795,10.7965633197925,10.8083055000099,10.8003246025788
"Hboa glucuronide",12.0588863062338,11.8604190298149,13.0959519577523,13.2493879956611,13.1449199252599,11.9148858809138,12.2986724349556,12.9746646054216,12.9866815511364,10.5804448838331,12.0903262022303,12.3081236761216,12.4306092645516,13.5294376012352,13.4230834085111,12.5855689662842,13.198542825011
"Heptadecanoic acid",16.564707799378,16.8280167606162,17.158213029867,16.3327294213179,17.1302502365691,16.6948506907915,16.5469795697484,16.8415529626656,16.3302272271562,15.8773621719321,16.6476643249763,16.4153308562555,16.8168749379158,16.3924593203891,16.5036270254416,16.2742633530424,16.9069012101973
"Hexadecanedioic acid",13.9554056352542,15.4278956666863,14.169896436839,13.5731177280424,14.5951282650871,14.7304659904275,14.3629205985171,13.3545130987107,14.6637422366895,14.498778532649,13.923178520618,14.3515070735197,14.4817298327965,14.2587343880437,14.079315389986,13.6996475278634,14.2023791440213
"Hexaethylene glycol",16.2410531436037,14.947305415984,15.0079986376833,15.290906065744,14.870586142598,15.0045812110668,14.9835674510176,14.9022297874998,14.971993797714,14.9714336864295,15.0285631969942,15.0961850481397,14.9123020720995,12.1963281334759,15.0820273751932,14.8386412067882,14.42240243397
"Hexanoylglycine",16.5672076267069,16.724005766941,16.7962774871688,16.094804239869,16.5348699174875,16.61595505257,16.8534675416244,16.3237906011997,17.050814315455,15.633486385922,15.6952636405343,16.5204106572052,16.7446055089725,17.2404019623262,16.0555257718664,16.5606762481889,16.6738433629231
"Hippuric acid",16.2182064623347,15.6561686104842,15.6051697300999,15.9483294823978,15.6622631634562,16.0956572463576,15.2640364041045,15.6027310848527,15.3565695130698,15.790980563597,15.987371317406,15.7400314525647,15.4871380565149,15.9288706279158,16.144275747764,16.0712350908354,15.1622513217098
"Histidine glutamate",12.6797079766754,13.6334023910125,13.3937893668808,13.4977644447583,13.2563356729425,12.9038107865194,14.0776615487955,13.2037021769811,13.6344248875567,12.9581174085544,13.6483544826432,12.9459440761653,13.221778234163,13.685276077438,13.4094036632389,12.7808979560586,13.6492189253207
"Hmboa-glc",12.8970815769166,13.6320378283001,13.7272856931914,13.2983206451087,13.8363658500119,13.7155272505461,13.3365128491267,13.7712768502885,13.5692134348528,14.3860070568618,14.1159321519425,13.6227296990192,13.8766041644958,13.9468521385752,13.7380486124703,13.49361131133,13.8136025293488
"Homo-l-arginine",15.0210612644333,14.7820656021639,15.0932782737805,14.8701741328006,15.1160094277543,15.4708770070969,14.945957822551,15.3732805336108,15.1561955101019,15.5534239947838,15.0090626480099,15.0251310949836,15.2661930099713,15.0972049420478,15.1593926899733,15.2115087346212,15.3102703378188
"Homocitrulline",11.8626645903394,15.5508797650326,14.409242670441,12.3525402497474,14.7050683510999,14.4074592560028,14.8452513586637,14.7391805296755,15.8812237287934,14.420485577663,14.3957108121554,14.8835477338005,14.8950492846099,15.6556443038933,13.8071188058841,15.6774990033143,14.8544664006829
"Homocysteine",14.0501010761693,14.7309535144941,13.8948162597345,14.1780059830094,13.6962906376151,14.0388747908756,14.2339716051599,14.2090668245252,14.0901329866448,14.3865676833413,14.477575281716,14.5807813288457,13.872843771116,14.3962478815118,14.1392491055298,14.8486062611646,13.9294143726503
"Homogentisic acid",12.4885276564853,12.5202427932251,11.5078031165063,12.6272209833832,11.3966190565941,12.7761576289834,11.7020488935754,12.0777674921978,11.9535660698936,12.5335099268705,11.9467093789457,12.1608002152474,11.8310427941337,12.3367357523357,11.6321558430649,12.4216120118839,11.8321917726811
"Homovanillic acid",15.9073251435496,15.5770437134997,15.8500242268673,15.9595143382617,15.7958979845257,16.1624843028184,15.5897720897239,15.9821625271276,15.5855872765722,16.4481295360831,15.5907867363123,16.0613275341033,15.7743705304842,15.6072934104209,15.8300649157382,15.8169739845336,15.7755148286226
"Homovanillic acid sulfate",12.1760915862327,12.5557219481406,12.3167070699249,12.4163227142291,12.3654101493506,12.6976439405865,11.9763577113407,12.7312870053608,12.5797471528064,12.6921629678682,12.7599710943644,13.3665448298589,12.2683641053408,12.7846304508584,12.6907986049083,12.6584258680937,12.2649812483377
"Hydantoin",12.5414328536641,13.4014981383426,13.3069419977465,13.2288610990784,13.3994518350793,13.5866810589601,13.4141124117126,13.038445633401,13.4090675218322,14.2677530555092,13.4454598074588,13.7342919447252,13.2392823688425,13.3303452908931,13.3687441998201,13.1583684213808,13.235085654918
"Hydantoin-5-propionic acid",11.8760286656191,12.0652549282816,12.3647609188631,12.0177308824143,11.7190237189343,12.4347120108517,11.8015536575113,11.8848266197532,11.811199650257,12.0270764758085,11.9192475831479,12.0320027159087,11.7054456587491,12.1653557473015,12.0567123829258,11.7335574922398,11.9486801262466
"Hydrochlorothiazide",14.3931811406701,14.532606228432,14.0371390575792,14.4750976122427,14.484004961257,14.4840548869263,14.4157417450491,14.2110047397379,14.7322373783886,13.8285402263589,14.227316636247,14.3338823277713,13.671752265108,14.9707200436367,14.2899795788388,14.2532312519331,14.3581848693637
"Hydroxyhomo sildenafil",12.7130943156241,12.4724332421304,13.0453208060742,12.7454278649965,12.7902023603519,11.9625110621667,12.4290624132415,12.9204089559513,12.6648156420261,12.577010130036,12.5871961265349,13.414795151204,12.9363680896928,12.6937922254715,13.4997688370449,12.5611458366436,12.7842789797371
"Hydroxytyrosol 3'-sulfate",12.7649543078028,12.7688331193689,12.7653891029582,12.7748386071478,12.7748386071478,12.7793225857803,12.7767608214469,12.7737752056259,12.7666785471158,12.7761296128524,12.7771905154379,12.7746232774282,12.7731283897922,12.7709830603064,12.7735596468214,12.7688331193689,12.7714152431404
"Hypogeic acid",20.3032015198339,20.695287186394,20.2370513570808,20.0471273432183,20.1563758613042,19.2341085396229,20.6007264914329,19.6448130976316,20.0242647332602,17.7433490587187,20.3395361818521,19.3956686917449,20.2527410046554,19.7657133592892,20.167702136309,19.5977611636732,20.1234995061815
"Hypotaurine",14.9560176090838,14.7158642157248,14.8363570421855,15.2757997595264,14.9391051415208,15.82232159875,14.6105426660178,15.0515512017523,15.0261941186738,16.0032552779023,15.4862040325785,15.1347928249225,14.9108254395198,14.9031816152159,15.5535185671323,14.7238083305959,15.2262692720833
"Hypoxanthine",17.7334990667799,18.5506906110419,18.149127755752,18.0784550460574,18.1416750445928,18.2841860186431,18.4168237016218,18.0487959278271,18.4215367231691,17.8959547787234,18.3955424102061,18.0476675526265,18.1845693847223,18.5563566547265,18.2190875073301,18.3573636252722,18.1094463792696
"Ibufenac",12.7015959877976,13.2257604843492,12.7672183995051,12.5965300066489,12.7908137279611,13.0719170353336,12.4657271078361,12.7047226840723,12.3630211765984,14.0205647397288,13.0224244859685,12.8842587133894,12.8245905607378,12.815225973413,12.759711695657,12.9009342732101,12.3913262887376
"Iguratimod",13.0714752829203,13.3840173884058,12.2721073204395,12.4011708426841,12.2137837708774,12.5319236302458,12.4982317027994,12.1562689909119,13.2243413297039,13.1973788751712,13.6579654997519,13.2246624851858,13.5922206084933,13.190803576247,13.085324423795,13.045253708919,13.6101731531262
"Ilexgenin a",13.3286463826056,13.5445394366574,13.4079757652958,14.0937796988317,13.6217345724494,13.4819028554785,13.4817615404916,13.4770557016773,12.7843151473106,13.3488756214528,13.5412228162425,13.5169587572774,13.4659748645667,13.4788978232436,13.6355930495402,13.8939209242547,12.4559729749925
"Imazalil",15.6332823177827,15.7227823378178,15.5835730820332,15.6005337225621,15.6837188776428,15.753492113284,15.9242890629482,15.6266540195807,15.7983379750718,15.4731646713816,15.5601674206296,15.4831865542414,15.7978835274183,15.9465806767179,15.4114149530792,15.4927944976324,15.4212769989558
"Imidazolelactic acid",17.3250024996204,17.5819924316834,17.568599476961,17.0890588264695,17.6615354219944,17.4538916600567,17.7030612206747,17.3620164135597,17.5534399932905,17.0887189311251,17.2179414210849,16.9137797709745,17.7087823244974,17.7200471737976,17.1225712614182,17.5713449231125,17.6159168218244
"Imidazolepropionic acid",16.9406856866205,16.2050213468828,17.3786317745487,16.9080352833177,17.0004528775819,17.0104116438149,16.0359019495781,16.8248306190182,15.8342882556312,18.25938786948,17.2467775760325,17.1527662961101,17.2390624508775,15.5670209685007,17.0645610604336,16.1856938548325,17.0320670569993
"Incadronic acid",14.0237258246588,14.7793838399373,14.4741439972943,14.8436806875721,14.380363189369,13.7673473424075,14.9836080069996,14.4989744903367,14.8791750455949,12.6393088784945,13.9021152999734,13.0501249175942,12.9811612141254,14.5357321601938,13.0152217502589,13.5953591093094,14.7810724970068
"Indole",13.3547537046049,13.4290376198987,13.2508851325367,13.3696003876586,13.5411554206657,13.698183053607,13.2946852110582,13.7214250380445,13.0610926607656,13.8832760952927,13.512945348115,13.078640464286,13.5337988763034,13.432393204776,13.2308768809915,13.4281750104742,13.5223650912266
"Indole-3-acetylglycine",14.5119223950454,14.8306075053155,14.2641277964152,14.0410575913794,14.1880971248555,14.6731259899932,14.3417941881832,14.3490631789086,14.9140922189868,13.8444655678089,14.0351331434158,14.0076773605994,14.0575640190222,15.7171353661034,14.1767147460835,14.8614432096544,14.3465299637464
"Indole-3-carbinol",14.8652637483468,14.7888983644592,14.8721898288639,14.6870942458123,14.9900837969576,15.1805923997211,14.8009757745928,15.0363536990756,14.4245442488573,15.4543358868789,15.0898643937113,14.4946735204876,15.0557461404214,14.9486484536818,14.8011122140784,14.9174166554856,15.0908646936781
"Indole-3-propionic acid",17.7217880596266,16.5869326333523,17.3762445477787,18.0038324309094,16.8361988134006,11.2885166339813,13.110879958111,17.1159796482391,12.8306323015807,17.2661158751483,17.8445884749763,16.2646198742019,16.5349608491925,17.4197528597016,17.784334900802,17.1507520090932,17.2421874459523
"Indoleacrylic acid",17.9546662606132,17.8487406815375,17.9032463841522,17.8570735254887,18.0260559918255,18.2382993505267,17.7914170361618,18.0957886758015,17.5414593665493,18.4599474863708,18.0897013787644,17.5031522511059,18.137617443722,17.9635914361652,17.7972071069793,17.9585551116859,18.0820675716433
"Indolelactic acid",16.131025699732,15.8123691103187,15.5994513992791,15.9432382030555,15.6296515831326,16.1815121635662,15.8149365184591,15.7701998015299,15.7245036182054,15.8880569451483,15.8175583967584,15.7675555241402,15.6589110134112,15.7966611104903,15.7754703838202,15.7566871893487,15.6168735946215
"Indoline",17.9671678832128,17.6871025860295,17.724228195975,18.0644110372401,17.8502343923132,18.3329534228451,17.6723400030546,17.9543811029507,17.6687938701981,18.6279207021361,17.9164161743166,17.8246132936644,17.8184433895934,17.8138835709277,17.9825444041034,17.8806283114011,17.7316980838147
"Indolylmethyl glucosinolate",12.6165524883285,14.270306105586,14.2369704711516,14.1554934280493,14.1200844088955,13.9546339415354,14.4355351921374,14.1658619722129,14.0364897552978,13.8560012773246,13.9167131828914,14.0067851664153,14.0299688105839,14.5139821927566,13.9525064376084,14.5359020403638,14.3128553323242
"Indoxyl sulfate",18.0667798714804,18.1368820163556,17.7453123611335,18.2080099288589,18.2136451589683,18.2080011645598,17.977149030304,17.9678062905891,18.541839767013,17.6920847098728,17.9391941776478,17.9364027713155,17.4603855336519,18.571625145383,18.1788708939685,18.0490656309735,17.9436969305971
"Inosine",12.3244942428841,13.7014581264174,13.0261115982173,11.3600348921391,11.9951402967878,11.3973168311878,9.63368759012016,11.2435016736392,11.3013990834668,11.097102251915,11.7624814690862,11.600531051256,10.5243870603562,11.358123401227,11.3838128485746,11.4603804118439,12.2303563016728
"Inosinic acid",13.5546881998436,13.5290871672769,13.5772336509877,13.5980374325248,13.6031889370164,13.6521159268483,13.4878322304672,13.5872753798501,13.4992992462072,13.6019997901293,13.4763116038773,10.7909481494168,13.6998399231968,13.5175313108965,13.5455306925879,13.6388848569839,13.6392445527291
"Iodomethane",14.1341147616093,14.7912296218625,14.9404415825498,14.7617609962721,15.0237148897849,14.5250910558266,14.8294361264032,14.8676003010759,14.6881591002223,14.8496785294614,14.523045186055,14.6998678156201,14.9786552996337,14.7845868154148,14.7035719638806,14.8135937289726,14.8609726122245
"Irganox 1330",14.9038677823065,14.9612414983109,14.8362140585512,14.9319812207221,15.0280724713301,15.1986585315985,15.7178832681403,15.416520095274,14.3878864561058,15.2072662311781,15.0480566019939,14.655354833511,15.3666191888736,15.1206222830463,14.999837867367,15.247028230267,15.2875139650829
"Isobutyrylglycine",16.5323598935617,17.0121188440581,16.387667957308,15.5066801329322,16.4813242142202,16.353074363682,16.4986947725923,15.9376703077266,16.9436936259165,14.8913034357562,16.3514614739153,16.8116109340459,16.641219979792,16.8640569377909,15.9541614670919,16.004014652838,16.3657107525014
"Isoleucyl-serine",14.5034046579076,15.0182120820818,16.0066724505647,15.261313284383,16.0034151724096,15.396856424938,15.0422272850427,16.1370701007607,15.1891225928088,15.7083632973055,14.8617344108153,15.4884781260525,15.9113527219527,15.1216443257035,15.1417428082689,15.3284145992333,15.8445107926656
"Isoleucylproline",16.718217369576,16.7603288790318,16.8546201829976,16.6122544196751,16.5087168156475,16.4172860482945,16.9508109568591,16.6883236706538,16.8134323681183,16.2936517573951,16.8677912399167,16.6773156176379,16.515950234156,16.8124977793017,16.6958989585813,16.539023091119,16.7230849067651
"Isopilocarpinic acid",21.9453779678943,21.9850605512965,21.8493153150484,21.7292482713218,21.950991235508,22.1611896149867,22.0227460579613,21.6637813457632,21.9879892705424,22.1036102729947,21.9750760273988,22.1548336558328,21.9291157807071,21.6532662203436,21.8770989668912,22.0133463895637,21.845732312184
"Isovaleraldehyde",15.9647487824479,15.7123711995836,16.0896123137792,16.1932993598891,16.0650036061502,16.1453931358042,15.6177359248066,16.0800461705492,15.8283150443015,16.3524221702141,16.0626514981722,16.0480508309048,16.145794709764,15.6374423963826,15.8287072740979,16.0323580372926,16.0608675634837
"Israpafant",13.2606185301822,13.1293779716142,13.0942114185699,14.5229554329815,11.556006765677,12.1347893101131,12.7576728528812,11.1095957332818,13.158862577133,12.5814479450908,13.2036149773063,12.8434247691978,12.746110787259,12.9601829062961,12.8536212109681,11.2886123051942,12.9217927012796
"Keto-3-deoxy-d-manno-octulosonic acid",9.49288599041489,9.47632310472519,9.38950451114807,9.38003818246085,9.41251124285813,9.42828699055642,9.75050813224324,9.09898653175103,9.70396572504594,9.34735741204048,9.41492877087788,9.40105979727269,9.40689789843427,9.45353312853764,9.24894001977215,9.40257129781858,9.41172078029462
"Kynurenic acid",14.9170616814838,14.2495718961781,14.406938192502,14.6450014582381,14.6815096304287,14.8774322289635,14.5199515356381,14.693073750211,14.7551291597807,14.0546422148887,14.4850789100508,15.1684465326888,14.9991654407938,14.6709890448375,14.3237533068699,14.9551050158605,14.6345401005907
"L-allothreonine",18.4520099413784,19.4913964111285,19.4192644388779,19.7943343460121,19.56350260125,19.2463509018866,19.3611404139125,19.5185238480251,19.147476653134,19.3351904380912,19.1349038126678,19.5323000880586,19.3413479781358,19.6090768815885,19.5322841831468,19.6553178323128,19.438994633595
"L-arginine",18.3820086267828,19.5907797234022,18.6377538609524,19.5532679104155,19.1162494217729,19.9370914060492,19.7033963058305,19.9213938381451,19.7518858170189,18.7609355864283,19.0298027408027,16.697497300153,18.738490463694,19.6702077911133,17.3678143125858,19.8703310384658,19.248544151071
"L-aspartate",15.2946448235734,16.1306231748868,16.5807838867393,16.6331753485543,16.3888991090049,15.7802207110808,16.0077307366121,16.4488034103508,16.412222895044,16.4223290691562,16.5947251284501,16.5418333586786,16.3307780931058,16.042620158802,16.6036692591732,16.104440917676,16.4154299224359
"L-aspartic acid",13.5443579780524,13.4388914599214,13.5533287761508,13.5629386539379,13.5977547061744,13.5806102238794,13.9110811915062,13.4820049470358,14.1819569121371,13.3080427425959,14.0702316510517,13.5185069453907,13.7235155088663,13.6456566568253,13.8808188019605,13.616559139704,13.5571387102321
"L-citrulline",15.8058631567687,15.9648711796023,15.7032471533131,15.7981184016349,15.8120719582522,16.2600341471031,16.2532242476107,15.5117256752236,16.6019339883206,15.0912802409177,15.9633150778763,15.8121274431338,15.8509018579164,15.9335931056746,15.7922798821123,15.6360804960437,15.5720978960947
"L-cystathionine",13.5743685554299,13.0707479037961,13.5136602644182,13.7447166754383,13.2791322412934,13.6892636709194,13.5586689649747,13.3553363021982,13.6930050978636,13.4449287268191,13.2076736958207,12.9976474943827,13.4469298814562,13.7993075013869,13.5739037079762,13.7689882425924,13.4602152539207
"L-cystine",14.4297724367111,15.28372526073,15.5740165156951,15.8508758461575,15.1209073884311,15.164549227491,15.3198384707133,15.7627169881456,15.3638967201969,15.2575643989468,15.507692131499,16.2590411651276,15.3549284677454,15.8621385974962,15.4898315542983,15.8059429229581,15.8199660967902
"L-dopa",13.476989618328,13.8368939106927,14.425569500033,13.5445620198854,14.4876280242382,13.6580085153428,13.7578887021065,14.0032178921887,14.2356232362675,14.3993882612756,13.9084314263148,13.7150854233472,14.6613953784825,13.671242878959,14.5899368496352,13.4170034517953,14.3474818231438
"L-fucose",17.4542891506503,18.5658129303345,18.2399079783328,17.3853555244257,18.2264617995496,18.6259647033077,18.894761664506,18.3069786277188,18.6477976370194,18.1245190349947,18.0364160580347,17.5574584772573,18.2126135920056,18.5378088739799,17.4692794891277,18.4751713245498,18.2118739139605
"L-glutamic acid",15.2621189411326,14.9662087124303,15.2765317271914,15.0673457677665,15.0408870406733,15.6226592463228,14.9668010391347,15.2668981435098,15.0085252276625,15.5096637221961,15.0995702430232,15.0776953774052,15.134161413971,15.1609133271871,15.3157496666598,15.1737563572504,15.1268534759243
"L-glutamine",19.5932335292742,19.4366279529654,19.0455068701206,20.2552691520649,19.164206414145,19.5877906297864,19.2833229699132,19.3245431507954,19.3417614821108,19.6950390884647,19.6317131928236,19.8980066674949,19.1402115961745,19.3238102399951,19.8857118788795,19.4999050903064,19.1277309979501
"L-histidine",16.8886645924163,17.5039010498519,17.515639009,17.7626819646894,17.4764752323541,18.0683102252665,17.3960704364339,17.7692266170616,17.4299419230211,18.2762263246479,17.3821454363467,17.6282118993448,17.4428681999501,17.5256432106678,17.4522965587714,17.8058310712186,17.4639420395634
"L-homoserine",14.6815263333096,15.849957931431,15.2211480301351,15.6155693965987,15.7482537307086,15.5134232633676,15.5906528144832,15.8844712565593,15.2199317539854,15.9803459972675,15.1382646048236,15.3546018309096,15.7565437485,15.6615055189218,15.1172090905929,15.5556350861442,16.0171856849616
"L-isoleucine",18.7953665069611,17.8380845594153,18.4851674624748,18.5935058304783,18.43616934263,17.7499087984023,18.0418428795353,18.1995030757342,17.9278979717552,18.6636136558723,18.3348510189472,18.7355250166299,18.9870374651999,18.0255138853728,18.23795087453,18.243734428822,18.5873536244806
"L-lactic acid",21.7378508887906,21.5409931539975,21.6034785074353,21.5280553260387,21.5183268030613,21.4742560848793,21.4842106617013,21.4915450740435,21.5193124245177,21.5346059221564,21.5363454752468,21.6854198347215,21.4957983791722,21.4203964421793,21.5529167565632,21.5332527775155,21.4568753289654
"L-methionine",19.664362505065,19.3228689898045,19.7017713389682,20.0376840158119,19.7142785811623,20.0946249146913,19.338160311138,19.9981035681562,19.3025572417024,20.3421222565244,19.3379555121071,19.408657316792,19.710026722915,19.6282972743113,19.5919831316631,20.0214793112051,19.6848415854403
"L-phenylalanine",18.1230762257704,17.8136334573421,17.8487554182448,18.1627799111282,17.9347691650935,18.3661766947455,17.9360801433568,18.083418824736,17.7887755348384,18.7169232198651,18.0706852836768,17.9606737518596,17.92611442817,17.9478294790367,18.0947149406819,17.9977076512821,17.8580941429664
"L-proline",17.5806278093989,16.9781509096684,17.3492245575863,18.2236444227782,17.2714972753524,18.0534030258987,16.929652846684,17.838356576069,16.8207479907507,18.2842184274187,17.129475195735,17.2483881726641,17.1931452604773,17.258042035802,17.4148053909726,17.9991835177513,17.1278981217291
"L-serine",17.3208846749558,18.1527589078286,18.1234449903726,18.3524355835034,18.0918379353855,18.4544031403342,17.7240123898794,18.360608623756,17.8203313028256,18.792214223643,18.1469211507427,18.2585198682126,18.1524586445315,18.1590717703952,18.0458324228113,18.4127284522129,18.1995819374449
"L-threonine",17.1722080279363,17.0115634759686,17.4418081131083,17.6858846072217,17.3823822461846,17.4915572125437,16.8866370342311,17.6180093364869,16.7924533889254,17.6376206911074,16.8569488059736,17.4409067454849,17.3261840867407,17.2005106214328,17.1653048999425,17.4863834230716,17.3266692779177
"L-tryptophan",17.7040811950522,17.6957601206279,17.7475156433973,17.7150846778231,17.8518712262046,18.0698252585823,17.7247696129693,17.8925763289879,17.377838937827,18.2119972191866,17.8188949248075,17.2591546771456,17.8586109585487,17.6928188062419,17.5063068994996,17.673800403384,17.804690195138
"L-tyrosine",17.5263511129963,17.1994270558908,17.7311356217974,18.0817453821867,17.7381723620406,18.3151071158053,17.4947126922794,18.1766946474333,17.1594259681448,19.0787100712938,17.5368826843275,17.8046856543402,17.6835142033363,17.4932038590974,17.5505087753165,18.1464392152119,17.6732336968977
"L-valine",22.0720280060349,21.7324547397403,22.0297597318542,22.6805793906962,21.9564630685346,22.48682242824,21.7237024244448,22.3957017620744,21.5977980379472,22.7519744379155,21.9283394758229,22.0038304089304,21.9357943308832,22.0280228668801,22.1634714500628,22.5332143991674,21.9087210164211
"Laccer(d18:1/12:0)",19.91269893315,20.2767948170919,20.1960693521629,19.8054160674939,20.190768518178,19.975124128877,20.3234959894633,20.1972542091703,20.1636897023364,19.5793144782311,19.7815251908112,20.1452590014719,20.115792824788,20.1321651544347,19.686608755154,20.1201311310165,20.1111480220986
"Laccer(d18:1/16:0)",14.6355067924874,13.9158233318404,15.372128737806,14.4319845987325,14.8295969790122,13.6970458612329,15.2500001732458,14.0935292190959,13.8904555303847,14.4547011763706,13.0873775740341,13.6127764330344,14.6903483437854,15.1456061272458,14.5479182342597,14.6466053972691,14.7521574164188
"Lactobionic acid",10.6990810325861,10.7042235398802,12.2396682432432,11.7388824839311,12.3039304267029,11.6034275591501,11.8831703138028,11.3281470478366,10.4249243874235,12.2103769455286,12.3226223874766,11.6693867857361,12.6111937386298,11.9154714378519,11.7409716807576,11.1215557940477,12.3829677675526
"Laudanosine",16.2375647906414,16.0893935556168,16.0346720026279,15.8536288037454,16.2753190542856,16.1692540597271,15.8471904256535,16.2749336673577,16.171288777696,16.4018247850782,16.1693245172158,16.2229712604577,16.2910363239702,16.2506862035828,16.1261098423853,16.2820450310667,16.3465613408088
"Leucomethylene blue",14.4085411727795,15.0901715383409,14.7674822504082,14.9812550233575,14.7742461090553,15.801318016492,15.249676233777,15.2882871889542,15.1738933601394,15.5308122826251,15.1867824160462,15.4692644043719,14.7705287874169,15.0752080399372,15.0004490147312,15.1333180510167,14.8605743650393
"Leukotriene b4",15.6474457249176,15.8223516039374,15.91858421834,15.8280276247401,15.7344123934141,15.738912413756,16.3203193378683,15.7872667141681,16.1243288680854,15.6447194275749,16.0785312845347,16.2032383521266,15.8718533680382,15.7603864724562,15.9908258887708,15.75664213091,15.9023419276309
"Lificiguat",12.1309538253701,11.8209342182738,11.9821968557787,12.0480009197443,11.8424759928013,9.34486165029703,11.6396802411163,11.8199015135254,11.9352177401664,11.741332189856,12.1935189688581,11.9741904419577,11.9733327008778,9.32073056668601,11.9453699821873,11.6533849179216,11.8424893485974
"Linalyl oxide",17.1190817458565,16.6113780939231,16.1021085940459,17.0588170431436,16.2841050727836,16.4007204448015,17.3089427502865,15.8804239928447,17.1638316130624,16.3892285048479,16.0800068979844,16.7691135999068,16.1157243400993,16.4261940496846,16.5626100377484,16.4172763255846,16.1402947717813
"Linoleic acid",19.8068747021513,20.0493965041951,19.9871901163198,19.6911840727832,19.9861407957994,19.2795976984323,19.9169692832501,19.77097831182,19.725158152396,18.903960470636,19.6559895700657,19.8764228514672,19.8336585432224,19.5266749937865,19.9719188676742,19.4831094063541,19.9012777318627
"Linuron",14.5458574989796,14.8253224303053,13.9730996022373,13.9207076125587,14.5996995772594,14.4477390892514,14.8623417807326,13.6554727973127,14.5178324021222,13.6569845764782,14.8101070603162,14.810828756043,14.4602421563969,13.677055571251,14.7189382005398,14.920472144579,14.4672087110139
"Lipoamide",12.2891025213571,12.2443657550374,12.8231724581743,12.4112818395942,12.2908130300476,11.6581033700035,12.0931611613758,12.933856809616,11.6440134831606,12.6925400229518,9.4446999648798,12.3407506681608,12.2745832369194,11.6366387579759,12.4339776547267,12.1846579165691,12.4173399541541
"Lorzafone",13.4523823121102,13.3664655673073,13.6756826737925,13.9925784482197,13.6681254092111,13.8110903743583,13.2841469771664,13.6597913300665,13.3657792624691,13.6264970291893,13.3903689495121,13.3839148927351,13.2092121392647,13.2943774365765,13.4522840459924,13.4537512544278,13.6271029069229
"Lucerastat",16.4490148248569,17.3770223084653,17.7649186250287,16.6538121603037,18.0334935506329,17.801550925287,17.1410510926804,17.9375909964532,16.8692921212599,18.2739397204572,15.7998516451226,15.7902692036793,17.8033234883113,17.4611032175324,16.3624562042191,17.5248726430273,17.8089597467236
"Luminespib",11.4741521401327,11.1451153857602,11.2991756481408,11.4124392918049,11.2462201106487,11.1897810063615,11.2900302978855,11.2938286441561,11.316104768178,11.1010084067381,12.0589362448567,11.4817909705044,11.3059570051384,11.334774964626,11.1317677115666,11.2456435077269,11.1841390410697
"Lysine",19.4179917319511,19.2995767907686,19.7125505297942,19.3031195034962,19.959385553672,19.8047166247537,19.1911464920008,20.1216784281934,19.5110899682611,20.2762079802437,19.4687891041506,19.571389132667,20.0057443548398,19.6732718043017,19.4295375623665,19.7488773522918,20.0214387539154
"Lysopa(0:0/16:0)",16.4839880769247,16.2986635714367,16.2609359065678,16.2206957050493,16.1472036929131,15.8972190319712,15.9369894310413,16.1325716510761,16.0158821545716,15.6729101876708,16.3836410429744,16.1626194682682,16.148037954786,15.962162431153,16.0435803337072,15.9410559713391,15.9186278273367
"Lysopa(0:0/18:0)",14.7069793393523,14.9209553688953,14.9527884599689,14.5893202655895,14.6381251590968,14.5461775088832,14.7614333289139,14.5112854283186,14.5369664266736,14.2147973336136,14.5561196495778,14.7889984317674,14.69925848965,14.3560214700095,14.2277874977454,14.6691164551178,14.4730492437388
"Lysopa(18:2(9z,12z)/0:0)",16.2178817727268,15.886041902897,16.4862675439364,16.1009347273727,16.2533504118028,15.7686148138144,15.6483277938619,16.1093351448864,15.6747182648461,15.7562234044488,16.3769718687145,16.0909628232829,16.1113565514204,15.4189699895551,15.8166899616009,15.3910792700652,16.0676438783272
"Lysopc(14:0/0:0)",15.815232662432,15.7449751314819,15.7933615012463,15.9443475542586,15.7559468223162,15.9782125502363,15.241138138971,15.6517784612081,15.1959888174644,15.8036004272974,15.8286396381856,15.1794588531625,15.8858818414434,15.5422016144828,15.5035712415382,15.4355495689199,15.3975921441873
"Lysopc(14:1(9z)/0:0)",13.4489916785623,13.4552439253559,13.02154946788,13.4443004575346,13.3530355698358,12.7220892908513,12.0310730045757,13.1932332531089,12.4843630840788,12.39324465611,13.7620233205931,12.4937664216365,12.8657575607097,13.3421703451986,12.9656957590496,13.1922149509331,13.0849151187414
"Lysopc(15:0/0:0)",16.2858359848036,16.248941143066,16.128082812307,16.1276895145874,16.0363771551303,16.0568208902651,15.9941151724871,16.0406518287917,15.952563732229,15.7612297425971,16.5473166639897,16.1773132445398,16.1129979281377,15.8281151311956,16.2064015424191,16.221791909472,15.6080183438052
"Lysopc(16:0/0:0)",21.5394791453067,21.414032619743,21.2982795890209,21.4236466789243,21.246738915822,20.9290186155881,21.1975041205402,21.2727751405631,21.131219302117,21.0572472527566,21.42006128654,21.2503418255038,21.1461561749777,21.2724206853829,21.2270050186003,21.2276298773325,21.1573950801491
"Lysopc(16:1(9z)/0:0)",19.2463735383442,18.9260242288854,18.8024005451452,19.1617280863721,18.6904770356437,18.2456748378262,18.5919271417788,18.6948878395587,18.5001505238283,18.0142124551094,19.2060863790109,18.1418769760324,18.7069786100758,18.8240970590101,18.8053217969946,18.6546723669931,18.7086220007238
"Lysopc(18:0/0:0)",18.559257010518,18.8172529234539,18.8366008885225,18.2620384606412,18.7458336860143,18.3923902742065,18.290587769905,18.5049445676543,18.1734041807034,17.7142744685372,18.6031067569112,18.2595144544593,18.7323014111705,18.2606355967316,18.2317233771645,18.2271539803317,18.2149591502763
"Lysopc(18:1(9z)/0:0)",21.0958397945682,21.0476527586371,20.9392756392604,20.9494818701444,20.8912122176625,20.3414279278006,20.6744051341079,20.7797959455122,20.6230257997057,20.0337921207132,21.3135130037692,20.7299171562049,20.9679878651338,20.7687915437943,20.8867845199202,20.5889386580012,20.8689409258557
"Lysopc(18:2(9z,12z)/0:0)",20.8934185370836,20.890119844395,20.9527433497804,20.8703296227241,20.9918871638424,20.3975620757983,20.646280670292,20.8505927969297,20.5499751535279,20.3590537868565,20.7852754609624,20.7072387748276,20.8561983838173,20.7255717850137,20.8737798205392,20.5840363438852,20.8136174448375
"Lysopc(18:3(6z,9z,12z)/0:0)",19.246144113144,19.168065552352,19.1235963271234,18.9924691954342,19.077769898354,18.9093630360339,18.7761664521468,18.9737438295278,18.7263850065767,18.5610438773047,19.213724534535,18.9079382930438,19.0466102829972,18.8284716409494,18.9199237635533,18.8766809131484,18.8267415103243
"Lysopc(20:1(11z)/0:0)",16.973603256678,16.7023321672926,16.9902984587632,16.6052265723761,16.9130991099573,16.0761482514874,16.44668297275,16.7970186181093,16.3712969515533,15.6734507287731,16.6694110052848,15.9453242022036,16.9897213943145,16.2265122145234,16.6191377544169,16.3987637003713,16.8206853191534
"Lysopc(20:3(5z,8z,11z)/0:0)",19.4294478339052,19.4477882953205,19.3893168260637,19.1676005729305,19.3806944556309,18.958533746031,19.3549990104056,19.2315470857771,19.0883920705519,18.9307003139426,19.7055123921801,19.161194043589,19.4935998113534,19.1588257220392,19.2254354222683,19.0839832528244,19.2608183660409
"Lysopc(20:5(5z,8z,11z,14z,17z)/0:0)",18.499792709676,18.5445138992552,18.7456737244515,18.2876709174016,18.6759044911088,18.164553533447,18.0859109745711,18.5009272615663,17.9525908043028,17.618283443381,18.4792131228172,18.1127847974436,18.6729251617214,18.2147858910914,18.3454013897069,18.0805407929384,18.3677864172806
"Lysopc(22:6(4z,7z,10z,13z,16z,19z)/0:0)",19.4851416902817,19.8925755550663,20.123222102762,19.3798478107164,20.1797522979949,19.4310070278641,19.8916104114485,20.0906247283787,19.6426636009326,19.2290741494889,19.7471872075331,19.8023916690826,20.1223413596865,19.7362399085018,19.5294044309445,19.6097082788161,20.0507856801181
"Lysopc(p-18:0/0:0)",15.3172909630231,15.4964545322932,15.4254471440807,15.2381592963961,15.4545060322095,14.9299050311441,15.0066205489022,15.5595500025156,14.9190830668367,15.3694783171238,15.1244085737931,15.6717893361845,15.5089494655723,15.5155027654189,15.2366797861748,14.80965304869,15.0821568884872
"Lysope(0:0/16:0)",16.0856485233804,15.8913055829028,15.5983520378653,15.9380207636277,15.6516710247689,15.4647003870959,15.7392526600381,15.578268263084,15.8340640469653,15.4231334178974,16.1357812734499,15.5965174617588,15.394463554343,15.6872515324879,15.58976308728,15.9077543424814,15.4014052854003
"Lysope(0:0/18:1(11z))",16.205381169797,15.460510709953,15.6314547374811,16.0576946313647,15.6466292202299,15.5027372336252,15.2768201940615,15.4640247302747,15.318629522084,15.3236110317997,16.0092998593947,15.383989242135,15.5949103337893,15.3292404116449,15.7645622824738,15.4444161981305,15.5334737706746
"Lysope(0:0/18:3(6z,9z,12z))",14.9799948291996,14.3211100046784,14.6226349796598,14.7972327949494,14.5607378803698,14.3239928761658,14.1672164058042,14.3708819598323,14.3946126454236,14.3963982473129,14.5244591069406,14.3529653574819,14.3784897274305,14.1970053232302,14.5915471250859,14.4690190257444,14.0920301900235
"Lysope(18:2(9z,12z)/0:0)",16.972540577576,16.0180182766131,16.2281932061855,16.9022965486461,16.1976118120816,16.1927465076742,15.9970071623067,16.0759647957649,16.0431336773958,16.0302352878317,16.4920709324496,16.2971955679013,15.9513145449496,15.9164646772092,16.6244476352569,16.1758102049088,16.0602869680111
"Lysope(20:0/0:0)",16.5188985322008,16.7382047330195,16.3905750945381,16.4985024640106,16.331277034113,16.5710810643081,16.3406027916904,16.4221241342123,16.3006669232892,16.5476206390931,16.1054206010385,16.3099892977143,16.490621829276,16.7113563291297,16.4232642671838,16.6012474777213,16.6151198235326
"Lysope(22:6(4z,7z,10z,13z,16z,19z)/0:0)",17.2087149372521,16.6731632639922,16.8023385280048,17.0914318372726,16.6553058620013,16.4243498529049,17.0265132192794,16.8101455985729,17.2015494013026,15.7785787733211,16.8367027833902,16.7944135454013,16.6322595887404,16.8364578622703,16.9313021754382,16.9616993606566,16.8369549547704
"Lysope(p-16:0/0:0)",14.0114722518511,13.281233448499,14.0058902529002,13.8566770297828,13.7199404375834,13.8819931137645,13.8188377004952,13.6068947850923,13.3453002927075,13.7065450946393,13.9843060873579,14.0428876522404,13.728373583251,13.7104473000917,14.2569015473879,13.6055520399531,13.2895542045082
"Lysopi(20:4(5z,8z,11z,14z)/0:0)",15.7526307603089,15.7750397633376,16.3481368730113,15.7582869572657,16.1094952193978,15.4672052039325,15.8736024844919,16.0221744467451,15.5890633280325,15.1706620966273,16.1335772043008,16.175453653613,16.1010546413561,15.6112715133986,15.7196532738086,15.34814086965,16.0597217919714
"Lysyltyrosine",14.0333939300028,12.8565934875737,14.1228482457463,14.0347805616145,13.6173542280957,13.3067274092335,13.6630498119117,14.0592216731859,13.5175987904452,13.6473088047871,14.2594720832436,14.3145733017485,13.8483495032222,13.5457336683183,14.4713120183252,13.4499495019373,13.916567793175
"Lysylvaline",16.0142794779535,15.9406888644149,16.2487128369216,16.1321512892743,16.0488386342681,15.9370515361987,16.1818184030196,16.1156833990221,16.1324432670501,15.9243698603802,16.2149444734098,16.4284956673371,16.0593773819606,16.0224214176486,16.2502945492434,15.9199028607189,16.2499095023828
"M-toluamide",16.3403112157476,16.6130016622599,17.0967484490789,17.3757281417762,17.0563564757743,17.6704846439728,16.8998139744838,17.4576378648195,16.6410610233872,18.3224640170156,16.9574309469816,17.2132192972402,17.1119845815719,16.8899722406111,16.9808773477805,17.5013353915768,17.0864367520072
"M1g-dr",13.2885973807272,12.8853628904692,12.7977222011658,12.3616926189728,11.672976664228,11.4239788474565,13.0711285496261,12.5812074145557,13.0207018677778,13.0380917046004,12.9713947118769,12.3174150150413,12.7598673283456,12.9474286067796,13.1299302149517,11.9264615095912,13.4358552188173
"Malic acid",20.734863344792,20.5210239768064,20.8782196024444,20.8461507566538,20.7461203486425,20.8367120274757,20.6767330937814,20.911634584946,20.5920276036953,21.1155771220556,20.6266646163683,20.7304634548895,20.7871744154277,20.6674403355259,20.7768909019684,20.6525883228164,20.7476842692156
"Malonylcarnitine",14.6881392036735,15.3263093001121,15.5666082681003,14.5714596193197,15.0561556787017,15.212846630814,15.4906249730955,15.2248536222403,15.3442137549633,15.470847291855,14.7520924600456,14.6328664402888,15.4835079927028,15.2167402557157,14.6285415252068,14.9121345806047,15.4720301729582
"Malonylglycine",12.164271983959,14.6318499739225,15.0786350278803,14.8875616438898,14.9717124856373,14.0790040889769,14.5297669433586,14.6958597485779,14.6297655809603,13.8574920813345,14.1202807252709,14.1790783211906,13.8126760874249,14.888699202594,15.3866878710156,14.5236276039715,14.7415096550077
"Malptll",15.318411840259,16.0482481537776,15.6850950307036,15.2241751734957,15.7397897723672,15.2003899679512,15.6824999995618,15.6005268280873,15.5852574347933,15.2308551827225,15.2101372814583,15.1945358409019,16.0574550087869,15.726322316467,14.7420660615723,15.5890336326777,15.734513607821
"Mannitol",15.2432305848097,14.963764616256,15.3909288240733,15.7378146300256,15.4182418946777,15.9935162171318,15.1826318503872,15.8717199391925,14.8376492623396,16.7515840001027,15.2156362115878,15.481587630402,15.3583203219855,15.1454174052262,15.2635519425061,15.8227241814607,15.3537947614623
"Mcpa-thioethyl",11.3107825141276,13.0085300897052,12.9733860192204,12.4058720240109,12.0701408696801,12.2103268344458,12.4347362551137,12.0437133700363,13.0398055065273,12.9998129656986,12.8863960894133,12.0923076211706,12.614212418059,12.4623114767956,11.4196573506545,12.9424197115201,13.5125847557183
"Menadione bisulfite",14.2930995089498,14.3060808400526,14.1650204843107,13.1921209301624,14.4594776080637,14.6515375988835,14.5667597653279,14.536584916336,15.2454199493651,14.2996962580759,14.4258223784247,14.4493590645372,14.2001428192807,15.1878498536045,14.252569160221,14.1201162329941,14.2995864978916
"Mesuol",11.6521971358719,14.7412762310067,15.1208785167743,15.3282510690828,15.1987282552111,15.6590299885216,14.837392830105,15.4882368132593,14.7875200576595,16.2320421466792,15.148288205868,15.4944706588161,15.3074288993536,15.1399339671086,15.1884081319426,15.6748188725179,15.41552277383
"Metampicillin",10.693068880564,11.1223708964289,11.1227270147952,9.7702467119453,11.3620972981847,10.9923122873775,11.2925420162685,11.270190712342,11.2518063644969,10.6716152005975,9.43264205560436,11.4215660568734,11.0707887735162,11.189513068669,11.479932936171,9.79255384386732,11.5700772261383
"Metergoline",16.3398734827701,16.6947666667371,16.0949727375569,16.2071878225078,16.1170789194571,16.1371366977858,16.3319898095904,16.2380109480239,16.1953048833673,16.2067514996193,15.8267947450587,16.3356047157608,16.2687353093945,16.6655245740868,16.2317415868819,16.3505326712271,16.2145941374706
"Methionine sulfoxide",15.7880500496248,16.6904965513514,17.0124568756155,17.3586336927593,16.9846362796836,17.4407072877299,16.7193038687002,17.3284916666732,16.5677839835731,17.3211610319972,16.1938506265344,16.4984447022038,16.8958183786317,16.7453783472194,16.8109150277497,17.0877744453854,16.9087367440735
"Methotrimeprazine sulfoxide",12.046719003751,12.2091505304455,12.057922428589,12.0376811478852,12.0693861174159,12.1300184754928,12.0452947730418,12.0867710473846,12.2996745743415,12.0435725997121,11.9936993410238,11.1805842772734,12.0075273361426,12.0939972577331,11.9615486536161,12.0642420137669,11.9109010079955
"Methyl (1r,2r)-2-ethyl-2,5,7,10-tetrahydroxy-6,11-dioxo-3,4-dihydro-1h-tetracene-1-carboxylate",11.9908030728013,12.0432788105311,11.9689512707573,12.0086158738806,11.8202078424745,12.0609584333929,12.0120628542237,12.0005569935656,12.0206212770391,12.0578823221702,12.0165135693134,12.0295121598858,12.0126805685958,11.9186393771216,12.0304241929153,12.0244915631867,11.9887298417269
"Methyl 2-(3-(((3-(6-amino-2-butoxy-8-oxo-7,8-dihydro-9h-purin-9-yl)propyl)(3-morpholinopropyl)amino)methyl)phenyl)acetate",14.5359616178247,14.3727920278079,14.3449529649742,14.0805434369899,14.220243393082,13.6525537921455,13.7962557973965,14.1475308056036,13.8930539128707,12.0979521965125,14.6002545387834,13.2664179186179,14.3261797911299,13.9989467042911,14.1504452449458,13.8406726068081,13.8800100020103
"Methyl beta-d-galactoside",14.8127609204213,14.1174916304506,14.1427768116112,14.5447056561031,14.2058736401429,14.0862163416879,14.6425854639102,14.2702492101761,14.7945117489506,12.4375588568804,15.0878656200858,14.680196172506,14.3157576921889,15.0519712616571,14.8772781697805,14.6243576935873,14.7493371383266
"Methylmalonic acid",17.5918243774163,17.8685265549884,17.2632197081151,17.305138645218,17.7666364626999,18.141745778329,18.0219631098593,17.6653253726679,18.359988966682,17.6457658050982,17.3598582930811,17.683152494277,18.1033860092136,17.2407762000943,18.2463056172357,17.0634657722299,17.6499748643182
"Mg(0:0/20:4(5z,8z,11z,14z)/0:0)",13.4047039090509,12.99194899216,13.5632576937964,12.7344278585677,13.9183479851537,11.8628931056619,11.8233598530122,13.7078348751177,13.1820862270093,15.2997393757579,12.871268513485,13.4894167836153,13.4518400734251,12.7152243952915,13.5393547391371,13.0518968255321,13.8403290590385
"Miloxacin",12.3884060520909,12.3896958656537,12.3898916130183,12.3875834607089,12.3875834607089,12.3848383117154,12.3776644321052,12.3955414939337,12.3892661125437,12.3990713340778,12.3961630842485,12.407553413362,12.4030128323599,12.3877796217976,12.3944920026457,12.3896958656537,12.3942971534489
"Monascin",12.9297396980735,12.9357434974078,12.9082907435345,12.9347289251006,12.9219399671689,12.9456379069265,12.9341977241937,12.9354054209831,12.9621336266583,12.9326495581957,12.9121532545779,12.9475002376821,12.9490256027148,12.9407029378686,12.9191466975173,12.9437721018921,12.9502155369986
"Monoacetyldapsone hydroxylamine",15.2979036251478,15.3926912545956,15.2402053093882,15.3159602850491,15.0853535688945,14.8672684517408,15.3499575943857,14.9553421251576,15.6088473693277,15.2335361904743,15.7433354279807,15.9611110032354,15.1645240588822,15.1290861599207,15.8307419648057,15.071558436517,15.2754081181216
"Monoisoamyl 2,3-dimercaptosuccinate",13.7425105163803,13.4368233186908,13.4453898997439,13.8357610569637,13.4266648265262,13.3937555286118,13.3861146686313,13.4036115776013,13.4790816972973,13.3444356894218,13.4752258539643,13.7562401346372,13.3469492602241,13.355318657134,13.5245054238062,11.8128370215617,13.3362654864073
"Myo-inositol glutamate",10.8775036203723,10.8849940820379,10.8857119031693,10.8789070239379,10.8800820988481,10.8896999848786,10.8828375475482,10.8805348046927,10.8817079854487,10.8868790795581,10.8796291896824,10.8836413536264,10.8847687532869,10.884543374172,10.8803084771742,10.8824281488178,10.8838669344205
"Myristic acid",18.7193139624839,19.5931908101385,18.6337109898518,18.1359961377863,18.7781330401822,17.8152213014179,19.1911106294199,17.7578053651134,18.6594662314816,16.7953809943003,18.8308334736184,17.8921617737089,18.9565699568614,18.1074978184619,18.590594162617,17.8639083077872,18.4896438267131
"N'-[(4-oxo-4h-chromen-3-yl)methylene]nicotinohydrazide",10.8673175012923,12.7108917829286,13.1763789725816,13.0369770833945,12.797159304711,11.6253428670663,12.3917131523547,12.9041787566092,12.486533956145,11.1725173515575,12.7306105213887,12.0055662733776,12.2908911124681,12.5649731796364,12.7557361524285,12.1412563614982,13.2726932884977
"N(1)-ethylchlorpropamide",14.5689121290438,14.6842600923724,14.3192430724801,13.9027708384162,13.8311322114018,14.4892498847361,13.7605873016437,13.6257794217448,14.3008169697978,13.5825334226726,14.2851765295602,14.0007733633179,13.924045122214,14.154964025441,14.456717747428,13.9189474482279,13.8795990869384
"N(4)-acetylsulfadiazine",12.20473985589,12.6183593617884,12.211538847232,12.2168432164718,12.1712153447267,11.5012989286388,12.2552341203747,12.2124369918672,11.9321017805945,12.2783737495007,11.6375960238122,12.1995354913832,11.8729956508827,12.1580006968633,11.6163508442751,12.1636690380517,12.1259693671698
"N(6)-methyllysine",15.1121307156687,14.7639939408527,16.0707413321483,14.7586248148304,16.0020826737882,15.1391252878835,14.9433331442599,16.180355457106,15.0026163278097,17.0288001116279,14.9350326808175,15.0358828993047,16.1832822769382,15.2092608054533,15.2323620465894,15.0831354475912,16.3727434354164
"N,n'-di-1,2,3,4-tetrahydroacridin-9-ylheptane-1,7-diamine",11.2607769468877,12.725631336417,12.191858525051,11.0516461764567,11.7669725113053,13.1137986084933,12.2540974679496,11.9952978868703,12.449632232304,10.9115539705533,11.2320068304309,11.9338154522006,11.8273588888008,12.4690908862858,10.8552201725912,12.882958639112,12.2256695416954
"N,n-dimethylformamide dimethyl acetal",22.0109444398186,22.2578559662211,22.2542812950933,21.873913189502,22.2133251760337,22.9862613452612,22.2540716911663,22.199647665096,22.072138726209,23.2532166289768,21.964810557788,22.4211949400921,22.194852023534,22.1130976138433,22.0257724182538,22.0473974137999,22.1789544176748
"N-(2,3,4-trihydroxybutyl)-l-valine",13.8360815344308,14.4538770957705,13.8531785687624,13.9886248813234,14.0660387664535,13.8110401587063,13.738519578011,13.9114551193135,13.4705207978096,14.2167097395353,13.8188382172389,13.5127800377226,13.9312148865715,14.6286612732145,13.9996505763941,14.6216714613889,13.9924576649277
"N-(2-hydroxypropyl)valine",17.1465150140177,17.5169820775427,15.9286567790274,16.7754061616704,15.8866201933444,16.9279569345459,17.0472006479105,15.8521990094589,16.7808360423108,16.7631020992827,16.9647789240769,16.7284962996897,15.8469903087132,17.5448418321315,16.8858902114494,17.5985481217478,16.0657181788473
"N-(3,5-dichlorophenyl)succinimide",12.4412807582525,12.0930908754531,11.919681815208,12.9866862747743,11.8524367408636,14.3675106965538,10.7528240902654,12.8273921434286,12.0780158598641,14.4713006543828,12.6562326848406,12.0403591747602,11.6085009020465,11.7493377982392,11.525118223164,11.9655196126357,11.9796550498212
"N-(4-(4-amino-2-ethyl-imidazo(4,5-c)quinolin-1-yl)butyl)methanesulfonamide",14.058486607625,12.5308203642501,13.968950265289,16.0916572631062,12.8224998594232,14.3912223553234,12.9170894970508,14.1571569977539,12.5489363094673,14.9092991734285,13.6330074189777,14.1951525989621,12.4175899434363,14.0027899670802,14.7254801174549,14.7437663946782,12.6756687396451
"N-(4-methoxybenzyl)-n'-(5-nitro-1,3-thiazol-2-yl)urea",11.5031196664898,11.5272080863745,11.5555307303649,11.5096703903435,11.5712198924477,11.5083044162352,11.5659212828032,11.5374524041864,11.5305613792655,11.4905073413021,11.5195679438464,11.4979848750091,11.8040126815531,11.5125524223738,11.5200945943347,11.5418007454303,11.576276340781
"N-(6-aminopyridin-2-yl)-4'-cyanobiphenyl-4-sulfonamide",11.9256948126491,11.8144699349862,12.1716750369779,11.5040704648453,11.9071520366078,12.3038070244101,11.4672929288413,11.5548254023795,10.290100939938,11.1261351121048,12.1219613343781,11.293803336257,11.7547205860174,11.5966925563182,11.5986575733954,10.4206371297293,11.182574910684
"N-(carboxymethyl)-n-(2-((carboxymethyl)amino)ethyl)glycine",14.0133672174851,13.119937378364,13.2155220535216,13.7216814134273,12.7189835413898,13.2680210151346,13.4930231707842,12.8653500682126,14.6617482211985,13.418327009431,14.732763105926,14.8388504450072,12.9107499395702,13.3736138340152,13.6872444170236,13.291407890216,13.3214809861306
"N-(p-toluenesulfonyl)-l-phenylalanine",12.7006127556383,14.0000574702805,13.2042063593031,12.4393906794821,13.4865016849757,13.848833304473,12.8696348399141,13.0716844949879,14.0416687332235,13.8184412572901,14.0644312720864,13.6277789229049,13.6187374767148,14.1113761677829,13.8531347098286,13.7823119696777,13.7544200713203
"N-[(1-chloro-4-hydroxyisoquinolin-3-yl)carbonyl]glycine",10.7081777284165,9.90617260298818,14.6170257151978,10.0519398679919,14.5832516802624,13.9499552740438,15.1123071129553,10.3813448371263,9.37310733720888,14.6088155676682,14.8335392436351,14.611376796448,9.12688393335261,14.7815576460181,9.43508569395469,14.5830098480896,14.5992738309017
"N-[2-[(r)-[3-methyl-4-(2,2,2-trifluoroethoxy)pyridin-2-yl]methylsulfinyl]-1h-pyrrol-3-yl]benzamide",12.1280832331922,12.1209774429616,12.1308243517193,12.11909117875,12.1292365757366,12.1193805845963,12.1212729224968,12.1195252561393,12.1259163030555,12.1222898848163,12.1273592515758,12.1288066914002,12.132837952069,12.1256221916117,12.1205439951704,12.1214173207427,12.1272157082574
"N-[2-[4-[[3-butyl-5-oxo-1-[2-(trifluoromethyl)phenyl]-1,2,4-triazol-4-yl]methyl]phenyl]phenyl]sulfonyl-3-methyl-2-thiophenecarboxamide",12.1740079775884,11.5288512891802,12.423839048426,12.1823773125484,11.9682071291185,11.4574586625018,12.0320731119643,11.9455979503603,12.0981131342332,12.0154910242317,12.4085147766481,12.6734222843532,12.3998227578605,11.8412990892378,12.7875022288794,11.758193960429,12.4899627956799
"N-a-acetyl-l-arginine",15.6809484369596,15.1771294778402,15.6624504094269,15.8391950700321,15.7712563523952,15.711606503255,15.4653914082872,15.6670412328056,15.6781753966341,15.6197167203973,15.1745781333836,15.468416402307,14.4565503025363,15.478750212756,15.5164454064064,15.1032166460888,15.5388515074373
"N-acetyl-d-glucosamine 6-phosphate",12.1925730576345,13.6689249306887,13.8164471771214,14.2054639263833,13.6970613875993,13.9312451320206,13.7686491152699,13.7070181049219,13.8689990901921,13.7381919429355,14.2356587993653,14.2725593136444,13.5483979690145,13.6740534403632,14.271893083609,13.681937468808,13.4876128222604
"N-acetyl-l-aspartic acid",14.9178520711568,16.6596828637241,16.6776042345862,16.5954111078694,16.4588306823719,16.8399483107736,16.4035568242252,16.8547329435985,16.434261915491,16.4061128517151,16.2234417048689,16.764920203985,16.4359214461477,16.5880419262238,16.3952045983358,16.5657336451871,16.5315464988892
"N-acetyl-l-glutamate",14.747492176957,16.2017547964013,16.3176450033859,16.1505091444561,16.0728566546291,16.0760147310808,16.3033463802492,16.3029160217392,15.9997388550407,16.3631432041272,15.678413343104,16.128289450699,16.1100143155427,16.2834834310083,15.7147261394997,16.2317889520553,16.2367123030891
"N-acetyl-l-methionine",15.8792741033903,15.8811576026864,16.1828645735694,16.218308676607,16.042167595574,16.7790112018721,15.6939584069652,16.4025113159736,15.8830416174215,16.3879541129099,16.2146399926119,15.8907240421849,16.1057435295162,16.0121974267331,16.0600751239794,16.2841749985548,15.9589740126535
"N-acetyl-l-phenylalanine",15.0280495662472,14.7000879184375,14.6709099386319,14.9811053159103,14.7287819247034,15.183106976741,14.8277678001084,14.8325469163001,14.7149654149966,15.0076606866806,14.9020047582302,14.7438419310565,14.4900773135031,14.7068845037097,14.8462113517228,14.7649890928604,14.5775205977597
"N-acetyl-l-tyrosine",13.6626947345845,14.9379538565473,14.4052886739427,13.4456247469127,14.4773573712733,14.9818799613696,15.087315028109,14.4015443222502,14.7391521499714,15.2032959441287,14.5756669912974,15.1611189022593,14.6560236092334,14.6178368232563,14.2826496336814,14.6426405209235,14.6330793984762
"N-acetyl-s-allylcysteine",12.9095038164863,14.9557910925707,15.2900539403533,15.6946321637213,15.3073518760933,15.687531557038,15.1016782952177,15.5579295799034,14.8392825792837,16.0857897578633,15.0962081374974,15.2949244512358,15.1041316213292,15.0441385246623,15.0868509388,15.5494865038685,15.1415795553296
"N-acetylaspartylglutamic acid",12.8540232057348,13.2436708516608,13.6980029862291,13.5009554561369,13.5599817537743,13.5144886693045,13.5713454596465,13.7681185524159,13.6514140068028,13.7525059647459,13.800770928573,13.9645038622964,13.5069822351527,13.6306866754417,13.642193642027,13.43697312167,13.6107645534871
"N-acetylcystathionine",11.7692462319164,11.6665148713177,11.238983329139,11.9439598875522,11.5838279565818,11.7765330666232,11.5941361720134,11.1518766888938,11.3119498142622,11.8387676112197,11.4159620582655,12.0872742478787,11.5320493580741,11.5801276554414,11.7337722639518,12.2695451349797,11.5954198804415
"N-acetylgalactosamine",11.5736462432275,13.2220521835672,13.4026429154242,13.2528472718217,13.2473944266324,13.3743198250138,13.4478391543093,13.2514976565584,13.5667128128301,12.5991888551618,13.6522229809562,13.513193115335,13.3919431049112,13.3818229949881,13.4368470782075,13.4527298681805,13.2437747946095
"N-acetylgalactosamine 4-sulphate",11.7327225540074,12.5149928335411,12.605878300688,12.2837305648593,12.4022723922657,12.3580432219373,12.5944202357767,12.419359516599,12.7335684360277,12.0484980464174,12.7134840882524,12.6229037082712,12.4353212495321,12.5759589294061,12.5535602571187,12.3948991132847,12.4955219507647
"N-acetylglutamic acid",12.2751144579612,12.2468543431777,12.3248576416274,12.3397949367862,12.2935078852025,11.7934568365093,12.1861168543029,12.2523025896768,12.5669670431626,12.4361201280596,12.6073260233163,12.388296204148,12.5868589760126,11.5482523708793,12.4194188888895,11.7085201599447,11.8777047196947
"N-acetylglutamine",17.2304010915112,15.9755261255152,16.0215666442808,17.3575881524699,15.6947810004959,16.2804140061541,15.9559806562948,16.3494783994854,16.0612247551525,15.6355414969619,16.2402550717598,16.6320415615048,15.9188627197675,16.300896210879,17.2129182171464,16.47554307036,15.9821754067342
"N-acetylhistidine",12.0974978723891,12.0053756078956,11.7037638286389,12.1581295270257,12.0145709618989,10.5875764058254,12.098648022563,12.252062865776,12.1041899790554,11.7598114428109,12.1668808770097,12.1151013961717,11.9787215287004,11.9367295660962,12.0717992534273,11.7582988510861,11.8582395577795
"N-acetylkynurenine",14.1022354132751,13.7029850033727,13.3842102102063,13.5167283410584,13.13384903626,13.9889426461638,13.1718914551764,13.5546528832673,13.5692885961326,13.9640648747959,13.5562436523016,13.7134818080988,13.8805443590088,13.6664265657487,13.4379007478474,13.7841076143729,13.544570901287
"N-acetylneuraminic acid",13.5113447948066,13.8560409311063,14.1493812928692,13.9668575228878,13.9465144840909,14.0351404654392,13.88937308311,14.1453085267465,14.0814850941624,13.9508571827315,14.1497283296801,14.3394184132285,14.0194111804822,13.94908610771,14.2365501862518,13.7869248155306,13.9263707077211
"N-acetyltaurine",14.9288631330084,15.0430813156709,14.6263505526529,14.7624615799741,14.5217648312297,14.9026765106828,15.0170250197149,14.6436474802523,15.0635121044275,14.5238572083898,14.9013236992804,14.4910513877492,14.7825985098716,15.0382254423636,14.6731463204921,14.5994033901472,14.5448491204031
"N-acetyltryptophan",16.1174854262556,15.7911446384044,16.0891494723666,16.0128166671385,15.956427284714,16.5948163682884,15.6928955955636,16.1508814049003,15.7313243078661,16.6268749616268,16.2138461525191,15.6602835875899,16.1691676369878,15.9663375590764,15.9905387261081,15.9170890110165,16.0758707870798
"N-alpha-acetyllysine",15.060775914583,15.2918918868513,15.357795388386,15.2856055577427,15.2238391377709,15.100353505343,15.2381190783292,15.1361494932629,15.6500771520632,15.0101934509729,15.0364258030925,15.4573402773206,15.1106695583841,15.5091890125253,15.1548171815615,15.042599365174,15.1418856982567
"N-arachidonoylglycine",14.6632276429779,14.4479388254359,15.2821211552768,14.6343515697692,14.6375419214236,13.2444926771913,14.0792973245068,14.6391275130486,14.4244948611478,14.1021877756987,13.401559928587,14.8997392362569,14.9678151328516,14.3451103099967,15.2028110987734,14.4794990900425,14.442904297574
"N-benzylglucamine dithiocarbamate",12.9284033120893,12.9296608801149,12.9275831162684,12.9289349059726,12.9284033120893,12.9304793744651,12.9290322937592,12.9294175458673,12.9296122180014,12.9291783576606,12.9264693914079,12.9311556417127,12.9276318772063,12.9322641631975,12.9285981817197,12.9302404400954,12.9280664087831
"N-demethoxylinuron",14.4419665427589,14.47487435074,14.6491387557795,14.6323142520482,14.4091968079876,15.9633538308368,14.186055981909,15.1169354922546,14.3275376046774,16.0793660099018,14.9757720615072,14.620188292953,14.2136890927583,14.7287967021151,13.7561753028154,14.9445804650334,14.6146244545596
"N-desisopropyl pentisomide",12.5554086608656,13.3708250698355,13.2783126367963,12.569554509084,13.3780900235538,13.217875860235,13.4369390203202,13.264421487125,13.3893419625783,13.5628606226753,12.1150805014277,12.0702743819899,13.0503821408922,13.06244516015,12.0343080826177,12.7845903067463,13.1821482686821
"N-ethyl-n'-nitro-n-nitrosoguanidine",14.9773183429979,15.6578627155677,16.0847825213892,14.8379845566259,16.0283652931088,15.4712576834133,15.3653184246388,16.192547789387,15.2601131526711,15.9970244544031,14.5042692488778,14.2084435859343,16.1421267937847,15.9699747419296,14.6733286561644,16.138395451263,15.9090873951353
"N-formyl-l-methionine",15.4358760132524,15.9568675967617,15.7498688933869,15.5833990714318,15.539906331332,16.1030293343223,15.6446475392244,15.9847504637041,15.709102212692,15.7500378448576,15.460845304262,15.3960205465708,15.688070182899,16.13318863846,15.3978279423046,16.1345363862291,15.6819089163407
"N-heptanoylglycine",15.5768137094865,15.6364992077982,15.7041452845246,15.0426338785894,15.2650127926839,15.8400393850055,15.737170987173,15.5235274159795,15.7488052272787,15.6420756622372,15.541394334198,15.9691371196979,15.3473142351731,15.6098364377283,15.5329167792172,15.6880600047616,15.4204304403828
"N-hydroxy-2(r)-[[(4-methoxyphenyl)sulfonyl](3-picolyl)amino]-3-methylbutanamide hydrochloride",10.098872631768,10.0940741102676,10.101939291133,10.1052999964608,10.101939291133,10.1064552318987,10.1086498801321,10.1041997117163,10.10224323984,10.1153174484759,10.1027382521534,10.1041997117163,10.0951851459847,10.1130810881697,10.1046937943173,10.1084038059086,10.1067017674919
"N-lactoylleucine",14.6416656696668,14.2247814682485,14.7442011451932,14.6010376186221,14.6775828384594,14.6516572400764,14.1135749496731,14.8196138874512,14.3369711882737,15.3324487245458,14.8543486379448,14.7178490247638,14.8980319041766,14.3242660136136,14.7758433122326,14.511196618149,14.3831234680449
"N-lactoylphenylalanine",14.072368603297,13.0673191555354,14.0089557812658,13.7857341266033,14.0556268422539,14.236135354108,13.2986331261738,14.1989039499645,13.3963558432244,15.1059114532422,14.1343064712357,14.1273276706487,14.2808926789082,13.2386408486852,14.1812770976049,13.6698320123162,13.8280728939246
"N-methacryloyl-l-glutamic acid",14.1087392889711,14.9752205948402,15.8340285506644,14.2478513711941,15.8010459188015,15.5739305627969,15.779473324803,15.6424904415224,15.6724446646041,14.8034575180584,13.2100028237231,14.7488883930523,15.9932252897622,15.9819016341389,14.8453003420316,15.5924945844077,15.8375661617199
"N-nitrosodiethanolamine",18.5780643776374,18.958172207929,18.3091507608701,18.0213837607905,18.4517225775277,18.3553793962558,18.5210301479084,17.8736670053827,19.3522602408255,19.3653032401932,18.8942073443497,19.5340923551819,18.8153885601199,19.0267536242614,18.9537871669136,18.4515416475247,18.6563930380619
"N-propionylmethionine",14.5622375061653,13.7446975504351,14.5210431978305,14.6783280192084,14.2192709171048,14.7809761520816,13.342059568001,14.738929868826,14.2899996578592,12.6244170576287,13.1702874136182,14.0086118349869,14.3841990877519,14.7148427139203,14.4414751071951,14.9015765528911,14.4393539924962
"N-trifluoroacetylprolyl chloride",11.2662449993181,12.3236218785426,12.7451177150405,13.6868409780135,13.3789809122601,12.8964439921107,13.3110603563608,13.3796610092679,13.3591835008103,11.4759563459819,13.2920958692604,13.4716725397055,13.1274196240923,13.2625347363867,13.5906560334427,13.1442210753185,13.2481861224543
"N1-methyl-2-pyridone-5-carboxamide",19.621158104657,19.3728818846444,19.0451390652971,18.5856190375982,18.601529960388,19.2266156534654,19.3575529470025,19.0089184929599,19.4361115101323,18.3499557098322,19.4960764203442,19.2741447639395,19.0127053371043,19.3774437702784,18.8679801441163,19.3361251704494,18.9481352242405
"N2,n2-dimethylguanosine",11.7919956755318,11.8644028035778,12.7761859295761,11.6918050416439,12.3708982454614,13.0152158905372,11.7843959307156,11.9200058314852,12.3500502755378,12.7090489667805,12.2252657434439,11.8116970610148,11.66777717729,11.8602152010046,12.326716095711,12.4338408995647,11.7965975686139
"N2-acetylornithine",14.1745382724606,9.83859970453858,13.583253279479,14.3358460258589,12.9793607234419,9.06119108123021,9.72258229688677,13.6170774222712,10.0672070061197,13.5289720335939,14.4469304065012,13.066670128355,12.9213234371572,13.4840271583462,13.7268756849816,13.0466148072849,13.4132193090233
"N2-gamma-glutamylglutamine",16.9006614802673,17.3213760930892,16.172761062892,17.9405936572202,16.7649389255592,17.8050356948156,17.1619510236945,16.8891245664599,16.8484940474394,17.1463986030184,17.3909463778258,17.3186469174777,16.5736688267921,17.0515976482544,17.4428422215449,17.3393389457982,16.4881486426727
"N4-acetylsulfamonomethoxine",14.4159843469192,14.3039601698244,14.3726471935338,14.242597074602,14.1313648260717,13.9351039900069,14.5212696890291,14.0442440847816,14.7133170298321,14.2027218941344,14.842693902344,14.960394419169,14.3300182539466,14.2249513266441,14.8516888304442,14.1049294404257,14.4147189247231
"N6,n6,n6-trimethyl-l-lysine",17.1819948982112,17.2899650648632,17.3549603841817,17.0850992087886,17.045120467978,17.3469130908755,17.2802485764227,17.2489317843941,17.2294254444228,17.2509805236626,17.1310345259836,17.2985430966684,17.0372688300426,17.2637853652901,17.3231479484533,17.2041331932774,17.1434486098001
"N6-[2-(4-aminophenyl)ethyl]adenosine",8.65274498577033,12.177685133016,10.8919549816748,12.0482293489041,11.2481840692466,12.5124852060751,12.0435207327053,12.3928037318733,11.9518464871893,9.58745160519377,10.2674619200746,11.2650071031927,8.44348276808545,11.5130292957037,11.15784613503,11.7615032051139,11.0119532555571
"N6-acetyl-l-lysine",13.2445440235273,13.2207347443528,13.3341115798589,13.3170262287475,13.1826328839296,13.4867580825327,13.1232733281423,13.5316227142879,13.1426558089119,13.5712189627043,13.2352172410033,13.3060465932206,13.4808518651448,13.4189310935473,13.359913880429,13.3960842515733,13.3332547046642
"N6-etheno 2'-deoxyadenosine",11.3953321252982,11.2989776228739,11.0683122945738,11.3684311668246,10.9939286760432,11.3496483177934,11.3737805144582,11.0377121625578,11.3293065363006,11.3145511520085,11.4165501108992,11.4239703622111,11.2358037894845,11.2691839912554,11.3650675967465,11.3446829536435,11.2211833739073
"Naphth(1,2-b)oxirene",16.2447108617722,16.7731385476453,16.7838269693329,16.8461619340484,16.825505185101,16.732046202435,16.8292394207183,16.8373964920174,16.831251495925,16.8027769974604,17.0622671061564,16.8435691957534,16.8915362211543,16.7721260023795,16.8585386813464,16.6731345597112,16.8570593065491
"Naphthalen-1-yloxy-oxido-oxophosphanium",14.1549799526678,13.7330397566298,14.0678117865444,14.4290752789356,13.8876275376815,14.1513312959378,13.8204068163528,14.0986012575866,13.8124537642178,14.1821297365229,14.0867014338293,14.0033360446433,14.0051953111416,13.8641233075502,13.8737116842596,14.202173376333,13.786762011308
"Ne,ne dimethyllysine",16.2012870991851,16.0343464386323,15.9108484239635,15.9643073655905,15.8185512765078,16.2751540312786,16.2233645927734,15.9567733146358,16.1357825172006,16.0883125359176,16.0289810719431,15.9347404255861,15.8687332774781,16.1999809765338,16.1939497379477,16.2234323998979,16.0160948634032
"Neocuproine",11.7358022977401,11.3849503945346,11.4772906237416,11.1827630800202,11.7215921164658,11.3848510285822,11.302278295066,11.5088816296655,11.3019712072629,11.5372849494977,11.3086003151098,11.3536897809708,11.4710281759722,11.2544746668185,11.3834360666146,11.3186129981954,11.4153020501302
"Nervonic acid",14.5991590816554,15.0147521003934,15.0575825916889,14.6025506288472,15.131652309611,14.7536205474473,14.6002731671585,14.8353283419306,14.6070771322777,13.8415912651031,14.564228936792,14.4677202521657,14.7047489682186,14.4693171252287,14.5101737138487,14.1909876283362,14.9926914334738
"Nicoboxil",14.5939895306189,14.9473661822761,15.0179434076074,14.2396311301284,14.91990886251,14.9018678129268,15.0970900606451,15.1223696808633,15.1587764901169,14.7016353708451,14.3146335621768,14.405514303738,15.0600283395336,15.4528256855132,14.4492165775244,15.1027316642608,14.9271822233362
"Nicotinamide ribotide",11.1562404776447,11.6403455641031,12.213761522137,12.416486791075,12.0875924710641,11.0331478540063,9.80843710220417,12.2296521872622,12.1196356634244,10.944016624714,12.7302429075241,12.4430631573714,12.4232271156371,12.2302832858649,12.6637714560959,11.9294363629403,12.2684774310317
"Nitrefazole",15.7702466578432,16.1752496313615,16.1943321711598,16.1243124596364,16.1928343806938,16.5054828665304,16.2166923845669,16.3600345385121,15.7554753707515,16.635672502798,16.2711520495658,15.7309438263804,16.2990506073752,16.1974945195226,15.9449548606737,16.1830860216638,16.2353211674291
"Nitrobenzylmercaptopurine",11.6857361624657,14.2491501996821,13.8644446568128,13.8329986184172,13.9519755674752,13.990728363429,14.0799057314722,13.4933731021293,14.2106353027461,13.7069735463417,13.847629642272,13.5949293824768,13.7403215114933,14.1072463020436,13.8095887755731,14.0120413098599,13.7731829777926
"Nocodazole",9.04208926340447,9.21291477235529,8.80758564866333,8.79665391267828,8.9753890770449,9.0566931966236,8.97904440301561,8.68918570614429,9.29915304178696,9.05880619883654,9.46764873663217,9.73564703143158,8.84253692104185,9.05918304351842,8.74949875943283,9.04255930011198,8.92101680545117
"Nolomirole",12.6667177916764,12.9130930814443,13.6681104363193,13.3010779918346,13.7605140046291,13.6170008807696,13.2085726435462,13.9737513198336,13.328917352561,14.0776894007029,13.3572648309497,13.4522760318024,13.8667228327341,13.5105849731411,13.2604179731028,13.5866039063923,13.7493213714703
"Nonadecanoic acid",15.9453902263204,15.978192707557,16.5500874543149,15.9116559755124,16.3930560853552,15.8816656266131,15.7370440334858,16.1131744546967,15.3972051624428,14.7066196626336,15.5161011680744,15.1110320557379,15.9322804988181,15.5427844247378,15.690465866195,15.3644482583274,16.0985691755894
"Norepinephrine",15.5209025225682,16.0779554577306,15.8060689137573,15.7745164025139,15.6691271222482,16.3223292383217,16.1050004721767,16.0366393445992,15.8968483898229,16.4904031784744,15.9781735003888,14.864856251275,15.8440082727249,16.1044284079648,15.0906791182087,16.2876290681567,15.778486196779
"Norprochlorperazine",12.100325524182,11.4335033881247,11.9898770642555,11.6979503163304,11.3833887586211,12.0938758108991,11.4774062662308,11.2588073405242,12.7331744117017,12.6217500511187,12.3477980769419,13.2675886761579,12.6058911692615,11.9342414473784,12.6149946522872,11.1626579826244,12.5757118575094
"N~4~-cyclopropyl-6-(2,3-dichlorophenyl)pyrimidine-2,4-diamine",11.0283445461784,11.0264013042795,11.0372199991888,11.0219440447638,11.0205682344414,11.0228886912355,11.0283816122415,10.9345362732286,11.0247202314679,11.0149391859433,11.0298934403075,11.0311401195402,11.0188940792002,11.0227879034725,11.0370035842498,11.0180011426106,11.0236766047278
"O,o,s-trimethyl phosphorothioate",12.1865945474983,14.4046297712163,14.487702167753,14.2182520925143,14.5849717504696,14.2560741466893,14.5047305818508,14.4209916145581,13.9654005848388,14.310580381452,14.0205493714826,14.0970217258199,14.4274746649436,14.559358471856,14.1007763667094,14.5390770664114,14.6386777080437
"O-(2,3,4,5,6-pentafluorobenzyl)hydroxylamine",9.18516059559921,11.923132838689,12.1679041974153,13.3031712069026,13.2123017440166,13.246226320551,12.1623389017449,13.2822125172428,12.8718023628856,12.0845668062477,12.2227177395724,13.0878823997954,12.0583996784554,11.5352446669444,12.7846412642844,12.1674528321943,12.7763644602086
"O-benzylfluorescein benzyl ester",10.9047535260015,10.8988011499348,10.8844927289541,10.8888991793256,10.8895566710182,10.8719620330403,10.8939410939084,10.8683139931359,10.8997655304651,10.8719620330403,10.8931288018968,10.9105160009332,10.8683139931359,10.9047535260015,10.8945953069232,10.8709706778584,10.878579134229
"O-phosphoethanolamine",14.0832268901547,14.1458516090855,14.2293315490661,14.5533336496625,14.123029885497,14.2232109714226,14.2599124457332,14.348987383479,14.5626539010399,14.3584687644549,15.0299767934013,14.9056510728289,14.3281414051301,14.2010839639992,14.7304753190133,14.4083111697025,14.3838974473213
"O-succinyl-l-homoserine",12.8997197978962,12.4970638724246,13.1457048753748,11.2824959149667,12.7022213818863,13.6466369026653,13.6744632085553,13.1057205245034,13.1925667762668,10.1282443470449,11.2238749762619,13.1910622625152,12.9257791910149,13.3946628733749,11.3038535919875,13.3652806826609,12.3656779420765
"Octahydrohyperforin",13.4014648671361,14.2158633479256,13.8241675722375,13.2515158496857,13.6392428315387,14.1533241265694,13.9382756422788,13.8710021426041,13.9692279087504,14.1460388221795,13.3741792034167,13.6275782536341,13.8089601006163,13.9009869974709,12.9297282798345,14.0302515954739,13.7914507074428
"Octanal",14.7323127279979,14.1573252822064,13.9347156988039,14.2262655706465,13.9212628774423,15.131071233362,15.1621398172131,13.5409992448622,15.2811082105818,15.0083736494185,14.1318691409183,14.6783621309566,14.0858128709952,14.4023889593318,14.2056706362955,14.5841412561357,14.0517470028634
"Octopine",15.5935497751743,16.0095007322963,15.9612741745527,16.149334303685,16.0842189338476,15.8666027243632,16.0202748532476,16.7898654332487,16.1955145114584,15.6438211386576,16.0431912123528,15.3031858965322,15.8665469549624,15.9973003501406,15.2425533042429,16.210868723513,16.2063911375989
"Oleic acid",21.234468344181,21.7027776710066,21.4667149340469,20.9718042031835,21.4240809087106,20.6613206028931,21.4908128101989,21.0853344469492,21.2518625786846,19.8056377713268,21.1730514898088,20.9485675164987,21.3753647220602,20.9951540096932,21.2145231555109,20.9301778141558,21.3500591916729
"Olodaterol",14.1948774294392,13.7112744144579,13.6478384418901,14.2845408502847,13.8655396467764,14.4082033594623,13.6837297931943,13.8542509548364,13.8060441402438,14.34335980942,14.1347679503696,14.0855547687808,13.9974382208822,14.2257743207383,14.2600250254368,14.4208416756447,14.0201825900244
"Ophthalmic acid",12.2848285266898,14.3351621370092,13.5874713968885,13.5396792400058,12.9432891693019,16.1407643323105,14.1180313307982,13.2864520449291,14.8918698935307,14.5799385055713,13.7791301847505,16.2657899220443,13.2499823366288,13.5737394473173,14.5407511295373,14.6967428836447,13.4575906470223
"Ornithine",16.2487070902803,14.6309475195982,16.28119796807,15.4068744096163,15.9153718678612,14.8522959284876,14.4734449461506,15.0325919117824,14.3142292286378,16.8856050227672,15.6472595085899,16.3782761333175,16.231154196779,14.9962182266649,16.3073855017328,14.8414697725065,16.1842469360395
"Orotic acid",15.3178773131366,15.1217279197138,15.3972832975336,15.147392741276,15.283699614714,15.3010957877796,14.8717466566196,14.8601668182692,14.9423955525892,15.5070393947616,15.2827203986003,14.8066619270843,15.0721024588317,15.3020120088142,15.2084231098754,15.9428024545404,14.9694668652111
"Orotidine",13.5905906179135,14.6278001442425,14.7016236402474,14.5930591977226,14.6281451538581,14.4852415814016,14.5142765749911,14.7942197637082,14.7300223915326,14.5955356827176,14.7382163402127,14.8757675017834,14.7176620411874,14.6628656172908,14.7807822301487,14.6141548544854,14.6841534482923
"Oxathiin carboxanilide",10.9862663536103,11.9666943187593,12.9143271526772,11.7491162359501,11.0449312822031,10.561222049611,11.5316588411372,11.271170377531,11.123950121222,10.1247129245691,12.7245480907545,12.1521479949127,11.0530766771096,11.1453121186021,11.7106855998835,11.5723053217507,12.044816455186
"Oxidized glutathione",16.6812658035213,17.0014139280114,16.9650488521707,16.8169381682156,16.8254885727985,16.6617281993662,17.088601889342,16.7033221253682,17.4038456282353,16.9398744896918,17.5084966203354,17.5739560816331,17.0000784194868,16.9408727056683,17.526186194961,16.8771860306981,17.1324210383803
"Oxisuran",14.9746193355702,14.2452675770727,13.9788030760496,14.0208520247529,13.7230944482308,14.1757703579993,14.2011365511835,11.4671270450337,14.1862586824793,14.3365082617087,13.9203016342849,15.31922074526,13.9357560612389,12.9122180376305,12.8887851350046,14.1046785553343,13.7731557241501
"Oxoadipic acid",14.6110439199195,15.4259031090228,16.2202676787151,15.0553144793036,16.180826262708,16.0238886795352,15.4960192349285,16.3372096417831,15.2594610297532,16.4086187195006,14.6659520723182,15.0926134296634,16.4311144634867,15.3456722562369,14.7866842834725,15.2968987817865,16.0985263191241
"Oxoglutaric acid",18.6487306205073,18.746859856651,19.1559828072047,18.8234707978029,18.9054843439768,19.8647576783313,18.9309438176141,18.959507894682,18.3039214810851,19.6128008799085,18.9862852408127,19.3393670725664,19.1251161106923,19.0580476430772,19.2066928519367,18.9466361447948,18.9296395125261
"P-cresol glucuronide",15.2007868066383,13.8723832421163,14.9362475922861,15.0167363284165,14.095211745378,15.1526955537404,15.0204662030276,14.4657296118775,15.1575230705544,15.238224525283,15.6176286325368,15.356206753484,14.1652340627581,15.5141879124869,14.9751950240253,15.4500172251048,15.2710651060489
"P-cresol sulfate",17.7202926552695,17.0036935787923,17.0844763313015,17.5267978636623,16.3946262854273,15.2770370418886,14.9898736276364,16.74801732357,15.4023672236386,17.1676580696928,17.8133626218833,17.5617850822034,16.4971452074997,18.5075031905914,17.6092070736959,18.2961267838763,16.8811696723599
"Pa(18:0/18:2(9z,12z))",13.8815213248974,12.7652038038448,12.8052075761608,14.0710720923456,12.8414291367879,13.3696120381459,12.1854517314983,12.8006864701551,12.7421041908321,12.0390446403638,14.1278192623734,13.3068609597467,12.4690829957385,13.6057487403732,13.5387023626896,12.7288186887408,12.654547906179
"Paclobutrazol",12.1164439190468,12.2810225223838,12.3139855940854,12.1710759038831,12.0401265726886,12.9011461145346,12.3152068056903,12.3835471724488,11.9836571359203,12.6441213750389,10.8555074608978,12.1410083552435,12.4756480740233,12.5640917402395,12.114334986326,12.394349525507,12.3119609371664
"Palmitic acid",21.5040729403048,21.8086774265163,21.8664968865716,21.1913553018141,21.7731898348379,20.9358228578505,21.6111616976562,21.3690919422489,21.3006482282518,20.0402738785165,21.6812748638243,21.2533336482966,21.6396232020071,21.0826812138786,21.3384483028468,20.9863286989852,21.5325248076981
"Panthenol",19.8709013053063,21.3657408846469,21.4294382419983,19.82814669344,21.4910109992881,20.6854851412491,20.9338823946592,21.3151489016755,20.7043238187067,21.1861907806503,19.5803251586931,19.3363536131754,21.3675199956027,21.0372810453821,19.9107825761645,20.828325127952,21.3582877862337
"Pantothenic acid",16.6553483699429,17.2862926349546,16.96437233517,16.5710532409992,16.959674206771,17.772460937101,16.9711463201342,16.9638891680538,16.9847228062709,17.1456418489134,17.2166930824958,17.2974404023024,16.8411380955259,17.1245585625908,16.7418687780332,17.2653823916997,16.799061133495
"Pc(14:0/18:1(11z))",18.5988318610326,18.1579940186543,17.8807565950864,18.3910188457076,17.7934018402081,17.4031626860273,17.9760505531649,17.5867519135181,17.8911239256659,16.8388482026448,18.3166071418326,17.3295574914782,17.7091383564357,17.9881542259237,18.0978474514318,17.9508169369721,17.8023534782672
"Pc(14:0/20:2(11z,14z))",19.6386126148952,19.3551544095529,19.3182673245196,19.6063896292071,19.2724856721383,18.9553187218103,19.1168941771245,19.1464656213458,19.1705794313122,18.1325608750968,19.0767005028713,19.3296157025341,18.9557145169672,19.2609674150874,19.3845060614821,19.1832295733959,19.0980162350367
"Pc(14:0/20:3(5z,8z,11z))",18.3380110086061,18.0303936064439,18.0386047878602,18.3450890312342,17.9180106721935,17.5074210359371,17.9159650128685,17.7580856768087,17.8780046294384,17.3443164834095,17.8401553026129,17.8173901514039,17.8162826646609,18.008062325568,18.1578207633779,17.968948614832,17.8765226197562
"Pc(14:0/22:1(13z))",19.3038226276463,19.3101468890081,19.2171690127889,19.0859426830332,19.245684665236,18.9829598758283,19.2650514963457,19.0969241867069,19.0989043098971,18.8600501926617,19.3302049916136,19.1102452200112,19.3191117510279,19.1665473504002,19.1050691328646,19.2093437433351,19.174768405967
"Pc(14:1(9z)/22:2(13z,16z))",14.1675861838,14.6044638173303,14.4951670512411,14.6739943958177,14.6382265075127,14.3611286675533,14.3460722757196,14.4687355376296,14.4313191525404,13.0010075811067,14.6242729230314,14.4969757487927,14.4266002487263,14.582242848381,14.5306097275871,14.7242496140948,14.46030160536
"Pc(16:0/16:0)",17.7391244082984,17.637832712267,17.5289185246493,17.5828911563265,17.5987686939207,17.5348610670999,17.7437055682992,17.4712672812479,17.5322653844623,17.4423651194957,17.6130364018577,17.598979990306,17.4783481591025,17.4271669279098,17.5144383587602,17.4845414754204,17.5306327535818
"Pc(16:0/22:5(4z,7z,10z,13z,16z))",19.1578489676617,19.3690706847777,19.1957703964335,19.0098977492252,19.2119111959638,18.9927323051086,19.3702344067013,19.1936210384392,19.2370789195456,18.8154208323868,18.8661689217512,19.0053034853683,19.2739314109439,19.2096818135456,18.940259218238,19.2418558466766,19.1467320255021
"Pc(16:0/22:6(4z,7z,10z,13z,16z,19z))",18.4651652044464,18.7765374158385,18.6818941103914,18.3138734238525,18.7029348989031,18.3902721481175,18.9877135404965,18.5674069525973,18.5596932252348,18.2537062953003,18.1491291623714,18.5217783793184,18.463260367612,18.5428890962736,18.2042343856563,18.5357227180905,18.7429165432515
"Pc(18:0/22:4(7z,10z,13z,16z))",15.7511732028242,15.7978730332667,15.6793820257843,15.495183464886,15.7948741639709,15.4099776393181,15.7946290483293,15.8635278490393,15.4387230169721,15.2346096174906,15.3188655695428,14.3024495132568,15.7604369540358,15.710857781504,15.3859380695346,15.7857378991681,15.7807638830236
"Pc(18:0/22:5(4z,7z,10z,13z,16z))",17.1879469136355,17.5584742248986,17.4951442101288,16.9065533502082,17.4863113446206,17.0559878532176,17.6533969214817,17.3390706305946,17.3776955595228,16.8670752643224,17.1295035086683,17.3418305621237,17.5787066051701,17.4346720426751,16.9750974437225,17.4103855522956,17.3624572634426
"Pc(18:1(11z)/p-18:1(11z))",13.5044209110438,12.7787297555579,13.5894311552486,13.5012907105303,13.5384743970182,13.0424839508562,13.5674645681382,13.4880638138735,13.4942263575881,13.4382737973553,13.5787224573214,13.5908584863634,14.1587493702014,13.5128365337286,13.5834758975325,13.4630833511324,13.6021044333917
"Pc(18:2(9z,12z)/19:0)",16.5770063070083,16.1278999483262,16.2823124482512,16.4932703126059,16.4550421300232,16.4453291559608,16.1237534126764,16.3238055718338,16.0213286475678,16.1433343149842,15.6546951696391,15.5757513683148,16.2352904291502,16.3327806709264,16.1206437726895,16.2512403788756,16.2939582747532
"Pc(18:2(9z,12z)/p-18:1(11z))",15.8629157315368,16.1017552394541,16.1556981617236,15.6385807053308,16.0571291795758,15.9429009166143,16.1751456764238,15.9602111323535,16.0319841220886,16.244927443394,14.5616522651657,15.8246410139294,15.9944099839046,15.9211300075547,15.5463577250328,15.7472869908814,16.1528991462446
"Pc(20:0/22:6(4z,7z,10z,13z,16z,19z))",14.6355067924874,14.5198438315525,15.372128737806,13.9413406112567,14.9502406342273,13.6970458612329,15.2500001732458,14.9786526541268,14.7440965327988,14.467202810887,13.0873775740341,13.6127764330344,14.716937426078,15.1145249872677,14.5479182342597,14.7427988063145,14.8193971835618
"Pc(22:5(4z,7z,10z,13z,16z)/p-18:1(11z))",14.458372204423,15.4061018057642,15.3130575735581,14.2376337600961,15.3661043524823,15.336339841622,15.6308136033197,15.4968168749073,15.4423495183992,15.7475264156484,14.1032335768459,14.3933475876471,15.492523708201,14.2376562576859,13.3868843339932,14.5827570044551,15.7247176333622
"Pc(o-16:1(9z)/18:0)",15.7205769736382,15.8884391997772,16.0347295149049,15.1484522624248,15.7126151868833,15.8652506268555,16.1094482331904,15.9558670733583,15.5674422743264,16.4141058537942,13.8793229253677,15.9046819740687,15.8199729571471,15.5073407583853,14.5738747887741,15.5661067210165,15.7002375823066
"Pe(14:0/22:1(13z))",16.1602889974022,14.8618799687791,15.6783550813475,16.2942599492842,15.1488544506683,14.3361633655001,13.6945993548424,14.997310061593,15.2647037639164,15.3013535555069,16.2641568438832,13.5751821146129,14.2971004375394,15.6713830163836,15.9586410577487,15.4854642502147,15.2592098211278
"Pe(14:0/24:1(15z))",16.5868004638,16.2918866361925,16.396961886746,16.3649249131983,16.4016991226244,16.3985960191366,16.3607990044009,16.402975323234,16.06670487978,15.5189485976674,16.1641388274374,16.3510560673383,16.2704719315828,16.389769728702,16.247590691239,16.4004618194145,16.4816355059034
"Pe(14:1(9z)/24:1(15z))",17.0188688147135,16.7520683930345,16.7222205308778,16.8620352455469,16.6662686598039,16.6689623767647,16.582197472341,16.7025350645995,16.6454654813993,16.5123029832404,16.5364165197634,16.6792320003915,16.4729285044189,16.8150621423822,16.77239899616,16.992610970781,16.6220376239354
"Penem",16.8652441096399,17.0440945467739,17.1185380664111,17.1135538174517,17.1048985230512,16.9900739356223,17.14297439899,17.1408302805119,17.1154539603094,17.0620953604275,17.2836169904589,17.1131798249762,17.1370021914586,17.0186353398301,17.0983575935091,16.9660394556917,17.1003716483162
"Penicillanic acid",13.2649160218458,13.0022696652807,12.8734834766631,12.9106084300954,12.9251672522464,12.817340223158,13.0153340801248,12.8925822102827,13.2153098075054,12.86356086134,11.4089215971756,12.8009438262862,12.8901962166755,13.272722154268,12.75423594583,12.9737460814569,12.744072313203
"Penilloic acid",14.2965382117003,14.5866130957438,13.6179428829233,15.9495167634407,13.9289275226909,14.4266388598097,14.7768590702845,14.4195039024586,15.1070692498756,13.6114825653827,14.2322473074078,13.9191266784308,11.8408743492489,14.8403767273507,14.2811554503162,13.8867560102065,14.4609415175577
"Penitrem b",14.134041294143,15.5319557436356,16.3544124638991,14.8511805592694,15.9039321154866,15.2893797509291,15.8390204548551,15.4973204685408,15.4594135292955,15.2053193854316,15.0641639042994,16.0088413546278,15.8787130877219,15.2242875447215,16.4326998253123,15.4870469675832,15.4968192119635
"Pentaerythritol dinitrate",12.3632112165843,14.9319601621273,14.6436630094177,13.8138101129955,14.6138788385991,15.0106626824246,15.4582550725488,14.6165150514355,14.9371381365698,14.3651058526799,14.1305203314481,13.6473505895856,14.2476721215845,14.571803273503,13.4190400953442,14.5094140173997,14.2835027324562
"Pentafluorobenzoic acid",13.5283481441669,11.7706945066803,13.0920671837393,13.6363770954494,13.4396310240536,13.9967611917435,13.2339244071218,13.7159029544198,13.6164384650047,13.9720207717926,13.7850839756901,14.2651073257519,13.5535260931874,13.5643422564188,13.9641908413563,13.5139117998265,13.7869993419816
"Perillic acid",17.4253472852678,17.4158040719261,16.9462613074647,17.3335596615768,17.2112112088494,17.5389190249918,17.7104190208113,16.8255693693532,17.5148591852918,17.7301286608722,16.9036335102327,17.0496394113059,17.1034846279503,17.069386002349,17.4120649289077,17.0363415014996,17.0719777145513
"Pg(16:0/18:1(11z))",13.8918587784646,13.4137181964259,12.6547062970937,13.6919838454449,12.9062990297216,12.8744803039236,12.4680850428484,12.9653113753141,12.9663940815281,12.4734339157613,13.6921884130061,12.6697366389705,12.8908081790564,12.8616532846382,13.1603793379452,13.2247306009621,13.1991600171271
"Phenol",14.5738584890684,13.5224595855775,12.5636081718922,14.3429599745161,13.3235243516898,11.0969056142192,13.3803992055862,13.3281623664713,11.1932365895081,12.0433978886993,13.9647206780233,14.010179426647,12.4333292515609,12.9723230124249,14.503243824115,13.6421488782852,13.6838463012833
"Phenol sulphate",18.9530764398535,18.0126312310438,17.1243246494025,18.7706517744061,17.8159822427008,14.1925059748268,14.6177991863593,17.6519371774554,14.8150743784485,16.8774965550693,18.3193151191268,18.2574466243986,17.1250745229374,17.3300634346222,18.8924941689699,18.07192776267,17.9387883987521
"Phenoxomethylpenicilloyl",12.5649106875875,13.9562941008546,13.9337483175576,14.002610496095,13.7317167304662,13.9692876834825,13.966395426813,13.9416872998542,14.1421625559914,13.5769613925759,14.1474194621485,13.7977909346274,13.9110921407885,14.0928307429357,14.0603852757998,14.2227507763169,14.0486301479699
"Phenylacetaldehyde",11.5674073182092,11.4992090016776,12.1943014275886,12.3140057504259,12.1509933691881,12.6194560613671,11.9378249199952,12.6025274114868,11.8469770265405,13.4313501933184,11.5285453087473,12.1080614320557,12.060897427023,11.9758913777842,12.0064532861941,12.633212323329,12.2049445267377
"Phenylacetic acid",14.5189676547329,14.0739107191478,14.2098700848569,14.7044303990673,13.9450648350307,14.3631306516118,14.4717772967783,13.795108037072,14.3987752106605,14.6966701517299,14.9142293259534,14.0687253816268,13.9753722241592,13.7629822699525,14.5473864463067,13.9611032588934,14.5167739483583
"Phenylacetylglycine",17.0606965366391,16.4958205832978,16.7258889848648,16.6300819855023,16.4706583244374,16.4236200435757,17.0205594171114,16.4679771424694,17.0600356600963,15.8153737433624,17.2298530182674,16.8911364232995,16.5352391043872,17.2659150008481,17.0842434159294,16.8740419780645,17.0081788968427
"Phenylalanylthreonine",11.5589864157431,11.6454371723843,11.6694350184308,11.5611244514164,11.6832530599329,11.5600370475272,11.6372970417186,11.6423147429488,11.6692285962118,11.5092095031683,11.5509448768849,11.5922837572481,11.6171282980033,11.9246758951635,11.5775805456931,11.6356058133433,11.6428844004852
"Phenylalanyltyrosine",12.1188395843448,12.5732707726901,12.1100170944812,11.8163020453568,11.8918355418534,12.2933269828922,12.4716920835424,11.5927488509786,11.8882547394074,10.5993058527615,11.548141512123,11.7421065370958,12.1924190014089,12.5342960179805,12.0007117496191,12.542541598285,12.0461248645872
"Phenylglucuronide",13.6075773693833,11.3143484403139,12.0457483831564,13.2967277116376,13.6168104721567,13.2505171679842,13.1516918107038,13.6335750210959,13.2983898625153,12.0444712399632,12.3641188451816,13.791979874519,12.1716512061088,13.258021558136,13.7701585928669,11.483246630558,14.0921467944481
"Phenylpyruvic acid",12.347123629459,11.4208163919634,11.9293863410127,11.5901219579424,12.1106842963126,13.5707057452342,11.4323383514163,12.780682293209,11.4308556965263,13.9016857667588,11.053934165265,12.271204394852,12.4983829396923,11.2976436049792,11.2219975034026,12.0163447283383,11.7770076058139
"Phosphate",19.2200918075032,19.3236925608155,19.2119058873517,19.3108617750158,19.1945653126237,19.1176078074189,19.30377246128,19.1875546641178,19.195014221877,19.3040078965511,19.249840137935,19.2967326240105,19.1770307836719,19.2326728093975,19.2637504335984,19.2779777384564,19.1975880059355
"Phosphatidylethanolamine alkenyl 16",13.4825836531508,12.3463046229677,13.5582619500353,13.0730824387385,13.5589670575115,12.5620896842655,13.1370184557449,12.5756854678152,12.654755904787,12.768232788651,12.9673910671847,13.2326933076063,12.4051317118791,13.0185764647601,13.5136169201702,12.8397743581941,13.0573508513959
"Phosphatidylethanolamine lyso 20",15.1492398569049,14.3184602274557,14.5104133858527,14.8261276083531,14.40502599131,14.4031411988957,14.5283128251601,14.3528064382524,14.6126310154092,13.5431402448807,15.2384726959147,14.5703906164555,14.5602807439265,14.3940109112194,14.9982632080036,14.4831703841011,14.442512863227
"Phosphatidylethanolamine lyso alkenyl 18",12.6516697570548,12.3247789701556,12.2957941800421,12.1047654609674,11.3177629402622,12.0168855365518,12.4382036873466,12.290261280966,11.822230337823,11.4500329306949,12.6065219001714,13.1240465110872,12.4194072003179,12.4056784222322,13.2197491307937,12.3817992585328,11.8021359813933
"Phosphatidylglyceride 22",12.3661445777722,11.1652791736059,10.7040578322675,12.3248395261714,12.8208874155751,10.7341719240579,13.0881312623288,10.7253133246773,11.289070330393,11.3860319981459,12.8967152963443,13.3241573946706,12.8191982587089,14.5945310576432,10.911655830468,14.0293052589177,12.7849183924748
"Phosphatidylinositol 16",15.0278808819706,14.2783033271016,14.4682727462518,14.8850876371121,14.4607525690474,14.0774111915452,14.4022421601978,14.4757418195326,14.4917706977082,13.6924316861243,14.5106644908503,14.830685219253,14.3918688717291,14.6542171901611,14.7061895876927,14.5416581341452,14.4711341237953
"Phosphatidylinositol 18",17.3972358527848,17.1528680978143,17.1753772257474,17.3143497663383,17.2672797462298,16.9697593941402,17.4569918900151,17.2585097552578,17.2153045745321,16.9076306908905,17.217958514575,17.5766920345223,17.2004564808548,17.3282841182274,17.2643555292776,17.4404120011365,17.3202939388664
"Phosphatidylinositol lyso 20",14.4070379300221,14.1866549334131,14.2889415975545,14.186095555035,14.187207279037,13.8176881284546,14.3232021355954,14.0167655500216,14.3302691421068,14.1722277597012,14.2487439808228,14.2391734334935,14.0554061532488,14.2914925903658,14.2801739432414,14.3124552492981,14.1141801897396
"Phosphocreatine",14.0437972326716,14.9438279968744,14.5668974586961,15.2082141292561,14.1167946299046,15.3510231576924,14.6753850908001,14.2628903951969,14.6629162672146,14.4372890627486,15.2088737962432,15.3815079577499,14.1118280519068,14.7836000954494,14.7644837432741,14.9489051704059,13.7875766114503
"Phosphohexose",12.7016059145065,13.5975642164659,14.0632225456722,14.0129300795229,13.6244182492747,13.4145730930016,13.5591150563306,13.7837034907714,13.6831243659805,13.7627294092545,14.2155146342376,14.5514174334932,13.6936155440142,13.8200774229002,14.334313482386,13.8149050183712,13.9604034983793
"Pi(16:0/18:1(11z))",14.1416507958347,12.8985484991328,13.5573759742344,13.9561869893731,13.568547102476,13.1989177059364,12.9728894162256,13.5133247606699,13.3739570275025,13.5528062815095,13.2876367285867,13.698326543732,13.2415294914391,13.5642550575544,13.783669959286,13.5595569269759,13.6321147471607
"Pi(16:0/18:2(9z,12z))",14.4989752907592,13.5460710849963,14.0124891559014,14.6595893134276,13.9589444379017,13.6246222023531,13.7607901958222,13.8826301515253,13.9530877546935,13.7754372339289,13.8899131807758,14.4707524560345,13.4469409592631,14.0009682309791,14.4265088756837,13.8917504833903,13.9870864987501
"Pi(16:0/20:4(5z,8z,11z,14z))",16.3760624561131,15.3710105194856,15.6380155405504,16.1924883130675,15.477930391634,15.0705594285544,15.549295986296,15.5073486017943,15.6688684425731,14.7620105687423,15.7795604789434,16.2163545404394,15.3740023750651,15.7719369682086,16.0262343437645,15.7668857630786,15.698625056064
"Pi(16:0/22:4(10z,13z,16z,19z))",13.9630551840411,14.1009711054043,13.7758866490832,13.7382677241835,14.0208699805777,13.4507331043541,13.8862378893854,14.0819336653485,13.8750414665294,13.9449527187611,13.7381141359628,14.2272387379539,13.7686328433446,13.9920755313488,13.5201700509327,13.8167503244702,13.8623771340235
"Pi(16:0/22:5(4z,7z,10z,13z,16z))",16.2066347657052,15.4574266515302,15.5646465578372,16.0311282863163,15.49535508843,15.3266207185689,15.6355778268016,15.5888989764861,15.4221115363583,14.9456906635608,15.5484899998942,16.0652306351401,15.6033308086017,15.772089606678,15.9055910447691,15.7395930045562,15.7379678691659
"Pi(18:0/22:6(4z,7z,10z,13z,16z,19z))",15.3361920468695,14.7373904569219,14.7786202534118,14.9678662738216,15.0352332061516,14.4785471922856,14.3452527536417,13.7689832628212,14.2012474388496,14.5627989077392,14.7818964621289,14.5555955868201,15.1992797648267,15.0673852220644,14.3223796023055,14.656328509634,13.9579152211284
"Pimelylcarnitine",14.3902303149675,13.6299520379502,14.2449313923743,13.244463366403,13.2781655129723,14.6012357053324,14.9476889559863,14.0682256419483,14.9553549265514,15.1162806100991,12.4121710003386,15.8295060405613,13.8844881620581,14.1652138526164,14.0676104469447,14.6042894957968,14.3704928752633
"Piperidine",16.9720206774444,16.4448768653281,16.5927283996239,17.1877663056482,16.6796277971769,16.8885216842377,16.324204785277,16.9449261104553,16.5026280168686,17.0542447440907,16.9062020303837,16.6076681083496,16.633188626527,16.7949737992969,16.8662384309993,16.9635212075234,16.5139098153242
"Pirenperone",12.5251191617572,12.5662922512236,12.3236012192015,12.4378547242662,12.4836903310328,11.1965888298465,11.5435621815623,11.8869818222653,12.7157219556014,12.1076345535807,13.2900065176207,12.5026967364997,11.8343985870346,12.0872844963899,12.4052876758938,11.6403335918811,12.6047900175708
"Pkcbeta inhibitor",12.6412562267843,12.6643961052964,12.6684795201725,12.6570070086239,12.6495796644185,12.6504132305469,12.6773917527378,12.6495796644185,12.6773917527378,12.6765803781604,12.6553834443952,12.6668580287866,12.6520615788765,12.6733446334738,12.6701147915295,12.6789962709742,12.6652174199368
"Prenalterol",14.4258025238969,13.610012827185,13.942823235082,14.1775206164204,14.1647199442652,14.5351729786254,15.1127968495408,14.1915005587806,15.2519826443769,13.1605462872717,12.0476846620741,14.4369007414058,13.1813881881849,14.7567817932676,13.6431674559619,14.8238376920654,13.2409292814181
"Procymidone",11.8736916609147,11.4844611092916,11.3445148948606,11.9963871038681,11.5764661016014,11.5791400251452,11.8395353154124,11.5433935156195,11.7592899959221,11.0551231084191,11.3028494724013,12.7637249643807,11.0721353657488,11.8286650386794,12.6228040945751,11.8166633292896,11.9776292672501
"Proglumide",11.9870335432146,12.3050766478308,12.9220504203834,12.611183250558,13.1502635422594,12.964317238501,12.6358581527736,13.3126614820578,12.6992405641521,13.4677123656496,12.7076760562167,12.8483771521425,13.268112764039,12.9251092837237,12.5539994324454,12.946970032037,13.1440216536686
"Proline amide",16.9856707022812,15.9351053786815,16.7593052373066,16.2415147285349,16.6664899544213,16.0997125745057,15.479796091993,16.1356287047234,15.6293706568041,17.3224138156396,16.7227426428596,17.0967678989192,16.9650758866363,16.3041237898449,17.0449868218309,16.1845517247619,16.9403824673655
"Proline betaine",15.7171651107549,16.0856671604746,15.5829075697835,15.4047699495603,15.3579678528084,16.5596924437812,16.6013234561997,15.4442313322218,16.513063933779,16.4069048032401,15.4814600390334,15.8771712649068,15.4025562549899,16.2011674594429,15.6017520899249,16.1695902094885,15.491453129743
"Prolylhydroxyproline",15.85860667128,16.2191014934054,15.9966169332453,15.955308533225,15.6790460191334,16.6565914609357,16.4160169478038,16.2382884274747,16.5234216268788,16.2051326080121,16.464397859228,16.4991485018854,15.8706093133124,16.3838717597753,16.3021381143996,16.265587328383,16.0103745616944
"Propyl chloroformate",13.365426945969,13.8115692196546,13.664892355365,13.4183739397071,13.7364879599624,13.9508384648171,12.8169609884058,13.3149884594734,14.3361527444777,12.5009291300687,14.216897747742,14.7746059870689,13.7605779305715,14.1731080330264,13.6779708332835,14.2167567994031,13.847730906601
"Protopanaxatriol",13.8156260483817,14.1873495027845,13.612619691549,13.5236396452512,13.7311443136466,14.3079904830127,13.6798602422083,13.9998486071654,13.502852301762,14.3095515004832,12.4455215985391,11.9825973362748,13.8100470693902,13.8590787469905,13.319729338993,14.0533676705083,13.5473725891417
"Ps(16:0/18:0)",13.5068841375853,13.070580466428,13.4277648018752,13.5056944758865,13.4562168009484,13.5461542489241,13.9465258972312,13.3731652742379,13.4593456816935,13.8899927797556,13.5894883880601,13.6456447183182,13.6866054963903,13.1303711938387,13.6001008391843,13.8921630807061,13.7232084911939
"Pyrano(2,3-c)pyrazol-6(2h)-one, 3,4-dimethyl-2-(2-thienylmethyl)-",10.5539741947019,10.7200027592917,9.97162741507544,10.1714679497456,10.3206791713907,9.24029588858399,10.3205669093696,9.8722292781032,11.1242252155781,10.693464796933,10.7635032431738,10.9957335200177,10.1123723627914,10.2830588699843,10.7016220856948,9.88686373604464,9.7274229880154
"Pyridinin",13.6806148447109,13.9181724765339,13.9843374083165,13.9647663977216,14.1241310163364,14.3035960579778,13.9333715785669,14.1799646396484,13.7696978329223,14.46642234881,14.0874504412548,13.5602827584563,14.239773782875,14.0851879862976,13.8947359151981,13.9215882952353,13.9660760345194
"Pyridoxine",15.3091811488531,15.1574194586985,15.1785084167153,15.8307207190493,15.297153755033,15.61528974834,15.3654522084447,15.5006454902674,15.191737436296,15.7688566432608,15.6396015647414,15.2479660136086,15.1471584018274,15.3865352246064,15.3858385408716,15.5877353603523,15.1521705124724
"Pyroglutamic acid",18.4118740103642,17.8866464976808,18.1355207942244,18.4241844855797,17.947390785009,18.1926729690428,17.7128228895705,17.9454514389447,17.9340355796323,18.2115525796082,18.4949717040758,18.7384895211222,17.9574457398313,17.8404954998049,18.5371823200146,17.9937149567434,17.8788202046168
"Pyrrole, 2-pentyl",15.9876928952414,15.8163810814019,15.6961124202828,15.7808981746585,15.8130136155164,16.0079007047611,15.9073875502315,15.7179797363571,15.8680876221144,15.9414685394331,15.8950928846415,15.9128918452125,15.7036716373244,15.5304886428708,15.7452303094298,15.9300129967032,15.782756195295
"Pyrrolidin-1-yl n,n-bis(sulfanyl)carbamate",14.1629827905777,15.4784434376132,15.5573546293653,15.3923913231357,15.4625533938358,15.5910817555929,15.5773293893463,15.5011075515279,15.4762780113502,15.1814293383307,15.3609391321128,15.342507781937,15.3980815756949,15.8777341888637,15.3610813797334,15.4297305153222,15.5522850657876
"Pyruvic acid",18.1706473102355,17.5641182049424,17.5862530922348,17.9669308569324,17.8054140548054,18.1762507829271,17.7652895283429,17.9286283506607,17.9184271082447,18.3543833527689,17.661456244429,17.9323945910385,17.8125712206928,17.8540243440216,17.9950561262301,18.159129230167,17.8005801993918
"Quinolizidine",19.125144288693,18.9508924369827,18.8697920460661,18.879424356641,18.9633154474543,19.1491579440544,19.0690234925368,18.9183273794264,18.9596921014516,19.0233013973579,19.0766204412832,19.133171141293,18.9701834659194,18.7133945776565,18.9364759794589,19.1142365921305,18.9147146388502
"Quinoxaline-6-sulfonamide",10.9769286269023,11.2092203774749,11.0885604475228,11.143499873996,11.2786193316467,11.0791025500133,11.2162837356185,11.719219622751,11.1229422244016,11.2658468591607,10.5974510046879,11.0326838611066,10.9747147757206,11.1856352502921,10.982331084287,11.2040137524699,11.479714441705
"R-limonene",15.8055433535568,14.6964680280064,13.7318023553565,15.4940128324056,12.7882781523658,15.7069644321799,15.9726233534413,13.5891623207673,15.526682639893,14.2302652194908,14.4170168404572,15.4156468073956,12.5309913552751,14.8343945353709,15.2233070911976,15.1819038048711,13.2061880685566
"Racemetirosine",13.6706670892295,14.463852045999,13.9381905432195,13.6350230296694,14.1459568076028,13.8511747041141,13.7154465107578,13.9026383218794,13.4709958212424,14.0115611825153,13.0722853016501,13.1022775469906,14.0057762054484,14.126793511058,13.3677885185946,14.171428273128,13.8972901118612
"Resorufin",12.3793694494841,12.0581817927078,12.1180760060967,12.647564496249,12.0020121419698,12.0692551337507,12.342982554403,12.2842825337512,12.5023245826285,12.1167177771004,12.3380746074135,12.9606172394942,11.8887392852367,12.5318900245928,12.5724602474578,12.5542002628919,12.1158262901866
"Retinal",13.5626534847261,13.5524003687094,15.3843116969778,15.0726197327512,14.99338938136,13.7312713277242,15.073158939844,14.321608463068,15.0503193511176,14.6997886842699,14.7770948844595,15.5218216525239,14.5811096370306,13.1110113405564,15.3792329323976,14.1224086395919,14.573857607771
"Riboflavin",11.8335944329702,12.149898431329,12.2014574489876,11.8593802313866,11.9426557987446,11.9338037385401,11.8223478828446,12.2207225853309,12.2089652521388,11.7148577687275,12.0571284581045,12.1975527427757,12.0632306011625,11.5651145257236,10.9544647778862,12.3152090846591,11.9896127499401
"Ribothymidine",16.5288849761041,17.0186105908044,16.6816600275521,16.50635211196,17.1461719946609,16.8863353901328,17.00621355201,16.578214137943,17.2493541722027,15.9765267904555,16.2683846818808,16.2315063650801,16.8993192503495,17.3238796958221,16.6479752093667,16.8803829508297,16.7024726040783
"Ricinoleic acid",15.6095259659288,16.7684454712996,16.0711121938731,15.7085280777022,16.1623528203172,15.9786389556515,16.4595174407444,15.7152459771651,16.2361364172109,15.8478909831965,15.9378843851808,15.8433766930347,16.2187337802652,15.7280734839021,15.8390122305147,15.6236476497189,16.1954310912377
"S-(2-carboxyethyl)-l-cysteine",10.7965699527691,11.1764459737125,11.005602502998,11.2617757366856,11.1578296262411,10.6381615909423,11.1202966132562,12.0503679322046,10.1975506408271,11.4526382960586,10.8249234105175,10.4560914937476,11.3853201286285,10.9341783580969,11.4608574770839,11.0502154301895,11.1035573724143
"S-3-oxodecanoyl cysteamine",14.8482171732512,14.4256968521114,14.3986431765714,13.9847533357671,14.1899778458311,14.8908867296286,11.5913082205726,14.437536011015,15.3984049348905,15.1908777525243,15.499072353288,15.054942858734,11.1102316815464,14.5231090421267,15.0034482848312,14.4479430853791,11.4667190631707
"S-allylcysteine",16.6671692229619,15.072960689307,15.107433741321,16.9821304608024,15.1510278709216,14.9269058206525,15.4745624257095,15.2835443132412,15.117965791286,14.3481794292386,16.4158442539742,14.7801761609991,15.3545454026835,14.4972880193524,16.538455313655,15.6619116438347,14.9334781768796
"S-nitrosomercaptoethanol",13.4992698493874,14.2610833779547,14.3661108084084,14.4161013454177,14.3607509535856,14.4384321939156,14.3603758715335,14.3748486005122,14.3138090547365,14.3897775263771,14.5363678621689,14.3473892639309,14.4069210812651,14.3621342730725,14.3400458304235,14.237070974247,14.3305511965915
"S-oxocysteine",11.6054887913584,11.5711643573102,11.5356135578256,11.8152982149025,11.3065333944146,12.8619424949507,11.1165968650021,12.135132022465,11.3246784275509,13.1082240896076,11.9244349591654,11.6612711213808,11.1590252142433,11.7609141832429,10.9243509661583,11.8589388237703,11.4782846892925
"S-petasin",9.30659097486754,9.30051111320115,9.30695250017108,9.32130167009885,9.31830215912299,9.30568669126519,9.30427958668971,9.30373606570781,9.3062293420812,9.29403551705465,9.30409843998553,9.29206616012432,9.31883919985984,9.3035548381221,9.30178231057022,9.30659097486754,9.30767522852407
"Saikosaponin c",13.6387158354863,12.8854996915551,12.8424411801413,13.434455993598,13.0215723760841,12.5695742734621,13.2857284371118,13.3243400703561,13.1912215053724,12.9400848189523,13.0491160318198,12.762267613103,12.993695502117,13.2861981361041,13.4859593938713,13.2895347087597,12.8231459451525
"Salicyluric acid",14.1928748426788,12.1407929988474,13.0574767701416,13.8824981257362,13.0877020645304,12.4322450742653,12.7273140461409,13.5972660272559,13.5931947542709,12.0873932411351,13.371841765124,12.388576081274,12.3108315069684,13.9580971073281,13.2464923124991,12.9005007695869,13.0934024822795
"Salicyluric beta-d-glucuronide",10.0719930352942,13.5615864014494,14.0204805310254,14.2549592373886,13.9719203999553,14.466901852273,13.6327304126566,14.3054593715324,13.6662110931154,14.787991070522,13.8234359554907,13.7852962401078,13.8933767415322,13.7648991398214,13.9277512615669,14.0116444603183,14.1240673912576
"Salidroside",9.72539387133237,9.40452789442485,8.78628950157185,8.89333544365436,8.73326360526861,9.98552690637864,9.2629807938568,9.68491984162657,9.92538110193397,9.97215470751141,9.94248469223737,9.34964323237834,9.43799630017385,9.8785520302057,9.29225206149568,8.80774940956918,8.82072811249771
"Saroglitazar",11.9030899269274,10.0266870345004,12.342669438535,11.6731397181561,11.9437679465785,10.4982020387249,9.87813118087779,11.8239005298656,9.71313926868898,9.67066837055585,11.5873731166501,11.5684621282987,11.2909317242142,11.2995898256674,12.2291711708457,9.80662731186321,11.8668156538852
"Sebacil",16.2642053397662,15.8147843654973,15.7368966789557,16.0524488318142,15.8356330555142,16.252660094606,16.6377064078519,15.655640614622,16.4953508079281,16.2766907008121,14.9866608193458,16.3013480142855,15.2189683547068,15.9574401004202,15.8554361507671,16.0234704317381,15.7779458514037
"Secnidazole",14.5619872660187,15.1083892406474,15.6163091826846,15.0844767315197,15.3528397995277,14.4294332206497,14.8345544662527,15.154798770865,14.7062710571706,14.1651361269408,15.4954146145096,15.059764353569,15.3681078719993,14.8416377304068,15.3664984039,14.6439127267793,15.3595181775719
"Semidehydroascorbic acid",12.176192296042,11.8121423281503,11.9007601008647,9.91765558634333,10.9795423237824,10.9678061737364,12.349827537371,14.0386732739849,11.1702675429338,11.3866806103624,9.44042249582808,11.0951947398364,11.0773069152668,10.2347035543677,11.0519662212933,9.9486870398304,10.1160440153335
"Sepiapterin",9.56409448892364,10.4813241811427,10.4133712052725,10.6228941463838,9.38962923276591,10.3327594639916,10.0251939611305,9.6479362238509,10.9110925628884,10.3956334900413,11.0493067873658,10.7493807218855,10.9761961642607,11.0626530643307,10.05203779901,10.5873256833846,10.6178815897765
"Serine glutamate",11.8008016802014,12.0969966254851,12.0529238495865,12.0914168077226,11.8695406415379,12.508333336339,12.1446498086649,12.0712602270998,12.0933878693756,12.360978740188,12.0630650591543,12.0812256792789,12.0894174755472,12.0910462763077,12.0895796195752,12.1539432162786,12.0808077718176
"Serotonin",14.4343955784743,14.5204811034466,14.411748573064,14.5226173986664,14.6341439576651,14.96755862018,15.0270239409624,14.3708334715319,14.4646264917454,15.0317976105259,14.2271428992002,12.5631196341343,14.3473552009572,14.1943803660953,12.8344870287449,14.8829584763982,14.1958467683672
"Sivelestat",12.0137938404266,12.0917663617547,12.0310595150912,12.0191404329217,12.0382822229857,12.0399663847852,11.9928552812031,11.9988665429808,11.1730786667441,12.03067162042,12.061873169165,12.0579234118498,12.0026569729541,12.0391973224939,12.0154120317761,11.9757746581994,11.9689534890488
"Sm(d18:1/16:0)",17.995504900111,18.1762801560485,17.8954188164978,17.6969229054189,17.6958201682981,17.8744758920931,17.8898914079825,17.7669400686367,17.702428892724,17.3628172145721,18.2088195295787,18.3362054048183,17.743213816814,17.6964285114463,17.7899085233754,17.6490188107579,17.6016900635186
"Sm(d18:1/18:1(11z))",13.6893154123233,13.9160550329981,14.0489123203321,13.507787354489,13.3956719477286,14.2939422530948,14.0843950992338,13.5223073748696,14.0136454175563,13.0623748480529,14.4542542849626,14.3328697833077,13.7575672609732,13.1853567294877,14.0047922513575,13.3068574943072,14.089523797432
"Solgol",13.3843332654922,15.727176025687,15.4715018984566,12.6189375811266,15.7888965088347,15.1157707946179,15.1672392248993,15.5309626502358,15.1779148114237,16.0152944950009,13.5088538747606,14.2935550858368,15.7275483621571,15.1873145804241,13.8290065698204,15.0192172970482,15.5722301623727
"Sorbitol lactate",14.6622432988866,15.2159125198638,15.1142625943194,15.2429450842058,15.2461034273166,15.2872177728172,15.5294829641795,15.244891642108,15.4127813355937,14.9138670127811,15.3989673014356,15.1149188680734,15.2342876772713,15.3914380222173,15.3168142880646,14.9974961169877,15.2734718699594
"Sordarin",14.1520423631364,12.1311313942732,13.0350210773733,13.9189644692512,13.3432561406943,14.8058277735268,11.812527229394,12.3000114493648,12.4906205666811,16.3006520506812,11.5979909684325,11.5662508030341,13.7367932741854,12.2640457706618,12.6741860537947,13.2545828728646,13.2137098256686
"Sparsomycin",12.8486746014821,12.546547988888,13.3988378981224,12.1562276850828,12.3802182636085,11.8569971927007,12.7664200595996,12.6497754456654,12.7226996987551,12.702592510091,12.7955457370835,13.7268524891942,12.164489747672,12.3157853868376,12.813043911096,13.093244063007,12.2315308132341
"Sphinganine",14.3993803956051,13.9346415262169,14.1894639696506,14.3200679902772,14.4608572694786,13.4065371629182,14.3582991419893,14.6296372590318,14.4496899763331,13.8827512810926,14.7456969366989,14.6139171511096,14.7893887587426,13.84640880767,13.8518475181883,13.7535111738181,14.8470392071036
"Sphinganine 1-phosphate",16.5852692290802,16.5955519713283,15.795054672666,16.1577779712785,16.0037831876159,15.913114450352,16.0654429368617,15.8513352754684,16.4377792366463,15.7245208019263,16.5966898765616,16.3542186190097,15.994152108504,16.1901720433712,16.2852413681059,16.1432030128378,15.7475408695632
"Sphingosine 1-phosphate",17.2713985681751,17.1483723425399,16.6505872669197,16.9801104929854,16.6934070106339,16.8535276770968,16.8960214833767,16.7526662699601,17.0732304033039,16.8108997439548,17.1382231907411,17.2245520533535,16.6427434180048,16.8498602135361,16.9784111494198,16.9471147560151,16.5774729062107
"Sphingosine 1-phosphate (d16:1-p)",15.0210505265491,14.5834635367653,14.3054949888463,14.882304883905,14.4747312373123,14.0012119546145,14.1634301057035,14.4963526292954,14.1438121894818,14.1682228785274,14.6617578454895,14.5017360643075,14.4875982470316,14.2710422286354,14.8478354054584,14.4864265135813,14.3366766779884
"Stearic acid",19.9692407544831,20.360197159211,20.6146904028056,19.6845701284214,20.4539325457316,19.7883712146724,20.1252028666382,20.1581405266639,19.817082409054,18.876299084767,20.2124216423601,19.8126063859609,20.2984788023509,19.5826242823796,19.7256763582798,19.5352127769344,20.1026357794218
"Streptidine",16.5432105653435,16.0366248365924,17.460950933241,17.2435478041962,16.9723172652316,17.5382072870521,15.7152385744237,17.4606072687992,16.4050168136496,17.9435058593091,16.9684079361667,17.0922586000367,17.2731673001928,15.9367417651325,16.2894543530535,16.8855936084688,17.2306526983415
"Suberylglycine",11.1403667929772,11.1056525554375,9.41017209625332,11.1462552100381,10.9086089163196,9.47428781910486,10.888688052599,11.1292053664143,10.057728865159,11.3006558487403,10.0471840550082,10.997983684098,10.9243022543352,11.3716613462657,11.1032349348211,11.7513946395137,11.0550448483323
"Succinimidyl acetate",12.9084146339577,13.5576729230754,13.7195048530545,11.5099713835861,13.3281014803335,13.7608348758747,13.6161388127711,13.5422214946491,13.4366097923038,14.6477521213645,12.3891231062443,13.8588203625396,13.4604454525843,13.8017283858053,13.1529072881803,13.5216804698325,13.3713207386481
"Succinyladenosine",12.5010880278946,15.1756630778671,15.2730688221582,15.3292538165116,15.3988096244594,15.0933585204052,15.382382214791,15.5060011194606,15.2977496730789,14.8105040524666,14.8292694031493,15.3147664233188,15.5441994265093,15.1541245722566,15.3933188149073,15.0171702048622,15.6078570069984
"Succinylaminoimidazole carboxamide riboside",12.4115465478934,12.0067776596519,12.1866334302879,12.3698846115666,12.0679322301806,11.1707264547364,11.9555149331364,12.0217349456552,11.7907095153154,12.308190947694,12.9574668611819,12.6797176697862,12.1998327779752,11.4007199256453,12.9982497117803,11.1349235198406,12.1453722641842
"Succinylcarnitine",15.1096849613317,15.5548854492046,15.8376366041939,14.9841716461663,15.4442917118862,15.1086094462104,15.5257704542361,15.1847927405516,15.3375468737921,15.4126733936675,14.9298179266966,15.3849748826852,15.5413832746657,15.4192145186249,15.1224653204588,15.3167086664197,15.4653045751425
"Sulfate",19.030485917212,18.9831103175997,18.9005030608238,19.0017361916008,18.8880232216173,18.9943579019969,18.9867752031148,18.934052148898,18.843242681042,19.1693568938083,19.0050794383057,18.8232570869954,18.7664185230934,18.8754169720244,18.8904576586708,18.869417410029,18.7538625184785
"Sulfobutyl ether",11.9187473672032,11.3223827499452,12.2154069149703,11.1775289079908,11.5291594490701,12.9356328797675,11.8502817421819,11.7874504542377,11.9137047129867,13.5229902891662,11.1223303905628,12.2350233332997,11.0634299652445,11.3966503194882,12.0536277504667,11.165010814408,12.0303251813261
"Sulfolithocholylglycine",12.6534004396621,13.2336209483393,16.0498720793033,12.6323811976893,14.1243594729012,16.6012353128869,12.1616020715863,13.4127081132787,15.8846335640357,19.1057241732158,13.255118750628,12.7187075956178,14.4886437737374,14.5383105837775,14.1236200060169,12.4539203592557,14.752264880195
"Sulofenur",14.6328463655492,14.2989702287655,14.315498001607,15.0413880941155,14.2383070636458,14.125923601378,14.3125922577235,14.2884135992291,14.1230755652353,14.1847611685134,14.1380884063255,12.9239552926534,14.1839547616748,14.1527349625381,13.9187812572244,14.224515513024,14.2307208685792
"Sumarotene",12.8828647532437,13.1831236821603,13.6570644532418,13.6511077233493,13.8574061887648,14.2307313763878,13.9382490979295,13.913620192221,13.6701103990856,13.4567737159271,11.9498691842551,14.4701667559248,13.8166641071549,13.393178113999,13.7030293361833,13.4390159671166,13.548618243329
"Taisho",11.1873278750722,10.0909534432527,11.7142652944864,11.0904637535359,11.0931185801899,11.4280039628949,10.1355017070684,11.8258276162692,10.8216241562719,11.5738604047447,11.5404991715993,11.4690749847786,9.90008127772244,9.8103210157368,10.4615241066621,11.6142021299098,9.94085366036769
"Taurine",19.8538669292758,20.0259611037363,20.0880020612696,20.0813888257348,20.0614912505048,19.9423483670874,20.0900539022361,20.0977183587785,20.0798100054266,20.0444811865069,20.2470287207313,20.0786102647718,20.0950338268093,19.9937523889888,20.0533813668314,19.9409529396481,20.0622569302982
"Taurine lactate",12.0874795187412,12.2692598867438,12.2815292433646,13.1622644049368,12.1276809545553,12.4172615372853,12.2704068047978,12.4803814385508,12.1624979222464,12.503158806728,12.2355675442751,12.0280691752125,12.2073598092329,12.4159458260918,12.313474847652,12.5925013564315,12.0437323385328
"Taurocholic acid",15.888424201743,16.2055400491,17.8253653157592,16.3794492861989,16.6215725595186,20.444818018316,16.8692631926757,15.7195790979724,15.822271833955,20.9582543166847,17.2802785104081,16.9991260356317,16.8059127961097,15.0303176814857,16.582474946425,15.9248763180235,16.9233781737066
"Taurocyamine",14.1483130499912,14.3115628692488,13.5214341108423,14.6292338336487,13.6271823762408,13.6320997160056,14.235893327272,13.7879529837782,14.3437845253804,13.8654264605289,14.3552972003522,15.0899382472923,13.7083375621733,14.4081236074595,14.3961338516454,13.9505545302909,13.6522495912397
"Tauroursodeoxycholic acid",15.1565074351847,15.3190625284455,16.0577379486188,15.2191101184761,15.4072104092445,17.5012094844094,14.0821287979822,14.6630037924346,15.8506752719467,18.083102927947,16.1692912097983,15.8311679041223,15.5229291804945,14.6628946849794,15.4650747224808,14.5626169940971,15.5948671514771
"Tecarfarin",10.955990142806,10.9508154596713,10.9560918225653,10.9520244048635,10.9484956572506,10.9525773200727,10.9427241888561,10.9462731760284,10.9532319008299,10.9469318648419,10.9474875816167,10.9457167887389,10.9484956572506,10.9555408337286,10.9432822309499,10.9468292561882,10.9497073881095
"Tenatoprazole",12.471774915452,12.6444225294397,12.3345157426109,12.1934663036379,12.1192933720942,13.556968186037,11.1480445479951,12.2696904877476,12.049749028524,13.6417824024326,12.1767173530342,11.8603747940193,11.8073080180981,12.1562745671938,12.0571045756868,11.9529739943616,12.0260101737791
"Tenocyclidine",16.4214422897888,17.7323723638088,17.4998238560573,16.1489668827046,17.563315568833,17.1581293332168,17.5777220883575,17.181806814126,17.4224650165442,17.0289111646777,16.4982865391122,16.6380461632948,17.7314771147895,17.3449293311591,16.8596479125974,17.1769358314264,17.7249192969304
"Tetradecanedioic acid",14.7421379996703,15.2624988212978,14.8369633272781,12.4674442546191,14.957085927059,15.2640168247237,15.4544958184663,12.2811644785617,15.9912589051401,15.6342772791317,14.2304770338714,14.2833069673778,14.8034432626627,15.4115896761452,12.1571600436542,15.3604297582183,14.9943861832138
"Tetradecanoylcarnitine",13.6221632263893,15.6215920794622,15.4736440360746,13.5684060664859,15.7480064067116,14.997422704572,15.3807580778572,15.0419896607255,15.2708119218155,15.4396873795165,13.5295243958028,14.8537299697851,15.4972942754139,15.3953526403377,14.052194601041,14.6560894002877,15.2962671861849
"Tetradecyl nicotinate",15.0606201682645,15.5594096870039,16.2403523383985,15.5828018281061,15.8411586845885,15.3690782948079,15.9483049827807,15.7019651621458,15.9421789946645,15.885016979925,15.9760057921997,16.1382685807372,15.9710431426504,15.3780221834179,16.3085541654264,15.1702721570033,15.8123223716869
"Tetrahydrobiopterin",12.0850249490224,11.4288445182038,12.0978562776312,12.1880917831393,12.0472138869323,11.9357699572457,11.9906916362988,12.6361143577152,12.0853173415391,11.9344885202908,12.1557832887027,12.1052984132709,11.9654559939944,12.2513721609989,11.5133907463698,12.2465769956508,12.1140443917694
"Tetrahydrothiazine",15.7319763121599,15.3941991351913,15.7690859935464,16.1734499856887,15.7488637101761,16.2292267305875,15.4669247087167,16.0767889827888,15.4411004494638,16.3634812628248,15.4416166762369,15.4644838881138,15.8366533285661,15.6758605427202,15.6695501714888,16.0618684968513,15.7998443026136
"Tetramine",11.1024237998809,11.0929796315438,11.0891920760782,11.0938632146661,11.0960313119551,11.088464965667,11.0877373291023,11.097071438567,11.0772560435997,11.0805176057271,11.0642674806892,11.073983869271,11.0891920760782,11.0765202481936,11.0891920760782,11.0797841936624,11.0844991368418
"Tetranorprostanedioic acid",13.9049078263972,15.3177555426941,14.3121275109631,13.6691238976101,14.3426824598904,14.6875511234828,14.6045046193285,14.0206797558628,14.5648756024924,15.3619692871605,14.3444682740233,14.0263566125267,14.574486643633,14.1162425167406,14.2955277407914,14.2938579570761,14.4126830154051
"Thiabendazole",11.7896523795642,15.3945288519548,15.5926422887441,16.0703073673636,15.6400807116427,15.777248173967,15.4877565345143,15.7288820903888,15.4371032549488,15.9578898608208,15.5486568570247,15.4994105173185,15.607538226557,15.6277082910435,15.5960376349984,15.7592825151059,15.6475662514311
"Thiacloprid",12.1043379136922,14.5853716435423,14.8523177048591,14.6105924676463,14.7712231401599,14.6400239558548,14.7215309091332,14.8661352265173,14.6674108038086,14.7151096371624,15.0155876490474,14.7305103756844,14.7645753144716,14.6427257673194,14.6406788547944,14.3680814458763,14.7599053071306
"Thiafentanil",14.5541041464874,14.5490469663097,14.5530457111253,14.5533861566448,14.5511336298794,14.5550203977869,14.550688308275,14.5499012707459,14.5489426761958,14.5550203977869,14.5527051496637,14.5540003824805,14.5486007142963,14.5495596365463,14.5508589472773,14.5479164394853,14.5489426761958
"Thiamin monophosphate",11.7594906226765,11.5562346606215,11.7286341961775,11.8793821090069,11.7252513842161,12.1732089412212,11.8690693823503,11.99756475501,11.3178321643453,12.3455734196138,11.2538036911711,11.4882035427622,11.6370026219526,11.2440416878394,12.0083323897131,11.9768481135817,11.1138953186872
"Thiocyclam",11.0412807033425,9.51064497100793,11.5276805024947,9.51939172825198,9.75945086673055,9.78210583415831,11.6093300373141,9.6164551324451,10.4357722398491,9.20693195817282,11.0430302744061,10.1197798689737,9.66102241232551,9.72570710983252,10.6789872065578,10.1113225984608,9.51298510039245
"Thiosulfate",15.6766790824512,16.0301962499943,16.5331269131136,16.0491983327293,17.4363575191129,17.5033155353443,16.3619383595887,16.8991144922024,16.9766504016193,18.2672706265305,15.3958102173031,15.6477833775883,16.7729872530719,16.9844344959114,16.3506224134933,15.7802309019891,16.9820151360616
"Thioxanthen-9-one",10.2096323973231,10.2959977708458,10.3096316231688,10.1955399776462,10.3441351537002,10.768616066799,10.3083671705575,10.2972775355581,10.2618136893875,10.3444483931256,10.2068434775497,10.1983955750651,10.3194344223877,10.271408727443,10.2224424940396,10.2962932847926,10.3093722782225
"Thymidine",15.0305338763553,15.7510555328717,15.831638495266,15.1937901734691,15.7293176701855,16.2670167845094,15.5858280747179,15.7458148085766,15.4057472085615,16.7983877905601,14.9786281082704,14.9161531360517,15.5800328741328,15.6638517009262,14.6666581189113,15.5954663485363,15.7073680487015
"Thymine",15.9223262509825,16.293009348847,16.3449933423764,16.0492693103493,16.2857302447504,16.7571176042512,16.1793686985795,16.2130218248639,16.0326129714779,17.2881876024446,15.4430241284746,15.871359073375,16.2500449532756,16.1730510069244,15.7673841912972,16.0848306127074,16.2689369943692
"Thyroxine",11.4005786090861,13.0487488804112,13.0370059214549,12.8913206956107,13.0400712986943,12.904302865473,12.6826123865371,12.8614545980372,12.4217447074677,13.3029183603313,12.2366789042624,12.9502452148573,12.6464520814767,12.6649368251055,11.4023476525526,12.3040234793117,12.8715052919569
"Tiflorex",11.8893377236265,11.8586860825093,11.8959670055702,11.8856539750675,11.876851916466,11.8754286167181,11.8679110412641,11.8740842744174,11.8897700852634,11.603319004587,11.8331573753762,11.894902103628,11.8793633510072,11.8672419099055,11.8719800646875,11.8401957952073,11.8474105053701
"Tiletamine",15.0707437193659,14.8992633008089,15.1813152299167,14.9465655713739,14.9626407508956,14.9980618023459,14.9062891462817,15.1488082812015,15.246306110508,15.0931589679201,15.154844581296,15.2467869254725,15.1416275372798,15.234339622258,15.1795458720848,15.1999293923231,15.1735945683585
"Timegadine",12.7098599848561,12.6246396645193,12.6064074865386,12.6993083109264,12.5787457097572,12.663030598501,12.5343777023952,11.3206282427848,12.904700206137,12.6981499644601,12.7683617324009,12.7015684607462,12.5708409424703,12.2144723490982,12.7537522946613,12.6297586633083,12.5464311355254
"Toluene",13.7534828188877,12.2922358383043,13.0023182319383,13.8659600500283,12.8400687275131,13.6173162856253,13.980907269248,13.217670152179,13.7235836808995,14.1975567397291,14.2184929774272,13.2281517482658,13.0671325701073,13.1589456532708,13.8465982489981,13.0778066376165,13.8990949227722
"Trans-hexadec-2-enoyl carnitine",14.3178865775358,15.634491525834,15.6177252810831,13.8152147035401,15.7283921459672,14.9736010276706,15.5721813040559,14.1093673813072,15.3756922048625,15.5499327119969,14.6347085664391,13.6983049004951,15.3991898056315,15.205105593345,15.0090029775495,14.7517271527401,14.9254227704455
"Traumatic acid",16.0099059537797,16.0001737728968,15.7274246183971,15.7174047543885,15.8658071458917,16.1861415634377,16.0346741438577,15.7399189932705,16.0338738432717,16.1712399778424,16.1701544839386,16.1589519686263,16.229667315493,15.9238869013166,16.0914375258793,16.2385204241115,16.0888234203088
"Trestatin b",16.6798384986323,16.2537644542397,16.1369673883013,16.3661698380308,15.989013719169,15.9383149574863,15.9675256008067,16.0216327144186,16.1233208491109,15.1682135412597,16.5147547686816,16.2425301836299,16.1360023617447,16.2136533523376,16.2440099764788,16.3702615341299,16.031831127538
"Triadimenol",11.3171172363278,11.328247463437,11.3275318116172,11.3281282235729,11.3204300908734,11.328485900665,11.3311672391991,11.3209106369245,11.3299465036872,11.321662451429,11.3225022245419,11.3173583326462,11.3219024583247,11.3265455414378,11.3173583326462,11.3220224402496,11.326784383373
"Triazolophthalazine",11.1514451324958,12.8068205353634,12.4503283550835,12.7106792936706,12.1927719574576,12.7209859864201,13.2009671431778,12.8962473492528,13.1457964656314,10.8923502608929,10.6183843900813,13.6025461851204,11.0319212844331,12.8810410764357,12.8781767288896,13.1668777465447,12.8739194580291
"Triethylene glycol dimethacrylate",9.27964335900553,9.27477774239325,9.2841185836294,9.27927067516513,9.27440358244985,9.29030656974696,9.28993711085075,9.27265202561212,9.2981813502451,9.28548309437524,9.29375729728247,9.28548309437524,9.28721648110569,9.2841185836294,9.27964335900553,9.2841185836294,9.28238081224539
"Triflumuron",12.7676977435291,13.2409547099693,12.9687033564556,11.9699651478212,13.134494629608,12.7819052013962,12.4555265115025,12.8261966318237,13.3840151597023,12.6355915759881,12.5936796268391,12.2359976959094,12.9640251280454,11.4416390191522,13.075433186085,12.5988574383226,12.0064059752905
"Trigonelline",16.0925124526816,15.6263566909209,15.249141309066,14.6853003411794,14.8006041212961,15.3973123747576,15.6508114663209,15.2307103132449,15.8613251695394,14.5470142781678,15.9175961294678,15.6263486239244,15.2295897176255,15.7286375680503,15.2949094062182,15.6845081734385,15.3794231736383
"Trimellitic anhydride",14.993478588871,14.4764816346267,14.5294934257427,15.3778276294632,14.5317723009575,14.3993342492256,14.5541926938872,14.5361198496908,14.374194791032,14.3864583725859,11.6536090136817,12.1375052995201,14.3056219862138,14.3475742421105,14.0083548005837,14.490343416905,14.1862697830333
"Trimethylcolchicinic acid",13.1392911661186,12.9227379865313,11.5925686391088,13.4184212793493,12.8521851734543,13.6752498336732,12.9239352210785,13.2761027841636,11.6223419872577,13.5958658530749,13.1518209063562,11.9091835878067,12.9668101039322,12.7699505464697,13.1307188046975,13.2768245616322,13.1627868628735
"Trimidox",9.80900741350526,9.76890559420322,9.82802528735018,9.80927026248227,9.35077204516651,9.80149348518387,9.69960669884785,9.78002145492882,9.1535553549319,9.8384044638205,10.0345947289886,9.86234531554326,10.3750494217597,9.81281912406824,9.86751382716901,9.79278811299719,9.90194743225347
"Trinitrosotrimethylenetriamine",11.3973327522966,15.759353959638,15.5254768783433,15.2646940101307,15.2506823410451,15.4769245062829,15.2661935423071,15.2126658092493,15.6513195399445,15.3309467561453,15.6386937989611,15.5733171351512,15.4142599263653,15.2959248144451,15.5186148827279,15.1298202835351,15.6467487320812
"Tws119",10.5056456326332,13.2821975866274,13.0871522894248,13.4372725670622,12.8902118247837,12.9870391619721,12.6666382993021,13.046488258496,13.0725937374902,13.0078704577143,13.2053238875247,12.9712155033996,12.8556843428322,13.137643816164,13.1730167739214,12.9111745329683,13.2454030009196
"Txb2",14.4797616091699,14.5811506431718,14.9401678645026,14.8185513437682,14.1569635955202,14.7850510312365,15.1307851683754,14.0171109406061,14.9417428079094,14.4605239246184,14.9654620811141,14.9082740381541,14.639052739796,14.3702576230909,15.3681813961102,13.8384672383769,14.5508344939573
"Tyrosol 4-sulfate",15.2938262317508,14.9330548766927,14.2288221511628,14.9730822090922,14.6829665058807,15.9991334917779,15.9447917312409,14.4926411447568,16.1842784797827,14.6920579934846,15.7415570091364,14.824256537917,14.2891280207584,15.9035051674744,15.2233818470423,14.6706943243372,14.0667029297503
"Tyrphostin a1",14.4238586463862,13.3143642946019,13.4635118567125,13.5026539658293,13.4629002617347,13.2710977341884,13.2607107590143,13.4598279206387,13.1445173552084,13.6006346447354,13.1659629812446,13.2323287700343,13.3299778258674,13.3233219294094,13.3343723263858,13.5472726137123,13.70456033971
"Uracil",16.4850686367435,16.2702283418147,15.856778045442,15.9528254790999,15.9318172080936,16.2929976253672,16.0254129518339,15.7506893724869,16.8293083590716,16.388383320153,16.4185853102714,16.9079009010421,16.1470510903024,16.1710116523659,16.7654251141243,16.2017355197452,15.890873120905
"Urea glutamate",12.9095038164863,14.9557910925707,15.2900539403533,15.6946321637213,15.3073518760933,15.687531557038,15.1016782952177,15.5579295799034,14.8392825792837,16.0857897578633,15.0962081374974,15.2949244512358,15.1041316213292,15.0441385246623,15.0868509388,15.5494865038685,15.1415795553296
"Ureidopropionic acid",15.1320960398644,15.3895606667172,14.7706666664218,14.726078054949,14.8339432675445,15.0380737766452,14.8783024079257,14.558677394215,15.8156661993011,16.0625851232753,15.4657180822979,16.1063862785292,15.35921545708,15.5603628919743,15.4991445169424,15.1133802814092,15.2000419176989
"Ureidosuccinic acid",13.922742852301,13.2612712220867,13.5860695086931,14.1793963311174,13.8321500277593,13.5565008057773,13.3022196055783,13.8916796002233,13.4397373874845,13.9114227218556,14.3403872093877,14.1524280319662,13.7783268119189,13.5714287183366,14.2553317880402,14.0269018302727,13.71928314512
"Uric acid",18.4333025465557,19.0524149991467,19.0992461132614,18.8165091739061,18.8688910893042,18.8545182433459,19.1096585162508,18.8382697755954,19.1789345655286,18.7950528693585,18.9378557906081,18.8273740694686,19.0368861527521,18.7376288778603,19.0575597569325,18.5634449796872,19.0226264163309
"Uridine",15.4438528450079,15.2125826293824,15.0569779586455,14.9863999732507,15.0344818950295,15.4638874671596,15.2788561878037,15.0221529831958,15.406084742862,15.1872642493477,15.4186587993287,15.3704248001917,15.2165122514399,15.5328277215952,15.4505199690949,15.4359800718007,15.1433253536279
"Urobilinogen",14.7651213148985,16.1427290015984,15.6672584834093,14.9726766303962,16.4241229756143,15.7845619824554,15.3354198152672,15.8919008431919,15.150105473809,14.9582550578605,15.4225884023194,15.3944159411594,15.6642382943711,16.0408953232831,15.0541697084604,15.0896892710612,16.5685591842216
"Utp",12.644948065665,12.8282503482474,12.7649336748514,11.7683799013661,13.0535632975808,12.7571119356889,13.126727360971,12.8581330954218,13.1289700713508,12.7934117155438,13.1598771883452,12.9788435855096,12.6874384678904,13.28875590511,13.150707308184,13.2725070563178,13.1731137808252
"V-pyrro/no",19.6201677698779,20.2883011247627,19.9751864424473,20.2784473459669,20.1034342999956,20.4403075848773,20.1408938248497,20.2803566874377,20.102686973376,20.6365327274922,19.9834346172619,20.2306817804617,20.0136066465381,20.2996114183405,20.148363540562,20.4347463657579,20.0794476641356
"Valproic acid beta-d-glucuronide",16.1624231692216,14.378114128565,15.1226992135128,16.2054005689727,14.6094786802525,14.5293647196567,15.5425629978595,14.3045393528438,15.6189318092959,13.7315296374514,13.1226022275838,15.7251825254443,13.1927555815721,15.2817488425328,15.1286385118341,15.3752038515273,14.5046676505644
"Valylaspartic acid",13.4673699603967,14.1525712586125,14.1845052023348,14.3535402771971,13.6393665073775,15.3188916841389,14.4208285380054,13.9336112827097,14.8429714763228,14.1074002317333,14.0845333060986,15.2645052109233,13.7887439739453,14.4768139276529,14.5550511155283,14.4742685808617,14.2537039972691
"Valylvaline",14.300783920594,13.756102272563,13.5738455851977,13.4575478634885,14.0448683737667,14.062752699539,14.2032079886709,13.81847123014,13.9798299755054,13.60956887757,13.5900171122902,13.9342690809562,13.8599926647222,13.9045674497097,13.9912283502382,13.526660329776,13.9472193174532
"Verdamicin",11.0278533431897,11.3554070909941,12.6097134370327,11.9650460507477,12.7739918247613,12.6358872327644,11.8197031363527,13.0702561487822,11.9558142628282,13.2043132049121,11.89193695961,12.0644954729764,12.9554422942191,12.2444527172011,11.7268924441871,12.296957717479,12.7387617006998
"Vindoline",14.757360772055,14.6406119680645,14.8512411110821,14.5866236197433,14.7663935466263,14.4329515683018,14.501540820192,14.7607770407097,14.4876566953205,14.1940312244449,14.9445140774093,14.4437877347933,14.9135689303239,14.5031734419517,14.5478155393052,14.3245731978429,14.7022645766553
"Voreloxin",10.9256708052133,11.0367413747333,11.078195343513,10.8338910525291,11.166351278084,10.8403811811589,11.0253410116481,10.9513943680409,10.9651299699626,10.9072683830991,10.8736776211454,10.824940888835,11.4893208364765,10.9763794377894,10.8767927893889,11.0059533777541,11.0588412116512
"Xanthosine",12.8532131383633,13.5720382397704,14.4057602426671,13.067926844477,13.5444175857893,12.7825831708928,13.3042082185204,13.4381595911921,13.315727680807,12.7953336017844,13.909964687121,13.034040583264,13.6654358827905,13.1168336502537,13.2406818757488,12.7571395660179,13.6686625569525
"Xi-10-hydroxyoctadecanoic acid",15.6673024641021,16.2066251607171,15.7990239115715,15.6580801311872,15.9019708167504,15.5012226420218,15.5087120743296,15.374049075794,15.5782175272629,15.1725828168012,15.7032911828294,14.5073402163559,15.9383489377684,15.3275520727736,15.3347107883483,15.2335420192023,15.7612482336078
"Z-leu-leu-norvalinal",11.3791973311921,12.8724144917867,13.8895747244824,13.486848655369,14.0074891177658,13.8830359096111,13.1781549990529,14.147416688303,13.3053019427471,14.3317377211863,12.9433314738487,13.3662733711288,14.0645256831101,13.5682479340381,13.0670388992649,13.5848247072482,14.076253274953
"Zibotentan",12.4432467925806,12.4453958653132,12.4413999585937,12.4509117411706,12.4463198231967,12.4509117411706,12.4484698868357,12.4518306208257,12.4524377083989,12.4509117411706,12.4404714433286,12.4463122314266,12.4496877759583,12.4469302632955,12.4447844878946,12.4469302632955,12.4478528057174
"[(2r)-oxiran-2-yl]methyl 2-methylprop-2-enoate",10.8956924844408,12.3344904276424,14.6476588218788,14.8974924244216,14.8507249616822,16.5848755680584,16.3279817732804,14.7806040898732,16.1056995333088,15.7055860414273,15.2334126519092,15.2154052483724,10.9710455042175,12.1115144641344,14.8778132834091,13.7935782035588,14.9896510455836
"[(2r,3s,4r,5r)-5-(6-aminopurin-9-yl)-4-hydroxy-2-(phosphonooxymethyl)oxolan-3-yl] sulfo hydrogen phosphate",12.299551046323,12.5236132258143,11.9827557567934,12.3522403886697,11.9753636487186,13.2329536175323,11.9829599481254,12.1753176306351,12.3351577035172,13.3626188419823,12.6188543794702,12.3028840843042,11.7728332357173,12.0153194536852,11.8489530844182,12.4299670557169,12.0693443072888
