clade_name	clade_taxid	Abx-1_counts	Abx-1_coverage	Abx-1_relative_abundance	Abx-2_counts	Abx-2_coverage	Abx-2_relative_abundance	Abx-3_counts	Abx-3_coverage	Abx-3_relative_abundance	Abx-4_counts	Abx-4_coverage	Abx-4_relative_abundance	Abx-5_counts	Abx-5_coverage	Abx-5_relative_abundance	Het-1_counts	Het-1_coverage	Het-1_relative_abundance	Het-2_counts	Het-2_coverage	Het-2_relative_abundance	Het-3_counts	Het-3_coverage	Het-3_relative_abundance	Het-4_counts	Het-4_coverage	Het-4_relative_abundance	Het-5_counts	Het-5_coverage	Het-5_relative_abundance	Homo-1_counts	Homo-1_coverage	Homo-1_relative_abundance	Homo-2_counts	Homo-2_coverage	Homo-2_relative_abundance	Homo-3_counts	Homo-3_coverage	Homo-3_relative_abundance	Homo-4_counts	Homo-4_coverage	Homo-4_relative_abundance	Homo-5_counts	Homo-5_coverage	Homo-5_relative_abundance
d__Bacteria;p__Actinobacteriota;c__Actinomycetia;o__Actinomycetales;f__Bifidobacteriaceae;g__Bifidobacterium;s__Bifidobacterium globosum	2|201174|1760|85004|31953|1678|1694|	33126.0	0.01684	0.08698	26675.0	0.01356	0.08345	25269.0	0.01285	0.05641	42714.0	0.02171	0.10903	56376.0	0.02866	0.13199	6594649.0	3.35228	8.40508	10651669.0	5.41459	12.43881	10240463.0	5.20556	14.8896	6124676.0	3.11337	10.11345	7045009.0	3.58121	8.16574	16814755.0	8.54749	18.44167	21918210.0	11.14175	28.19258	6519190.0	3.31392	10.2334	11388099.0	5.78895	13.16265	5676704.0	2.88566	9.44253
d__Bacteria;p__Actinobacteriota;c__Actinomycetia;o__Mycobacteriales;f__Mycobacteriaceae;g__Corynebacterium;s__Corynebacterium accolens	2|201174|1760|85007|1653|1716|38284|	0.0	0.0	0.0	0.0	0.0	0.0	0.0	0.0	0.0	0.0	0.0	0.0	638.0	0.00026	0.00119	0.0	0.0	0.0	0.0	0.0	0.0	0.0	0.0	0.0	0.0	0.0	0.0	0.0	0.0	0.0	0.0	0.0	0.0	0.0	0.0	0.0	0.0	0.0	0.0	0.0	0.0	0.0	0.0	0.0	0.0
d__Bacteria;p__Actinobacteriota;c__Actinomycetia;o__Mycobacteriales;f__Mycobacteriaceae;g__Corynebacterium;s__Corynebacterium mastitidis	2|201174|1760|85007|1653|1716|161890|	0.0	0.0	0.0	0.0	0.0	0.0	0.0	0.0	0.0	0.0	0.0	0.0	0.0	0.0	0.0	0.0	0.0	0.0	0.0	0.0	0.0	0.0	0.0	0.0	0.0	0.0	0.0	0.0	0.0	0.0	224.0	0.0001	0.00021	0.0	0.0	0.0	0.0	0.0	0.0	0.0	0.0	0.0	0.0	0.0	0.0
d__Bacteria;p__Actinobacteriota;c__Actinomycetia;o__Mycobacteriales;f__Mycobacteriaceae;g__Corynebacterium;s__Corynebacterium pseudodiphtheriticum	2|201174|1760|85007|1653|1716|37637|	0.0	0.0	0.0	0.0	0.0	0.0	0.0	0.0	0.0	0.0	0.0	0.0	945.0	0.00041	0.00188	0.0	0.0	0.0	0.0	0.0	0.0	0.0	0.0	0.0	0.0	0.0	0.0	0.0	0.0	0.0	0.0	0.0	0.0	0.0	0.0	0.0	0.0	0.0	0.0	0.0	0.0	0.0	0.0	0.0	0.0
d__Bacteria;p__Actinobacteriota;c__Actinomycetia;o__Propionibacteriales;f__Propionibacteriaceae;g__Cutibacterium;s__Cutibacterium acnes	2|201174|1760|85009|31957|1912216|1747|	1416.0	0.00057	0.00294	1976.0	0.0008	0.00489	11108.0	0.00447	0.01962	3008.0	0.00121	0.00608	23103.0	0.00929	0.04281	2061.0	0.00083	0.00208	840.0	0.00034	0.00078	2724.0	0.0011	0.00313	172.0	7e-05	0.00023	685.0	0.00028	0.00063	276.0	0.00011	0.00024	8740.0	0.00352	0.0089	14688.0	0.00591	0.01825	5596.0	0.00225	0.00512	2120.0	0.00085	0.00279
d__Bacteria;p__Actinobacteriota;c__Coriobacteriia;o__Coriobacteriales;f__Atopobiaceae;g__NM07-P-09;s__	2|201174||||||	0.0	0.0	0.0	0.0	0.0	0.0	0.0	0.0	0.0	0.0	0.0	0.0	0.0	0.0	0.0	414.0	0.00019	0.00047	831.0	0.00038	0.00086	272.0	0.00012	0.00035	275.0	0.00012	0.0004	1133.0	0.00051	0.00117	279.0	0.00013	0.00027	0.0	0.0	0.0	83.0	4e-05	0.00012	0.0	0.0	0.0	0.0	0.0	0.0
d__Bacteria;p__Actinobacteriota;c__Coriobacteriia;o__Coriobacteriales;f__Atopobiaceae;g__NM07-P-09;s__NM07-P-09 sp004793665	2|201174|84998|84999|1643824||2661918|	17558.0	0.00857	0.04425	19340.0	0.00944	0.05807	42447.0	0.02071	0.09094	18483.0	0.00902	0.04528	4838.0	0.00236	0.01087	10618245.0	5.18048	12.98889	13766046.0	6.71624	15.42905	7955091.0	3.88117	11.1014	7270438.0	3.54713	11.52247	20251054.0	9.88018	22.52842	9752630.0	4.75816	10.26598	1483423.0	0.72374	1.83132	5153309.0	2.51422	7.76393	2252782.0	1.0991	2.49908	740173.0	0.36112	1.18167
d__Bacteria;p__Actinobacteriota;c__Coriobacteriia;o__Coriobacteriales;f__Atopobiaceae;g__NM07-P-09;s__NM07-P-09 sp004793925	2|201174|84998|84999|84107||2011094|	6676.0	0.00343	0.01773	9308.0	0.00479	0.02945	7689.0	0.00395	0.01736	18569.0	0.00955	0.04793	7409.0	0.00381	0.01754	80707.0	0.04149	0.10402	65648.0	0.03375	0.07753	48035.0	0.02469	0.07063	19131.0	0.00984	0.03195	71902.0	0.03696	0.08428	5545799.0	2.85089	6.15095	407854.0	0.20966	0.53052	1773458.0	0.91167	2.81524	7933508.0	4.07833	9.27312	6028179.0	3.09887	10.1402
d__Bacteria;p__Actinobacteriota;c__Coriobacteriia;o__Coriobacteriales;f__Eggerthellaceae;g__Adlercreutzia;s__Adlercreutzia caecimuris	2|201174|84998|1643822|1643826|447020|671266|	0.0	0.0	0.0	415.0	0.00015	0.00092	0.0	0.0	0.0	90.0	3e-05	0.00016	451.0	0.00016	0.00075	79179.0	0.02854	0.07156	98658.0	0.03556	0.0817	117230.0	0.04226	0.12088	135190.0	0.04873	0.15831	34616.0	0.01248	0.02845	241064.0	0.0869	0.18749	361173.0	0.1302	0.32944	559731.0	0.20177	0.62308	1017358.0	0.36674	0.83387	193599.0	0.06979	0.22837
d__Bacteria;p__Actinobacteriota;c__Coriobacteriia;o__Coriobacteriales;f__Eggerthellaceae;g__Adlercreutzia;s__Adlercreutzia mucosicola	2|201174|84998|1643822|1643826|447020|580026|	0.0	0.0	0.0	0.0	0.0	0.0	0.0	0.0	0.0	0.0	0.0	0.0	0.0	0.0	0.0	7221.0	0.00246	0.00618	19137.0	0.00653	0.01501	10392.0	0.00355	0.01015	15161.0	0.00517	0.01681	434.0	0.00015	0.00034	52226.0	0.01782	0.03846	72692.0	0.02481	0.06278	22491.0	0.00768	0.0237	55000.0	0.01877	0.04268	45861.0	0.01565	0.05122
d__Bacteria;p__Actinobacteriota;c__Coriobacteriia;o__Coriobacteriales;f__Eggerthellaceae;g__Adlercreutzia;s__Adlercreutzia muris	2|201174|84998|1643822|1643826|447020|1796610|	0.0	0.0	0.0	0.0	0.0	0.0	0.0	0.0	0.0	0.0	0.0	0.0	0.0	0.0	0.0	38048.0	0.01364	0.0342	48164.0	0.01726	0.03966	60244.0	0.02159	0.06177	50098.0	0.01796	0.05833	20217.0	0.00725	0.01652	548864.0	0.19674	0.42448	141429.0	0.0507	0.12828	0.0	0.0	0.0	18788.0	0.00673	0.01531	4605.0	0.00165	0.0054
d__Bacteria;p__Actinobacteriota;c__Coriobacteriia;o__Coriobacteriales;f__Eggerthellaceae;g__D16-34;s__D16-34 sp009911635	2|201174|84998|1643822|1643826||1972561|	0.0	0.0	0.0	0.0	0.0	0.0	0.0	0.0	0.0	0.0	0.0	0.0	0.0	0.0	0.0	9145.0	0.00313	0.00785	17474.0	0.00598	0.01374	17179.0	0.00588	0.01682	14255.0	0.00488	0.01585	4830.0	0.00165	0.00377	5697.0	0.00195	0.00421	13342.0	0.00457	0.01156	0.0	0.0	0.0	0.0	0.0	0.0	0.0	0.0	0.0
d__Bacteria;p__Actinobacteriota;c__Coriobacteriia;o__Coriobacteriales;f__Eggerthellaceae;g__D16-63;s__D16-63 sp910588095	2|||||||	0.0	0.0	0.0	0.0	0.0	0.0	0.0	0.0	0.0	0.0	0.0	0.0	0.0	0.0	0.0	0.0	0.0	0.0	1777.0	0.00086	0.00197	602.0	0.00029	0.00083	1302.0	0.00063	0.00204	0.0	0.0	0.0	10560.0	0.00509	0.01097	5377.0	0.00259	0.00655	0.0	0.0	0.0	0.0	0.0	0.0	0.0	0.0	0.0
d__Bacteria;p__Actinobacteriota;c__Coriobacteriia;o__Coriobacteriales;f__Eggerthellaceae;g__MGBC163016;s__MGBC163016 sp910588205	2|201174||||||	0.0	0.0	0.0	0.0	0.0	0.0	0.0	0.0	0.0	0.0	0.0	0.0	0.0	0.0	0.0	2199.0	0.0011	0.00276	10966.0	0.0055	0.01263	4000.0	0.00201	0.00573	7108.0	0.00356	0.01157	1371.0	0.00069	0.00157	129336.0	0.06482	0.13985	5766.0	0.00289	0.00731	10729.0	0.00538	0.01661	128912.0	0.06461	0.1469	9923.0	0.00497	0.01627
d__Bacteria;p__Actinobacteriota;c__Coriobacteriia;o__Coriobacteriales;f__Eggerthellaceae;g__MGBC163016;s__MGBC163016 sp910588945	2|1239|186801|186802|186803|||	0.0	0.0	0.0	0.0	0.0	0.0	0.0	0.0	0.0	0.0	0.0	0.0	0.0	0.0	0.0	0.0	0.0	0.0	0.0	0.0	0.0	0.0	0.0	0.0	153.0	7e-05	0.00023	0.0	0.0	0.0	1365.0	0.00064	0.00139	8986.0	0.00423	0.01069	0.0	0.0	0.0	651.0	0.00031	0.0007	4839.0	0.00228	0.00745
d__Bacteria;p__Actinobacteriota;c__Coriobacteriia;o__Coriobacteriales;f__Eggerthellaceae;g__MGBC163016;s__MGBC163016 sp910589135	2|||||||	0.0	0.0	0.0	0.0	0.0	0.0	0.0	0.0	0.0	0.0	0.0	0.0	0.0	0.0	0.0	244.0	0.00011	0.00028	2160.0	0.001	0.0023	0.0	0.0	0.0	1471.0	0.00068	0.00222	0.0	0.0	0.0	1041.0	0.00048	0.00104	2812.0	0.00131	0.0033	0.0	0.0	0.0	0.0	0.0	0.0	0.0	0.0	0.0
d__Bacteria;p__Actinobacteriota;c__Coriobacteriia;o__Coriobacteriales;f__Eggerthellaceae;g__Parvibacter;s__Parvibacter caecicola	2|201174|84998|84999|84107|1427376|747645|	0.0	0.0	0.0	0.0	0.0	0.0	0.0	0.0	0.0	0.0	0.0	0.0	0.0	0.0	0.0	6996.0	0.00299	0.00748	15516.0	0.00662	0.01521	8796.0	0.00375	0.01073	11287.0	0.00482	0.01564	3052.0	0.0013	0.00297	18323.0	0.00782	0.01687	12272.0	0.00524	0.01325	0.0	0.0	0.0	0.0	0.0	0.0	0.0	0.0	0.0
d__Bacteria;p__Actinobacteriota;c__Coriobacteriia;o__Coriobacteriales;f__Eggerthellaceae;g__QWKK01;s__QWKK01 sp009911695	2|201174|84998|1643822|1643826|580024|2304571|	0.0	0.0	0.0	0.0	0.0	0.0	0.0	0.0	0.0	0.0	0.0	0.0	0.0	0.0	0.0	13078.0	0.00474	0.01188	36719.0	0.01331	0.03057	23387.0	0.00847	0.02424	32452.0	0.01176	0.0382	9723.0	0.00352	0.00803	78987.0	0.02862	0.06175	60756.0	0.02202	0.05571	14679.0	0.00532	0.01643	75231.0	0.02726	0.06199	22580.0	0.00818	0.02678
d__Bacteria;p__Bacteroidota;c__Bacteroidia;o__Bacteroidales;f__Bacteroidaceae;g__Bacteroides;s__Bacteroides acidifaciens	2|976|200643|171549|815|816|85831|	4429.0	0.00096	0.00495	2824.0	0.00061	0.00376	6826.0	0.00148	0.00649	859.0	0.00019	0.00093	5630.0	0.00122	0.00561	2612509.0	0.56518	1.41706	1035336.0	0.22398	0.51454	1531485.0	0.33131	0.94767	756073.0	0.16357	0.53132	1635623.0	0.35384	0.80682	153065.0	0.03311	0.07144	2016628.0	0.43627	1.10391	2215.0	0.00048	0.00148	2799272.0	0.60558	1.37694	853150.0	0.18457	0.60394
d__Bacteria;p__Bacteroidota;c__Bacteroidia;o__Bacteroidales;f__Bacteroidaceae;g__Bacteroides;s__Bacteroides caecimuris	2|976|200643|171549|815|816|1796613|	1951.0	0.00038	0.00195	0.0	0.0	0.0	7687.0	0.00149	0.00652	0.0	0.0	0.0	0.0	0.0	0.0	1016528.0	0.19639	0.49241	976991.0	0.18876	0.43362	1427836.0	0.27586	0.78905	620688.0	0.11992	0.38954	4229841.0	0.81721	1.86337	40143.0	0.00776	0.01673	31956.0	0.00617	0.01562	1415.0	0.00027	0.00084	51333.0	0.00992	0.02255	7910.0	0.00153	0.005
d__Bacteria;p__Bacteroidota;c__Bacteroidia;o__Bacteroidales;f__Bacteroidaceae;g__Bacteroides;s__Bacteroides uniformis	2|976|200643|171549|815|816|820|	10199.0	0.00227	0.01174	8131.0	0.00181	0.01115	9104.0	0.00203	0.00891	2632.0	0.00059	0.00295	4818.0	0.00107	0.00495	6817706.0	1.51969	3.81028	2540367.0	0.56626	1.30084	5087799.0	1.13409	3.24385	3273244.0	0.72962	2.37008	3436015.0	0.7659	1.74637	314636.0	0.07013	0.15132	1489788.0	0.33208	0.84028	14633574.0	3.26187	10.07266	3541810.0	0.78948	1.79508	1345548.0	0.29993	0.98143
d__Bacteria;p__Bacteroidota;c__Bacteroidia;o__Bacteroidales;f__Bacteroidaceae;g__Phocaeicola;s__Phocaeicola vulgatus	2|976|200643|171549|815|909656|821|	662.0	0.00014	0.00071	0.0	0.0	0.0	643.0	0.00013	0.00059	0.0	0.0	0.0	4394.0	0.00091	0.00421	1722411.0	0.35838	0.89857	803053.0	0.16709	0.38386	955017.0	0.19871	0.56838	651460.0	0.13555	0.44032	1362648.0	0.28353	0.64649	683315.0	0.14218	0.30676	2400700.0	0.49952	1.26395	1481.0	0.00031	0.00095	40543.0	0.00844	0.01918	2781.0	0.00058	0.00189
d__Bacteria;p__Bacteroidota;c__Bacteroidia;o__Bacteroidales;f__Marinifilaceae;g__Odoribacter;s__Odoribacter sp910578105	2|976||||||	0.0	0.0	0.0	0.0	0.0	0.0	0.0	0.0	0.0	0.0	0.0	0.0	0.0	0.0	0.0	259414.0	0.08388	0.2103	161933.0	0.05236	0.12028	276583.0	0.08943	0.25579	199680.0	0.06456	0.20973	255617.0	0.08265	0.18845	72421.0	0.02342	0.05052	83343.0	0.02695	0.06819	0.0	0.0	0.0	0.0	0.0	0.0	0.0	0.0	0.0
d__Bacteria;p__Bacteroidota;c__Bacteroidia;o__Bacteroidales;f__Muribaculaceae;g__CAG-485;s__CAG-485 sp002361155	2|976||||||	0.0	0.0	0.0	0.0	0.0	0.0	0.0	0.0	0.0	0.0	0.0	0.0	0.0	0.0	0.0	226540.0	0.09554	0.23954	237395.0	0.10012	0.23	235306.0	0.09924	0.28385	208575.0	0.08796	0.28574	79037.0	0.03333	0.076	266599.0	0.11243	0.24258	423911.0	0.17878	0.45237	0.0	0.0	0.0	60638.0	0.02557	0.05815	3458.0	0.00146	0.00477
d__Bacteria;p__Bacteroidota;c__Bacteroidia;o__Bacteroidales;f__Muribaculaceae;g__CAG-485;s__CAG-485 sp002361215	2|976||||||	0.0	0.0	0.0	0.0	0.0	0.0	0.0	0.0	0.0	0.0	0.0	0.0	312.0	0.00012	0.00055	413188.0	0.15798	0.3961	732176.0	0.27994	0.6431	620333.0	0.23718	0.67841	432762.0	0.16546	0.53749	331644.0	0.1268	0.28913	340581.0	0.13022	0.28095	804453.0	0.30758	0.77827	722679.0	0.27631	0.85325	0.0	0.0	0.0	519.0	0.0002	0.00065
d__Bacteria;p__Bacteroidota;c__Bacteroidia;o__Bacteroidales;f__Muribaculaceae;g__CAG-485;s__CAG-485 sp002362485	2|976|200643|171549|2005519|397864|2780099|	0.0	0.0	0.0	0.0	0.0	0.0	0.0	0.0	0.0	75.0	2e-05	0.00012	269.0	8e-05	0.00039	211278.0	0.06591	0.16525	180504.0	0.05631	0.12936	232899.0	0.07265	0.20781	125111.0	0.03903	0.12678	208174.0	0.06494	0.14808	448266.0	0.13984	0.30171	554054.0	0.17284	0.43734	194824.0	0.06078	0.18768	1030679.0	0.32152	0.73106	273199.0	0.08523	0.27888
d__Bacteria;p__Bacteroidota;c__Bacteroidia;o__Bacteroidales;f__Muribaculaceae;g__CAG-485;s__CAG-485 sp002491945	2|1239|909932|1843489|31977|||	0.0	0.0	0.0	0.0	0.0	0.0	0.0	0.0	0.0	0.0	0.0	0.0	2640.0	0.001	0.00463	79.0	3e-05	8e-05	0.0	0.0	0.0	0.0	0.0	0.0	0.0	0.0	0.0	104.0	4e-05	9e-05	207.0	8e-05	0.00017	1744155.0	0.66343	1.67872	0.0	0.0	0.0	0.0	0.0	0.0	0.0	0.0	0.0
d__Bacteria;p__Bacteroidota;c__Bacteroidia;o__Bacteroidales;f__Muribaculaceae;g__CAG-485;s__CAG-485 sp003979075	2|976||||||	1427.0	0.00065	0.00335	1126.0	0.00051	0.00315	1119.0	0.00051	0.00224	585.0	0.00027	0.00134	1355.0	0.00062	0.00284	559977.0	0.25463	0.63843	559102.0	0.25423	0.58404	657165.0	0.29882	0.85473	391407.0	0.17798	0.57814	323577.0	0.14714	0.33549	233370.0	0.10612	0.22895	537913.0	0.2446	0.61892	822969.0	0.37422	1.15558	1377326.0	0.62629	1.42403	341761.0	0.1554	0.50852
d__Bacteria;p__Bacteroidota;c__Bacteroidia;o__Bacteroidales;f__Muribaculaceae;g__CAG-485;s__CAG-485 sp009775355	2|1239|91061|186826|33958|||	0.0	0.0	0.0	0.0	0.0	0.0	0.0	0.0	0.0	0.0	0.0	0.0	0.0	0.0	0.0	9308.0	0.00358	0.00897	8524.0	0.00327	0.00752	15459.0	0.00594	0.01699	7005.0	0.00269	0.00874	0.0	0.0	0.0	3586.0	0.00138	0.00297	62602.0	0.02405	0.06085	0.0	0.0	0.0	0.0	0.0	0.0	0.0	0.0	0.0
d__Bacteria;p__Bacteroidota;c__Bacteroidia;o__Bacteroidales;f__Muribaculaceae;g__CAG-485;s__CAG-485 sp009775365	2|976|200643|171549||||	925.0	0.00031	0.00159	342.0	0.00011	0.0007	1238.0	0.00041	0.00181	0.0	0.0	0.0	408.0	0.00014	0.00063	1291899.0	0.42996	1.07803	997788.0	0.33208	0.76287	852513.0	0.28373	0.81156	693872.0	0.23093	0.75015	960147.0	0.31955	0.72863	224074.0	0.07458	0.1609	650970.0	0.21665	0.54821	234.0	8e-05	0.00024	973410.0	0.32396	0.73662	412429.0	0.13726	0.44915
d__Bacteria;p__Bacteroidota;c__Bacteroidia;o__Bacteroidales;f__Muribaculaceae;g__CAG-485;s__CAG-485 sp009775375	2|976||||||	0.0	0.0	0.0	0.0	0.0	0.0	0.0	0.0	0.0	0.0	0.0	0.0	0.0	0.0	0.0	37069.0	0.01005	0.02519	36729.0	0.00996	0.02287	41485.0	0.01124	0.03216	32065.0	0.00869	0.02823	0.0	0.0	0.0	196257.0	0.05319	0.11477	7270.0	0.00197	0.00499	0.0	0.0	0.0	0.0	0.0	0.0	0.0	0.0	0.0
d__Bacteria;p__Bacteroidota;c__Bacteroidia;o__Bacteroidales;f__Muribaculaceae;g__CAG-873;s__CAG-873 sp002490635	2|1239|186801|186802|186806|||	5201.0	0.00217	0.01123	5488.0	0.00229	0.01412	1012.0	0.00042	0.00186	5470.0	0.00229	0.01148	4108.0	0.00172	0.00791	1393783.0	0.58262	1.46079	2239667.0	0.93621	2.15073	2238797.0	0.93585	2.67682	2041194.0	0.85325	2.77168	484730.0	0.20262	0.46201	2659652.0	1.11177	2.3987	1951995.0	0.81596	2.06467	546894.0	0.22861	0.70595	1287390.0	0.53815	1.22361	1207547.0	0.50477	1.65173
d__Bacteria;p__Bacteroidota;c__Bacteroidia;o__Bacteroidales;f__Muribaculaceae;g__CAG-873;s__CAG-873 sp009775225	2|1239|909932|909929|1843491|||	0.0	0.0	0.0	0.0	0.0	0.0	0.0	0.0	0.0	0.0	0.0	0.0	0.0	0.0	0.0	94484.0	0.03641	0.09128	145657.0	0.05612	0.12893	167251.0	0.06444	0.18433	128269.0	0.04942	0.16055	48496.0	0.01869	0.04261	72091.0	0.02778	0.05993	138301.0	0.05329	0.13484	0.0	0.0	0.0	19547.0	0.00753	0.01713	21625.0	0.00833	0.02727
d__Bacteria;p__Bacteroidota;c__Bacteroidia;o__Bacteroidales;f__Muribaculaceae;g__CAG-873;s__CAG-873 sp009775535	2|1239|91061|1385|90964|||	0.0	0.0	0.0	0.0	0.0	0.0	0.0	0.0	0.0	0.0	0.0	0.0	0.0	0.0	0.0	0.0	0.0	0.0	0.0	0.0	0.0	0.0	0.0	0.0	0.0	0.0	0.0	0.0	0.0	0.0	0.0	0.0	0.0	18693.0	0.00791	0.02002	77627.0	0.03286	0.10147	386382.0	0.16355	0.37187	110977.0	0.04698	0.15371
d__Bacteria;p__Bacteroidota;c__Bacteroidia;o__Bacteroidales;f__Muribaculaceae;g__CAG-873;s__CAG-873 sp011959565	2|976|200643|171549|2005473||2498093|	866.0	0.00034	0.00175	2452.0	0.00096	0.00591	3937.0	0.00154	0.00677	0.0	0.0	0.0	0.0	0.0	0.0	840775.0	0.32942	0.82595	1421483.0	0.55694	1.27945	913025.0	0.35773	1.02322	1293052.0	0.50662	1.64571	2082732.0	0.81603	1.86067	117419.0	0.04601	0.09926	98094.0	0.03843	0.09725	375600.0	0.14716	0.45444	660422.0	0.25876	0.58835	36439.0	0.01428	0.04672
d__Bacteria;p__Bacteroidota;c__Bacteroidia;o__Bacteroidales;f__Muribaculaceae;g__CAG-873;s__CAG-873 sp910587235	2|976||||||	0.0	0.0	0.0	0.0	0.0	0.0	0.0	0.0	0.0	0.0	0.0	0.0	0.0	0.0	0.0	143.0	5e-05	0.00012	0.0	0.0	0.0	1165.0	0.0004	0.00116	857.0	0.0003	0.00097	0.0	0.0	0.0	0.0	0.0	0.0	68415.0	0.02373	0.06004	0.0	0.0	0.0	0.0	0.0	0.0	1134.0	0.00039	0.00129
d__Bacteria;p__Bacteroidota;c__Bacteroidia;o__Bacteroidales;f__Muribaculaceae;g__Duncaniella;s__Duncaniella dubosii	2|976|200643|171549|2005473|2518495|2518971|	0.0	0.0	0.0	0.0	0.0	0.0	0.0	0.0	0.0	0.0	0.0	0.0	0.0	0.0	0.0	0.0	0.0	0.0	0.0	0.0	0.0	0.0	0.0	0.0	0.0	0.0	0.0	0.0	0.0	0.0	0.0	0.0	0.0	0.0	0.0	0.0	9422.0	0.00301	0.00929	5705.0	0.00182	0.00414	3798.0	0.00121	0.00397
d__Bacteria;p__Bacteroidota;c__Bacteroidia;o__Bacteroidales;f__Muribaculaceae;g__Duncaniella;s__Duncaniella muris	2|976|200643|171549|2005473|2518495|2094150|	0.0	0.0	0.0	0.0	0.0	0.0	0.0	0.0	0.0	0.0	0.0	0.0	0.0	0.0	0.0	63872.0	0.02439	0.06115	169197.0	0.0646	0.14841	197321.0	0.07534	0.2155	125940.0	0.04809	0.1562	37857.0	0.01445	0.03296	2438.0	0.00093	0.00201	23157.0	0.00884	0.02237	0.0	0.0	0.0	26898.0	0.01027	0.02335	0.0	0.0	0.0
d__Bacteria;p__Bacteroidota;c__Bacteroidia;o__Bacteroidales;f__Muribaculaceae;g__Duncaniella;s__Duncaniella sp001689575	2|976|200643|171549|2005473||2486473|	0.0	0.0	0.0	0.0	0.0	0.0	0.0	0.0	0.0	0.0	0.0	0.0	0.0	0.0	0.0	167064.0	0.05738	0.14388	147157.0	0.05055	0.11612	256486.0	0.0881	0.252	163289.0	0.05609	0.1822	74468.0	0.02558	0.05832	108165.0	0.03715	0.08016	260644.0	0.08953	0.22654	443798.0	0.15244	0.47073	445003.0	0.15285	0.34755	131484.0	0.04516	0.14779
d__Bacteria;p__Bacteroidota;c__Bacteroidia;o__Bacteroidales;f__Muribaculaceae;g__Muribaculum;s__Muribaculum arabinoxylanisolvens	2|1239|186801|186802|186803|||	4460.0	0.00141	0.00731	11062.0	0.00351	0.02159	3448.0	0.00109	0.0048	5889.0	0.00187	0.00938	17158.0	0.00544	0.02507	5257374.0	1.66758	4.18108	2253013.0	0.71463	1.6417	1798405.0	0.57043	1.63162	2981899.0	0.94582	3.0724	20821.0	0.0066	0.01506	1468799.0	0.46589	1.00517	6401452.0	2.03047	5.1378	7339176.0	2.3279	7.18857	3756029.0	1.19137	2.70888	2576753.0	0.81732	2.67445
d__Bacteria;p__Bacteroidota;c__Bacteroidia;o__Bacteroidales;f__Muribaculaceae;g__Muribaculum;s__Muribaculum gordoncarteri	2|976|200643|171549|2005473|1918540|2530390|	0.0	0.0	0.0	0.0	0.0	0.0	0.0	0.0	0.0	0.0	0.0	0.0	0.0	0.0	0.0	21650.0	0.00794	0.0199	105240.0	0.03859	0.08865	57510.0	0.02109	0.06032	50708.0	0.01859	0.0604	10637.0	0.0039	0.00889	14332.0	0.00526	0.01134	31792.0	0.01166	0.0295	0.0	0.0	0.0	367518.0	0.13476	0.30641	21724.0	0.00797	0.02607
d__Bacteria;p__Bacteroidota;c__Bacteroidia;o__Bacteroidales;f__Muribaculaceae;g__Muribaculum;s__Muribaculum intestinale	2|976|200643|171549|2005473|1918540|1796646|	1305.0	0.00046	0.00239	1865.0	0.00066	0.00406	530.0	0.00019	0.00082	0.0	0.0	0.0	961.0	0.00034	0.00157	818095.0	0.28929	0.72533	820794.0	0.29024	0.66677	789445.0	0.27916	0.79849	858922.0	0.30373	0.98662	363781.0	0.12864	0.29332	144473.0	0.05109	0.11022	537028.0	0.1899	0.48052	1911306.0	0.67586	2.08707	1420265.0	0.50223	1.14194	427580.0	0.1512	0.49476
d__Bacteria;p__Bacteroidota;c__Bacteroidia;o__Bacteroidales;f__Muribaculaceae;g__Muribaculum;s__Muribaculum sp002473395	2|976|200643|171549|2005473||2498093|	0.0	0.0	0.0	0.0	0.0	0.0	0.0	0.0	0.0	0.0	0.0	0.0	0.0	0.0	0.0	189107.0	0.07859	0.19704	132617.0	0.05511	0.12661	117532.0	0.04884	0.13971	175183.0	0.0728	0.23649	86027.0	0.03575	0.08152	48234.0	0.02005	0.04325	90915.0	0.03778	0.0956	261287.0	0.10858	0.33531	347170.0	0.14428	0.32805	108165.0	0.04495	0.14709
d__Bacteria;p__Bacteroidota;c__Bacteroidia;o__Bacteroidales;f__Muribaculaceae;g__Muribaculum;s__Muribaculum sp009775095	2|||||||	0.0	0.0	0.0	0.0	0.0	0.0	0.0	0.0	0.0	0.0	0.0	0.0	0.0	0.0	0.0	1426.0	0.00042	0.00104	291.0	8e-05	0.0002	219.0	6e-05	0.00018	909.0	0.00026	0.00086	0.0	0.0	0.0	621.0	0.00018	0.00039	1893.0	0.00055	0.00139	2135.0	0.00062	0.00192	803.0	0.00023	0.00053	473.0	0.00014	0.00045
d__Bacteria;p__Bacteroidota;c__Bacteroidia;o__Bacteroidales;f__Muribaculaceae;g__Paramuribaculum;s__Paramuribaculum intestinale	2|976|200643|171549|2005473|2518497|2094151|	5492.0	0.0024	0.01237	6956.0	0.00303	0.01868	6688.0	0.00292	0.01281	2848.0	0.00124	0.00624	2842.0	0.00124	0.00571	1963254.0	0.85635	2.14711	2215142.0	0.96622	2.21968	1634971.0	0.71316	2.03987	2075512.0	0.90532	2.94083	1676144.0	0.73112	1.66707	453149.0	0.19766	0.42646	455356.0	0.19862	0.50259	2112807.0	0.92159	2.84586	4648635.0	2.02769	4.61047	525214.0	0.22909	0.74965
d__Bacteria;p__Bacteroidota;c__Bacteroidia;o__Bacteroidales;f__Muribaculaceae;g__Paramuribaculum;s__Paramuribaculum sp910579675	2|976|200643|171549|2005473|||	0.0	0.0	0.0	0.0	0.0	0.0	0.0	0.0	0.0	0.0	0.0	0.0	0.0	0.0	0.0	489.0	0.00018	0.00044	424.0	0.00015	0.00035	1756.0	0.00063	0.00181	0.0	0.0	0.0	0.0	0.0	0.0	0.0	0.0	0.0	282.0	0.0001	0.00026	2818605.0	1.01345	3.12955	6175.0	0.00222	0.00505	91153.0	0.03277	0.10725
d__Bacteria;p__Bacteroidota;c__Bacteroidia;o__Bacteroidales;f__Muribaculaceae;g__UBA3263;s__UBA3263 sp001689615	2|976|200643|171549|2005473||2498093|	2141.0	0.00097	0.00504	1936.0	0.00088	0.00543	1473.0	0.00067	0.00295	1370.0	0.00062	0.00313	3447.0	0.00157	0.00723	826038.0	0.37613	0.94307	893802.0	0.40699	0.93497	941310.0	0.42862	1.226	573810.0	0.26128	0.84875	512287.0	0.23327	0.53189	504486.0	0.22972	0.49563	1629289.0	0.74189	1.87725	1574926.0	0.71714	2.21453	1513604.0	0.68921	1.56711	438513.0	0.19968	0.65338
d__Bacteria;p__Bacteroidota;c__Bacteroidia;o__Bacteroidales;f__Muribaculaceae;g__UBA7173;s__UBA7173 sp001689485	2|||||||	0.0	0.0	0.0	0.0	0.0	0.0	0.0	0.0	0.0	0.0	0.0	0.0	0.0	0.0	0.0	442483.0	0.16232	0.40699	363378.0	0.1333	0.30624	444120.0	0.16292	0.46601	390893.0	0.1434	0.46581	49760.0	0.01825	0.04162	14314.0	0.00525	0.01133	63293.0	0.02322	0.05875	0.0	0.0	0.0	0.0	0.0	0.0	0.0	0.0	0.0
d__Bacteria;p__Bacteroidota;c__Bacteroidia;o__Bacteroidales;f__Muribaculaceae;g__UBA7173;s__UBA7173 sp001689685	2|976|200643|171549|2005473|||	6433.0	0.00245	0.01266	5120.0	0.00195	0.01201	1667.0	0.00064	0.00279	1949.0	0.00074	0.00373	2682.0	0.00102	0.00471	1604210.0	0.61115	1.53233	1694162.0	0.64542	1.48271	2148316.0	0.81844	2.34101	1395381.0	0.5316	1.72683	343430.0	0.13084	0.29833	222075.0	0.0846	0.18254	499598.0	0.19033	0.48161	9504225.0	3.62081	11.18109	3669230.0	1.39786	3.1784	1445475.0	0.55068	1.80196
d__Bacteria;p__Bacteroidota;c__Bacteroidia;o__Bacteroidales;f__Muribaculaceae;g__UBA7173;s__UBA7173 sp002491305	2|976|200643|171549|2005473||2489218|	0.0	0.0	0.0	0.0	0.0	0.0	0.0	0.0	0.0	0.0	0.0	0.0	0.0	0.0	0.0	23847.0	0.00963	0.02416	51785.0	0.02092	0.04806	62110.0	0.02509	0.07178	48000.0	0.01939	0.063	2404.0	0.00097	0.00221	13457.0	0.00544	0.01173	3179.0	0.00128	0.00325	0.0	0.0	0.0	78021.0	0.03152	0.07167	118718.0	0.04796	0.15695
d__Bacteria;p__Bacteroidota;c__Bacteroidia;o__Bacteroidales;f__Muribaculaceae;g__UBA7173;s__UBA7173 sp004102805	2|976||||||	11262.0	0.00377	0.01947	12490.0	0.00418	0.02572	4008.0	0.00134	0.00589	7060.0	0.00236	0.01186	12418.0	0.00416	0.01914	3037298.0	1.01635	2.54828	3710520.0	1.24163	2.85237	3036181.0	1.01598	2.90603	3942473.0	1.31925	4.28543	1046992.0	0.35035	0.79885	2439088.0	0.81618	1.76095	4249351.0	1.42194	3.598	2848977.0	0.95334	2.94391	3956594.0	1.32397	3.01039	2078729.0	0.69559	2.27614
d__Bacteria;p__Bacteroidota;c__Bacteroidia;o__Bacteroidales;f__Muribaculaceae;g__UBA7173;s__UBA7173 sp013316675	2|976||||||	302.0	0.0001	0.00053	720.0	0.00024	0.0015	0.0	0.0	0.0	0.0	0.0	0.0	0.0	0.0	0.0	840776.0	0.28376	0.71146	625712.0	0.21118	0.48513	651521.0	0.21989	0.62895	832066.0	0.28082	0.91221	246023.0	0.08303	0.18933	406150.0	0.13707	0.29575	356349.0	0.12027	0.30432	0.0	0.0	0.0	40487.0	0.01366	0.03107	10155.0	0.00343	0.01122
d__Bacteria;p__Bacteroidota;c__Bacteroidia;o__Bacteroidales;f__Rikenellaceae;g__Alistipes;s__	2|976|200643|171549|171550|||	0.0	0.0	0.0	0.0	0.0	0.0	0.0	0.0	0.0	0.0	0.0	0.0	0.0	0.0	0.0	0.0	0.0	0.0	0.0	0.0	0.0	0.0	0.0	0.0	0.0	0.0	0.0	0.0	0.0	0.0	22839.0	0.00583	0.01259	0.0	0.0	0.0	0.0	0.0	0.0	0.0	0.0	0.0	0.0	0.0	0.0
d__Bacteria;p__Bacteroidota;c__Bacteroidia;o__Bacteroidales;f__Rikenellaceae;g__Alistipes;s__Alistipes sp002428825	2|976||||||	0.0	0.0	0.0	0.0	0.0	0.0	0.0	0.0	0.0	0.0	0.0	0.0	245.0	0.00012	0.00055	127965.0	0.06201	0.15548	576669.0	0.27944	0.64196	288908.0	0.14	0.40045	338326.0	0.16395	0.53257	132659.0	0.06428	0.14658	21966.0	0.01064	0.02297	887852.0	0.43024	1.08866	0.0	0.0	0.0	0.0	0.0	0.0	346.0	0.00017	0.00055
d__Bacteria;p__Bacteroidota;c__Bacteroidia;o__Bacteroidales;f__Rikenellaceae;g__Alistipes;s__Alistipes sp910576555	2|976||||||	0.0	0.0	0.0	0.0	0.0	0.0	0.0	0.0	0.0	0.0	0.0	0.0	0.0	0.0	0.0	72186.0	0.0295	0.07396	70222.0	0.0287	0.06592	103263.0	0.0422	0.1207	65250.0	0.02667	0.08662	93798.0	0.03833	0.0874	47710.0	0.0195	0.04207	106262.0	0.04343	0.10988	0.0	0.0	0.0	0.0	0.0	0.0	0.0	0.0	0.0
d__Bacteria;p__Bacteroidota;c__Bacteroidia;o__Bacteroidales;f__Rikenellaceae;g__Alistipes;s__Alistipes sp910577475	2|976||||||	0.0	0.0	0.0	0.0	0.0	0.0	0.0	0.0	0.0	0.0	0.0	0.0	0.0	0.0	0.0	70254.0	0.03012	0.07551	66310.0	0.02843	0.0653	138132.0	0.05922	0.16938	51379.0	0.02203	0.07155	52455.0	0.02249	0.05127	116821.0	0.05008	0.10805	98694.0	0.04231	0.10706	197067.0	0.08448	0.26087	109411.0	0.0469	0.10665	118240.0	0.05069	0.16586
d__Bacteria;p__Bacteroidota;c__Bacteroidia;o__Bacteroidales;f__Rikenellaceae;g__Alistipes;s__Alistipes sp910587675	2|976||||||	3225.0	0.0013	0.00671	823.0	0.00033	0.00204	2239.0	0.0009	0.00396	205.0	8e-05	0.00041	143.0	6e-05	0.00027	956479.0	0.38519	0.96578	1051438.0	0.42343	0.97274	1842194.0	0.74188	2.12203	1010845.0	0.40709	1.32237	1682015.0	0.67738	1.54453	709628.0	0.28578	0.61659	788772.0	0.31765	0.80377	1184508.0	0.47702	1.47305	764.0	0.00031	0.0007	1104.0	0.00044	0.00146
d__Bacteria;p__Bacteroidota;c__Bacteroidia;o__Bacteroidales;f__Rikenellaceae;g__Alistipes;s__Alistipes timonensis	2|976|200643|171549|171550|239759|1465754|	0.0	0.0	0.0	0.0	0.0	0.0	0.0	0.0	0.0	0.0	0.0	0.0	0.0	0.0	0.0	224008.0	0.06056	0.15184	307596.0	0.08316	0.19104	208169.0	0.05628	0.16098	131251.0	0.03548	0.11527	321531.0	0.08693	0.19821	205202.0	0.05548	0.11969	141437.0	0.03824	0.09676	0.0	0.0	0.0	0.0	0.0	0.0	0.0	0.0	0.0
d__Bacteria;p__Bacteroidota;c__Bacteroidia;o__Bacteroidales;f__Tannerellaceae;g__Parabacteroides;s__Parabacteroides distasonis	2|976|200643|171549|2005525|375288|823|	19918.0	0.00417	0.02154	16183.0	0.00339	0.02085	28856.0	0.00604	0.02653	8262.0	0.00173	0.00869	11743.0	0.00246	0.01132	9481102.0	1.98491	4.97671	3589497.0	0.75148	1.72635	6937600.0	1.45241	4.15438	4295717.0	0.89933	2.92136	10521971.0	2.20282	5.02278	2187344.0	0.45793	0.98801	3261537.0	0.68282	1.72777	12188.0	0.00255	0.00788	7085375.0	1.48335	3.37278	3987691.0	0.83484	2.73179
d__Bacteria;p__Bacteroidota;c__Bacteroidia;o__Bacteroidales;f__Tannerellaceae;g__Parabacteroides;s__Parabacteroides goldsteinii	2|976|200643|171549|2005525|375288|328812|	0.0	0.0	0.0	0.0	0.0	0.0	0.0	0.0	0.0	0.0	0.0	0.0	0.0	0.0	0.0	1059109.0	0.16209	0.4064	492627.0	0.07539	0.1732	583919.0	0.08936	0.25561	484092.0	0.07409	0.24066	467259.0	0.07151	0.16306	248232.0	0.03799	0.08197	927505.0	0.14195	0.35918	0.0	0.0	0.0	0.0	0.0	0.0	9211.0	0.00141	0.00461
d__Bacteria;p__Bacteroidota;c__Bacteroidia;o__Flavobacteriales;f__Weeksellaceae;g__Epilithonimonas;s__Epilithonimonas vandammei	2|976|117743|200644|2762318|2782229|420404|	0.0	0.0	0.0	0.0	0.0	0.0	0.0	0.0	0.0	0.0	0.0	0.0	276.0	9e-05	0.00043	0.0	0.0	0.0	0.0	0.0	0.0	0.0	0.0	0.0	0.0	0.0	0.0	0.0	0.0	0.0	0.0	0.0	0.0	0.0	0.0	0.0	0.0	0.0	0.0	0.0	0.0	0.0	0.0	0.0	0.0
d__Bacteria;p__Cyanobacteria;c__Vampirovibrionia;o__Gastranaerophilales;f__Gastranaerophilaceae;g__Zag111;s__Zag111 sp910584405	2|1798710||||||	0.0	0.0	0.0	0.0	0.0	0.0	0.0	0.0	0.0	0.0	0.0	0.0	0.0	0.0	0.0	0.0	0.0	0.0	0.0	0.0	0.0	0.0	0.0	0.0	0.0	0.0	0.0	0.0	0.0	0.0	0.0	0.0	0.0	177.0	8e-05	0.00019	0.0	0.0	0.0	0.0	0.0	0.0	0.0	0.0	0.0
d__Bacteria;p__Deferribacterota;c__Deferribacteres;o__Deferribacterales;f__Mucispirillaceae;g__Mucispirillum;s__Mucispirillum schaedleri	2|200930|68337|191393|191394|248038|248039|	0.0	0.0	0.0	0.0	0.0	0.0	0.0	0.0	0.0	0.0	0.0	0.0	0.0	0.0	0.0	0.0	0.0	0.0	0.0	0.0	0.0	0.0	0.0	0.0	0.0	0.0	0.0	0.0	0.0	0.0	0.0	0.0	0.0	4686.0	0.00222	0.00562	6077.0	0.00288	0.00889	42595.0	0.02019	0.0459	0.0	0.0	0.0
d__Bacteria;p__Desulfobacterota_I;c__Desulfovibrionia;o__Desulfovibrionales;f__Desulfovibrionaceae;g__Bilophila;s__Bilophila sp910585945	2|1224|28221|213115|194924|||	0.0	0.0	0.0	0.0	0.0	0.0	0.0	0.0	0.0	243.0	8e-05	0.00041	0.0	0.0	0.0	55361.0	0.01862	0.04669	137754.0	0.04634	0.10645	28602.0	0.00962	0.02752	61556.0	0.02071	0.06726	23896.0	0.00804	0.01833	798230.0	0.26851	0.57932	237912.0	0.08003	0.2025	8637.0	0.00291	0.00897	118921.0	0.04	0.09096	280548.0	0.09437	0.3088
d__Bacteria;p__Desulfobacterota_I;c__Desulfovibrionia;o__Desulfovibrionales;f__Desulfovibrionaceae;g__Desulfovibrio;s__Desulfovibrio sp009773975	2|1224||||||	0.0	0.0	0.0	0.0	0.0	0.0	0.0	0.0	0.0	0.0	0.0	0.0	0.0	0.0	0.0	2132.0	0.00075	0.00188	0.0	0.0	0.0	0.0	0.0	0.0	1793.0	0.00063	0.00205	37270.0	0.01312	0.02991	0.0	0.0	0.0	0.0	0.0	0.0	0.0	0.0	0.0	0.0	0.0	0.0	0.0	0.0	0.0
d__Bacteria;p__Desulfobacterota_I;c__Desulfovibrionia;o__Desulfovibrionales;f__Desulfovibrionaceae;g__Desulfovibrio;s__Desulfovibrio sp910575755	2|1224||||||	0.0	0.0	0.0	0.0	0.0	0.0	0.0	0.0	0.0	2117.0	0.00086	0.0043	0.0	0.0	0.0	54881.0	0.02221	0.05569	228520.0	0.09249	0.21247	87213.0	0.0353	0.10096	156439.0	0.06332	0.20567	202385.0	0.08191	0.18677	1339333.0	0.54206	1.16953	210142.0	0.08505	0.21521	0.0	0.0	0.0	239037.0	0.09674	0.21997	804963.0	0.32579	1.06606
d__Bacteria;p__Firmicutes;c__Bacilli;o__Acholeplasmatales;f__Anaeroplasmataceae;g__Pelethenecus;s__Pelethenecus sp900540705	2|1239|186801|186802|186803|||	0.0	0.0	0.0	0.0	0.0	0.0	0.0	0.0	0.0	0.0	0.0	0.0	0.0	0.0	0.0	69539.0	0.03908	0.09797	32332.0	0.01817	0.04174	217194.0	0.12205	0.34909	28067.0	0.01577	0.05123	297116.0	0.16696	0.38069	12631.0	0.0071	0.01531	0.0	0.0	0.0	0.0	0.0	0.0	0.0	0.0	0.0	0.0	0.0	0.0
d__Bacteria;p__Firmicutes;c__Bacilli;o__Erysipelotrichales;f__Coprobacillaceae;g__Erysipelatoclostridium;s__Erysipelatoclostridium cocleatum	2|1239|526524|526525|128827|1505663|69824|	0.0	0.0	0.0	0.0	0.0	0.0	0.0	0.0	0.0	0.0	0.0	0.0	0.0	0.0	0.0	1635.0	0.0006	0.00151	0.0	0.0	0.0	0.0	0.0	0.0	0.0	0.0	0.0	6822.0	0.0025	0.00571	0.0	0.0	0.0	82539.0	0.03029	0.07666	779.0	0.00029	0.00088	3767.0	0.00138	0.00314	4917.0	0.0018	0.00591
d__Bacteria;p__Firmicutes;c__Bacilli;o__Erysipelotrichales;f__Erysipelotrichaceae;g__C-19;s__C-19 sp910576855	2|||||||	0.0	0.0	0.0	0.0	0.0	0.0	0.0	0.0	0.0	0.0	0.0	0.0	0.0	0.0	0.0	0.0	0.0	0.0	0.0	0.0	0.0	0.0	0.0	0.0	0.0	0.0	0.0	0.0	0.0	0.0	0.0	0.0	0.0	1553.0	0.00067	0.00169	0.0	0.0	0.0	0.0	0.0	0.0	0.0	0.0	0.0
d__Bacteria;p__Firmicutes;c__Bacilli;o__Erysipelotrichales;f__Erysipelotrichaceae;g__Dubosiella;s__Dubosiella sp004793885	2|1239|526524|526525|128827||2049044|	10327.0	0.00407	0.02101	12515.0	0.00493	0.03034	11096.0	0.00437	0.01919	36718.0	0.01446	0.07262	7892.0	0.00311	0.01432	4715993.0	1.85746	4.65717	3075588.0	1.21137	2.78284	3112506.0	1.22591	3.50649	3141372.0	1.23728	4.01915	2968503.0	1.16919	2.66594	15060002.0	5.9316	12.79775	1859730.0	0.73248	1.85344	5621746.0	2.21421	6.83748	6186024.0	2.43646	5.53991	2030692.0	0.79982	2.61719
d__Bacteria;p__Firmicutes;c__Bacilli;o__Erysipelotrichales;f__Erysipelotrichaceae;g__Faecalibaculum;s__Faecalibaculum rodentium	2|1239|526524|526525|128827|1729679|1702221|	67807.0	0.03023	0.15616	73429.0	0.03274	0.20148	102068.0	0.04551	0.19984	65304.0	0.02912	0.14621	49405.0	0.02203	0.10146	26657240.0	11.88545	29.8001	32816853.0	14.63178	33.61323	21089871.0	9.40317	26.89612	21205147.0	9.45457	30.71211	36600993.0	16.31899	37.20996	24363522.0	10.86277	23.437	14686637.0	6.54821	16.5693	220041.0	0.09811	0.30296	20106689.0	8.96481	20.38378	10212236.0	4.55325	14.89928
d__Bacteria;p__Firmicutes;c__Bacilli;o__Haloplasmatales_A;f__Turicibacteraceae;g__Turicibacter;s__Turicibacter sp002311155	2|1239|526524|526525|2810281|191303|2304578|	0.0	0.0	0.0	0.0	0.0	0.0	0.0	0.0	0.0	0.0	0.0	0.0	0.0	0.0	0.0	0.0	0.0	0.0	0.0	0.0	0.0	0.0	0.0	0.0	0.0	0.0	0.0	0.0	0.0	0.0	5871.0	0.00236	0.00509	0.0	0.0	0.0	0.0	0.0	0.0	0.0	0.0	0.0	0.0	0.0	0.0
d__Bacteria;p__Firmicutes;c__Bacilli;o__Lactobacillales;f__Enterococcaceae;g__Enterococcus;s__Enterococcus faecalis	2|1239|91061|186826|81852|1350|1351|	0.0	0.0	0.0	0.0	0.0	0.0	0.0	0.0	0.0	0.0	0.0	0.0	0.0	0.0	0.0	0.0	0.0	0.0	0.0	0.0	0.0	0.0	0.0	0.0	0.0	0.0	0.0	0.0	0.0	0.0	0.0	0.0	0.0	2428.0	0.00084	0.00213	3759.0	0.0013	0.00401	614.0	0.00021	0.00048	3184.0	0.0011	0.0036
d__Bacteria;p__Firmicutes;c__Bacilli;o__Lactobacillales;f__Enterococcaceae;g__Enterococcus_D;s__Enterococcus_D gallinarum	2|1239|91061|186826|81852|1350|1353|	0.0	0.0	0.0	0.0	0.0	0.0	0.0	0.0	0.0	0.0	0.0	0.0	0.0	0.0	0.0	0.0	0.0	0.0	0.0	0.0	0.0	3749.0	0.00114	0.00325	561.0	0.00017	0.00055	0.0	0.0	0.0	0.0	0.0	0.0	0.0	0.0	0.0	0.0	0.0	0.0	0.0	0.0	0.0	0.0	0.0	0.0
d__Bacteria;p__Firmicutes;c__Bacilli;o__Lactobacillales;f__Lactobacillaceae;g__Lactobacillus;s__Lactobacillus intestinalis	2|1239|91061|186826|33958|1578|151781|	0.0	0.0	0.0	0.0	0.0	0.0	0.0	0.0	0.0	0.0	0.0	0.0	0.0	0.0	0.0	156713.0	0.08374	0.20996	65235.0	0.03486	0.08008	36694.0	0.01961	0.05608	174000.0	0.09298	0.30203	2692.0	0.00144	0.00328	1510.0	0.00081	0.00174	12020.0	0.00642	0.01625	243856.0	0.13031	0.40239	3981.0	0.00213	0.00484	15416.0	0.00824	0.02696
d__Bacteria;p__Firmicutes;c__Bacilli;o__Lactobacillales;f__Lactobacillaceae;g__Lactobacillus;s__Lactobacillus johnsonii	2|1239|91061|186826|33958|1578|33959|	1819.0	0.00096	0.00494	3049.0	0.0016	0.00987	770.0	0.00041	0.00178	715.0	0.00038	0.00189	9224.0	0.00485	0.02235	1048636.0	0.55162	1.38306	815976.0	0.42923	0.98607	554388.0	0.29163	0.83415	690886.0	0.36343	1.18056	117923.0	0.06203	0.14144	209527.0	0.11022	0.2378	3194249.0	1.68029	4.25173	778291.0	0.40941	1.26426	379125.0	0.19943	0.45346	1123831.0	0.59118	1.93446
d__Bacteria;p__Firmicutes;c__Bacilli;o__Lactobacillales;f__Lactobacillaceae;g__Ligilactobacillus;s__Ligilactobacillus murinus	2|1239|91061|186826|33958|2767887|1622|	321.0	0.00016	0.00082	237.0	0.00012	0.00072	0.0	0.0	0.0	0.0	0.0	0.0	340.0	0.00017	0.00078	430455.0	0.21309	0.53426	396468.0	0.19626	0.45087	221033.0	0.10942	0.31297	249744.0	0.12363	0.4016	42306.0	0.02094	0.04775	139901.0	0.06925	0.14942	265282.0	0.13132	0.33229	621287.0	0.30755	0.94972	491726.0	0.24342	0.55347	259900.0	0.12866	0.42099
d__Bacteria;p__Firmicutes;c__Bacilli;o__Lactobacillales;f__Lactobacillaceae;g__Ligilactobacillus;s__Ligilactobacillus salivarius	2|1239|91061|186826|33958|2767887|1624|	0.0	0.0	0.0	0.0	0.0	0.0	82.0	4e-05	0.00019	349.0	0.00018	0.00091	0.0	0.0	0.0	0.0	0.0	0.0	0.0	0.0	0.0	0.0	0.0	0.0	0.0	0.0	0.0	0.0	0.0	0.0	0.0	0.0	0.0	0.0	0.0	0.0	0.0	0.0	0.0	0.0	0.0	0.0	0.0	0.0	0.0
d__Bacteria;p__Firmicutes;c__Bacilli;o__Lactobacillales;f__Lactobacillaceae;g__Limosilactobacillus;s__Limosilactobacillus balticus	2|1239|91061|186826|33958|2742598|2759747|	0.0	0.0	0.0	0.0	0.0	0.0	0.0	0.0	0.0	0.0	0.0	0.0	0.0	0.0	0.0	240.0	0.00011	0.00028	0.0	0.0	0.0	0.0	0.0	0.0	0.0	0.0	0.0	0.0	0.0	0.0	0.0	0.0	0.0	0.0	0.0	0.0	240.0	0.00011	0.00035	0.0	0.0	0.0	960.0	0.00045	0.00147
d__Bacteria;p__Firmicutes;c__Bacilli;o__Lactobacillales;f__Lactobacillaceae;g__Limosilactobacillus;s__Limosilactobacillus reuteri	2|1239|91061|186826|33958|2742598|1598|2|1239|91061|186826|33958|2742598|1598|2|1239|91061|186826|33958|2742598|1598|	0.0	0.0	0.0	0.0	0.0	0.0	0.0	0.0	0.0	0.0	0.0	0.0	0.0	0.0	0.0	331927.0	0.17778	0.44574	231910.0	0.124	0.28485	142452.0	0.0763	0.21823	184634.0	0.09889	0.32123	34575.0	0.01852	0.04223	119632.0	0.06407	0.13824	554595.0	0.29704	0.75161	141760.0	0.07593	0.23446	22820.0	0.01222	0.02779	95429.0	0.05111	0.16725
d__Bacteria;p__Firmicutes;c__Bacilli;o__Lactobacillales;f__Streptococcaceae;g__Lactococcus;s__Lactococcus cremoris	2|1239|91061|186826|1300|1357|1359|	69484.0	0.02902	0.1499	68429.0	0.02858	0.17588	65986.0	0.02756	0.12102	74790.0	0.03124	0.15685	66570.0	0.0278	0.12805	1053267.0	0.43989	1.10292	146026.0	0.06099	0.1401	1051595.0	0.43919	1.25622	304092.0	0.127	0.41255	327726.0	0.13687	0.31209	1622.0	0.00068	0.00146	1809.0	0.00076	0.00191	127.0	5e-05	0.00016	3864.0	0.00161	0.00367	64.0	3e-05	9e-05
d__Bacteria;p__Firmicutes;c__Bacilli;o__Lactobacillales;f__Streptococcaceae;g__Lactococcus;s__Lactococcus lactis	2|1239|91061|186826|1300|1357|1358|	45032357.0	19.23537	99.35713	37737895.0	16.11957	99.20188	52962221.0	22.62257	99.34258	46296489.0	19.77533	99.30087	50502271.0	21.57181	99.35535	5025.0	0.00215	0.00538	884.0	0.00038	0.00087	112702.0	0.04814	0.1377	82473.0	0.03523	0.11443	138994.0	0.05937	0.13538	142961.0	0.06107	0.13175	227781.0	0.0973	0.24619	372613.0	0.15916	0.49149	811300.0	0.34654	0.78796	265531.0	0.11342	0.37114
d__Bacteria;p__Firmicutes;c__Bacilli;o__Lactobacillales;f__Streptococcaceae;g__Streptococcus;s__Streptococcus danieliae	2|1239|91061|186826|1300|1301|747656|	0.0	0.0	0.0	0.0	0.0	0.0	0.0	0.0	0.0	0.0	0.0	0.0	0.0	0.0	0.0	2307.0	0.00118	0.00296	1036.0	0.00053	0.00122	3984.0	0.00204	0.00584	181.0	9e-05	0.0003	0.0	0.0	0.0	1638.0	0.00084	0.00181	0.0	0.0	0.0	0.0	0.0	0.0	21.0	1e-05	2e-05	0.0	0.0	0.0
d__Bacteria;p__Firmicutes;c__Bacilli;o__Lactobacillales;f__Streptococcaceae;g__Streptococcus;s__Streptococcus sp004569635	2|1239|91061|186826|1300|1301|2558276|	210.0	9e-05	0.00048	0.0	0.0	0.0	0.0	0.0	0.0	0.0	0.0	0.0	0.0	0.0	0.0	5693.0	0.00252	0.00631	1240.0	0.00055	0.00126	8195.0	0.00362	0.01037	3298.0	0.00146	0.00474	22.0	1e-05	2e-05	1983.0	0.00088	0.00189	1069.0	0.00047	0.0012	2533.0	0.00112	0.00346	11371.0	0.00503	0.01143	588.0	0.00026	0.00085
d__Bacteria;p__Firmicutes;c__Bacilli;o__RF39;f__UBA660;g__Caccenecus;s__	2|1239||||||	0.0	0.0	0.0	0.0	0.0	0.0	0.0	0.0	0.0	0.0	0.0	0.0	0.0	0.0	0.0	0.0	0.0	0.0	0.0	0.0	0.0	0.0	0.0	0.0	0.0	0.0	0.0	0.0	0.0	0.0	0.0	0.0	0.0	391.0	0.00021	0.00053	0.0	0.0	0.0	0.0	0.0	0.0	0.0	0.0	0.0
d__Bacteria;p__Firmicutes;c__Bacilli;o__RF39;f__UBA660;g__Caccenecus;s__Caccenecus sp910587745	2|1239||||||	0.0	0.0	0.0	0.0	0.0	0.0	0.0	0.0	0.0	0.0	0.0	0.0	0.0	0.0	0.0	0.0	0.0	0.0	0.0	0.0	0.0	0.0	0.0	0.0	0.0	0.0	0.0	0.0	0.0	0.0	0.0	0.0	0.0	3157.0	0.00198	0.005	0.0	0.0	0.0	0.0	0.0	0.0	0.0	0.0	0.0
d__Bacteria;p__Firmicutes;c__Bacilli;o__Staphylococcales;f__Salinicoccaceae;g__Jeotgalicoccus;s__Jeotgalicoccus nanhaiensis	2|1239|91061|1385|90964|227979|157227|	0.0	0.0	0.0	0.0	0.0	0.0	0.0	0.0	0.0	0.0	0.0	0.0	0.0	0.0	0.0	0.0	0.0	0.0	0.0	0.0	0.0	0.0	0.0	0.0	0.0	0.0	0.0	0.0	0.0	0.0	0.0	0.0	0.0	0.0	0.0	0.0	0.0	0.0	0.0	2717.0	0.00127	0.0029	145.0	7e-05	0.00022
d__Bacteria;p__Firmicutes;c__Bacilli;o__Staphylococcales;f__Staphylococcaceae;g__Mammaliicoccus;s__Mammaliicoccus lentus	2|1239|91061|1385|90964|2803850|42858|	0.0	0.0	0.0	0.0	0.0	0.0	0.0	0.0	0.0	0.0	0.0	0.0	0.0	0.0	0.0	0.0	0.0	0.0	0.0	0.0	0.0	0.0	0.0	0.0	0.0	0.0	0.0	0.0	0.0	0.0	0.0	0.0	0.0	0.0	0.0	0.0	689.0	0.00027	0.00085	7505.0	0.00298	0.00678	0.0	0.0	0.0
d__Bacteria;p__Firmicutes_A;c__Clostridia;o__Christensenellales;f__Borkfalkiaceae;g__Coproplasma;s__Coproplasma sp910577555	2|1239||||||	0.0	0.0	0.0	0.0	0.0	0.0	0.0	0.0	0.0	0.0	0.0	0.0	0.0	0.0	0.0	4398.0	0.00237	0.00594	4222.0	0.00228	0.00523	20771.0	0.01119	0.03202	5599.0	0.00302	0.0098	6090.0	0.00328	0.00748	1203.0	0.00065	0.0014	0.0	0.0	0.0	0.0	0.0	0.0	0.0	0.0	0.0	0.0	0.0	0.0
d__Bacteria;p__Firmicutes_A;c__Clostridia;o__Christensenellales;f__Borkfalkiaceae;g__Coproplasma;s__Coproplasma sp910587825	2|1239||||||	0.0	0.0	0.0	0.0	0.0	0.0	0.0	0.0	0.0	0.0	0.0	0.0	0.0	0.0	0.0	0.0	0.0	0.0	1731.0	0.00093	0.00214	2332.0	0.00126	0.0036	1316.0	0.00071	0.00231	0.0	0.0	0.0	0.0	0.0	0.0	0.0	0.0	0.0	0.0	0.0	0.0	0.0	0.0	0.0	0.0	0.0	0.0
d__Bacteria;p__Firmicutes_A;c__Clostridia;o__Christensenellales;f__Borkfalkiaceae;g__Gallimonas;s__Gallimonas sp910586675	2|1239||||||	0.0	0.0	0.0	0.0	0.0	0.0	0.0	0.0	0.0	0.0	0.0	0.0	0.0	0.0	0.0	4128.0	0.00228	0.00571	11339.0	0.00625	0.01437	20119.0	0.0111	0.03174	12030.0	0.00663	0.02155	22537.0	0.01243	0.02834	9096.0	0.00502	0.01082	6551.0	0.00361	0.00914	0.0	0.0	0.0	0.0	0.0	0.0	0.0	0.0	0.0
d__Bacteria;p__Firmicutes_A;c__Clostridia;o__Christensenellales;f__CAG-552;g__HGM11386;s__	2|1239|186801|||||	0.0	0.0	0.0	0.0	0.0	0.0	0.0	0.0	0.0	0.0	0.0	0.0	0.0	0.0	0.0	0.0	0.0	0.0	0.0	0.0	0.0	0.0	0.0	0.0	0.0	0.0	0.0	0.0	0.0	0.0	3540.0	0.00138	0.00297	0.0	0.0	0.0	0.0	0.0	0.0	0.0	0.0	0.0	0.0	0.0	0.0
d__Bacteria;p__Firmicutes_A;c__Clostridia;o__Christensenellales;f__CAG-552;g__MGBC100320;s__MGBC100320 sp910588305	2|1239|186801|186802|216572|||	0.0	0.0	0.0	0.0	0.0	0.0	0.0	0.0	0.0	0.0	0.0	0.0	0.0	0.0	0.0	18792.0	0.00932	0.02337	18263.0	0.00906	0.02081	2033.0	0.00101	0.00289	32304.0	0.01602	0.05205	17526.0	0.00869	0.01982	2465.0	0.00122	0.00264	0.0	0.0	0.0	0.0	0.0	0.0	0.0	0.0	0.0	0.0	0.0	0.0
d__Bacteria;p__Firmicutes_A;c__Clostridia;o__Christensenellales;f__CAG-552;g__MGBC113161;s__MGBC113161 sp910587565	2|1239||||||	0.0	0.0	0.0	0.0	0.0	0.0	0.0	0.0	0.0	0.0	0.0	0.0	0.0	0.0	0.0	2080.0	0.00086	0.00214	2605.0	0.00107	0.00246	6726.0	0.00277	0.00791	2526.0	0.00104	0.00337	1684.0	0.00069	0.00158	3661.0	0.00151	0.00325	0.0	0.0	0.0	0.0	0.0	0.0	0.0	0.0	0.0	0.0	0.0	0.0
d__Bacteria;p__Firmicutes_A;c__Clostridia;o__Christensenellales;f__CAG-917;g__CAG-475;s__CAG-475 sp910577815	2|1239||||||	0.0	0.0	0.0	0.0	0.0	0.0	0.0	0.0	0.0	0.0	0.0	0.0	0.0	0.0	0.0	57286.0	0.03483	0.08734	51598.0	0.03138	0.07208	121905.0	0.07413	0.21202	16729.0	0.01017	0.03305	110587.0	0.06724	0.15333	5428.0	0.0033	0.00712	25957.0	0.01578	0.03994	0.0	0.0	0.0	314017.0	0.19094	0.43415	18.0	1e-05	4e-05
d__Bacteria;p__Firmicutes_A;c__Clostridia;o__Christensenellales;f__Christensenellaceae;g__QANA01;s__QANA01 sp910588425	2|1239|186801|||2721107||	0.0	0.0	0.0	0.0	0.0	0.0	0.0	0.0	0.0	0.0	0.0	0.0	0.0	0.0	0.0	894.0	0.00049	0.00122	3052.0	0.00167	0.00383	3616.0	0.00197	0.00564	2040.0	0.00111	0.00362	0.0	0.0	0.0	0.0	0.0	0.0	1083.0	0.00059	0.0015	0.0	0.0	0.0	0.0	0.0	0.0	0.0	0.0	0.0
d__Bacteria;p__Firmicutes_A;c__Clostridia;o__Christensenellales;f__UBA3700;g__MGBC100798;s__MGBC100798 sp910588545	2|1239||||||	0.0	0.0	0.0	0.0	0.0	0.0	0.0	0.0	0.0	0.0	0.0	0.0	0.0	0.0	0.0	0.0	0.0	0.0	0.0	0.0	0.0	0.0	0.0	0.0	0.0	0.0	0.0	0.0	0.0	0.0	523.0	0.00029	0.00064	1123.0	0.00063	0.0016	0.0	0.0	0.0	6538.0	0.00369	0.00838	128.0	7e-05	0.00024
d__Bacteria;p__Firmicutes_A;c__Clostridia;o__Christensenellales;f__UBA3700;g__RACS-045;s__RACS-045 sp013316135	2|1239||||||	0.0	0.0	0.0	0.0	0.0	0.0	0.0	0.0	0.0	0.0	0.0	0.0	0.0	0.0	0.0	91150.0	0.04359	0.10928	35577.0	0.01701	0.03908	219075.0	0.10476	0.29964	76535.0	0.0366	0.11888	190906.0	0.09129	0.20815	0.0	0.0	0.0	0.0	0.0	0.0	0.0	0.0	0.0	0.0	0.0	0.0	0.0	0.0	0.0
d__Bacteria;p__Firmicutes_A;c__Clostridia;o__Clostridiales;f__Clostridiaceae;g__Clostridium;s__Clostridium sp910588715	2|1239|186801|186802|31979|1485||	0.0	0.0	0.0	0.0	0.0	0.0	0.0	0.0	0.0	0.0	0.0	0.0	0.0	0.0	0.0	17841.0	0.00623	0.01563	0.0	0.0	0.0	6405.0	0.00224	0.0064	5079.0	0.00177	0.00577	0.0	0.0	0.0	0.0	0.0	0.0	0.0	0.0	0.0	0.0	0.0	0.0	0.0	0.0	0.0	0.0	0.0	0.0
d__Bacteria;p__Firmicutes_A;c__Clostridia;o__Lachnospirales;f__Anaerotignaceae;g__Anaerotignum;s__Anaerotignum sp910576545	2|1224|28221|213115|194924|872||	0.0	0.0	0.0	0.0	0.0	0.0	0.0	0.0	0.0	0.0	0.0	0.0	0.0	0.0	0.0	50442.0	0.01783	0.0447	126370.0	0.04466	0.1026	43870.0	0.0155	0.04435	42303.0	0.01495	0.04857	65818.0	0.02326	0.05304	178878.0	0.06322	0.1364	149042.0	0.05267	0.13328	23959.0	0.00847	0.02615	127198.0	0.04495	0.10221	79259.0	0.02801	0.09166
d__Bacteria;p__Firmicutes_A;c__Clostridia;o__Lachnospirales;f__Lachnospiraceae;g__14-2;s__	2|1239|186801|186802|186806|1730||	0.0	0.0	0.0	0.0	0.0	0.0	0.0	0.0	0.0	0.0	0.0	0.0	0.0	0.0	0.0	2194.0	0.00061	0.00153	0.0	0.0	0.0	0.0	0.0	0.0	0.0	0.0	0.0	0.0	0.0	0.0	0.0	0.0	0.0	0.0	0.0	0.0	0.0	0.0	0.0	0.0	0.0	0.0	0.0	0.0	0.0
d__Bacteria;p__Firmicutes_A;c__Clostridia;o__Lachnospirales;f__Lachnospiraceae;g__14-2;s__14-2 sp000403315	2|1239|186801|186802|186803||397290|	0.0	0.0	0.0	0.0	0.0	0.0	0.0	0.0	0.0	0.0	0.0	0.0	0.0	0.0	0.0	42637.0	0.01226	0.03074	108272.0	0.03113	0.07151	6450.0	0.00185	0.0053	19186.0	0.00552	0.01792	16390.0	0.00471	0.01075	0.0	0.0	0.0	0.0	0.0	0.0	4729.0	0.00136	0.0042	124530.0	0.0358	0.08141	1113038.0	0.32001	1.04716
d__Bacteria;p__Firmicutes_A;c__Clostridia;o__Lachnospirales;f__Lachnospiraceae;g__14-2;s__14-2 sp009774455	2|1239|186801|186802|186803|||	0.0	0.0	0.0	0.0	0.0	0.0	0.0	0.0	0.0	0.0	0.0	0.0	0.0	0.0	0.0	0.0	0.0	0.0	0.0	0.0	0.0	0.0	0.0	0.0	0.0	0.0	0.0	0.0	0.0	0.0	0.0	0.0	0.0	154723.0	0.04466	0.11301	0.0	0.0	0.0	0.0	0.0	0.0	0.0	0.0	0.0
d__Bacteria;p__Firmicutes_A;c__Clostridia;o__Lachnospirales;f__Lachnospiraceae;g__14-2;s__14-2 sp910577785	2|1239||||||	0.0	0.0	0.0	0.0	0.0	0.0	0.0	0.0	0.0	0.0	0.0	0.0	0.0	0.0	0.0	0.0	0.0	0.0	0.0	0.0	0.0	0.0	0.0	0.0	0.0	0.0	0.0	0.0	0.0	0.0	482823.0	0.13034	0.2812	0.0	0.0	0.0	0.0	0.0	0.0	0.0	0.0	0.0	0.0	0.0	0.0
d__Bacteria;p__Firmicutes_A;c__Clostridia;o__Lachnospirales;f__Lachnospiraceae;g__14-2;s__14-2 sp910580195	2|1239|186801|186802|186803|||	0.0	0.0	0.0	0.0	0.0	0.0	0.0	0.0	0.0	0.0	0.0	0.0	0.0	0.0	0.0	0.0	0.0	0.0	0.0	0.0	0.0	0.0	0.0	0.0	0.0	0.0	0.0	0.0	0.0	0.0	0.0	0.0	0.0	0.0	0.0	0.0	0.0	0.0	0.0	0.0	0.0	0.0	54.0	1e-05	4e-05
d__Bacteria;p__Firmicutes_A;c__Clostridia;o__Lachnospirales;f__Lachnospiraceae;g__14-2;s__14-2 sp910588285	2|1224|28216|206389|2008794|349||	0.0	0.0	0.0	0.0	0.0	0.0	0.0	0.0	0.0	0.0	0.0	0.0	0.0	0.0	0.0	0.0	0.0	0.0	0.0	0.0	0.0	0.0	0.0	0.0	0.0	0.0	0.0	0.0	0.0	0.0	3878.0	0.0009	0.00195	228.0	5e-05	0.00013	0.0	0.0	0.0	0.0	0.0	0.0	3964.0	0.00092	0.00302
d__Bacteria;p__Firmicutes_A;c__Clostridia;o__Lachnospirales;f__Lachnospiraceae;g__1XD8-76;s__1XD8-76 sp910573755	2|||||||	5398.0	0.00138	0.00713	9029.0	0.00231	0.01421	9918.0	0.00254	0.01114	5539.0	0.00142	0.00712	4726.0	0.00121	0.00557	1789325.0	0.45773	1.14765	2426347.0	0.62068	1.42588	1058425.0	0.27075	0.77445	1531422.0	0.39175	1.27256	2111012.0	0.54002	1.23133	1487596.0	0.38054	0.82104	790218.0	0.20215	0.5115	418773.0	0.10713	0.33081	2543698.0	0.6507	1.47954	5102863.0	1.30536	4.27144
d__Bacteria;p__Firmicutes_A;c__Clostridia;o__Lachnospirales;f__Lachnospiraceae;g__1XD8-76;s__1XD8-76 sp910578085	2|||||||	544.0	0.00014	0.0007	893.0	0.00022	0.00136	0.0	0.0	0.0	0.0	0.0	0.0	0.0	0.0	0.0	731180.0	0.18128	0.45451	649618.0	0.16106	0.36999	433345.0	0.10744	0.3073	456479.0	0.11317	0.36763	261217.0	0.06476	0.14767	1886.0	0.00047	0.00101	1028.0	0.00026	0.00065	1677384.0	0.41586	1.28419	1222644.0	0.30312	0.68923	1046512.0	0.25946	0.849
d__Bacteria;p__Firmicutes_A;c__Clostridia;o__Lachnospirales;f__Lachnospiraceae;g__Acetatifactor;s__Acetatifactor sp910576125	2|1239||||||	0.0	0.0	0.0	0.0	0.0	0.0	0.0	0.0	0.0	0.0	0.0	0.0	0.0	0.0	0.0	0.0	0.0	0.0	0.0	0.0	0.0	0.0	0.0	0.0	0.0	0.0	0.0	0.0	0.0	0.0	362441.0	0.07509	0.162	82900.0	0.01717	0.04346	17082.0	0.00354	0.01093	0.0	0.0	0.0	0.0	0.0	0.0
d__Bacteria;p__Firmicutes_A;c__Clostridia;o__Lachnospirales;f__Lachnospiraceae;g__Acetatifactor;s__Acetatifactor sp910584235	2|1239||||||	0.0	0.0	0.0	0.0	0.0	0.0	0.0	0.0	0.0	0.0	0.0	0.0	0.0	0.0	0.0	62269.0	0.01234	0.03094	1228138.0	0.24335	0.55905	20932.0	0.00415	0.01186	90584.0	0.01795	0.05831	63518.0	0.01259	0.0287	5822.0	0.00115	0.00249	102484.0	0.02031	0.05138	68670.0	0.01361	0.04202	18669.0	0.0037	0.00841	264856.0	0.05248	0.17173
d__Bacteria;p__Firmicutes_A;c__Clostridia;o__Lachnospirales;f__Lachnospiraceae;g__Acetatifactor;s__Acetatifactor sp910585425	2|1239||||||	12681.0	0.00228	0.01179	12627.0	0.00227	0.01399	12991.0	0.00234	0.01027	20363.0	0.00367	0.01841	9027.0	0.00163	0.00748	1245413.0	0.22418	0.56209	2162381.0	0.38925	0.89421	1255133.0	0.22593	0.64625	1284573.0	0.23123	0.75114	2645481.0	0.47621	1.08583	7864487.0	1.41567	3.05439	1119358.0	0.20149	0.50985	511139.0	0.09201	0.28413	7930549.0	1.42756	3.24593	8474199.0	1.52543	4.99155
d__Bacteria;p__Firmicutes_A;c__Clostridia;o__Lachnospirales;f__Lachnospiraceae;g__Acetatifactor;s__Acetatifactor sp910585615	2|1239||||||	0.0	0.0	0.0	0.0	0.0	0.0	0.0	0.0	0.0	0.0	0.0	0.0	0.0	0.0	0.0	0.0	0.0	0.0	17941.0	0.00321	0.00738	1287.0	0.00023	0.00066	2418.0	0.00043	0.00141	102060.0	0.01826	0.04165	691.0	0.00012	0.00027	5309.0	0.00095	0.0024	0.0	0.0	0.0	0.0	0.0	0.0	21887.0	0.00392	0.01282
d__Bacteria;p__Firmicutes_A;c__Clostridia;o__Lachnospirales;f__Lachnospiraceae;g__CAG-56;s__CAG-56 sp004793585	2|1239|186801|186802|186803||1898203|	0.0	0.0	0.0	0.0	0.0	0.0	0.0	0.0	0.0	0.0	0.0	0.0	0.0	0.0	0.0	51043.0	0.01639	0.04109	75817.0	0.02434	0.05592	4559.0	0.00146	0.00419	146496.0	0.04703	0.15278	4796.0	0.00154	0.00351	0.0	0.0	0.0	188067.0	0.06038	0.15278	0.0	0.0	0.0	1477.0	0.00047	0.00108	3296.0	0.00106	0.00346
d__Bacteria;p__Firmicutes_A;c__Clostridia;o__Lachnospirales;f__Lachnospiraceae;g__CAG-95;s__CAG-95 sp003612395	2||||||2320100|	0.0	0.0	0.0	21.0	0.0	3e-05	0.0	0.0	0.0	0.0	0.0	0.0	0.0	0.0	0.0	386506.0	0.08813	0.22096	101005.0	0.02303	0.05291	255007.0	0.05814	0.16631	261384.0	0.0596	0.1936	134120.0	0.03058	0.06973	3135.0	0.00071	0.00154	16518.0	0.00377	0.00953	2761.0	0.00063	0.00194	240166.0	0.05476	0.12451	147190.0	0.03356	0.10982
d__Bacteria;p__Firmicutes_A;c__Clostridia;o__Lachnospirales;f__Lachnospiraceae;g__CAG-95;s__CAG-95 sp011959285	2|1239|186801|186802|186803||1898203|	0.0	0.0	0.0	0.0	0.0	0.0	0.0	0.0	0.0	0.0	0.0	0.0	0.0	0.0	0.0	285.0	7e-05	0.00018	1744.0	0.00044	0.00101	0.0	0.0	0.0	0.0	0.0	0.0	0.0	0.0	0.0	27243.0	0.00687	0.01481	880.0	0.00022	0.00056	48030.0	0.0121	0.03738	180702.0	0.04554	0.10355	1014374.0	0.25565	0.83653
d__Bacteria;p__Firmicutes_A;c__Clostridia;o__Lachnospirales;f__Lachnospiraceae;g__CAG-95;s__CAG-95 sp910579425	2|||||||	917.0	0.00019	0.001	713.0	0.00015	0.00093	59.0	1e-05	5e-05	0.0	0.0	0.0	965.0	0.0002	0.00094	332757.0	0.0703	0.17627	546264.0	0.11541	0.26514	245145.0	0.05179	0.14815	251296.0	0.05309	0.17247	262609.0	0.05548	0.12651	113407.0	0.02396	0.0517	372087.0	0.07861	0.19892	51075.0	0.01079	0.03332	128071.0	0.02706	0.06153	3479558.0	0.73516	2.4056
d__Bacteria;p__Firmicutes_A;c__Clostridia;o__Lachnospirales;f__Lachnospiraceae;g__CAG-95;s__CAG-95 sp910579685	2|1239||||||	0.0	0.0	0.0	0.0	0.0	0.0	0.0	0.0	0.0	0.0	0.0	0.0	0.0	0.0	0.0	116435.0	0.02659	0.06667	113814.0	0.02599	0.05971	54226.0	0.01238	0.03542	75920.0	0.01734	0.05632	165445.0	0.03778	0.08615	3821.0	0.00087	0.00188	0.0	0.0	0.0	10151.0	0.00232	0.00716	446203.0	0.1019	0.23169	1103678.0	0.25204	0.82473
d__Bacteria;p__Firmicutes_A;c__Clostridia;o__Lachnospirales;f__Lachnospiraceae;g__CAG-95;s__CAG-95 sp910586025	2|1239|91061|1385|90964|||	0.0	0.0	0.0	0.0	0.0	0.0	0.0	0.0	0.0	0.0	0.0	0.0	0.0	0.0	0.0	0.0	0.0	0.0	0.0	0.0	0.0	0.0	0.0	0.0	0.0	0.0	0.0	0.0	0.0	0.0	414051.0	0.09279	0.20019	0.0	0.0	0.0	0.0	0.0	0.0	0.0	0.0	0.0	0.0	0.0	0.0
d__Bacteria;p__Firmicutes_A;c__Clostridia;o__Lachnospirales;f__Lachnospiraceae;g__COE1;s__COE1 sp002358575	2|1239||||||	0.0	0.0	0.0	0.0	0.0	0.0	0.0	0.0	0.0	0.0	0.0	0.0	0.0	0.0	0.0	207402.0	0.04273	0.10714	64448.0	0.01328	0.0305	90219.0	0.01859	0.05317	40817.0	0.00841	0.02732	0.0	0.0	0.0	0.0	0.0	0.0	23495.0	0.00484	0.01225	12580.0	0.00259	0.008	24683.0	0.00509	0.01156	52487.0	0.01081	0.03539
d__Bacteria;p__Firmicutes_A;c__Clostridia;o__Lachnospirales;f__Lachnospiraceae;g__Caccovicinus;s__Caccovicinus sp009774615	2|1239||||||	2824.0	0.00069	0.00355	5223.0	0.00127	0.00782	3500.0	0.00085	0.00374	2264.0	0.00055	0.00277	3119.0	0.00076	0.0035	506026.0	0.12316	0.30879	391432.0	0.09527	0.21886	4491.0	0.00109	0.00313	378969.0	0.09223	0.29961	3862.0	0.00094	0.00214	156492.0	0.03809	0.08218	157661.0	0.03837	0.09709	368956.0	0.0898	0.27729	2903333.0	0.70662	1.60668	5234861.0	1.27407	4.16904
d__Bacteria;p__Firmicutes_A;c__Clostridia;o__Lachnospirales;f__Lachnospiraceae;g__Caccovicinus;s__Caccovicinus sp910575565	2|1239||||||	0.0	0.0	0.0	0.0	0.0	0.0	0.0	0.0	0.0	0.0	0.0	0.0	0.0	0.0	0.0	0.0	0.0	0.0	0.0	0.0	0.0	0.0	0.0	0.0	0.0	0.0	0.0	0.0	0.0	0.0	2318.0	0.00061	0.00132	16025.0	0.00422	0.01068	0.0	0.0	0.0	156.0	4e-05	9e-05	2902.0	0.00076	0.0025
d__Bacteria;p__Firmicutes_A;c__Clostridia;o__Lachnospirales;f__Lachnospiraceae;g__Caccovicinus;s__Caccovicinus sp910584785	2|1239||||||	0.0	0.0	0.0	0.0	0.0	0.0	0.0	0.0	0.0	0.0	0.0	0.0	0.0	0.0	0.0	0.0	0.0	0.0	0.0	0.0	0.0	0.0	0.0	0.0	0.0	0.0	0.0	0.0	0.0	0.0	0.0	0.0	0.0	1910.0	0.00051	0.0013	0.0	0.0	0.0	0.0	0.0	0.0	0.0	0.0	0.0
d__Bacteria;p__Firmicutes_A;c__Clostridia;o__Lachnospirales;f__Lachnospiraceae;g__Caccovicinus;s__Caccovicinus sp910585635	2|||||||	0.0	0.0	0.0	0.0	0.0	0.0	0.0	0.0	0.0	0.0	0.0	0.0	0.0	0.0	0.0	0.0	0.0	0.0	14090.0	0.0029	0.00666	1759.0	0.00036	0.00104	2391.0	0.00049	0.0016	0.0	0.0	0.0	84619.0	0.01741	0.03757	29550.0	0.00608	0.01539	195.0	4e-05	0.00012	0.0	0.0	0.0	0.0	0.0	0.0
d__Bacteria;p__Firmicutes_A;c__Clostridia;o__Lachnospirales;f__Lachnospiraceae;g__Choladocola;s__Choladocola sp009774135	2|1239||||||	0.0	0.0	0.0	0.0	0.0	0.0	0.0	0.0	0.0	0.0	0.0	0.0	0.0	0.0	0.0	249.0	6e-05	0.00016	19462.0	0.00486	0.01117	0.0	0.0	0.0	2173.0	0.00054	0.00176	0.0	0.0	0.0	3941.0	0.00098	0.00212	0.0	0.0	0.0	4251.0	0.00106	0.00328	0.0	0.0	0.0	4560.0	0.00114	0.00373
d__Bacteria;p__Firmicutes_A;c__Clostridia;o__Lachnospirales;f__Lachnospiraceae;g__Choladocola;s__Choladocola sp009774145	2|1239||||||	0.0	0.0	0.0	0.0	0.0	0.0	0.0	0.0	0.0	0.0	0.0	0.0	0.0	0.0	0.0	1145.0	0.00027	0.00068	608.0	0.00014	0.00033	422.0	0.0001	0.00028	5422.0	0.00128	0.00414	5931.0	0.0014	0.00318	5516.0	0.0013	0.0028	0.0	0.0	0.0	0.0	0.0	0.0	442.0	0.0001	0.00024	21997.0	0.00517	0.01693
d__Bacteria;p__Firmicutes_A;c__Clostridia;o__Lachnospirales;f__Lachnospiraceae;g__Choladocola;s__Choladocola sp910574965	2|1239|186801|186802|216572|||	0.0	0.0	0.0	0.0	0.0	0.0	0.0	0.0	0.0	0.0	0.0	0.0	0.0	0.0	0.0	59374.0	0.01557	0.03904	94491.0	0.02478	0.05693	49449.0	0.01297	0.03709	67147.0	0.01761	0.0572	82255.0	0.02157	0.04919	153230.0	0.04018	0.0867	95669.0	0.02509	0.06349	95901.0	0.02515	0.07766	571167.0	0.14979	0.34059	402232.0	0.10549	0.34518
d__Bacteria;p__Firmicutes_A;c__Clostridia;o__Lachnospirales;f__Lachnospiraceae;g__Choladocola;s__Choladocola sp910575445	2|1239|186801|186802|31979|||	0.0	0.0	0.0	0.0	0.0	0.0	0.0	0.0	0.0	0.0	0.0	0.0	0.0	0.0	0.0	79781.0	0.02408	0.06039	16483.0	0.00498	0.01143	8037.0	0.00243	0.00694	19158.0	0.00578	0.01879	59901.0	0.01808	0.04123	139300.0	0.04205	0.09073	27798.0	0.00839	0.02123	27295.0	0.00824	0.02544	404200.0	0.12202	0.27744	613338.0	0.18515	0.60586
d__Bacteria;p__Firmicutes_A;c__Clostridia;o__Lachnospirales;f__Lachnospiraceae;g__Choladocola;s__Choladocola sp910584945	2|1239||||||	0.0	0.0	0.0	0.0	0.0	0.0	0.0	0.0	0.0	0.0	0.0	0.0	0.0	0.0	0.0	0.0	0.0	0.0	0.0	0.0	0.0	0.0	0.0	0.0	586.0	0.00015	0.00048	0.0	0.0	0.0	0.0	0.0	0.0	0.0	0.0	0.0	0.0	0.0	0.0	0.0	0.0	0.0	0.0	0.0	0.0
d__Bacteria;p__Firmicutes_A;c__Clostridia;o__Lachnospirales;f__Lachnospiraceae;g__Choladousia;s__Choladousia sp003612585	2||||||2320110|	0.0	0.0	0.0	0.0	0.0	0.0	0.0	0.0	0.0	0.0	0.0	0.0	0.0	0.0	0.0	585.0	0.00016	0.0004	401.0	0.00011	0.00025	923.0	0.00025	0.00072	2595.0	0.00071	0.00231	0.0	0.0	0.0	15266.0	0.00418	0.00902	94824.0	0.02598	0.06573	664228.0	0.18195	0.56187	11698.0	0.0032	0.00729	43178.0	0.01183	0.0387
d__Bacteria;p__Firmicutes_A;c__Clostridia;o__Lachnospirales;f__Lachnospiraceae;g__Clostridium_Q;s__Clostridium_Q sp910575795	2|1239||||||	0.0	0.0	0.0	0.0	0.0	0.0	0.0	0.0	0.0	0.0	0.0	0.0	0.0	0.0	0.0	0.0	0.0	0.0	0.0	0.0	0.0	0.0	0.0	0.0	0.0	0.0	0.0	0.0	0.0	0.0	0.0	0.0	0.0	113311.0	0.02954	0.07474	0.0	0.0	0.0	30682.0	0.008	0.01819	42174.0	0.01099	0.03597
d__Bacteria;p__Firmicutes_A;c__Clostridia;o__Lachnospirales;f__Lachnospiraceae;g__Copromonas;s__	2|1239|186801|186802|31979|||	0.0	0.0	0.0	0.0	0.0	0.0	0.0	0.0	0.0	0.0	0.0	0.0	0.0	0.0	0.0	0.0	0.0	0.0	0.0	0.0	0.0	0.0	0.0	0.0	0.0	0.0	0.0	0.0	0.0	0.0	4276.0	0.00127	0.00274	0.0	0.0	0.0	0.0	0.0	0.0	426.0	0.00013	0.00029	0.0	0.0	0.0
d__Bacteria;p__Firmicutes_A;c__Clostridia;o__Lachnospirales;f__Lachnospiraceae;g__Copromonas;s__Copromonas sp009917545	2||||||2320881|	0.0	0.0	0.0	0.0	0.0	0.0	0.0	0.0	0.0	0.0	0.0	0.0	0.0	0.0	0.0	7205.0	0.00214	0.00537	18023.0	0.00536	0.01232	3758.0	0.00112	0.0032	5749.0	0.00171	0.00556	7007.0	0.00208	0.00475	80749.0	0.02402	0.05182	35678.0	0.01061	0.02685	1386.0	0.00041	0.00127	20520.0	0.0061	0.01388	71129.0	0.02116	0.06923
d__Bacteria;p__Firmicutes_A;c__Clostridia;o__Lachnospirales;f__Lachnospiraceae;g__Eubacterium_J;s__Eubacterium_J sp910574915	2|1239|186801|186802|186806|||	0.0	0.0	0.0	0.0	0.0	0.0	0.0	0.0	0.0	0.0	0.0	0.0	0.0	0.0	0.0	0.0	0.0	0.0	0.0	0.0	0.0	0.0	0.0	0.0	0.0	0.0	0.0	0.0	0.0	0.0	0.0	0.0	0.0	7121.0	0.00171	0.00434	0.0	0.0	0.0	0.0	0.0	0.0	0.0	0.0	0.0
d__Bacteria;p__Firmicutes_A;c__Clostridia;o__Lachnospirales;f__Lachnospiraceae;g__Kineothrix;s__Kineothrix sp000403275	2|1239|186801|186802|186803||397287|	0.0	0.0	0.0	0.0	0.0	0.0	0.0	0.0	0.0	0.0	0.0	0.0	0.0	0.0	0.0	0.0	0.0	0.0	0.0	0.0	0.0	0.0	0.0	0.0	0.0	0.0	0.0	0.0	0.0	0.0	0.0	0.0	0.0	520788.0	0.14503	0.36698	0.0	0.0	0.0	0.0	0.0	0.0	0.0	0.0	0.0
d__Bacteria;p__Firmicutes_A;c__Clostridia;o__Lachnospirales;f__Lachnospiraceae;g__Kineothrix;s__Kineothrix sp009911195	2|1239|186801|186802|186803||1898203|	0.0	0.0	0.0	0.0	0.0	0.0	0.0	0.0	0.0	0.0	0.0	0.0	0.0	0.0	0.0	0.0	0.0	0.0	0.0	0.0	0.0	0.0	0.0	0.0	0.0	0.0	0.0	0.0	0.0	0.0	0.0	0.0	0.0	349.0	9e-05	0.00022	0.0	0.0	0.0	0.0	0.0	0.0	0.0	0.0	0.0
d__Bacteria;p__Firmicutes_A;c__Clostridia;o__Lachnospirales;f__Lachnospiraceae;g__Kineothrix;s__Kineothrix sp011958945	2|1239|186801|186802|186803||1898203|	0.0	0.0	0.0	0.0	0.0	0.0	0.0	0.0	0.0	0.0	0.0	0.0	2963.0	0.00068	0.00314	2288.0	0.00053	0.00132	8225.0	0.00189	0.00434	9713.0	0.00223	0.00638	64735.0	0.01487	0.0483	7402.0	0.0017	0.00388	306988.0	0.07051	0.15212	2357740.0	0.54152	1.37023	3098.0	0.00071	0.0022	39353.0	0.00904	0.02055	102753.0	0.0236	0.07722
d__Bacteria;p__Firmicutes_A;c__Clostridia;o__Lachnospirales;f__Lachnospiraceae;g__Lachnoclostridium_B;s__Lachnoclostridium_B sp910588745	2|1239|186801|186802|186803|||	0.0	0.0	0.0	0.0	0.0	0.0	0.0	0.0	0.0	0.0	0.0	0.0	0.0	0.0	0.0	0.0	0.0	0.0	0.0	0.0	0.0	0.0	0.0	0.0	0.0	0.0	0.0	0.0	0.0	0.0	2752.0	0.00077	0.00166	0.0	0.0	0.0	0.0	0.0	0.0	0.0	0.0	0.0	997.0	0.00028	0.00091
d__Bacteria;p__Firmicutes_A;c__Clostridia;o__Lachnospirales;f__Lachnospiraceae;g__MD308;s__MD308 sp010206225	2|1239|186801|186802|186803||1235799|	0.0	0.0	0.0	0.0	0.0	0.0	0.0	0.0	0.0	0.0	0.0	0.0	0.0	0.0	0.0	5208.0	0.00167	0.00419	817.0	0.00026	0.0006	71.0	2e-05	7e-05	1545.0	0.0005	0.00161	5281.0	0.00169	0.00386	149597.0	0.04799	0.10355	150981.0	0.04844	0.12256	5043.0	0.00162	0.005	19329.0	0.0062	0.0141	10352.0	0.00332	0.01087
d__Bacteria;p__Firmicutes_A;c__Clostridia;o__Lachnospirales;f__Lachnospiraceae;g__MD308;s__MD308 sp910586965	2|1239|186801|186802|186803|||	0.0	0.0	0.0	0.0	0.0	0.0	0.0	0.0	0.0	0.0	0.0	0.0	0.0	0.0	0.0	7998.0	0.0018	0.00452	2641.0	0.0006	0.00137	0.0	0.0	0.0	3858.0	0.00087	0.00283	0.0	0.0	0.0	150920.0	0.03404	0.07345	0.0	0.0	0.0	61296.0	0.01383	0.0427	274852.0	0.062	0.14097	1237872.0	0.27923	0.91372
d__Bacteria;p__Firmicutes_A;c__Clostridia;o__Lachnospirales;f__Lachnospiraceae;g__MGBC164599;s__MGBC164599 sp910575625	2|1239||||||	0.0	0.0	0.0	0.0	0.0	0.0	0.0	0.0	0.0	0.0	0.0	0.0	0.0	0.0	0.0	4433.0	0.00144	0.00362	0.0	0.0	0.0	9636.0	0.00314	0.00898	2881.0	0.00094	0.00305	10447.0	0.00341	0.00776	35556.0	0.01159	0.025	13430.0	0.00438	0.01108	0.0	0.0	0.0	0.0	0.0	0.0	113935.0	0.03714	0.12152
d__Bacteria;p__Firmicutes_A;c__Clostridia;o__Lachnospirales;f__Lachnospiraceae;g__MGBC164599;s__MGBC164599 sp910588825	2|1239||||||	0.0	0.0	0.0	0.0	0.0	0.0	0.0	0.0	0.0	0.0	0.0	0.0	0.0	0.0	0.0	23386.0	0.00573	0.01436	23198.0	0.00568	0.01305	9713.0	0.00238	0.00681	15554.0	0.00381	0.01238	8490.0	0.00208	0.00474	111905.0	0.02741	0.05914	15401.0	0.00377	0.00955	9384.0	0.0023	0.0071	75796.0	0.01857	0.04221	223820.0	0.05482	0.17939
d__Bacteria;p__Firmicutes_A;c__Clostridia;o__Lachnospirales;f__Lachnospiraceae;g__MGBC165282;s__MGBC165282 sp910589265	2|1239|186801|186802|186806|||	0.0	0.0	0.0	0.0	0.0	0.0	0.0	0.0	0.0	0.0	0.0	0.0	0.0	0.0	0.0	0.0	0.0	0.0	0.0	0.0	0.0	0.0	0.0	0.0	0.0	0.0	0.0	0.0	0.0	0.0	0.0	0.0	0.0	0.0	0.0	0.0	0.0	0.0	0.0	0.0	0.0	0.0	66959.0	0.02164	0.0708
d__Bacteria;p__Firmicutes_A;c__Clostridia;o__Lachnospirales;f__Lachnospiraceae;g__Merdisoma;s__	2|1239||||||	0.0	0.0	0.0	0.0	0.0	0.0	0.0	0.0	0.0	0.0	0.0	0.0	0.0	0.0	0.0	1960.0	0.0005	0.00126	921.0	0.00024	0.00054	0.0	0.0	0.0	1462.0	0.00038	0.00122	0.0	0.0	0.0	0.0	0.0	0.0	289.0	7e-05	0.00019	1313.0	0.00034	0.00104	0.0	0.0	0.0	1330.0	0.00034	0.00112
d__Bacteria;p__Firmicutes_A;c__Clostridia;o__Lachnospirales;f__Lachnospiraceae;g__Merdisoma;s__Merdisoma sp009917555	2||||||2320888|	0.0	0.0	0.0	0.0	0.0	0.0	0.0	0.0	0.0	0.0	0.0	0.0	0.0	0.0	0.0	0.0	0.0	0.0	0.0	0.0	0.0	0.0	0.0	0.0	0.0	0.0	0.0	0.0	0.0	0.0	24672.0	0.00682	0.01471	57937.0	0.01602	0.04053	31942.0	0.00883	0.02727	66094.0	0.01827	0.04154	368349.0	0.10182	0.33319
d__Bacteria;p__Firmicutes_A;c__Clostridia;o__Lachnospirales;f__Lachnospiraceae;g__Merdisoma;s__Merdisoma sp011959465	2|1239|186801|186802|186803||1898203|	0.0	0.0	0.0	0.0	0.0	0.0	0.0	0.0	0.0	0.0	0.0	0.0	0.0	0.0	0.0	0.0	0.0	0.0	0.0	0.0	0.0	0.0	0.0	0.0	0.0	0.0	0.0	0.0	0.0	0.0	0.0	0.0	0.0	19338.0	0.0053	0.01341	4365.0	0.0012	0.00369	722.0	0.0002	0.00045	40128.0	0.011	0.03599
d__Bacteria;p__Firmicutes_A;c__Clostridia;o__Lachnospirales;f__Lachnospiraceae;g__Merdisoma;s__Merdisoma sp910574255	2|||||||	0.0	0.0	0.0	0.0	0.0	0.0	0.0	0.0	0.0	0.0	0.0	0.0	0.0	0.0	0.0	0.0	0.0	0.0	0.0	0.0	0.0	0.0	0.0	0.0	0.0	0.0	0.0	0.0	0.0	0.0	0.0	0.0	0.0	4560.0	0.00102	0.00258	0.0	0.0	0.0	307.0	7e-05	0.00016	15241.0	0.00341	0.01114
d__Bacteria;p__Firmicutes_A;c__Clostridia;o__Lachnospirales;f__Lachnospiraceae;g__Merdisoma;s__Merdisoma sp910574835	2|1239|186801|186802|186803|||	0.0	0.0	0.0	0.0	0.0	0.0	0.0	0.0	0.0	0.0	0.0	0.0	0.0	0.0	0.0	12103.0	0.00283	0.00709	10776.0	0.00252	0.00579	5571.0	0.0013	0.00372	5544.0	0.0013	0.00421	10882.0	0.00254	0.0058	2121.0	0.0005	0.00107	0.0	0.0	0.0	5168.0	0.00121	0.00373	3443.0	0.0008	0.00183	21814.0	0.0051	0.01668
d__Bacteria;p__Firmicutes_A;c__Clostridia;o__Lachnospirales;f__Lachnospiraceae;g__Merdisoma;s__Merdisoma sp910587955	2|1239||||||	0.0	0.0	0.0	0.0	0.0	0.0	0.0	0.0	0.0	0.0	0.0	0.0	0.0	0.0	0.0	0.0	0.0	0.0	0.0	0.0	0.0	0.0	0.0	0.0	0.0	0.0	0.0	0.0	0.0	0.0	0.0	0.0	0.0	0.0	0.0	0.0	0.0	0.0	0.0	154.0	5e-05	0.0001	78804.0	0.02319	0.07587
d__Bacteria;p__Firmicutes_A;c__Clostridia;o__Lachnospirales;f__Lachnospiraceae;g__Paralachnospira;s__	2|1239|186801|||||	0.0	0.0	0.0	0.0	0.0	0.0	0.0	0.0	0.0	0.0	0.0	0.0	0.0	0.0	0.0	5798.0	0.0016	0.004	10169.0	0.0028	0.00643	2207.0	0.00061	0.00174	6320.0	0.00174	0.00565	5054.0	0.00139	0.00317	30838.0	0.00849	0.01831	25950.0	0.00714	0.01807	1257.0	0.00035	0.00107	12648.0	0.00348	0.00792	33675.0	0.00927	0.03033
d__Bacteria;p__Firmicutes_A;c__Clostridia;o__Lachnospirales;f__Lachnospiraceae;g__Paralachnospira;s__Paralachnospira sp910587905	2|1239|186801|||||	0.0	0.0	0.0	0.0	0.0	0.0	0.0	0.0	0.0	0.0	0.0	0.0	0.0	0.0	0.0	0.0	0.0	0.0	497.0	0.00013	0.0003	0.0	0.0	0.0	253.0	7e-05	0.00021	354.0	9e-05	0.00021	3327.0	0.00087	0.00187	2702.0	0.0007	0.00178	0.0	0.0	0.0	988.0	0.00026	0.00059	2290.0	0.0006	0.00195
d__Bacteria;p__Firmicutes_A;c__Clostridia;o__Lachnospirales;f__Lachnospiraceae;g__Paralachnospira_A;s__Paralachnospira_A sp910588405	2|1239|186801|||||	0.0	0.0	0.0	0.0	0.0	0.0	0.0	0.0	0.0	0.0	0.0	0.0	0.0	0.0	0.0	0.0	0.0	0.0	0.0	0.0	0.0	0.0	0.0	0.0	0.0	0.0	0.0	0.0	0.0	0.0	2267.0	0.00056	0.0012	18054.0	0.00442	0.01119	0.0	0.0	0.0	0.0	0.0	0.0	267831.0	0.0656	0.21467
d__Bacteria;p__Firmicutes_A;c__Clostridia;o__Lachnospirales;f__Lachnospiraceae;g__Schaedlerella;s__Schaedlerella sp910574865	2|1239||||||	0.0	0.0	0.0	0.0	0.0	0.0	0.0	0.0	0.0	0.0	0.0	0.0	0.0	0.0	0.0	0.0	0.0	0.0	0.0	0.0	0.0	0.0	0.0	0.0	0.0	0.0	0.0	0.0	0.0	0.0	0.0	0.0	0.0	4118.0	0.00089	0.00226	0.0	0.0	0.0	0.0	0.0	0.0	17756.0	0.00385	0.0126
d__Bacteria;p__Firmicutes_A;c__Clostridia;o__Lachnospirales;f__Lachnospiraceae;g__Sporofaciens;s__	2|1239|186801|186802|186803|||	0.0	0.0	0.0	0.0	0.0	0.0	0.0	0.0	0.0	0.0	0.0	0.0	0.0	0.0	0.0	8059.0	0.00207	0.00519	15578.0	0.004	0.00919	0.0	0.0	0.0	6096.0	0.00157	0.00509	364.0	9e-05	0.00021	20654.0	0.0053	0.01144	0.0	0.0	0.0	0.0	0.0	0.0	0.0	0.0	0.0	0.0	0.0	0.0
d__Bacteria;p__Firmicutes_A;c__Clostridia;o__Lachnospirales;f__Lachnospiraceae;g__Sporofaciens;s__Sporofaciens musculi	2|1239|186801|186802|186803|2811390|2681861|	0.0	0.0	0.0	0.0	0.0	0.0	0.0	0.0	0.0	0.0	0.0	0.0	0.0	0.0	0.0	0.0	0.0	0.0	0.0	0.0	0.0	0.0	0.0	0.0	0.0	0.0	0.0	0.0	0.0	0.0	0.0	0.0	0.0	36995.0	0.01088	0.02753	1177.0	0.00035	0.00107	0.0	0.0	0.0	49546.0	0.01457	0.04767
d__Bacteria;p__Firmicutes_A;c__Clostridia;o__Lachnospirales;f__Lachnospiraceae;g__Sporofaciens;s__Sporofaciens sp000403455	2|1239|186801|186802|186803|189330|1235798|	676.0	0.00019	0.00099	0.0	0.0	0.0	462.0	0.00013	0.00058	0.0	0.0	0.0	0.0	0.0	0.0	473802.0	0.13445	0.3371	567296.0	0.16098	0.36981	808637.0	0.22946	0.65633	386011.0	0.10954	0.35581	575750.0	0.16338	0.37252	629779.0	0.17871	0.38557	19647.0	0.00558	0.01411	94413.0	0.02679	0.08273	200305.0	0.05684	0.12924	643299.0	0.18254	0.59732
d__Bacteria;p__Firmicutes_A;c__Clostridia;o__Lachnospirales;f__Lachnospiraceae;g__Sporofaciens;s__Sporofaciens sp910574715	2|1239||||||	0.0	0.0	0.0	0.0	0.0	0.0	0.0	0.0	0.0	0.0	0.0	0.0	0.0	0.0	0.0	0.0	0.0	0.0	0.0	0.0	0.0	0.0	0.0	0.0	0.0	0.0	0.0	0.0	0.0	0.0	22577.0	0.00607	0.0131	94886.0	0.02552	0.06457	3557.0	0.00096	0.00295	56642.0	0.01523	0.03464	259638.0	0.06983	0.22849
d__Bacteria;p__Firmicutes_A;c__Clostridia;o__Lachnospirales;f__Lachnospiraceae;g__Sporofaciens;s__Sporofaciens sp910574885	2|1239|186801|186802|186803|||	0.0	0.0	0.0	0.0	0.0	0.0	0.0	0.0	0.0	0.0	0.0	0.0	0.0	0.0	0.0	0.0	0.0	0.0	0.0	0.0	0.0	0.0	0.0	0.0	0.0	0.0	0.0	0.0	0.0	0.0	0.0	0.0	0.0	0.0	0.0	0.0	4409.0	0.00112	0.00347	0.0	0.0	0.0	135259.0	0.03448	0.11282
d__Bacteria;p__Firmicutes_A;c__Clostridia;o__Lachnospirales;f__Lachnospiraceae;g__Sporofaciens;s__Sporofaciens sp910575835	2|1239|186801|186802|186803|||	0.0	0.0	0.0	0.0	0.0	0.0	0.0	0.0	0.0	0.0	0.0	0.0	0.0	0.0	0.0	73144.0	0.01991	0.04991	87149.0	0.02372	0.05449	27380.0	0.00745	0.02131	46333.0	0.01261	0.04096	45554.0	0.0124	0.02827	300963.0	0.08191	0.17672	164660.0	0.04481	0.11339	16178.0	0.0044	0.0136	199154.0	0.0542	0.12324	320650.0	0.08726	0.28555
d__Bacteria;p__Firmicutes_A;c__Clostridia;o__Lachnospirales;f__Lachnospiraceae;g__Sporofaciens;s__Sporofaciens sp910579015	2|1239|186801|186802|186803||1898203|	0.0	0.0	0.0	0.0	0.0	0.0	0.0	0.0	0.0	0.0	0.0	0.0	0.0	0.0	0.0	428.0	0.00012	0.00029	1052.0	0.00029	0.00066	0.0	0.0	0.0	0.0	0.0	0.0	0.0	0.0	0.0	1648.0	0.00045	0.00097	3771.0	0.00102	0.00259	0.0	0.0	0.0	4720.0	0.00128	0.00291	4499.0	0.00122	0.004
d__Bacteria;p__Firmicutes_A;c__Clostridia;o__Lachnospirales;f__Lachnospiraceae;g__UBA11957;s__	2|1239||||||	0.0	0.0	0.0	0.0	0.0	0.0	0.0	0.0	0.0	0.0	0.0	0.0	0.0	0.0	0.0	0.0	0.0	0.0	0.0	0.0	0.0	0.0	0.0	0.0	0.0	0.0	0.0	0.0	0.0	0.0	0.0	0.0	0.0	2785.0	0.00075	0.00189	0.0	0.0	0.0	0.0	0.0	0.0	7684.0	0.00206	0.00675
d__Bacteria;p__Firmicutes_A;c__Clostridia;o__Lachnospirales;f__Lachnospiraceae;g__UBA3282;s__UBA3282 sp009774655	2|||||||	0.0	0.0	0.0	0.0	0.0	0.0	0.0	0.0	0.0	0.0	0.0	0.0	0.0	0.0	0.0	46476.0	0.01097	0.02751	23077.0	0.00545	0.01252	52706.0	0.01244	0.03559	22178.0	0.00524	0.01701	42307.0	0.00999	0.02278	71754.0	0.01694	0.03655	36329.0	0.00858	0.0217	27704.0	0.00654	0.0202	52850.0	0.01248	0.02837	350295.0	0.08271	0.27063
d__Bacteria;p__Firmicutes_A;c__Clostridia;o__Lachnospirales;f__Lachnospiraceae;g__UBA3282;s__UBA3282 sp910575245	2|||||||	0.0	0.0	0.0	0.0	0.0	0.0	0.0	0.0	0.0	0.0	0.0	0.0	0.0	0.0	0.0	105202.0	0.02127	0.05332	361883.0	0.07315	0.16806	99635.0	0.02014	0.05761	210557.0	0.04256	0.13826	365631.0	0.07391	0.16853	712632.0	0.14406	0.31081	123719.0	0.02501	0.06328	153027.0	0.03093	0.09553	124762.0	0.02522	0.05735	638803.0	0.12913	0.42256
d__Bacteria;p__Firmicutes_A;c__Clostridia;o__Lachnospirales;f__Lachnospiraceae;g__UBA3282;s__UBA3282 sp910577735	2|||||||	0.0	0.0	0.0	0.0	0.0	0.0	0.0	0.0	0.0	0.0	0.0	0.0	0.0	0.0	0.0	0.0	0.0	0.0	0.0	0.0	0.0	0.0	0.0	0.0	0.0	0.0	0.0	0.0	0.0	0.0	0.0	0.0	0.0	0.0	0.0	0.0	0.0	0.0	0.0	0.0	0.0	0.0	9471.0	0.00225	0.00736
d__Bacteria;p__Firmicutes_A;c__Clostridia;o__Lachnospirales;f__Lachnospiraceae;g__UBA3402;s__	2|||||||	0.0	0.0	0.0	0.0	0.0	0.0	0.0	0.0	0.0	0.0	0.0	0.0	0.0	0.0	0.0	0.0	0.0	0.0	1558.0	0.00039	0.00089	0.0	0.0	0.0	0.0	0.0	0.0	0.0	0.0	0.0	25663.0	0.00641	0.01384	9678.0	0.00242	0.00612	333.0	8e-05	0.00026	417.0	0.0001	0.00024	1044.0	0.00026	0.00085
d__Bacteria;p__Firmicutes_A;c__Clostridia;o__Lachnospirales;f__Lachnospiraceae;g__UBA3402;s__UBA3402 sp910574345	2|1239||||||	0.0	0.0	0.0	0.0	0.0	0.0	0.0	0.0	0.0	0.0	0.0	0.0	0.0	0.0	0.0	3788.0	0.00089	0.00223	4314.0	0.00101	0.00233	0.0	0.0	0.0	1398.0	0.00033	0.00107	0.0	0.0	0.0	13932.0	0.00327	0.00705	6107.0	0.00143	0.00363	20394.0	0.00479	0.01478	11289.0	0.00265	0.00602	7965.0	0.00187	0.00612
d__Bacteria;p__Firmicutes_A;c__Clostridia;o__Lachnospirales;f__Lachnospiraceae;g__UBA3402;s__UBA3402 sp910585435	2|||||||	0.0	0.0	0.0	0.0	0.0	0.0	0.0	0.0	0.0	0.0	0.0	0.0	0.0	0.0	0.0	17280.0	0.00389	0.00975	84663.0	0.01905	0.04377	44148.0	0.00993	0.02842	18343.0	0.00413	0.01341	111614.0	0.02512	0.05727	630284.0	0.14183	0.30601	205610.0	0.04627	0.11708	62804.0	0.01413	0.04364	157947.0	0.03554	0.08082	238226.0	0.05361	0.17542
d__Bacteria;p__Firmicutes_A;c__Clostridia;o__Lachnospirales;f__Lachnospiraceae;g__UBA3402;s__UBA3402 sp910586845	2|||||||	0.0	0.0	0.0	0.0	0.0	0.0	0.0	0.0	0.0	0.0	0.0	0.0	0.0	0.0	0.0	0.0	0.0	0.0	0.0	0.0	0.0	0.0	0.0	0.0	0.0	0.0	0.0	0.0	0.0	0.0	50.0	1e-05	3e-05	0.0	0.0	0.0	0.0	0.0	0.0	0.0	0.0	0.0	0.0	0.0	0.0
d__Bacteria;p__Firmicutes_A;c__Clostridia;o__Lachnospirales;f__Lachnospiraceae;g__UBA3402;s__UBA3402 sp910588505	2|||||||	0.0	0.0	0.0	0.0	0.0	0.0	0.0	0.0	0.0	0.0	0.0	0.0	0.0	0.0	0.0	0.0	0.0	0.0	101.0	3e-05	6e-05	0.0	0.0	0.0	0.0	0.0	0.0	0.0	0.0	0.0	0.0	0.0	0.0	118327.0	0.03036	0.07683	26644.0	0.00684	0.02111	1186.0	0.0003	0.00069	725468.0	0.18616	0.60915
d__Bacteria;p__Firmicutes_A;c__Clostridia;o__Lachnospirales;f__Lachnospiraceae;g__UBA3402;s__UBA3402 sp910588865	2|1239||||||	0.0	0.0	0.0	0.0	0.0	0.0	0.0	0.0	0.0	0.0	0.0	0.0	0.0	0.0	0.0	6352.0	0.00139	0.00348	13391.0	0.00293	0.00673	1511.0	0.00033	0.00095	4509.0	0.00099	0.0032	3378.0	0.00074	0.00169	86678.0	0.01896	0.04091	22597.0	0.00494	0.01251	9415.0	0.00206	0.00636	41265.0	0.00903	0.02053	15209.0	0.00333	0.01089
d__Bacteria;p__Firmicutes_A;c__Clostridia;o__Lachnospirales;f__Lachnospiraceae;g__UBA7109;s__	2|1239|186801|186802|186803|||	0.0	0.0	0.0	0.0	0.0	0.0	0.0	0.0	0.0	0.0	0.0	0.0	0.0	0.0	0.0	0.0	0.0	0.0	0.0	0.0	0.0	0.0	0.0	0.0	0.0	0.0	0.0	0.0	0.0	0.0	192966.0	0.04578	0.09878	38020.0	0.00902	0.02283	12805.0	0.00304	0.00938	44030.0	0.01045	0.02375	149710.0	0.03552	0.11623
d__Bacteria;p__Firmicutes_A;c__Clostridia;o__Lachnospirales;f__Lachnospiraceae;g__UBA7109;s__UBA7109 sp910575605	2|1239|186801|186802|186803|||	0.0	0.0	0.0	0.0	0.0	0.0	0.0	0.0	0.0	0.0	0.0	0.0	0.0	0.0	0.0	0.0	0.0	0.0	0.0	0.0	0.0	0.0	0.0	0.0	0.0	0.0	0.0	0.0	0.0	0.0	0.0	0.0	0.0	0.0	0.0	0.0	70738.0	0.02102	0.06491	0.0	0.0	0.0	0.0	0.0	0.0
d__Bacteria;p__Firmicutes_A;c__Clostridia;o__Lachnospirales;f__Lachnospiraceae;g__UBA7109;s__UBA7109 sp910576335	2|1239|186801|186802|186803|||	0.0	0.0	0.0	0.0	0.0	0.0	0.0	0.0	0.0	0.0	0.0	0.0	0.0	0.0	0.0	243.0	6e-05	0.00015	0.0	0.0	0.0	0.0	0.0	0.0	0.0	0.0	0.0	0.0	0.0	0.0	2703.0	0.00065	0.00141	739.0	0.00018	0.00045	629.0	0.00015	0.00047	607.0	0.00015	0.00033	783.0	0.00019	0.00062
d__Bacteria;p__Firmicutes_A;c__Clostridia;o__Lachnospirales;f__Lachnospiraceae;g__UMGS1370;s__UMGS1370 sp910577645	2|||||||	0.0	0.0	0.0	0.0	0.0	0.0	0.0	0.0	0.0	0.0	0.0	0.0	0.0	0.0	0.0	66862.0	0.01662	0.04168	40967.0	0.01018	0.0234	98420.0	0.02447	0.06998	55556.0	0.01381	0.04486	19307.0	0.0048	0.01094	183501.0	0.04562	0.09842	65300.0	0.01623	0.04108	561.0	0.00014	0.00043	142800.0	0.0355	0.08072	0.0	0.0	0.0
d__Bacteria;p__Firmicutes_A;c__Clostridia;o__Lachnospirales;f__Lachnospiraceae;g__VSOB01;s__VSOB01 sp910587635	2|1239||||||	0.0	0.0	0.0	0.0	0.0	0.0	0.0	0.0	0.0	0.0	0.0	0.0	0.0	0.0	0.0	0.0	0.0	0.0	0.0	0.0	0.0	0.0	0.0	0.0	0.0	0.0	0.0	0.0	0.0	0.0	2679.0	0.00078	0.00169	0.0	0.0	0.0	0.0	0.0	0.0	559.0	0.00016	0.00037	2208.0	0.00065	0.00212
d__Bacteria;p__Firmicutes_A;c__Clostridia;o__Lachnospirales;f__Lachnospiraceae;g__Ventrimonas;s__Ventrimonas sp910575255	2|||||||	0.0	0.0	0.0	0.0	0.0	0.0	0.0	0.0	0.0	0.0	0.0	0.0	0.0	0.0	0.0	1373.0	0.00033	0.00083	11875.0	0.00285	0.00654	464.0	0.00011	0.00032	3277.0	0.00079	0.00255	2564.0	0.00062	0.0014	67357.0	0.01616	0.03486	52286.0	0.01254	0.03174	17166.0	0.00412	0.01272	32301.0	0.00775	0.01762	204081.0	0.04896	0.16021
d__Bacteria;p__Firmicutes_A;c__Clostridia;o__Lachnospirales;f__Lachnospiraceae;g__Ventrimonas;s__Ventrimonas sp910577655	2|||||||	0.0	0.0	0.0	0.0	0.0	0.0	0.0	0.0	0.0	0.0	0.0	0.0	0.0	0.0	0.0	4187.0	0.00084	0.00211	8914.0	0.00179	0.00412	2545.0	0.00051	0.00147	11122.0	0.00224	0.00727	2230.0	0.00045	0.00102	12725.0	0.00256	0.00553	10607.0	0.00214	0.0054	0.0	0.0	0.0	5907.0	0.00119	0.0027	208937.0	0.04207	0.13765
d__Bacteria;p__Firmicutes_A;c__Clostridia;o__Lachnospirales;f__Lachnospiraceae;g__Ventrimonas;s__Ventrimonas sp910577765	2|||||||	0.0	0.0	0.0	0.0	0.0	0.0	0.0	0.0	0.0	0.0	0.0	0.0	0.0	0.0	0.0	0.0	0.0	0.0	8614.0	0.00185	0.00426	0.0	0.0	0.0	0.0	0.0	0.0	1040.0	0.00022	0.00051	114335.0	0.02459	0.05306	30484.0	0.00656	0.01659	19849.0	0.00427	0.01318	39881.0	0.00858	0.0195	53796.0	0.01157	0.03786
d__Bacteria;p__Firmicutes_A;c__Clostridia;o__Lachnospirales;f__Lachnospiraceae;g__Ventrimonas;s__Ventrimonas sp910586255	2|||||||	0.0	0.0	0.0	0.0	0.0	0.0	0.0	0.0	0.0	0.0	0.0	0.0	0.0	0.0	0.0	0.0	0.0	0.0	0.0	0.0	0.0	0.0	0.0	0.0	0.0	0.0	0.0	0.0	0.0	0.0	0.0	0.0	0.0	0.0	0.0	0.0	0.0	0.0	0.0	0.0	0.0	0.0	4117.0	0.00099	0.00325
d__Bacteria;p__Firmicutes_A;c__Clostridia;o__Oscillospirales;f__Acutalibacteraceae;g__Acutalibacter;s__Acutalibacter muris	2|1239|186801|186802|216572||1834198|	608.0	0.00023	0.00121	528.0	0.0002	0.00125	0.0	0.0	0.0	3791.0	0.00146	0.00733	972.0	0.00037	0.00173	56845.0	0.0219	0.05491	31091.0	0.01198	0.02752	15370.0	0.00592	0.01694	21326.0	0.00822	0.02669	9038.0	0.00348	0.00794	1785829.0	0.68796	1.4843	350197.0	0.13491	0.34136	245792.0	0.09469	0.29239	227117.0	0.08749	0.19894	2138042.0	0.82364	2.69513
d__Bacteria;p__Firmicutes_A;c__Clostridia;o__Oscillospirales;f__Acutalibacteraceae;g__Acutalibacter;s__Acutalibacter sp003612555	2|1239|186801|186802|216572|1918385|2320081|	0.0	0.0	0.0	0.0	0.0	0.0	0.0	0.0	0.0	0.0	0.0	0.0	0.0	0.0	0.0	0.0	0.0	0.0	0.0	0.0	0.0	0.0	0.0	0.0	0.0	0.0	0.0	0.0	0.0	0.0	0.0	0.0	0.0	0.0	0.0	0.0	7972.0	0.00222	0.00687	5719.0	0.0016	0.00363	21753.0	0.00607	0.01985
d__Bacteria;p__Firmicutes_A;c__Clostridia;o__Oscillospirales;f__Acutalibacteraceae;g__Acutalibacter;s__Acutalibacter sp009936035	2|1239|186801|186802|216572|1924105|2305472|	0.0	0.0	0.0	0.0	0.0	0.0	0.0	0.0	0.0	0.0	0.0	0.0	0.0	0.0	0.0	459.0	0.00019	0.00047	647509.0	0.26204	0.60198	1268.0	0.00051	0.00147	59235.0	0.02397	0.07787	21154.0	0.00856	0.01952	0.0	0.0	0.0	2425.0	0.00098	0.00248	0.0	0.0	0.0	0.0	0.0	0.0	368.0	0.00015	0.00049
d__Bacteria;p__Firmicutes_A;c__Clostridia;o__Oscillospirales;f__Acutalibacteraceae;g__Acutalibacter;s__Acutalibacter sp009936055	2||||||2320886|	0.0	0.0	0.0	0.0	0.0	0.0	0.0	0.0	0.0	673.0	0.00025	0.00123	0.0	0.0	0.0	196680.0	0.07157	0.17944	13517.0	0.00492	0.0113	160724.0	0.05848	0.16728	112083.0	0.04078	0.13248	61782.0	0.02248	0.05126	964445.0	0.35093	0.75716	157643.0	0.05736	0.14515	0.0	0.0	0.0	0.0	0.0	0.0	0.0	0.0	0.0
d__Bacteria;p__Firmicutes_A;c__Clostridia;o__Oscillospirales;f__Acutalibacteraceae;g__Acutalibacter;s__Acutalibacter sp910574935	2|1239|186801|186802|216572|||	0.0	0.0	0.0	209.0	7e-05	0.00043	176.0	6e-05	0.00026	0.0	0.0	0.0	0.0	0.0	0.0	153183.0	0.05126	0.12852	463217.0	0.15501	0.35609	198495.0	0.06642	0.18999	185726.0	0.06215	0.20189	240371.0	0.08044	0.18341	316839.0	0.10602	0.22875	79233.0	0.02651	0.06709	21390.0	0.00716	0.0221	57393.0	0.01921	0.04367	563555.0	0.18858	0.61709
d__Bacteria;p__Firmicutes_A;c__Clostridia;o__Oscillospirales;f__Acutalibacteraceae;g__Acutalibacter;s__Acutalibacter sp910580045	2|1239|186801|186802|216572|||	0.0	0.0	0.0	0.0	0.0	0.0	0.0	0.0	0.0	0.0	0.0	0.0	0.0	0.0	0.0	3481.0	0.0011	0.00275	32921.0	0.01037	0.02383	464.0	0.00015	0.00042	1880.0	0.00059	0.00192	9015.0	0.00284	0.00648	3856.0	0.00121	0.00262	11182.0	0.00352	0.00891	0.0	0.0	0.0	0.0	0.0	0.0	0.0	0.0	0.0
d__Bacteria;p__Firmicutes_A;c__Clostridia;o__Oscillospirales;f__Acutalibacteraceae;g__Fimenecus;s__Fimenecus sp900540295	2|1239||||||	0.0	0.0	0.0	241.0	0.00011	0.00066	240.0	0.00011	0.00047	453.0	0.0002	0.001	2118.0	0.00093	0.0043	102612.0	0.04525	0.11344	101354.0	0.04469	0.10267	11694.0	0.00516	0.01475	29760.0	0.01312	0.04263	504.0	0.00022	0.00051	332593.0	0.14665	0.31641	1181088.0	0.52078	1.31777	1341820.0	0.59166	1.82704	1346880.0	0.59389	1.35035	883559.0	0.38959	1.27484
d__Bacteria;p__Firmicutes_A;c__Clostridia;o__Oscillospirales;f__Butyricicoccaceae;g__Pseudobutyricicoccus;s__Pseudobutyricicoccus sp910579575	2|1239||||||	0.0	0.0	0.0	0.0	0.0	0.0	0.0	0.0	0.0	0.0	0.0	0.0	0.0	0.0	0.0	4712.0	0.00174	0.00436	18754.0	0.00692	0.01589	1701.0	0.00063	0.00179	3989.0	0.00147	0.00478	1890.0	0.0007	0.00159	20700.0	0.00763	0.01647	4069.0	0.0015	0.0038	2556.0	0.00094	0.00291	16723.0	0.00617	0.01402	22506.0	0.0083	0.02716
d__Bacteria;p__Firmicutes_A;c__Clostridia;o__Oscillospirales;f__Butyricicoccaceae;g__QXXE01;s__QXXE01 sp009911355	2|1239|186801|186802|31979||1898204|	0.0	0.0	0.0	0.0	0.0	0.0	0.0	0.0	0.0	0.0	0.0	0.0	0.0	0.0	0.0	0.0	0.0	0.0	0.0	0.0	0.0	0.0	0.0	0.0	0.0	0.0	0.0	0.0	0.0	0.0	5117.0	0.00168	0.00363	0.0	0.0	0.0	0.0	0.0	0.0	0.0	0.0	0.0	7368.0	0.00242	0.00792
d__Bacteria;p__Firmicutes_A;c__Clostridia;o__Oscillospirales;f__Oscillospiraceae;g__An92;s__An92 sp009935845	2|1239|186801|186802|216572|1017280|2304577|	0.0	0.0	0.0	0.0	0.0	0.0	0.0	0.0	0.0	0.0	0.0	0.0	0.0	0.0	0.0	2949.0	0.00079	0.00197	10602.0	0.00283	0.0065	2375.0	0.00063	0.00181	6073.0	0.00162	0.00526	3398.0	0.00091	0.00207	0.0	0.0	0.0	2926.0	0.00078	0.00197	0.0	0.0	0.0	0.0	0.0	0.0	0.0	0.0	0.0
d__Bacteria;p__Firmicutes_A;c__Clostridia;o__Oscillospirales;f__Oscillospiraceae;g__CAJFPI01;s__	2|1239|186801|186802|216572|||	0.0	0.0	0.0	0.0	0.0	0.0	0.0	0.0	0.0	0.0	0.0	0.0	0.0	0.0	0.0	13284.0	0.00446	0.01119	26206.0	0.0088	0.02022	10345.0	0.00348	0.00994	13504.0	0.00454	0.01474	13623.0	0.00458	0.01044	191042.0	0.06418	0.13847	93382.0	0.03137	0.07938	36554.0	0.01228	0.03792	217858.0	0.07319	0.16641	252371.0	0.08478	0.27742
d__Bacteria;p__Firmicutes_A;c__Clostridia;o__Oscillospirales;f__Oscillospiraceae;g__Dysosmobacter;s__Dysosmobacter sp009774015	2|1239|186801|186802|216572|459786|2780102|	0.0	0.0	0.0	0.0	0.0	0.0	0.0	0.0	0.0	0.0	0.0	0.0	0.0	0.0	0.0	32373.0	0.01143	0.02865	104174.0	0.03677	0.08447	16602.0	0.00586	0.01676	39010.0	0.01377	0.04473	15950.0	0.00563	0.01284	239630.0	0.08458	0.18248	5835.0	0.00206	0.00521	0.0	0.0	0.0	11299.0	0.00399	0.00907	621874.0	0.21949	0.71821
d__Bacteria;p__Firmicutes_A;c__Clostridia;o__Oscillospirales;f__Oscillospiraceae;g__Dysosmobacter;s__Dysosmobacter sp910577405	2|1239||||||	0.0	0.0	0.0	0.0	0.0	0.0	0.0	0.0	0.0	0.0	0.0	0.0	0.0	0.0	0.0	40.0	1e-05	3e-05	2948.0	0.00089	0.00204	0.0	0.0	0.0	705.0	0.00021	0.00069	80.0	2e-05	6e-05	32733.0	0.00984	0.02122	2747.0	0.00083	0.00209	1518.0	0.00046	0.00141	5588.0	0.00168	0.00382	87743.0	0.02637	0.08628
d__Bacteria;p__Firmicutes_A;c__Clostridia;o__Oscillospirales;f__Oscillospiraceae;g__Dysosmobacter;s__Dysosmobacter sp910585245	2|1239|186801|186802|216572|||	0.0	0.0	0.0	0.0	0.0	0.0	0.0	0.0	0.0	0.0	0.0	0.0	0.0	0.0	0.0	0.0	0.0	0.0	0.0	0.0	0.0	0.0	0.0	0.0	0.0	0.0	0.0	0.0	0.0	0.0	28328.0	0.00945	0.0204	5369.0	0.00179	0.00453	1408.0	0.00047	0.00145	17947.0	0.00599	0.01362	62093.0	0.02072	0.06781
d__Bacteria;p__Firmicutes_A;c__Clostridia;o__Oscillospirales;f__Oscillospiraceae;g__Dysosmobacter;s__Dysosmobacter sp910585385	2|1239|186801|186802|216572|||	0.0	0.0	0.0	0.0	0.0	0.0	0.0	0.0	0.0	0.0	0.0	0.0	0.0	0.0	0.0	0.0	0.0	0.0	0.0	0.0	0.0	0.0	0.0	0.0	0.0	0.0	0.0	0.0	0.0	0.0	0.0	0.0	0.0	9903.0	0.00337	0.00851	0.0	0.0	0.0	0.0	0.0	0.0	94.0	3e-05	0.0001
d__Bacteria;p__Firmicutes_A;c__Clostridia;o__Oscillospirales;f__Oscillospiraceae;g__Dysosmobacter;s__Dysosmobacter sp910588005	2|1239|186801|186802|216572|||	0.0	0.0	0.0	0.0	0.0	0.0	0.0	0.0	0.0	0.0	0.0	0.0	0.0	0.0	0.0	8990.0	0.00276	0.00692	21988.0	0.00675	0.01552	1055.0	0.00032	0.00093	10497.0	0.00322	0.01047	404.0	0.00012	0.00028	50558.0	0.01553	0.03351	60011.0	0.01843	0.04665	0.0	0.0	0.0	11615.0	0.00357	0.00811	147534.0	0.04532	0.14829
d__Bacteria;p__Firmicutes_A;c__Clostridia;o__Oscillospirales;f__Oscillospiraceae;g__Dysosmobacter;s__Dysosmobacter sp910589315	2|1239||||||	0.0	0.0	0.0	0.0	0.0	0.0	0.0	0.0	0.0	0.0	0.0	0.0	0.0	0.0	0.0	4212.0	0.00145	0.00363	11123.0	0.00383	0.00879	1850.0	0.00064	0.00182	6959.0	0.00239	0.00777	4813.0	0.00166	0.00377	79761.0	0.02743	0.05918	2327.0	0.0008	0.00203	7417.0	0.00255	0.00788	20144.0	0.00693	0.01575	45116.0	0.01552	0.05077
d__Bacteria;p__Firmicutes_A;c__Clostridia;o__Oscillospirales;f__Oscillospiraceae;g__Enterenecus;s__Enterenecus sp910585265	2|1239|186801|186802|216572|||	0.0	0.0	0.0	0.0	0.0	0.0	0.0	0.0	0.0	0.0	0.0	0.0	1373.0	0.00047	0.00218	0.0	0.0	0.0	0.0	0.0	0.0	0.0	0.0	0.0	0.0	0.0	0.0	0.0	0.0	0.0	0.0	0.0	0.0	1448498.0	0.4998	1.26467	0.0	0.0	0.0	0.0	0.0	0.0	0.0	0.0	0.0
d__Bacteria;p__Firmicutes_A;c__Clostridia;o__Oscillospirales;f__Oscillospiraceae;g__Enterenecus;s__Enterenecus sp910588495	2|1239|186801|186802|216572|||	0.0	0.0	0.0	0.0	0.0	0.0	0.0	0.0	0.0	0.0	0.0	0.0	0.0	0.0	0.0	27649.0	0.00889	0.02229	53116.0	0.01708	0.03923	27046.0	0.0087	0.02487	22426.0	0.00721	0.02342	20514.0	0.0066	0.01504	1949.0	0.00063	0.00135	3175.0	0.00102	0.00258	0.0	0.0	0.0	0.0	0.0	0.0	0.0	0.0	0.0
d__Bacteria;p__Firmicutes_A;c__Clostridia;o__Oscillospirales;f__Oscillospiraceae;g__Enterenecus;s__Enterenecus sp910588625	2|1239|186801|186802|216572|||	0.0	0.0	0.0	0.0	0.0	0.0	0.0	0.0	0.0	0.0	0.0	0.0	0.0	0.0	0.0	0.0	0.0	0.0	0.0	0.0	0.0	0.0	0.0	0.0	33362.0	0.00832	0.02703	0.0	0.0	0.0	0.0	0.0	0.0	0.0	0.0	0.0	0.0	0.0	0.0	0.0	0.0	0.0	0.0	0.0	0.0
d__Bacteria;p__Firmicutes_A;c__Clostridia;o__Oscillospirales;f__Oscillospiraceae;g__Evtepia;s__Evtepia sp910584805	2|1239||||||	0.0	0.0	0.0	0.0	0.0	0.0	0.0	0.0	0.0	0.0	0.0	0.0	0.0	0.0	0.0	22652.0	0.00939	0.02355	45527.0	0.01888	0.04337	27451.0	0.01138	0.03256	14104.0	0.00585	0.019	27083.0	0.01123	0.02561	196641.0	0.08154	0.17592	23023.0	0.00955	0.02416	0.0	0.0	0.0	57793.0	0.02396	0.05449	55206.0	0.02289	0.07491
d__Bacteria;p__Firmicutes_A;c__Clostridia;o__Oscillospirales;f__Oscillospiraceae;g__Faecousia;s__Faecousia sp910589155	2|1239||||||	0.0	0.0	0.0	0.0	0.0	0.0	0.0	0.0	0.0	0.0	0.0	0.0	0.0	0.0	0.0	10308.0	0.00472	0.01184	14389.0	0.00659	0.01515	18902.0	0.00866	0.02477	6162.0	0.00282	0.00917	3548.0	0.00163	0.00371	0.0	0.0	0.0	4805.0	0.0022	0.00557	0.0	0.0	0.0	194.0	9e-05	0.0002	7782.0	0.00357	0.01167
d__Bacteria;p__Firmicutes_A;c__Clostridia;o__Oscillospirales;f__Oscillospiraceae;g__Lawsonibacter;s__	2|1239|186801|186802|216572|||2|1239|186801|186802|216572|||2|||||||2|||||||2|1239|186801|186802|216572|||2|1239|186801|186802|216572|||2|1239|186801|186802|216572|||2|1239|186801|186802|216572|||2|1239|186801|186802|216572|||2|||||||2|1239|186801|186802|216572|||2|1239|186801|186802|216572|||2|||||||2|1239|186801|186802|216572|||2|1239|186801|186802|216572|||2|||||||	0.0	0.0	0.0	0.0	0.0	0.0	0.0	0.0	0.0	0.0	0.0	0.0	0.0	0.0	0.0	176935.0	0.05869	0.14716	525802.0	0.17249	0.39625000000000005	180787.0	0.05978	0.17098999999999998	181624.0	0.060169999999999994	0.19545	32468.0	0.010150000000000001	0.02314	91388.0	0.03023	0.06522	143003.0	0.04361	0.11039	264150.0	0.08671	0.26773	552738.0	0.16751000000000002	0.38089	832053.0	0.27702	0.90647
d__Bacteria;p__Firmicutes_A;c__Clostridia;o__Oscillospirales;f__Oscillospiraceae;g__Lawsonibacter;s__Lawsonibacter sp003612335	2|||||||	0.0	0.0	0.0	0.0	0.0	0.0	0.0	0.0	0.0	0.0	0.0	0.0	0.0	0.0	0.0	17413.0	0.00617	0.01546	74640.0	0.02644	0.06073	14411.0	0.0051	0.0146	28042.0	0.00993	0.03227	26178.0	0.00927	0.02114	21229.0	0.00752	0.01622	89404.0	0.03167	0.08013	9954.0	0.00353	0.01089	0.0	0.0	0.0	47772.0	0.01692	0.05537
d__Bacteria;p__Firmicutes_A;c__Clostridia;o__Oscillospirales;f__Oscillospiraceae;g__Lawsonibacter;s__Lawsonibacter sp910577805	2|1239|186801|186802|216572|||	0.0	0.0	0.0	0.0	0.0	0.0	0.0	0.0	0.0	0.0	0.0	0.0	0.0	0.0	0.0	0.0	0.0	0.0	0.0	0.0	0.0	0.0	0.0	0.0	0.0	0.0	0.0	0.0	0.0	0.0	0.0	0.0	0.0	95900.0	0.03264	0.0826	0.0	0.0	0.0	4595.0	0.00156	0.00356	271278.0	0.09234	0.30217
d__Bacteria;p__Firmicutes_A;c__Clostridia;o__Oscillospirales;f__Oscillospiraceae;g__Lawsonibacter;s__Lawsonibacter sp910584605	2|1239|186801|186802|216572|||	0.0	0.0	0.0	0.0	0.0	0.0	0.0	0.0	0.0	872.0	0.00029	0.00147	0.0	0.0	0.0	92554.0	0.03112	0.07803	105203.0	0.03537	0.08126	127274.0	0.04279	0.12241	84279.0	0.02834	0.09205	187152.0	0.06293	0.14348	1141442.0	0.38379	0.82805	155095.0	0.05215	0.13195	0.0	0.0	0.0	14280.0	0.0048	0.01092	0.0	0.0	0.0
d__Bacteria;p__Firmicutes_A;c__Clostridia;o__Oscillospirales;f__Oscillospiraceae;g__Lawsonibacter;s__Lawsonibacter sp910585815	2|1239|186801|186802|216572|||	0.0	0.0	0.0	0.0	0.0	0.0	0.0	0.0	0.0	0.0	0.0	0.0	0.0	0.0	0.0	61141.0	0.02048	0.05135	185527.0	0.06215	0.14278	31894.0	0.01068	0.03056	88273.0	0.02957	0.09606	113163.0	0.03791	0.08644	242847.0	0.08135	0.17552	209125.0	0.07006	0.17727	0.0	0.0	0.0	47974.0	0.01607	0.03654	39162.0	0.01312	0.04293
d__Bacteria;p__Firmicutes_A;c__Clostridia;o__Oscillospirales;f__Oscillospiraceae;g__Lawsonibacter;s__Lawsonibacter sp910588455	2|1239|186801|186802|216572|||	0.0	0.0	0.0	0.0	0.0	0.0	0.0	0.0	0.0	0.0	0.0	0.0	0.0	0.0	0.0	0.0	0.0	0.0	781.0	0.00033	0.00077	0.0	0.0	0.0	0.0	0.0	0.0	0.0	0.0	0.0	0.0	0.0	0.0	157.0	7e-05	0.00017	26021.0	0.01113	0.03438	555.0	0.00024	0.00054	505.0	0.00022	0.00071
d__Bacteria;p__Firmicutes_A;c__Clostridia;o__Oscillospirales;f__Oscillospiraceae;g__MGBC124762;s__MGBC124762 sp910579775	2|1239||||||	0.0	0.0	0.0	0.0	0.0	0.0	0.0	0.0	0.0	0.0	0.0	0.0	0.0	0.0	0.0	0.0	0.0	0.0	0.0	0.0	0.0	48.0	2e-05	7e-05	0.0	0.0	0.0	0.0	0.0	0.0	105490.0	0.05256	0.1134	112077.0	0.05584	0.1413	0.0	0.0	0.0	0.0	0.0	0.0	0.0	0.0	0.0
d__Bacteria;p__Firmicutes_A;c__Clostridia;o__Oscillospirales;f__Oscillospiraceae;g__MGBC124762;s__MGBC124762 sp910584395	2|1239|186801|186802|216572|||	0.0	0.0	0.0	0.0	0.0	0.0	0.0	0.0	0.0	0.0	0.0	0.0	0.0	0.0	0.0	222.0	0.00011	0.00028	217.0	0.00011	0.00025	637.0	0.00032	0.00091	0.0	0.0	0.0	0.0	0.0	0.0	0.0	0.0	0.0	0.0	0.0	0.0	0.0	0.0	0.0	0.0	0.0	0.0	0.0	0.0	0.0
d__Bacteria;p__Firmicutes_A;c__Clostridia;o__Oscillospirales;f__Oscillospiraceae;g__Marseille-P3106;s__Marseille-P3106 sp905219705	2|1239|186801|186802|216572||2485925|	0.0	0.0	0.0	0.0	0.0	0.0	0.0	0.0	0.0	0.0	0.0	0.0	0.0	0.0	0.0	0.0	0.0	0.0	0.0	0.0	0.0	0.0	0.0	0.0	0.0	0.0	0.0	0.0	0.0	0.0	5321.0	0.00239	0.00517	0.0	0.0	0.0	3398.0	0.00153	0.00472	1042.0	0.00047	0.00107	248.0	0.00011	0.00037
d__Bacteria;p__Firmicutes_A;c__Clostridia;o__Oscillospirales;f__Oscillospiraceae;g__Marseille-P3106;s__Marseille-P3106 sp910585735	2|1239||||||	0.0	0.0	0.0	0.0	0.0	0.0	0.0	0.0	0.0	0.0	0.0	0.0	0.0	0.0	0.0	0.0	0.0	0.0	0.0	0.0	0.0	0.0	0.0	0.0	0.0	0.0	0.0	0.0	0.0	0.0	0.0	0.0	0.0	20418.0	0.00789	0.01996	897.0	0.00035	0.00107	68596.0	0.0265	0.06026	97410.0	0.03763	0.12315
d__Bacteria;p__Firmicutes_A;c__Clostridia;o__Oscillospirales;f__Oscillospiraceae;g__Marseille-P3106;s__Marseille-P3106 sp910587345	2|1239|186801|186802|216572|||	0.0	0.0	0.0	0.0	0.0	0.0	0.0	0.0	0.0	0.0	0.0	0.0	0.0	0.0	0.0	67780.0	0.02644	0.0663	98953.0	0.0386	0.08868	130445.0	0.05089	0.14556	73385.0	0.02863	0.093	17347.0	0.00677	0.01543	92329.0	0.03602	0.07772	186011.0	0.07257	0.18362	8488.0	0.00331	0.01023	109961.0	0.0429	0.09754	38515.0	0.01503	0.04917
d__Bacteria;p__Firmicutes_A;c__Clostridia;o__Oscillospirales;f__Oscillospiraceae;g__NSJ-51;s__NSJ-51 sp910585415	2|1239|186801|186802|216572|||	0.0	0.0	0.0	0.0	0.0	0.0	0.0	0.0	0.0	0.0	0.0	0.0	0.0	0.0	0.0	17114.0	0.00563	0.01412	87420.0	0.02877	0.0661	26037.0	0.00857	0.02451	37450.0	0.01233	0.04004	27194.0	0.00895	0.02041	298575.0	0.09827	0.21203	190983.0	0.06286	0.15906	87039.0	0.02865	0.08847	307859.0	0.10133	0.2304	933652.0	0.30731	1.00558
d__Bacteria;p__Firmicutes_A;c__Clostridia;o__Oscillospirales;f__Oscillospiraceae;g__Pelethomonas;s__Pelethomonas sp009774055	2|1239|186801|186802|216572|||	0.0	0.0	0.0	0.0	0.0	0.0	0.0	0.0	0.0	0.0	0.0	0.0	0.0	0.0	0.0	0.0	0.0	0.0	0.0	0.0	0.0	0.0	0.0	0.0	0.0	0.0	0.0	0.0	0.0	0.0	9282.0	0.00252	0.00544	1242.0	0.00034	0.00085	0.0	0.0	0.0	0.0	0.0	0.0	9776.0	0.00266	0.0087
d__Bacteria;p__Firmicutes_A;c__Clostridia;o__Oscillospirales;f__Oscillospiraceae;g__Pelethomonas;s__Pelethomonas sp014237695	2|1239|186801|186802|216572|||	0.0	0.0	0.0	0.0	0.0	0.0	0.0	0.0	0.0	0.0	0.0	0.0	0.0	0.0	0.0	0.0	0.0	0.0	0.0	0.0	0.0	0.0	0.0	0.0	0.0	0.0	0.0	0.0	0.0	0.0	0.0	0.0	0.0	34170.0	0.00911	0.02305	0.0	0.0	0.0	20018.0	0.00534	0.01213	203756.0	0.05431	0.17772
d__Bacteria;p__Firmicutes_A;c__Clostridia;o__Oscillospirales;f__Oscillospiraceae;g__Pelethomonas;s__Pelethomonas sp910578505	2|1239|186801|186802|216572|||	0.0	0.0	0.0	0.0	0.0	0.0	0.0	0.0	0.0	0.0	0.0	0.0	0.0	0.0	0.0	0.0	0.0	0.0	0.0	0.0	0.0	0.0	0.0	0.0	0.0	0.0	0.0	0.0	0.0	0.0	13512.0	0.00352	0.00759	1038.0	0.00027	0.00068	0.0	0.0	0.0	0.0	0.0	0.0	0.0	0.0	0.0
d__Bacteria;p__Firmicutes_A;c__Clostridia;o__Oscillospirales;f__Oscillospiraceae;g__Pelethomonas;s__Pelethomonas sp910579485	2|1239||||||	587.0	0.00015	0.00076	1149.0	0.00029	0.00177	0.0	0.0	0.0	0.0	0.0	0.0	0.0	0.0	0.0	243056.0	0.06086	0.15258	451439.0	0.11303	0.25966	868033.0	0.21734	0.62165	535409.0	0.13405	0.43546	431535.0	0.10805	0.24636	254211.0	0.06365	0.13733	731195.0	0.18307	0.46324	28192.0	0.00706	0.0218	67355.0	0.01686	0.03835	1859951.0	0.46569	1.52384
d__Bacteria;p__Firmicutes_A;c__Clostridia;o__Oscillospirales;f__Oscillospiraceae;g__Pelethomonas;s__Pelethomonas sp910579965	2|1239|186801|186802|216572|||	0.0	0.0	0.0	0.0	0.0	0.0	0.0	0.0	0.0	0.0	0.0	0.0	0.0	0.0	0.0	0.0	0.0	0.0	338.0	0.00011	0.00026	0.0	0.0	0.0	0.0	0.0	0.0	12086.0	0.00408	0.00931	0.0	0.0	0.0	274.0	9e-05	0.00023	3782.0	0.00128	0.00394	358.0	0.00012	0.00027	203642.0	0.06876	0.225
d__Bacteria;p__Firmicutes_A;c__Clostridia;o__Oscillospirales;f__Oscillospiraceae;g__Pelethomonas;s__Pelethomonas sp910587785	2|1239|186801|186802|990719|||	0.0	0.0	0.0	0.0	0.0	0.0	0.0	0.0	0.0	0.0	0.0	0.0	0.0	0.0	0.0	0.0	0.0	0.0	0.0	0.0	0.0	0.0	0.0	0.0	0.0	0.0	0.0	0.0	0.0	0.0	36406.0	0.01153	0.02488	4981.0	0.00158	0.00399	537.0	0.00017	0.00053	8992.0	0.00285	0.00648	11811.0	0.00374	0.01224
d__Bacteria;p__Firmicutes_A;c__Clostridia;o__Oscillospirales;f__Oscillospiraceae;g__Pelethomonas;s__Pelethomonas sp910588365	2|1239|186801|186802|216572|||	0.0	0.0	0.0	0.0	0.0	0.0	0.0	0.0	0.0	0.0	0.0	0.0	0.0	0.0	0.0	91932.0	0.02731	0.06849	189422.0	0.05628	0.12929	58660.0	0.01743	0.04985	97465.0	0.02896	0.09407	61557.0	0.01829	0.0417	446194.0	0.13257	0.28603	125923.0	0.03741	0.09467	43024.0	0.01278	0.03948	211348.0	0.0628	0.14278	176333.0	0.05239	0.17144
d__Bacteria;p__Firmicutes_A;c__Clostridia;o__Oscillospirales;f__Ruminococcaceae;g__Anaerotruncus;s__Anaerotruncus colihominis_A	2|1239|186801|186802|216572|244127|169435|	0.0	0.0	0.0	0.0	0.0	0.0	0.0	0.0	0.0	0.0	0.0	0.0	0.0	0.0	0.0	0.0	0.0	0.0	0.0	0.0	0.0	0.0	0.0	0.0	0.0	0.0	0.0	0.0	0.0	0.0	0.0	0.0	0.0	3865.0	0.00136	0.00343	0.0	0.0	0.0	0.0	0.0	0.0	0.0	0.0	0.0
d__Bacteria;p__Firmicutes_A;c__Clostridia;o__Oscillospirales;f__Ruminococcaceae;g__Anaerotruncus;s__Anaerotruncus sp000403395	2|1239|186801|186802|216572|244127|2320853|	0.0	0.0	0.0	0.0	0.0	0.0	0.0	0.0	0.0	0.0	0.0	0.0	0.0	0.0	0.0	0.0	0.0	0.0	34.0	1e-05	3e-05	0.0	0.0	0.0	0.0	0.0	0.0	0.0	0.0	0.0	0.0	0.0	0.0	20424.0	0.00793	0.02006	0.0	0.0	0.0	0.0	0.0	0.0	662085.0	0.25701	0.841
d__Bacteria;p__Firmicutes_A;c__Clostridia;o__Oscillospirales;f__Ruminococcaceae;g__Anaerotruncus;s__Anaerotruncus sp003612625	2||||||2320101|	0.0	0.0	0.0	0.0	0.0	0.0	0.0	0.0	0.0	0.0	0.0	0.0	0.0	0.0	0.0	0.0	0.0	0.0	0.0	0.0	0.0	0.0	0.0	0.0	0.0	0.0	0.0	0.0	0.0	0.0	0.0	0.0	0.0	1493.0	0.00058	0.00148	0.0	0.0	0.0	0.0	0.0	0.0	0.0	0.0	0.0
d__Bacteria;p__Firmicutes_A;c__Clostridia;o__Oscillospirales;f__Ruminococcaceae;g__Angelakisella;s__	2|201174|1760|85011|2062|||	0.0	0.0	0.0	0.0	0.0	0.0	0.0	0.0	0.0	0.0	0.0	0.0	0.0	0.0	0.0	1435.0	0.00048	0.00119	11672.0	0.00387	0.00889	2807.0	0.00093	0.00266	5526.0	0.00183	0.00595	2629.0	0.00087	0.00199	1427.0	0.00047	0.00102	608.0	0.0002	0.00051	0.0	0.0	0.0	40.0	1e-05	3e-05	34604.0	0.01147	0.03754
d__Bacteria;p__Firmicutes_A;c__Clostridia;o__Oscillospirales;f__Ruminococcaceae;g__Angelakisella;s__Angelakisella sp910585525	2|1239||||||	0.0	0.0	0.0	0.0	0.0	0.0	0.0	0.0	0.0	0.0	0.0	0.0	0.0	0.0	0.0	45661.0	0.01656	0.04152	54766.0	0.01986	0.04562	37798.0	0.01371	0.03921	72031.0	0.02612	0.08485	44811.0	0.01625	0.03705	83024.0	0.03011	0.06496	54652.0	0.01982	0.05015	7839.0	0.00284	0.00878	69373.0	0.02516	0.0572	53098.0	0.01926	0.06301
d__Bacteria;p__Firmicutes_A;c__Clostridia;o__Oscillospirales;f__Ruminococcaceae;g__Angelakisella;s__Angelakisella sp910585535	2|1239||||||	0.0	0.0	0.0	0.0	0.0	0.0	0.0	0.0	0.0	0.0	0.0	0.0	0.0	0.0	0.0	17599.0	0.00572	0.01434	7114.0	0.00231	0.00531	8357.0	0.00272	0.00777	14743.0	0.00479	0.01557	27818.0	0.00904	0.02062	34852.0	0.01133	0.02444	11566.0	0.00376	0.00951	22467.0	0.0073	0.02255	40736.0	0.01324	0.03011	12950.0	0.00421	0.01378
d__Bacteria;p__Firmicutes_A;c__Clostridia;o__Oscillospirales;f__Ruminococcaceae;g__Ruthenibacterium;s__	2|1239|186801|186802|216572|||	0.0	0.0	0.0	0.0	0.0	0.0	0.0	0.0	0.0	0.0	0.0	0.0	0.0	0.0	0.0	0.0	0.0	0.0	0.0	0.0	0.0	0.0	0.0	0.0	0.0	0.0	0.0	0.0	0.0	0.0	1835.0	0.00066	0.00142	0.0	0.0	0.0	310.0	0.00011	0.00034	0.0	0.0	0.0	10364.0	0.0037	0.01212
d__Bacteria;p__Firmicutes_A;c__Clostridia;o__Oscillospirales;f__Ruminococcaceae;g__UBA1405;s__	2|1239|91061|186826|33958|||	0.0	0.0	0.0	0.0	0.0	0.0	0.0	0.0	0.0	0.0	0.0	0.0	0.0	0.0	0.0	9283.0	0.00219	0.0055	15483.0	0.00366	0.0084	5440.0	0.00129	0.00368	5295.0	0.00125	0.00406	1345.0	0.00032	0.00072	1606.0	0.00038	0.00082	9634.0	0.00228	0.00576	0.0	0.0	0.0	2902.0	0.00069	0.00156	8582.0	0.00203	0.00664
d__Bacteria;p__Firmicutes_A;c__Clostridia;o__Oscillospirales;f__Ruminococcaceae;g__UBA3818;s__UBA3818 sp910578255	2|1239||||||	0.0	0.0	0.0	0.0	0.0	0.0	0.0	0.0	0.0	0.0	0.0	0.0	0.0	0.0	0.0	0.0	0.0	0.0	0.0	0.0	0.0	0.0	0.0	0.0	0.0	0.0	0.0	0.0	0.0	0.0	4362.0	0.00197	0.00425	0.0	0.0	0.0	0.0	0.0	0.0	0.0	0.0	0.0	0.0	0.0	0.0
d__Bacteria;p__Firmicutes_A;c__Clostridia;o__Oscillospirales;f__UBA644;g__;s__	2|1239||||||	0.0	0.0	0.0	0.0	0.0	0.0	0.0	0.0	0.0	0.0	0.0	0.0	0.0	0.0	0.0	40420.0	0.02136	0.05355	46737.0	0.02469	0.05673	37826.0	0.01999	0.05717	42965.0	0.0227	0.07374	9027.0	0.00477	0.01088	30705.0	0.01622	0.035	101203.0	0.05347	0.1353	61417.0	0.03245	0.10021	152611.0	0.08063	0.18334	55420.0	0.02928	0.09582
d__Bacteria;p__Firmicutes_A;c__Clostridia;o__Peptostreptococcales;f__Anaerovoracaceae;g__BX12;s__BX12 sp009911365	2|1239|186801|186802|||1898207|	0.0	0.0	0.0	0.0	0.0	0.0	0.0	0.0	0.0	0.0	0.0	0.0	0.0	0.0	0.0	0.0	0.0	0.0	0.0	0.0	0.0	0.0	0.0	0.0	0.0	0.0	0.0	0.0	0.0	0.0	89554.0	0.02198	0.04741	61634.0	0.01512	0.03827	1869.0	0.00046	0.00142	93371.0	0.02291	0.0521	43693.0	0.01072	0.03508
d__Bacteria;p__Firmicutes_A;c__Clostridia;o__Peptostreptococcales;f__Anaerovoracaceae;g__Emergencia;s__Emergencia sp009935805	2|1239|186801|186802|543314|1926556|2304570|	0.0	0.0	0.0	0.0	0.0	0.0	0.0	0.0	0.0	0.0	0.0	0.0	0.0	0.0	0.0	0.0	0.0	0.0	0.0	0.0	0.0	0.0	0.0	0.0	0.0	0.0	0.0	0.0	0.0	0.0	4913.0	0.00184	0.00396	0.0	0.0	0.0	0.0	0.0	0.0	0.0	0.0	0.0	0.0	0.0	0.0
d__Bacteria;p__Firmicutes_A;c__Clostridia;o__Peptostreptococcales;f__Anaerovoracaceae;g__Emergencia;s__Emergencia sp009936045	2|1239|186801|186802|543314|1926556|2304569|	0.0	0.0	0.0	0.0	0.0	0.0	0.0	0.0	0.0	0.0	0.0	0.0	0.0	0.0	0.0	0.0	0.0	0.0	0.0	0.0	0.0	0.0	0.0	0.0	0.0	0.0	0.0	0.0	0.0	0.0	0.0	0.0	0.0	21676.0	0.00696	0.01761	159527.0	0.05123	0.1582	13448.0	0.00432	0.00982	13954.0	0.00448	0.01466
d__Bacteria;p__Firmicutes_A;c__Clostridia;o__Peptostreptococcales;f__Anaerovoracaceae;g__Fimisoma;s__Fimisoma sp910588185	2|1239||||||	0.0	0.0	0.0	0.0	0.0	0.0	0.0	0.0	0.0	0.0	0.0	0.0	0.0	0.0	0.0	761.0	0.00033	0.00083	0.0	0.0	0.0	0.0	0.0	0.0	88.0	4e-05	0.00013	0.0	0.0	0.0	0.0	0.0	0.0	0.0	0.0	0.0	0.0	0.0	0.0	0.0	0.0	0.0	0.0	0.0	0.0
d__Bacteria;p__Firmicutes_A;c__Clostridia;o__TANB77;f__CAG-508;g__Scatovivens;s__	2|1239|186801|186802|186803|||	0.0	0.0	0.0	0.0	0.0	0.0	0.0	0.0	0.0	0.0	0.0	0.0	0.0	0.0	0.0	0.0	0.0	0.0	0.0	0.0	0.0	0.0	0.0	0.0	0.0	0.0	0.0	0.0	0.0	0.0	0.0	0.0	0.0	37289.0	0.01292	0.0327	0.0	0.0	0.0	514.0	0.00018	0.00041	0.0	0.0	0.0
d__Bacteria;p__Firmicutes_B;c__Dehalobacteriia;o__UBA4068;f__UBA5755;g__Avidehalobacter;s__	2|1239||||||	0.0	0.0	0.0	0.0	0.0	0.0	0.0	0.0	0.0	0.0	0.0	0.0	0.0	0.0	0.0	61404.0	0.02608	0.06538	95194.0	0.04043	0.09287	41666.0	0.01769	0.05061	63667.0	0.02704	0.08783	95141.0	0.0404	0.09213	126135.0	0.05357	0.11557	229202.0	0.09734	0.24629	0.0	0.0	0.0	0.0	0.0	0.0	1888.0	0.0008	0.00262
d__Bacteria;p__Firmicutes_B;c__Peptococcia;o__Peptococcales;f__Peptococcaceae;g__;s__	2|1239||||||	0.0	0.0	0.0	0.0	0.0	0.0	0.0	0.0	0.0	0.0	0.0	0.0	0.0	0.0	0.0	17247.0	0.00547	0.01371	7067.0	0.00224	0.00515	8605.0	0.00273	0.00781	8904.0	0.00282	0.00917	1675.0	0.00053	0.00121	8151.0	0.00258	0.00558	7352.0	0.00233	0.0059	0.0	0.0	0.0	0.0	0.0	0.0	4817.0	0.00153	0.005
d__Bacteria;p__Firmicutes_C;c__Negativicutes;o__DSM-1736;f__Dendrosporobacteraceae;g__Dendrosporobacter;s__Dendrosporobacter quercicolus	2|1239|909932|909929|1843490|146813|146817|	0.0	0.0	0.0	0.0	0.0	0.0	0.0	0.0	0.0	0.0	0.0	0.0	6106.0	0.00148	0.00681	0.0	0.0	0.0	0.0	0.0	0.0	0.0	0.0	0.0	0.0	0.0	0.0	0.0	0.0	0.0	0.0	0.0	0.0	0.0	0.0	0.0	0.0	0.0	0.0	0.0	0.0	0.0	0.0	0.0	0.0
d__Bacteria;p__Firmicutes_C;c__Negativicutes;o__Sporomusales;f__Sporomusaceae;g__Sporomusa;s__Sporomusa termitida	2|1239|909932|909929|1843490|2375|2377|	0.0	0.0	0.0	0.0	0.0	0.0	0.0	0.0	0.0	0.0	0.0	0.0	1119.0	0.00021	0.00097	0.0	0.0	0.0	0.0	0.0	0.0	0.0	0.0	0.0	0.0	0.0	0.0	0.0	0.0	0.0	0.0	0.0	0.0	0.0	0.0	0.0	0.0	0.0	0.0	0.0	0.0	0.0	0.0	0.0	0.0
d__Bacteria;p__Patescibacteria;c__Saccharimonadia;o__Saccharimonadales;f__Nanosyncoccaceae;g__Nanosyncoccus;s__	2|95818||||||2|95818||||||2|95818||||||2|95818||||||2|95818||||||2|95818||||||	44.0	3e-05	0.00015	742.0	0.00048	0.00296	324.0	0.00021	0.00092	0.0	0.0	0.0	0.0	0.0	0.0	308895.0	0.20532999999999998	0.5148	287574.0	0.19402	0.44573	238101.0	0.15911999999999998	0.45513	362367.0	0.23756	0.77166	281073.0	0.18259999999999998	0.41635	53471.0	0.03553	0.07665999999999999	128352.0	0.08873	0.22452	498.0	0.00032	0.001	428991.0	0.27804	0.6322	226525.0	0.16072999999999998	0.52595
d__Bacteria;p__Proteobacteria;c__Alphaproteobacteria;o__RF32;f__CAG-239;g__CAJLXD01;s__	2|1224||||||	0.0	0.0	0.0	0.0	0.0	0.0	0.0	0.0	0.0	0.0	0.0	0.0	0.0	0.0	0.0	0.0	0.0	0.0	0.0	0.0	0.0	0.0	0.0	0.0	0.0	0.0	0.0	0.0	0.0	0.0	1533.0	0.00083	0.00179	0.0	0.0	0.0	0.0	0.0	0.0	0.0	0.0	0.0	0.0	0.0	0.0
d__Bacteria;p__Proteobacteria;c__Alphaproteobacteria;o__Rs-D84;f__Rs-D84;g__Enterousia;s__	2|976|200643|171549|2005473|||	0.0	0.0	0.0	0.0	0.0	0.0	0.0	0.0	0.0	0.0	0.0	0.0	0.0	0.0	0.0	0.0	0.0	0.0	0.0	0.0	0.0	0.0	0.0	0.0	0.0	0.0	0.0	0.0	0.0	0.0	47967.0	0.04259	0.0919	24747.0	0.02197	0.0556	0.0	0.0	0.0	0.0	0.0	0.0	0.0	0.0	0.0
d__Bacteria;p__Proteobacteria;c__Alphaproteobacteria;o__Sphingomonadales;f__Sphingomonadaceae;g__Sphingomonas;s__Sphingomonas aerolata	2|1224|28211|204457|41297|13687|185951|	0.0	0.0	0.0	0.0	0.0	0.0	0.0	0.0	0.0	0.0	0.0	0.0	168.0	4e-05	0.00018	0.0	0.0	0.0	0.0	0.0	0.0	0.0	0.0	0.0	0.0	0.0	0.0	0.0	0.0	0.0	0.0	0.0	0.0	0.0	0.0	0.0	0.0	0.0	0.0	0.0	0.0	0.0	0.0	0.0	0.0
d__Bacteria;p__Proteobacteria;c__Alphaproteobacteria;o__Sphingomonadales;f__Sphingomonadaceae;g__Sphingomonas;s__Sphingomonas aurantiaca	2|1224|28211|204457|41297|13687|185949|	0.0	0.0	0.0	0.0	0.0	0.0	0.0	0.0	0.0	0.0	0.0	0.0	109.0	2e-05	0.00011	0.0	0.0	0.0	0.0	0.0	0.0	0.0	0.0	0.0	0.0	0.0	0.0	0.0	0.0	0.0	0.0	0.0	0.0	0.0	0.0	0.0	0.0	0.0	0.0	0.0	0.0	0.0	0.0	0.0	0.0
d__Bacteria;p__Proteobacteria;c__Alphaproteobacteria;o__Sphingomonadales;f__Sphingomonadaceae;g__Sphingomonas;s__Sphingomonas hominis	2|1224|28211|204457|41297|13687|2741495|	0.0	0.0	0.0	0.0	0.0	0.0	0.0	0.0	0.0	0.0	0.0	0.0	0.0	0.0	0.0	0.0	0.0	0.0	0.0	0.0	0.0	0.0	0.0	0.0	0.0	0.0	0.0	0.0	0.0	0.0	0.0	0.0	0.0	0.0	0.0	0.0	93.0	3e-05	8e-05	0.0	0.0	0.0	0.0	0.0	0.0
d__Bacteria;p__Proteobacteria;c__Gammaproteobacteria;o__Burkholderiales;f__Burkholderiaceae;g__Parasutterella;s__Parasutterella sp009767915	2|1224|28216|80840|995019|577310|2565572|	0.0	0.0	0.0	0.0	0.0	0.0	0.0	0.0	0.0	0.0	0.0	0.0	0.0	0.0	0.0	0.0	0.0	0.0	0.0	0.0	0.0	0.0	0.0	0.0	0.0	0.0	0.0	0.0	0.0	0.0	0.0	0.0	0.0	13881.0	0.00616	0.01559	0.0	0.0	0.0	0.0	0.0	0.0	0.0	0.0	0.0
d__Bacteria;p__Proteobacteria;c__Gammaproteobacteria;o__Burkholderiales;f__Burkholderiaceae;g__Turicimonas;s__Turicimonas muris	2|1224|28216|80840|995019|1918598|1796652|	0.0	0.0	0.0	0.0	0.0	0.0	1616.0	0.00062	0.00273	0.0	0.0	0.0	0.0	0.0	0.0	1152791.0	0.443	1.11072	460072.0	0.1768	0.40615	311226.0	0.1196	0.34209	368414.0	0.14158	0.45989	1418655.0	0.54516	1.24306	261325.0	0.10042	0.21667	196483.0	0.07551	0.19106	0.0	0.0	0.0	1232.0	0.00047	0.00108	0.0	0.0	0.0
d__Bacteria;p__Proteobacteria;c__Gammaproteobacteria;o__Pseudomonadales;f__Pseudomonadaceae;g__Pseudomonas_E;s__Pseudomonas_E koreensis_B	2|1224|1236|72274|135621|286|198620|	0.0	0.0	0.0	0.0	0.0	0.0	0.0	0.0	0.0	0.0	0.0	0.0	0.0	0.0	0.0	0.0	0.0	0.0	1638.0	0.00026	0.0006	0.0	0.0	0.0	0.0	0.0	0.0	0.0	0.0	0.0	0.0	0.0	0.0	0.0	0.0	0.0	0.0	0.0	0.0	0.0	0.0	0.0	0.0	0.0	0.0
d__Bacteria;p__Proteobacteria;c__Gammaproteobacteria;o__Xanthomonadales;f__Xanthomonadaceae;g__Xanthomonas;s__Xanthomonas campestris	2|1224|1236|135614|32033|338|339|	0.0	0.0	0.0	0.0	0.0	0.0	0.0	0.0	0.0	0.0	0.0	0.0	0.0	0.0	0.0	0.0	0.0	0.0	0.0	0.0	0.0	0.0	0.0	0.0	0.0	0.0	0.0	0.0	0.0	0.0	0.0	0.0	0.0	0.0	0.0	0.0	770.0	0.00015	0.00046	0.0	0.0	0.0	0.0	0.0	0.0
d__Bacteria;p__Verrucomicrobiota;c__Verrucomicrobiae;o__Verrucomicrobiales;f__Akkermansiaceae;g__Akkermansia;s__Akkermansia muciniphila	2|74201|203494|48461|1647988|239934|239935|	2741.0	0.00098	0.00508	3152.0	0.00113	0.00696	3281.0	0.00118	0.00517	4358.0	0.00156	0.00785	15786.0	0.00566	0.02607	739538.0	0.2652	0.66493	852859.0	0.30584	0.70259	804805.0	0.2886	0.8255	378253.0	0.13564	0.44062	827482.0	0.29674	0.67661	1817261.0	0.65167	1.40602	6684679.0	2.39713	6.0656	12462713.0	4.46914	13.80074	3708057.0	1.32971	3.02344	1341268.0	0.48098	1.57388

