[2023-08-26 09:21:51,633] multiqc                                            [DEBUG  ]  This is MultiQC v1.12
[2023-08-26 09:21:51,633] multiqc                                            [DEBUG  ]  No MultiQC config found: /usr/local/lib/python3.10/site-packages/multiqc_config.yaml
[2023-08-26 09:21:51,633] multiqc                                            [DEBUG  ]  No MultiQC config found: /home/andrewpe/.multiqc_config.yaml
[2023-08-26 09:21:51,637] multiqc                                            [DEBUG  ]  Loading config settings from: multiqc_config.yml
[2023-08-26 09:21:51,637] multiqc                                            [DEBUG  ]  New config 'report_comment': This report has been generated by the <a href="https://github.com/nf-core/mag" target="_blank">nf-core/mag</a> analysis pipeline. For information about how to interpret these results, please see the <a href="https://nf-co.re/mag" target="_blank">documentation</a>.

[2023-08-26 09:21:51,637] multiqc                                            [DEBUG  ]  New config 'report_section_order': {'nf-core-mag-methods-description': {'order': -1000}, 'software_versions': {'order': -1001}, 'nf-core-mag-summary': {'order': -1002}}
[2023-08-26 09:21:51,637] multiqc                                            [DEBUG  ]  New config 'export_plots': True
[2023-08-26 09:21:51,637] multiqc                                            [DEBUG  ]  New config 'data_format': yaml
[2023-08-26 09:21:51,637] multiqc                                            [DEBUG  ]  New config 'top_modules': [{'fastqc': {'name': 'FastQC: raw reads', 'path_filters_exclude': ['*trimmed*']}}, 'fastp', {'adapterRemoval': None}, 'custom_content', {'fastqc': {'name': 'FastQC: after preprocessing', 'info': 'After trimming and, if requested, contamination removal.', 'path_filters': ['*trimmed*']}}, {'busco': {'info': "assesses genome assembly and annotation completeness with Benchmarking Universal Single-Copy Orthologs. In case BUSCO's automated lineage selection was used, only generic results for the selected domain are shown and only for genome bins and kept, unbinned contigs for which the BUSCO analysis was successfull, i.e. not for contigs for which no BUSCO genes could be found. Bins for which a specific virus lineage was selected are also not shown."}}, 'quast']
[2023-08-26 09:21:51,637] multiqc                                            [DEBUG  ]  New config 'custom_data': {'host_removal': {'file_format': 'tsv', 'section_name': 'Bowtie 2: host read removal', 'description': 'Reads are mapped against the host reference sequence. Only reads that do not align (concordantly) are kept for further analysis.', 'plot_type': 'bargraph', 'pconfig': {'id': 'host_removal_bargraph', 'title': 'Bowtie 2: reads mapped against host reference', 'ylab': '# Reads'}}}
[2023-08-26 09:21:51,637] multiqc                                            [DEBUG  ]  Added to filename patterns: {'host_removal': {'fn': 'host_removal_metrics.tsv'}, 'adapterRemoval': {'fn': '*_ar2_*.log'}}
[2023-08-26 09:21:51,637] multiqc                                            [DEBUG  ]  Added to filename clean extensions: ['.bowtie2', '_ar2']
[2023-08-26 09:21:51,638] multiqc                                            [DEBUG  ]  Command used: /usr/local/bin/multiqc -f --ignore *.bowtie2.log .
[2023-08-26 09:21:52,005] multiqc                                            [WARNING]  MultiQC Version v1.15 now available!
[2023-08-26 09:21:52,005] multiqc                                            [DEBUG  ]  Command     : /usr/local/bin/multiqc -f --ignore *.bowtie2.log .
[2023-08-26 09:21:52,005] multiqc                                            [DEBUG  ]  Working dir : /fs04/df22/scratch_nobackup/andrewpe/projects/nirmal.bhatt/cystinuria_Mouse_microbiome_WGS/mag/work/f9/825c56c18cf59a60f87e27acc65e03
[2023-08-26 09:21:52,005] multiqc                                            [DEBUG  ]  Template    : default
[2023-08-26 09:21:52,005] multiqc                                            [DEBUG  ]  Running Python 3.10.2 | packaged by conda-forge | (main, Feb  1 2022, 19:28:35) [GCC 9.4.0]
[2023-08-26 09:21:52,005] multiqc                                            [DEBUG  ]  Ignoring files, directories and paths that match: *.bowtie2.log
[2023-08-26 09:21:52,007] multiqc                                            [DEBUG  ]  Analysing modules: fastqc, fastp, adapterRemoval, custom_content, fastqc, busco, quast, ccs, ngsderive, purple, conpair, lima, peddy, somalier, methylQA, mosdepth, phantompeakqualtools, qualimap, preseq, qorts, rna_seqc, rockhopper, rsem, rseqc, bustools, goleft_indexcov, gffcompare, disambiguate, supernova, deeptools, sargasso, verifybamid, mirtrace, happy, mirtop, sambamba, homer, hops, macs2, theta2, snpeff, gatk, htseq, bcftools, featureCounts, fgbio, dragen, dedup, pbmarkdup, damageprofiler, biobambam2, jcvi, mtnucratio, picard, vep, sentieon, prokka, qc3C, nanostat, samblaster, samtools, sexdeterrmine, eigenstratdatabasetools, bamtools, jellyfish, vcftools, longranger, stacks, varscan2, snippy, bbmap, bismark, biscuit, hicexplorer, hicup, hicpro, salmon, kallisto, slamdunk, star, hisat2, tophat, bowtie2, bowtie1, snpsplit, odgi, pangolin, kat, leehom, clipandmerge, cutadapt, flexbar, kaiju, kraken, malt, trimmomatic, sickle, skewer, sortmerna, biobloomtools, fastq_screen, afterqc, pychopper, pycoqc, minionqc, multivcfanalyzer, clusterflow, checkqc, bcl2fastq, bclconvert, interop, ivar, flash, seqyclean, optitype, whatshap
[2023-08-26 09:21:52,007] multiqc                                            [DEBUG  ]  Using temporary directory for creating report: /tmp/tmpmjbb2u0g
[2023-08-26 09:21:52,171] multiqc                                            [INFO   ]  Search path : /fs04/df22/scratch_nobackup/andrewpe/projects/nirmal.bhatt/cystinuria_Mouse_microbiome_WGS/mag/work/f9/825c56c18cf59a60f87e27acc65e03
[2023-08-26 09:21:52,203] multiqc                                            [DEBUG  ]  Ignoring directory as matched fn_ignore_dirs: ./multiqc_data
[2023-08-26 09:21:52,209] multiqc                                            [DEBUG  ]  Ignoring directory as matched fn_ignore_dirs: ./quast45/icarus_viewers
[2023-08-26 09:21:52,217] multiqc                                            [DEBUG  ]  Ignoring directory as matched fn_ignore_dirs: ./quast157/icarus_viewers
[2023-08-26 09:21:52,233] multiqc                                            [DEBUG  ]  Ignoring directory as matched fn_ignore_dirs: ./quast101/icarus_viewers
[2023-08-26 09:21:52,323] multiqc                                            [DEBUG  ]  Ignoring directory as matched fn_ignore_dirs: ./quast17/icarus_viewers
[2023-08-26 09:21:52,371] multiqc                                            [DEBUG  ]  Ignoring directory as matched fn_ignore_dirs: ./quast143/icarus_viewers
[2023-08-26 09:21:52,378] multiqc                                            [DEBUG  ]  Ignoring directory as matched fn_ignore_dirs: ./quast3/icarus_viewers
[2023-08-26 09:21:52,381] multiqc                                            [DEBUG  ]  Ignoring directory as matched fn_ignore_dirs: ./quast31/icarus_viewers
[2023-08-26 09:21:52,389] multiqc                                            [DEBUG  ]  Ignoring directory as matched fn_ignore_dirs: ./quast115/icarus_viewers
[2023-08-26 09:21:52,397] multiqc                                            [DEBUG  ]  Ignoring directory as matched fn_ignore_dirs: ./quast59/icarus_viewers
[2023-08-26 09:21:52,410] multiqc                                            [DEBUG  ]  Ignoring directory as matched fn_ignore_dirs: ./quast199/icarus_viewers
[2023-08-26 09:21:52,413] multiqc                                            [DEBUG  ]  Ignoring directory as matched fn_ignore_dirs: ./quast87/icarus_viewers
[2023-08-26 09:21:52,432] multiqc                                            [DEBUG  ]  Ignoring directory as matched fn_ignore_dirs: ./quast129/icarus_viewers
[2023-08-26 09:21:52,443] multiqc                                            [DEBUG  ]  Ignoring directory as matched fn_ignore_dirs: ./quast171/icarus_viewers
[2023-08-26 09:21:52,487] multiqc                                            [DEBUG  ]  Ignoring directory as matched fn_ignore_dirs: ./quast185/icarus_viewers
[2023-08-26 09:21:52,508] multiqc                                            [DEBUG  ]  Ignoring directory as matched fn_ignore_dirs: ./quast73/icarus_viewers
[2023-08-26 09:21:52,544] multiqc                                            [DEBUG  ]  Ignoring file as matched an ignore pattern: Het-3_S8_L001.host_removed.bowtie2.log
[2023-08-26 09:21:52,544] multiqc                                            [DEBUG  ]  Ignoring file as matched an ignore pattern: Abx-1_S1_L001.host_removed.bowtie2.log
[2023-08-26 09:21:52,571] multiqc                                            [DEBUG  ]  File ignored by ccs/v4 because it exceeded search pattern filesize limit: .command.err
[2023-08-26 09:21:52,579] multiqc                                            [DEBUG  ]  File ignored by lima/summary because it exceeded search pattern filesize limit: .command.err
[2023-08-26 09:21:52,593] multiqc                                            [DEBUG  ]  File ignored by longranger/invocation because it exceeded search pattern filesize limit: .command.err
[2023-08-26 09:21:52,622] multiqc                                            [DEBUG  ]  Ignoring file as matched an ignore pattern: Het-4_S9_L001.host_removed.bowtie2.log
[2023-08-26 09:21:52,623] multiqc                                            [DEBUG  ]  Ignoring file as matched an ignore pattern: Homo-2_S12_L001.host_removed.bowtie2.log
[2023-08-26 09:21:52,634] multiqc                                            [DEBUG  ]  File ignored by ccs/v4 because it exceeded search pattern filesize limit: multiqc_report.html
[2023-08-26 09:21:52,640] multiqc                                            [DEBUG  ]  File ignored by hicexplorer because it exceeded search pattern filesize limit: multiqc_report.html
[2023-08-26 09:21:52,641] multiqc                                            [DEBUG  ]  File ignored by lima/summary because it exceeded search pattern filesize limit: multiqc_report.html
[2023-08-26 09:21:52,652] multiqc                                            [DEBUG  ]  File ignored by vep/vep_html because it exceeded search pattern filesize limit: multiqc_report.html
[2023-08-26 09:21:52,652] multiqc                                            [DEBUG  ]  File ignored by vep/vep_txt because it exceeded search pattern filesize limit: multiqc_report.html
[2023-08-26 09:21:52,653] multiqc                                            [DEBUG  ]  File ignored by longranger/invocation because it exceeded search pattern filesize limit: multiqc_report.html
[2023-08-26 09:21:52,653] multiqc                                            [DEBUG  ]  File ignored by rockhopper because it exceeded search pattern filesize limit: multiqc_report.html
[2023-08-26 09:21:52,653] multiqc                                            [DEBUG  ]  File ignored by rseqc/bam_stat because it exceeded search pattern filesize limit: multiqc_report.html
[2023-08-26 09:21:52,653] multiqc                                            [DEBUG  ]  File ignored by rseqc/junction_annotation because it exceeded search pattern filesize limit: multiqc_report.html
[2023-08-26 09:21:52,653] multiqc                                            [DEBUG  ]  File ignored by rseqc/read_distribution because it exceeded search pattern filesize limit: multiqc_report.html
[2023-08-26 09:21:52,653] multiqc                                            [DEBUG  ]  File ignored by rseqc/infer_experiment because it exceeded search pattern filesize limit: multiqc_report.html
[2023-08-26 09:21:52,657] multiqc                                            [DEBUG  ]  File ignored by stacks/sumstats because it exceeded search pattern filesize limit: multiqc_report.html
[2023-08-26 09:21:52,805] multiqc                                            [DEBUG  ]  File ignored by nanostat because it exceeded search pattern filesize limit: multiqc_report.html
[2023-08-26 09:21:52,861] multiqc                                            [DEBUG  ]  Ignoring file as matched an ignore pattern: Abx-2_S2_L001.host_removed.bowtie2.log
[2023-08-26 09:21:52,903] multiqc                                            [DEBUG  ]  Ignoring file as matched an ignore pattern: Homo-4_S14_L001.host_removed.bowtie2.log
[2023-08-26 09:21:52,903] multiqc                                            [DEBUG  ]  Ignoring file as matched an ignore pattern: Het-5_S10_L001.host_removed.bowtie2.log
[2023-08-26 09:21:52,903] multiqc                                            [DEBUG  ]  Ignoring file as matched an ignore pattern: Homo-3_S13_L001.host_removed.bowtie2.log
[2023-08-26 09:21:52,904] multiqc                                            [DEBUG  ]  Ignoring file as matched an ignore pattern: Abx-3_S3_L001.host_removed.bowtie2.log
[2023-08-26 09:21:52,947] multiqc                                            [DEBUG  ]  Ignoring file as matched an ignore pattern: Homo-5_S15_L001.host_removed.bowtie2.log
[2023-08-26 09:21:52,955] multiqc                                            [DEBUG  ]  File ignored by ccs/v4 because it exceeded search pattern filesize limit: .command.log
[2023-08-26 09:21:52,961] multiqc                                            [DEBUG  ]  File ignored by lima/summary because it exceeded search pattern filesize limit: .command.log
[2023-08-26 09:21:52,971] multiqc                                            [DEBUG  ]  File ignored by longranger/invocation because it exceeded search pattern filesize limit: .command.log
[2023-08-26 09:21:52,997] multiqc                                            [DEBUG  ]  File ignored by ccs/v4 because it exceeded search pattern filesize limit: multiqc_config.yml
[2023-08-26 09:21:53,002] multiqc                                            [DEBUG  ]  File ignored by lima/summary because it exceeded search pattern filesize limit: multiqc_config.yml
[2023-08-26 09:21:53,028] multiqc                                            [DEBUG  ]  Ignoring file as matched an ignore pattern: Homo-1_S11_L001.host_removed.bowtie2.log
[2023-08-26 09:21:53,030] multiqc                                            [DEBUG  ]  File ignored by ccs/v4 because it exceeded search pattern filesize limit: .command.run
[2023-08-26 09:21:53,031] multiqc                                            [DEBUG  ]  File ignored by hicexplorer because it exceeded search pattern filesize limit: .command.run
[2023-08-26 09:21:53,031] multiqc                                            [DEBUG  ]  File ignored by lima/summary because it exceeded search pattern filesize limit: .command.run
[2023-08-26 09:21:53,033] multiqc                                            [DEBUG  ]  File ignored by longranger/invocation because it exceeded search pattern filesize limit: .command.run
[2023-08-26 09:21:53,050] multiqc                                            [DEBUG  ]  File ignored by nanostat because it exceeded search pattern filesize limit: .command.run
[2023-08-26 09:21:53,051] multiqc                                            [DEBUG  ]  Ignoring file as matched an ignore pattern: Abx-4_S4_L001.host_removed.bowtie2.log
[2023-08-26 09:21:53,052] multiqc                                            [DEBUG  ]  Ignoring file as matched an ignore pattern: Het-2_S7_L001.host_removed.bowtie2.log
[2023-08-26 09:21:53,052] multiqc                                            [DEBUG  ]  Ignoring file as matched an ignore pattern: Abx-5_S5_L001.host_removed.bowtie2.log
[2023-08-26 09:21:53,053] multiqc                                            [DEBUG  ]  Ignoring file as matched an ignore pattern: Het-1_S6_L001.host_removed.bowtie2.log
[2023-08-26 09:21:53,062] multiqc                                            [DEBUG  ]  File ignored by ccs/v4 because it exceeded search pattern filesize limit: report.tex
[2023-08-26 09:21:53,068] multiqc                                            [DEBUG  ]  File ignored by lima/summary because it exceeded search pattern filesize limit: report.tex
[2023-08-26 09:21:53,106] multiqc                                            [DEBUG  ]  File ignored by ccs/v4 because it exceeded search pattern filesize limit: transposed_report.tex
[2023-08-26 09:21:53,112] multiqc                                            [DEBUG  ]  File ignored by lima/summary because it exceeded search pattern filesize limit: transposed_report.tex
[2023-08-26 09:21:53,154] multiqc                                            [DEBUG  ]  File ignored by ccs/v4 because it exceeded search pattern filesize limit: report.txt
[2023-08-26 09:21:53,161] multiqc                                            [DEBUG  ]  File ignored by lima/summary because it exceeded search pattern filesize limit: report.txt
[2023-08-26 09:21:53,202] multiqc                                            [DEBUG  ]  File ignored by ccs/v4 because it exceeded search pattern filesize limit: report.tex
[2023-08-26 09:21:53,208] multiqc                                            [DEBUG  ]  File ignored by lima/summary because it exceeded search pattern filesize limit: report.tex
[2023-08-26 09:21:53,247] multiqc                                            [DEBUG  ]  File ignored by ccs/v4 because it exceeded search pattern filesize limit: report.txt
[2023-08-26 09:21:53,253] multiqc                                            [DEBUG  ]  File ignored by lima/summary because it exceeded search pattern filesize limit: report.txt
[2023-08-26 09:21:53,290] multiqc                                            [DEBUG  ]  File ignored by ccs/v4 because it exceeded search pattern filesize limit: report.html
[2023-08-26 09:21:53,295] multiqc                                            [DEBUG  ]  File ignored by hicexplorer because it exceeded search pattern filesize limit: report.html
[2023-08-26 09:21:53,296] multiqc                                            [DEBUG  ]  File ignored by lima/summary because it exceeded search pattern filesize limit: report.html
[2023-08-26 09:21:53,306] multiqc                                            [DEBUG  ]  File ignored by vep/vep_txt because it exceeded search pattern filesize limit: report.html
[2023-08-26 09:21:53,306] multiqc                                            [DEBUG  ]  File ignored by longranger/invocation because it exceeded search pattern filesize limit: report.html
[2023-08-26 09:21:53,306] multiqc                                            [DEBUG  ]  File ignored by rockhopper because it exceeded search pattern filesize limit: report.html
[2023-08-26 09:21:53,306] multiqc                                            [DEBUG  ]  File ignored by rseqc/bam_stat because it exceeded search pattern filesize limit: report.html
[2023-08-26 09:21:53,306] multiqc                                            [DEBUG  ]  File ignored by rseqc/junction_annotation because it exceeded search pattern filesize limit: report.html
[2023-08-26 09:21:53,306] multiqc                                            [DEBUG  ]  File ignored by rseqc/read_distribution because it exceeded search pattern filesize limit: report.html
[2023-08-26 09:21:53,306] multiqc                                            [DEBUG  ]  File ignored by rseqc/infer_experiment because it exceeded search pattern filesize limit: report.html
[2023-08-26 09:21:53,424] multiqc                                            [DEBUG  ]  File ignored by nanostat because it exceeded search pattern filesize limit: report.html
[2023-08-26 09:21:53,483] multiqc                                            [DEBUG  ]  File ignored by ccs/v4 because it exceeded search pattern filesize limit: report.html
[2023-08-26 09:21:53,488] multiqc                                            [DEBUG  ]  File ignored by hicexplorer because it exceeded search pattern filesize limit: report.html
[2023-08-26 09:21:53,489] multiqc                                            [DEBUG  ]  File ignored by lima/summary because it exceeded search pattern filesize limit: report.html
[2023-08-26 09:21:53,498] multiqc                                            [DEBUG  ]  File ignored by vep/vep_txt because it exceeded search pattern filesize limit: report.html
[2023-08-26 09:21:53,498] multiqc                                            [DEBUG  ]  File ignored by longranger/invocation because it exceeded search pattern filesize limit: report.html
[2023-08-26 09:21:53,607] multiqc                                            [DEBUG  ]  File ignored by nanostat because it exceeded search pattern filesize limit: report.html
[2023-08-26 09:21:53,613] multiqc                                            [DEBUG  ]  Ignoring file as matched an ignore pattern: Nx_plot.pdf
[2023-08-26 09:21:53,613] multiqc                                            [DEBUG  ]  Ignoring file as matched an ignore pattern: GC_content_plot.pdf
[2023-08-26 09:21:53,613] multiqc                                            [DEBUG  ]  Ignoring file as matched an ignore pattern: MEGAHIT-Het-5_S10_L001_GC_content_plot.pdf
[2023-08-26 09:21:53,614] multiqc                                            [DEBUG  ]  Ignoring file as matched an ignore pattern: cumulative_plot.pdf
[2023-08-26 09:21:53,614] multiqc                                            [DEBUG  ]  Ignoring file as matched an ignore pattern: report.pdf
[2023-08-26 09:21:53,622] multiqc                                            [DEBUG  ]  File ignored by ccs/v4 because it exceeded search pattern filesize limit: report.html
[2023-08-26 09:21:53,628] multiqc                                            [DEBUG  ]  File ignored by hicexplorer because it exceeded search pattern filesize limit: report.html
[2023-08-26 09:21:53,628] multiqc                                            [DEBUG  ]  File ignored by lima/summary because it exceeded search pattern filesize limit: report.html
[2023-08-26 09:21:53,637] multiqc                                            [DEBUG  ]  File ignored by vep/vep_txt because it exceeded search pattern filesize limit: report.html
[2023-08-26 09:21:53,638] multiqc                                            [DEBUG  ]  File ignored by longranger/invocation because it exceeded search pattern filesize limit: report.html
[2023-08-26 09:21:53,746] multiqc                                            [DEBUG  ]  File ignored by nanostat because it exceeded search pattern filesize limit: report.html
[2023-08-26 09:21:53,760] multiqc                                            [DEBUG  ]  File ignored by ccs/v4 because it exceeded search pattern filesize limit: MEGAHIT-Abx-2_S2_L001.rna.gff
[2023-08-26 09:21:53,766] multiqc                                            [DEBUG  ]  File ignored by lima/summary because it exceeded search pattern filesize limit: MEGAHIT-Abx-2_S2_L001.rna.gff
[2023-08-26 09:21:53,890] multiqc                                            [DEBUG  ]  File ignored by ccs/v4 because it exceeded search pattern filesize limit: transposed_report.txt
[2023-08-26 09:21:53,896] multiqc                                            [DEBUG  ]  File ignored by lima/summary because it exceeded search pattern filesize limit: transposed_report.txt
[2023-08-26 09:21:53,933] multiqc                                            [DEBUG  ]  File ignored by ccs/v4 because it exceeded search pattern filesize limit: icarus.html
[2023-08-26 09:21:53,938] multiqc                                            [DEBUG  ]  File ignored by hicexplorer because it exceeded search pattern filesize limit: icarus.html
[2023-08-26 09:21:53,938] multiqc                                            [DEBUG  ]  File ignored by lima/summary because it exceeded search pattern filesize limit: icarus.html
[2023-08-26 09:21:53,948] multiqc                                            [DEBUG  ]  File ignored by longranger/invocation because it exceeded search pattern filesize limit: icarus.html
[2023-08-26 09:21:53,995] multiqc                                            [DEBUG  ]  File ignored by nanostat because it exceeded search pattern filesize limit: icarus.html
[2023-08-26 09:21:54,050] multiqc                                            [DEBUG  ]  File ignored by ccs/v4 because it exceeded search pattern filesize limit: report.txt
[2023-08-26 09:21:54,055] multiqc                                            [DEBUG  ]  File ignored by lima/summary because it exceeded search pattern filesize limit: report.txt
[2023-08-26 09:21:54,092] multiqc                                            [DEBUG  ]  File ignored by ccs/v4 because it exceeded search pattern filesize limit: report.txt
[2023-08-26 09:21:54,098] multiqc                                            [DEBUG  ]  File ignored by lima/summary because it exceeded search pattern filesize limit: report.txt
[2023-08-26 09:21:54,126] multiqc                                            [DEBUG  ]  Ignoring file as matched an ignore pattern: Nx_plot.pdf
[2023-08-26 09:21:54,126] multiqc                                            [DEBUG  ]  Ignoring file as matched an ignore pattern: GC_content_plot.pdf
[2023-08-26 09:21:54,126] multiqc                                            [DEBUG  ]  Ignoring file as matched an ignore pattern: MEGAHIT-Homo-2_S12_L001_GC_content_plot.pdf
[2023-08-26 09:21:54,126] multiqc                                            [DEBUG  ]  Ignoring file as matched an ignore pattern: cumulative_plot.pdf
[2023-08-26 09:21:54,178] multiqc                                            [DEBUG  ]  File ignored by ccs/v4 because it exceeded search pattern filesize limit: transposed_report.tex
[2023-08-26 09:21:54,184] multiqc                                            [DEBUG  ]  File ignored by lima/summary because it exceeded search pattern filesize limit: transposed_report.tex
[2023-08-26 09:21:54,215] multiqc                                            [DEBUG  ]  Ignoring file as matched an ignore pattern: report.pdf
[2023-08-26 09:21:54,225] multiqc                                            [DEBUG  ]  File ignored by ccs/v4 because it exceeded search pattern filesize limit: quast.log
[2023-08-26 09:21:54,231] multiqc                                            [DEBUG  ]  File ignored by hicexplorer because it exceeded search pattern filesize limit: quast.log
[2023-08-26 09:21:54,232] multiqc                                            [DEBUG  ]  File ignored by lima/summary because it exceeded search pattern filesize limit: quast.log
[2023-08-26 09:21:54,244] multiqc                                            [DEBUG  ]  File ignored by longranger/invocation because it exceeded search pattern filesize limit: quast.log
[2023-08-26 09:21:54,264] multiqc                                            [DEBUG  ]  File ignored by nanostat because it exceeded search pattern filesize limit: quast.log
[2023-08-26 09:21:54,267] multiqc                                            [DEBUG  ]  Ignoring file as matched an ignore pattern: report.pdf
[2023-08-26 09:21:54,276] multiqc                                            [DEBUG  ]  File ignored by ccs/v4 because it exceeded search pattern filesize limit: report.tex
[2023-08-26 09:21:54,282] multiqc                                            [DEBUG  ]  File ignored by lima/summary because it exceeded search pattern filesize limit: report.tex
[2023-08-26 09:21:54,322] multiqc                                            [DEBUG  ]  File ignored by ccs/v4 because it exceeded search pattern filesize limit: transposed_report.tex
[2023-08-26 09:21:54,328] multiqc                                            [DEBUG  ]  File ignored by lima/summary because it exceeded search pattern filesize limit: transposed_report.tex
[2023-08-26 09:21:54,412] multiqc                                            [DEBUG  ]  File ignored by ccs/v4 because it exceeded search pattern filesize limit: transposed_report.tex
[2023-08-26 09:21:54,418] multiqc                                            [DEBUG  ]  File ignored by lima/summary because it exceeded search pattern filesize limit: transposed_report.tex
[2023-08-26 09:21:54,504] multiqc                                            [DEBUG  ]  File ignored by ccs/v4 because it exceeded search pattern filesize limit: report.txt
[2023-08-26 09:21:54,510] multiqc                                            [DEBUG  ]  File ignored by lima/summary because it exceeded search pattern filesize limit: report.txt
[2023-08-26 09:21:54,678] multiqc                                            [DEBUG  ]  File ignored by ccs/v4 because it exceeded search pattern filesize limit: MEGAHIT-Homo-3_S13_L001.rna.gff
[2023-08-26 09:21:54,684] multiqc                                            [DEBUG  ]  File ignored by hicexplorer because it exceeded search pattern filesize limit: MEGAHIT-Homo-3_S13_L001.rna.gff
[2023-08-26 09:21:54,685] multiqc                                            [DEBUG  ]  File ignored by lima/summary because it exceeded search pattern filesize limit: MEGAHIT-Homo-3_S13_L001.rna.gff
[2023-08-26 09:21:54,697] multiqc                                            [DEBUG  ]  File ignored by longranger/invocation because it exceeded search pattern filesize limit: MEGAHIT-Homo-3_S13_L001.rna.gff
[2023-08-26 09:21:54,720] multiqc                                            [DEBUG  ]  File ignored by nanostat because it exceeded search pattern filesize limit: MEGAHIT-Homo-3_S13_L001.rna.gff
[2023-08-26 09:21:54,733] multiqc                                            [DEBUG  ]  File ignored by ccs/v4 because it exceeded search pattern filesize limit: icarus.html
[2023-08-26 09:21:54,739] multiqc                                            [DEBUG  ]  File ignored by hicexplorer because it exceeded search pattern filesize limit: icarus.html
[2023-08-26 09:21:54,740] multiqc                                            [DEBUG  ]  File ignored by lima/summary because it exceeded search pattern filesize limit: icarus.html
[2023-08-26 09:21:54,753] multiqc                                            [DEBUG  ]  File ignored by longranger/invocation because it exceeded search pattern filesize limit: icarus.html
[2023-08-26 09:21:54,815] multiqc                                            [DEBUG  ]  File ignored by nanostat because it exceeded search pattern filesize limit: icarus.html
[2023-08-26 09:21:54,828] multiqc                                            [DEBUG  ]  File ignored by ccs/v4 because it exceeded search pattern filesize limit: icarus.html
[2023-08-26 09:21:54,834] multiqc                                            [DEBUG  ]  File ignored by hicexplorer because it exceeded search pattern filesize limit: icarus.html
[2023-08-26 09:21:54,834] multiqc                                            [DEBUG  ]  File ignored by lima/summary because it exceeded search pattern filesize limit: icarus.html
[2023-08-26 09:21:54,845] multiqc                                            [DEBUG  ]  File ignored by longranger/invocation because it exceeded search pattern filesize limit: icarus.html
[2023-08-26 09:21:54,895] multiqc                                            [DEBUG  ]  File ignored by nanostat because it exceeded search pattern filesize limit: icarus.html
[2023-08-26 09:21:54,960] multiqc                                            [DEBUG  ]  File ignored by ccs/v4 because it exceeded search pattern filesize limit: icarus.html
[2023-08-26 09:21:54,964] multiqc                                            [DEBUG  ]  File ignored by hicexplorer because it exceeded search pattern filesize limit: icarus.html
[2023-08-26 09:21:54,965] multiqc                                            [DEBUG  ]  File ignored by lima/summary because it exceeded search pattern filesize limit: icarus.html
[2023-08-26 09:21:54,975] multiqc                                            [DEBUG  ]  File ignored by longranger/invocation because it exceeded search pattern filesize limit: icarus.html
[2023-08-26 09:21:55,023] multiqc                                            [DEBUG  ]  File ignored by nanostat because it exceeded search pattern filesize limit: icarus.html
[2023-08-26 09:21:55,026] multiqc                                            [DEBUG  ]  Ignoring file as matched an ignore pattern: Nx_plot.pdf
[2023-08-26 09:21:55,027] multiqc                                            [DEBUG  ]  Ignoring file as matched an ignore pattern: GC_content_plot.pdf
[2023-08-26 09:21:55,027] multiqc                                            [DEBUG  ]  Ignoring file as matched an ignore pattern: MEGAHIT-Het-2_S7_L001_GC_content_plot.pdf
[2023-08-26 09:21:55,027] multiqc                                            [DEBUG  ]  Ignoring file as matched an ignore pattern: cumulative_plot.pdf
[2023-08-26 09:21:55,127] multiqc                                            [DEBUG  ]  File ignored by ccs/v4 because it exceeded search pattern filesize limit: report.html
[2023-08-26 09:21:55,133] multiqc                                            [DEBUG  ]  File ignored by hicexplorer because it exceeded search pattern filesize limit: report.html
[2023-08-26 09:21:55,133] multiqc                                            [DEBUG  ]  File ignored by lima/summary because it exceeded search pattern filesize limit: report.html
[2023-08-26 09:21:55,144] multiqc                                            [DEBUG  ]  File ignored by vep/vep_txt because it exceeded search pattern filesize limit: report.html
[2023-08-26 09:21:55,144] multiqc                                            [DEBUG  ]  File ignored by longranger/invocation because it exceeded search pattern filesize limit: report.html
[2023-08-26 09:21:55,144] multiqc                                            [DEBUG  ]  File ignored by rockhopper because it exceeded search pattern filesize limit: report.html
[2023-08-26 09:21:55,144] multiqc                                            [DEBUG  ]  File ignored by rseqc/bam_stat because it exceeded search pattern filesize limit: report.html
[2023-08-26 09:21:55,144] multiqc                                            [DEBUG  ]  File ignored by rseqc/junction_annotation because it exceeded search pattern filesize limit: report.html
[2023-08-26 09:21:55,144] multiqc                                            [DEBUG  ]  File ignored by rseqc/read_distribution because it exceeded search pattern filesize limit: report.html
[2023-08-26 09:21:55,144] multiqc                                            [DEBUG  ]  File ignored by rseqc/infer_experiment because it exceeded search pattern filesize limit: report.html
[2023-08-26 09:21:55,262] multiqc                                            [DEBUG  ]  File ignored by nanostat because it exceeded search pattern filesize limit: report.html
[2023-08-26 09:21:55,276] multiqc                                            [DEBUG  ]  File ignored by ccs/v4 because it exceeded search pattern filesize limit: report.txt
[2023-08-26 09:21:55,283] multiqc                                            [DEBUG  ]  File ignored by lima/summary because it exceeded search pattern filesize limit: report.txt
[2023-08-26 09:21:55,322] multiqc                                            [DEBUG  ]  File ignored by ccs/v4 because it exceeded search pattern filesize limit: MEGAHIT-Homo-1_S11_L001.rna.gff
[2023-08-26 09:21:55,327] multiqc                                            [DEBUG  ]  File ignored by hicexplorer because it exceeded search pattern filesize limit: MEGAHIT-Homo-1_S11_L001.rna.gff
[2023-08-26 09:21:55,328] multiqc                                            [DEBUG  ]  File ignored by lima/summary because it exceeded search pattern filesize limit: MEGAHIT-Homo-1_S11_L001.rna.gff
[2023-08-26 09:21:55,338] multiqc                                            [DEBUG  ]  File ignored by longranger/invocation because it exceeded search pattern filesize limit: MEGAHIT-Homo-1_S11_L001.rna.gff
[2023-08-26 09:21:55,359] multiqc                                            [DEBUG  ]  File ignored by nanostat because it exceeded search pattern filesize limit: MEGAHIT-Homo-1_S11_L001.rna.gff
[2023-08-26 09:21:55,415] multiqc                                            [DEBUG  ]  File ignored by ccs/v4 because it exceeded search pattern filesize limit: transposed_report.txt
[2023-08-26 09:21:55,421] multiqc                                            [DEBUG  ]  File ignored by lima/summary because it exceeded search pattern filesize limit: transposed_report.txt
[2023-08-26 09:21:55,451] multiqc                                            [DEBUG  ]  Ignoring file as matched an ignore pattern: Nx_plot.pdf
[2023-08-26 09:21:55,451] multiqc                                            [DEBUG  ]  Ignoring file as matched an ignore pattern: GC_content_plot.pdf
[2023-08-26 09:21:55,451] multiqc                                            [DEBUG  ]  Ignoring file as matched an ignore pattern: MEGAHIT-Homo-4_S14_L001_GC_content_plot.pdf
[2023-08-26 09:21:55,451] multiqc                                            [DEBUG  ]  Ignoring file as matched an ignore pattern: cumulative_plot.pdf
[2023-08-26 09:21:55,452] multiqc                                            [DEBUG  ]  Ignoring file as matched an ignore pattern: Nx_plot.pdf
[2023-08-26 09:21:55,452] multiqc                                            [DEBUG  ]  Ignoring file as matched an ignore pattern: MEGAHIT-Abx-2_S2_L001_GC_content_plot.pdf
[2023-08-26 09:21:55,452] multiqc                                            [DEBUG  ]  Ignoring file as matched an ignore pattern: GC_content_plot.pdf
[2023-08-26 09:21:55,452] multiqc                                            [DEBUG  ]  Ignoring file as matched an ignore pattern: cumulative_plot.pdf
[2023-08-26 09:21:55,506] multiqc                                            [DEBUG  ]  File ignored by ccs/v4 because it exceeded search pattern filesize limit: quast.log
[2023-08-26 09:21:55,511] multiqc                                            [DEBUG  ]  File ignored by hicexplorer because it exceeded search pattern filesize limit: quast.log
[2023-08-26 09:21:55,512] multiqc                                            [DEBUG  ]  File ignored by lima/summary because it exceeded search pattern filesize limit: quast.log
[2023-08-26 09:21:55,523] multiqc                                            [DEBUG  ]  File ignored by longranger/invocation because it exceeded search pattern filesize limit: quast.log
[2023-08-26 09:21:55,541] multiqc                                            [DEBUG  ]  File ignored by nanostat because it exceeded search pattern filesize limit: quast.log
[2023-08-26 09:21:55,543] multiqc                                            [DEBUG  ]  Ignoring file as matched an ignore pattern: report.pdf
[2023-08-26 09:21:55,544] multiqc                                            [DEBUG  ]  Ignoring file as matched an ignore pattern: report.pdf
[2023-08-26 09:21:55,553] multiqc                                            [DEBUG  ]  File ignored by ccs/v4 because it exceeded search pattern filesize limit: transposed_report.txt
[2023-08-26 09:21:55,559] multiqc                                            [DEBUG  ]  File ignored by lima/summary because it exceeded search pattern filesize limit: transposed_report.txt
[2023-08-26 09:21:55,598] multiqc                                            [DEBUG  ]  File ignored by ccs/v4 because it exceeded search pattern filesize limit: MEGAHIT-Het-3_S8_L001.rna.gff
[2023-08-26 09:21:55,603] multiqc                                            [DEBUG  ]  File ignored by hicexplorer because it exceeded search pattern filesize limit: MEGAHIT-Het-3_S8_L001.rna.gff
[2023-08-26 09:21:55,603] multiqc                                            [DEBUG  ]  File ignored by lima/summary because it exceeded search pattern filesize limit: MEGAHIT-Het-3_S8_L001.rna.gff
[2023-08-26 09:21:55,613] multiqc                                            [DEBUG  ]  File ignored by longranger/invocation because it exceeded search pattern filesize limit: MEGAHIT-Het-3_S8_L001.rna.gff
[2023-08-26 09:21:55,633] multiqc                                            [DEBUG  ]  File ignored by nanostat because it exceeded search pattern filesize limit: MEGAHIT-Het-3_S8_L001.rna.gff
[2023-08-26 09:21:55,686] multiqc                                            [DEBUG  ]  File ignored by ccs/v4 because it exceeded search pattern filesize limit: transposed_report.txt
[2023-08-26 09:21:55,692] multiqc                                            [DEBUG  ]  File ignored by lima/summary because it exceeded search pattern filesize limit: transposed_report.txt
[2023-08-26 09:21:55,729] multiqc                                            [DEBUG  ]  File ignored by ccs/v4 because it exceeded search pattern filesize limit: MEGAHIT-Het-5_S10_L001.rna.gff
[2023-08-26 09:21:55,734] multiqc                                            [DEBUG  ]  File ignored by hicexplorer because it exceeded search pattern filesize limit: MEGAHIT-Het-5_S10_L001.rna.gff
[2023-08-26 09:21:55,735] multiqc                                            [DEBUG  ]  File ignored by lima/summary because it exceeded search pattern filesize limit: MEGAHIT-Het-5_S10_L001.rna.gff
[2023-08-26 09:21:55,744] multiqc                                            [DEBUG  ]  File ignored by longranger/invocation because it exceeded search pattern filesize limit: MEGAHIT-Het-5_S10_L001.rna.gff
[2023-08-26 09:21:55,764] multiqc                                            [DEBUG  ]  File ignored by nanostat because it exceeded search pattern filesize limit: MEGAHIT-Het-5_S10_L001.rna.gff
[2023-08-26 09:21:55,822] multiqc                                            [DEBUG  ]  File ignored by ccs/v4 because it exceeded search pattern filesize limit: MEGAHIT-Abx-3_S3_L001.rna.gff
[2023-08-26 09:21:55,829] multiqc                                            [DEBUG  ]  File ignored by lima/summary because it exceeded search pattern filesize limit: MEGAHIT-Abx-3_S3_L001.rna.gff
[2023-08-26 09:21:55,840] multiqc                                            [DEBUG  ]  File ignored by longranger/invocation because it exceeded search pattern filesize limit: MEGAHIT-Abx-3_S3_L001.rna.gff
[2023-08-26 09:21:55,913] multiqc                                            [DEBUG  ]  File ignored by ccs/v4 because it exceeded search pattern filesize limit: transposed_report.tex
[2023-08-26 09:21:55,919] multiqc                                            [DEBUG  ]  File ignored by lima/summary because it exceeded search pattern filesize limit: transposed_report.tex
[2023-08-26 09:21:55,957] multiqc                                            [DEBUG  ]  File ignored by ccs/v4 because it exceeded search pattern filesize limit: quast.log
[2023-08-26 09:21:55,962] multiqc                                            [DEBUG  ]  File ignored by hicexplorer because it exceeded search pattern filesize limit: quast.log
[2023-08-26 09:21:55,963] multiqc                                            [DEBUG  ]  File ignored by lima/summary because it exceeded search pattern filesize limit: quast.log
[2023-08-26 09:21:55,972] multiqc                                            [DEBUG  ]  File ignored by longranger/invocation because it exceeded search pattern filesize limit: quast.log
[2023-08-26 09:21:55,990] multiqc                                            [DEBUG  ]  File ignored by nanostat because it exceeded search pattern filesize limit: quast.log
[2023-08-26 09:21:56,055] multiqc                                            [DEBUG  ]  File ignored by ccs/v4 because it exceeded search pattern filesize limit: MEGAHIT-Het-1_S6_L001.rna.gff
[2023-08-26 09:21:56,060] multiqc                                            [DEBUG  ]  File ignored by hicexplorer because it exceeded search pattern filesize limit: MEGAHIT-Het-1_S6_L001.rna.gff
[2023-08-26 09:21:56,061] multiqc                                            [DEBUG  ]  File ignored by lima/summary because it exceeded search pattern filesize limit: MEGAHIT-Het-1_S6_L001.rna.gff
[2023-08-26 09:21:56,071] multiqc                                            [DEBUG  ]  File ignored by longranger/invocation because it exceeded search pattern filesize limit: MEGAHIT-Het-1_S6_L001.rna.gff
[2023-08-26 09:21:56,089] multiqc                                            [DEBUG  ]  File ignored by nanostat because it exceeded search pattern filesize limit: MEGAHIT-Het-1_S6_L001.rna.gff
[2023-08-26 09:21:56,133] multiqc                                            [DEBUG  ]  Ignoring file as matched an ignore pattern: report.pdf
[2023-08-26 09:21:56,185] multiqc                                            [DEBUG  ]  File ignored by ccs/v4 because it exceeded search pattern filesize limit: transposed_report.txt
[2023-08-26 09:21:56,191] multiqc                                            [DEBUG  ]  File ignored by lima/summary because it exceeded search pattern filesize limit: transposed_report.txt
[2023-08-26 09:21:56,227] multiqc                                            [DEBUG  ]  File ignored by ccs/v4 because it exceeded search pattern filesize limit: transposed_report.txt
[2023-08-26 09:21:56,233] multiqc                                            [DEBUG  ]  File ignored by lima/summary because it exceeded search pattern filesize limit: transposed_report.txt
[2023-08-26 09:21:56,277] multiqc                                            [DEBUG  ]  File ignored by ccs/v4 because it exceeded search pattern filesize limit: report.txt
[2023-08-26 09:21:56,284] multiqc                                            [DEBUG  ]  File ignored by lima/summary because it exceeded search pattern filesize limit: report.txt
[2023-08-26 09:21:56,327] multiqc                                            [DEBUG  ]  File ignored by ccs/v4 because it exceeded search pattern filesize limit: quast.log
[2023-08-26 09:21:56,332] multiqc                                            [DEBUG  ]  File ignored by hicexplorer because it exceeded search pattern filesize limit: quast.log
[2023-08-26 09:21:56,333] multiqc                                            [DEBUG  ]  File ignored by lima/summary because it exceeded search pattern filesize limit: quast.log
[2023-08-26 09:21:56,344] multiqc                                            [DEBUG  ]  File ignored by longranger/invocation because it exceeded search pattern filesize limit: quast.log
[2023-08-26 09:21:56,364] multiqc                                            [DEBUG  ]  File ignored by nanostat because it exceeded search pattern filesize limit: quast.log
[2023-08-26 09:21:56,366] multiqc                                            [DEBUG  ]  Ignoring file as matched an ignore pattern: Nx_plot.pdf
[2023-08-26 09:21:56,366] multiqc                                            [DEBUG  ]  Ignoring file as matched an ignore pattern: GC_content_plot.pdf
[2023-08-26 09:21:56,367] multiqc                                            [DEBUG  ]  Ignoring file as matched an ignore pattern: MEGAHIT-Het-4_S9_L001_GC_content_plot.pdf
[2023-08-26 09:21:56,367] multiqc                                            [DEBUG  ]  Ignoring file as matched an ignore pattern: cumulative_plot.pdf
[2023-08-26 09:21:56,377] multiqc                                            [DEBUG  ]  File ignored by ccs/v4 because it exceeded search pattern filesize limit: quast.log
[2023-08-26 09:21:56,383] multiqc                                            [DEBUG  ]  File ignored by hicexplorer because it exceeded search pattern filesize limit: quast.log
[2023-08-26 09:21:56,384] multiqc                                            [DEBUG  ]  File ignored by lima/summary because it exceeded search pattern filesize limit: quast.log
[2023-08-26 09:21:56,396] multiqc                                            [DEBUG  ]  File ignored by longranger/invocation because it exceeded search pattern filesize limit: quast.log
[2023-08-26 09:21:56,417] multiqc                                            [DEBUG  ]  File ignored by nanostat because it exceeded search pattern filesize limit: quast.log
[2023-08-26 09:21:56,429] multiqc                                            [DEBUG  ]  File ignored by ccs/v4 because it exceeded search pattern filesize limit: report.html
[2023-08-26 09:21:56,435] multiqc                                            [DEBUG  ]  File ignored by hicexplorer because it exceeded search pattern filesize limit: report.html
[2023-08-26 09:21:56,436] multiqc                                            [DEBUG  ]  File ignored by lima/summary because it exceeded search pattern filesize limit: report.html
[2023-08-26 09:21:56,446] multiqc                                            [DEBUG  ]  File ignored by vep/vep_txt because it exceeded search pattern filesize limit: report.html
[2023-08-26 09:21:56,446] multiqc                                            [DEBUG  ]  File ignored by longranger/invocation because it exceeded search pattern filesize limit: report.html
[2023-08-26 09:21:56,447] multiqc                                            [DEBUG  ]  File ignored by rockhopper because it exceeded search pattern filesize limit: report.html
[2023-08-26 09:21:56,447] multiqc                                            [DEBUG  ]  File ignored by rseqc/bam_stat because it exceeded search pattern filesize limit: report.html
[2023-08-26 09:21:56,447] multiqc                                            [DEBUG  ]  File ignored by rseqc/junction_annotation because it exceeded search pattern filesize limit: report.html
[2023-08-26 09:21:56,447] multiqc                                            [DEBUG  ]  File ignored by rseqc/read_distribution because it exceeded search pattern filesize limit: report.html
[2023-08-26 09:21:56,447] multiqc                                            [DEBUG  ]  File ignored by rseqc/infer_experiment because it exceeded search pattern filesize limit: report.html
[2023-08-26 09:21:56,580] multiqc                                            [DEBUG  ]  File ignored by nanostat because it exceeded search pattern filesize limit: report.html
[2023-08-26 09:21:56,637] multiqc                                            [DEBUG  ]  File ignored by ccs/v4 because it exceeded search pattern filesize limit: transposed_report.txt
[2023-08-26 09:21:56,642] multiqc                                            [DEBUG  ]  File ignored by lima/summary because it exceeded search pattern filesize limit: transposed_report.txt
[2023-08-26 09:21:56,720] multiqc                                            [DEBUG  ]  File ignored by ccs/v4 because it exceeded search pattern filesize limit: report.txt
[2023-08-26 09:21:56,725] multiqc                                            [DEBUG  ]  File ignored by lima/summary because it exceeded search pattern filesize limit: report.txt
[2023-08-26 09:21:56,753] multiqc                                            [DEBUG  ]  Ignoring file as matched an ignore pattern: report.pdf
[2023-08-26 09:21:56,761] multiqc                                            [DEBUG  ]  File ignored by ccs/v4 because it exceeded search pattern filesize limit: icarus.html
[2023-08-26 09:21:56,766] multiqc                                            [DEBUG  ]  File ignored by hicexplorer because it exceeded search pattern filesize limit: icarus.html
[2023-08-26 09:21:56,767] multiqc                                            [DEBUG  ]  File ignored by lima/summary because it exceeded search pattern filesize limit: icarus.html
[2023-08-26 09:21:56,776] multiqc                                            [DEBUG  ]  File ignored by longranger/invocation because it exceeded search pattern filesize limit: icarus.html
[2023-08-26 09:21:56,823] multiqc                                            [DEBUG  ]  File ignored by nanostat because it exceeded search pattern filesize limit: icarus.html
[2023-08-26 09:21:56,835] multiqc                                            [DEBUG  ]  File ignored by ccs/v4 because it exceeded search pattern filesize limit: transposed_report.tex
[2023-08-26 09:21:56,840] multiqc                                            [DEBUG  ]  File ignored by lima/summary because it exceeded search pattern filesize limit: transposed_report.tex
[2023-08-26 09:21:56,919] multiqc                                            [DEBUG  ]  File ignored by ccs/v4 because it exceeded search pattern filesize limit: icarus.html
[2023-08-26 09:21:56,924] multiqc                                            [DEBUG  ]  File ignored by hicexplorer because it exceeded search pattern filesize limit: icarus.html
[2023-08-26 09:21:56,925] multiqc                                            [DEBUG  ]  File ignored by lima/summary because it exceeded search pattern filesize limit: icarus.html
[2023-08-26 09:21:56,934] multiqc                                            [DEBUG  ]  File ignored by longranger/invocation because it exceeded search pattern filesize limit: icarus.html
[2023-08-26 09:21:56,982] multiqc                                            [DEBUG  ]  File ignored by nanostat because it exceeded search pattern filesize limit: icarus.html
[2023-08-26 09:21:56,994] multiqc                                            [DEBUG  ]  File ignored by ccs/v4 because it exceeded search pattern filesize limit: report.html
[2023-08-26 09:21:56,999] multiqc                                            [DEBUG  ]  File ignored by hicexplorer because it exceeded search pattern filesize limit: report.html
[2023-08-26 09:21:57,000] multiqc                                            [DEBUG  ]  File ignored by lima/summary because it exceeded search pattern filesize limit: report.html
[2023-08-26 09:21:57,011] multiqc                                            [DEBUG  ]  File ignored by vep/vep_txt because it exceeded search pattern filesize limit: report.html
[2023-08-26 09:21:57,011] multiqc                                            [DEBUG  ]  File ignored by longranger/invocation because it exceeded search pattern filesize limit: report.html
[2023-08-26 09:21:57,121] multiqc                                            [DEBUG  ]  File ignored by nanostat because it exceeded search pattern filesize limit: report.html
[2023-08-26 09:21:57,135] multiqc                                            [DEBUG  ]  File ignored by ccs/v4 because it exceeded search pattern filesize limit: report.tex
[2023-08-26 09:21:57,141] multiqc                                            [DEBUG  ]  File ignored by lima/summary because it exceeded search pattern filesize limit: report.tex
[2023-08-26 09:21:57,178] multiqc                                            [DEBUG  ]  File ignored by ccs/v4 because it exceeded search pattern filesize limit: transposed_report.tex
[2023-08-26 09:21:57,184] multiqc                                            [DEBUG  ]  File ignored by lima/summary because it exceeded search pattern filesize limit: transposed_report.tex
[2023-08-26 09:21:57,220] multiqc                                            [DEBUG  ]  File ignored by ccs/v4 because it exceeded search pattern filesize limit: transposed_report.txt
[2023-08-26 09:21:57,225] multiqc                                            [DEBUG  ]  File ignored by lima/summary because it exceeded search pattern filesize limit: transposed_report.txt
[2023-08-26 09:21:57,348] multiqc                                            [DEBUG  ]  File ignored by ccs/v4 because it exceeded search pattern filesize limit: report.html
[2023-08-26 09:21:57,353] multiqc                                            [DEBUG  ]  File ignored by hicexplorer because it exceeded search pattern filesize limit: report.html
[2023-08-26 09:21:57,353] multiqc                                            [DEBUG  ]  File ignored by lima/summary because it exceeded search pattern filesize limit: report.html
[2023-08-26 09:21:57,362] multiqc                                            [DEBUG  ]  File ignored by vep/vep_txt because it exceeded search pattern filesize limit: report.html
[2023-08-26 09:21:57,363] multiqc                                            [DEBUG  ]  File ignored by longranger/invocation because it exceeded search pattern filesize limit: report.html
[2023-08-26 09:21:57,363] multiqc                                            [DEBUG  ]  File ignored by rockhopper because it exceeded search pattern filesize limit: report.html
[2023-08-26 09:21:57,363] multiqc                                            [DEBUG  ]  File ignored by rseqc/bam_stat because it exceeded search pattern filesize limit: report.html
[2023-08-26 09:21:57,363] multiqc                                            [DEBUG  ]  File ignored by rseqc/junction_annotation because it exceeded search pattern filesize limit: report.html
[2023-08-26 09:21:57,363] multiqc                                            [DEBUG  ]  File ignored by rseqc/read_distribution because it exceeded search pattern filesize limit: report.html
[2023-08-26 09:21:57,363] multiqc                                            [DEBUG  ]  File ignored by rseqc/infer_experiment because it exceeded search pattern filesize limit: report.html
[2023-08-26 09:21:57,479] multiqc                                            [DEBUG  ]  File ignored by nanostat because it exceeded search pattern filesize limit: report.html
[2023-08-26 09:21:57,493] multiqc                                            [DEBUG  ]  File ignored by ccs/v4 because it exceeded search pattern filesize limit: icarus.html
[2023-08-26 09:21:57,498] multiqc                                            [DEBUG  ]  File ignored by hicexplorer because it exceeded search pattern filesize limit: icarus.html
[2023-08-26 09:21:57,499] multiqc                                            [DEBUG  ]  File ignored by lima/summary because it exceeded search pattern filesize limit: icarus.html
[2023-08-26 09:21:57,508] multiqc                                            [DEBUG  ]  File ignored by longranger/invocation because it exceeded search pattern filesize limit: icarus.html
[2023-08-26 09:21:57,556] multiqc                                            [DEBUG  ]  File ignored by nanostat because it exceeded search pattern filesize limit: icarus.html
[2023-08-26 09:21:57,568] multiqc                                            [DEBUG  ]  File ignored by ccs/v4 because it exceeded search pattern filesize limit: report.tex
[2023-08-26 09:21:57,574] multiqc                                            [DEBUG  ]  File ignored by lima/summary because it exceeded search pattern filesize limit: report.tex
[2023-08-26 09:21:57,613] multiqc                                            [DEBUG  ]  File ignored by ccs/v4 because it exceeded search pattern filesize limit: quast.log
[2023-08-26 09:21:57,618] multiqc                                            [DEBUG  ]  File ignored by hicexplorer because it exceeded search pattern filesize limit: quast.log
[2023-08-26 09:21:57,619] multiqc                                            [DEBUG  ]  File ignored by lima/summary because it exceeded search pattern filesize limit: quast.log
[2023-08-26 09:21:57,629] multiqc                                            [DEBUG  ]  File ignored by longranger/invocation because it exceeded search pattern filesize limit: quast.log
[2023-08-26 09:21:57,646] multiqc                                            [DEBUG  ]  File ignored by nanostat because it exceeded search pattern filesize limit: quast.log
[2023-08-26 09:21:57,698] multiqc                                            [DEBUG  ]  File ignored by ccs/v4 because it exceeded search pattern filesize limit: report.html
[2023-08-26 09:21:57,703] multiqc                                            [DEBUG  ]  File ignored by hicexplorer because it exceeded search pattern filesize limit: report.html
[2023-08-26 09:21:57,703] multiqc                                            [DEBUG  ]  File ignored by lima/summary because it exceeded search pattern filesize limit: report.html
[2023-08-26 09:21:57,713] multiqc                                            [DEBUG  ]  File ignored by vep/vep_txt because it exceeded search pattern filesize limit: report.html
[2023-08-26 09:21:57,713] multiqc                                            [DEBUG  ]  File ignored by longranger/invocation because it exceeded search pattern filesize limit: report.html
[2023-08-26 09:21:57,713] multiqc                                            [DEBUG  ]  File ignored by rockhopper because it exceeded search pattern filesize limit: report.html
[2023-08-26 09:21:57,713] multiqc                                            [DEBUG  ]  File ignored by rseqc/bam_stat because it exceeded search pattern filesize limit: report.html
[2023-08-26 09:21:57,713] multiqc                                            [DEBUG  ]  File ignored by rseqc/junction_annotation because it exceeded search pattern filesize limit: report.html
[2023-08-26 09:21:57,713] multiqc                                            [DEBUG  ]  File ignored by rseqc/read_distribution because it exceeded search pattern filesize limit: report.html
[2023-08-26 09:21:57,713] multiqc                                            [DEBUG  ]  File ignored by rseqc/infer_experiment because it exceeded search pattern filesize limit: report.html
[2023-08-26 09:21:57,828] multiqc                                            [DEBUG  ]  File ignored by nanostat because it exceeded search pattern filesize limit: report.html
[2023-08-26 09:21:57,885] multiqc                                            [DEBUG  ]  File ignored by ccs/v4 because it exceeded search pattern filesize limit: icarus.html
[2023-08-26 09:21:57,890] multiqc                                            [DEBUG  ]  File ignored by hicexplorer because it exceeded search pattern filesize limit: icarus.html
[2023-08-26 09:21:57,891] multiqc                                            [DEBUG  ]  File ignored by lima/summary because it exceeded search pattern filesize limit: icarus.html
[2023-08-26 09:21:57,900] multiqc                                            [DEBUG  ]  File ignored by longranger/invocation because it exceeded search pattern filesize limit: icarus.html
[2023-08-26 09:21:57,947] multiqc                                            [DEBUG  ]  File ignored by nanostat because it exceeded search pattern filesize limit: icarus.html
[2023-08-26 09:21:57,959] multiqc                                            [DEBUG  ]  File ignored by ccs/v4 because it exceeded search pattern filesize limit: icarus.html
[2023-08-26 09:21:57,964] multiqc                                            [DEBUG  ]  File ignored by hicexplorer because it exceeded search pattern filesize limit: icarus.html
[2023-08-26 09:21:57,965] multiqc                                            [DEBUG  ]  File ignored by lima/summary because it exceeded search pattern filesize limit: icarus.html
[2023-08-26 09:21:57,974] multiqc                                            [DEBUG  ]  File ignored by longranger/invocation because it exceeded search pattern filesize limit: icarus.html
[2023-08-26 09:21:58,021] multiqc                                            [DEBUG  ]  File ignored by nanostat because it exceeded search pattern filesize limit: icarus.html
[2023-08-26 09:21:58,033] multiqc                                            [DEBUG  ]  File ignored by ccs/v4 because it exceeded search pattern filesize limit: transposed_report.txt
[2023-08-26 09:21:58,038] multiqc                                            [DEBUG  ]  File ignored by lima/summary because it exceeded search pattern filesize limit: transposed_report.txt
[2023-08-26 09:21:58,117] multiqc                                            [DEBUG  ]  File ignored by ccs/v4 because it exceeded search pattern filesize limit: transposed_report.tex
[2023-08-26 09:21:58,122] multiqc                                            [DEBUG  ]  File ignored by lima/summary because it exceeded search pattern filesize limit: transposed_report.tex
[2023-08-26 09:21:58,160] multiqc                                            [DEBUG  ]  File ignored by ccs/v4 because it exceeded search pattern filesize limit: quast.log
[2023-08-26 09:21:58,165] multiqc                                            [DEBUG  ]  File ignored by hicexplorer because it exceeded search pattern filesize limit: quast.log
[2023-08-26 09:21:58,166] multiqc                                            [DEBUG  ]  File ignored by lima/summary because it exceeded search pattern filesize limit: quast.log
[2023-08-26 09:21:58,176] multiqc                                            [DEBUG  ]  File ignored by longranger/invocation because it exceeded search pattern filesize limit: quast.log
[2023-08-26 09:21:58,194] multiqc                                            [DEBUG  ]  File ignored by nanostat because it exceeded search pattern filesize limit: quast.log
[2023-08-26 09:21:58,205] multiqc                                            [DEBUG  ]  File ignored by ccs/v4 because it exceeded search pattern filesize limit: report.html
[2023-08-26 09:21:58,211] multiqc                                            [DEBUG  ]  File ignored by hicexplorer because it exceeded search pattern filesize limit: report.html
[2023-08-26 09:21:58,211] multiqc                                            [DEBUG  ]  File ignored by lima/summary because it exceeded search pattern filesize limit: report.html
[2023-08-26 09:21:58,221] multiqc                                            [DEBUG  ]  File ignored by vep/vep_txt because it exceeded search pattern filesize limit: report.html
[2023-08-26 09:21:58,221] multiqc                                            [DEBUG  ]  File ignored by longranger/invocation because it exceeded search pattern filesize limit: report.html
[2023-08-26 09:21:58,221] multiqc                                            [DEBUG  ]  File ignored by rockhopper because it exceeded search pattern filesize limit: report.html
[2023-08-26 09:21:58,221] multiqc                                            [DEBUG  ]  File ignored by rseqc/bam_stat because it exceeded search pattern filesize limit: report.html
[2023-08-26 09:21:58,221] multiqc                                            [DEBUG  ]  File ignored by rseqc/junction_annotation because it exceeded search pattern filesize limit: report.html
[2023-08-26 09:21:58,221] multiqc                                            [DEBUG  ]  File ignored by rseqc/read_distribution because it exceeded search pattern filesize limit: report.html
[2023-08-26 09:21:58,221] multiqc                                            [DEBUG  ]  File ignored by rseqc/infer_experiment because it exceeded search pattern filesize limit: report.html
[2023-08-26 09:21:58,329] multiqc                                            [DEBUG  ]  File ignored by nanostat because it exceeded search pattern filesize limit: report.html
[2023-08-26 09:21:58,335] multiqc                                            [DEBUG  ]  Ignoring file as matched an ignore pattern: report.pdf
[2023-08-26 09:21:58,386] multiqc                                            [DEBUG  ]  File ignored by ccs/v4 because it exceeded search pattern filesize limit: report.html
[2023-08-26 09:21:58,391] multiqc                                            [DEBUG  ]  File ignored by hicexplorer because it exceeded search pattern filesize limit: report.html
[2023-08-26 09:21:58,391] multiqc                                            [DEBUG  ]  File ignored by lima/summary because it exceeded search pattern filesize limit: report.html
[2023-08-26 09:21:58,400] multiqc                                            [DEBUG  ]  File ignored by vep/vep_txt because it exceeded search pattern filesize limit: report.html
[2023-08-26 09:21:58,401] multiqc                                            [DEBUG  ]  File ignored by longranger/invocation because it exceeded search pattern filesize limit: report.html
[2023-08-26 09:21:58,401] multiqc                                            [DEBUG  ]  File ignored by rockhopper because it exceeded search pattern filesize limit: report.html
[2023-08-26 09:21:58,401] multiqc                                            [DEBUG  ]  File ignored by rseqc/bam_stat because it exceeded search pattern filesize limit: report.html
[2023-08-26 09:21:58,401] multiqc                                            [DEBUG  ]  File ignored by rseqc/junction_annotation because it exceeded search pattern filesize limit: report.html
[2023-08-26 09:21:58,401] multiqc                                            [DEBUG  ]  File ignored by rseqc/read_distribution because it exceeded search pattern filesize limit: report.html
[2023-08-26 09:21:58,401] multiqc                                            [DEBUG  ]  File ignored by rseqc/infer_experiment because it exceeded search pattern filesize limit: report.html
[2023-08-26 09:21:58,511] multiqc                                            [DEBUG  ]  File ignored by nanostat because it exceeded search pattern filesize limit: report.html
[2023-08-26 09:21:58,525] multiqc                                            [DEBUG  ]  File ignored by ccs/v4 because it exceeded search pattern filesize limit: quast.log
[2023-08-26 09:21:58,530] multiqc                                            [DEBUG  ]  File ignored by hicexplorer because it exceeded search pattern filesize limit: quast.log
[2023-08-26 09:21:58,531] multiqc                                            [DEBUG  ]  File ignored by lima/summary because it exceeded search pattern filesize limit: quast.log
[2023-08-26 09:21:58,541] multiqc                                            [DEBUG  ]  File ignored by longranger/invocation because it exceeded search pattern filesize limit: quast.log
[2023-08-26 09:21:58,557] multiqc                                            [DEBUG  ]  File ignored by nanostat because it exceeded search pattern filesize limit: quast.log
[2023-08-26 09:21:58,601] multiqc                                            [DEBUG  ]  Ignoring file as matched an ignore pattern: Nx_plot.pdf
[2023-08-26 09:21:58,601] multiqc                                            [DEBUG  ]  Ignoring file as matched an ignore pattern: GC_content_plot.pdf
[2023-08-26 09:21:58,602] multiqc                                            [DEBUG  ]  Ignoring file as matched an ignore pattern: MEGAHIT-Abx-5_S5_L001_GC_content_plot.pdf
[2023-08-26 09:21:58,602] multiqc                                            [DEBUG  ]  Ignoring file as matched an ignore pattern: cumulative_plot.pdf
[2023-08-26 09:21:58,602] multiqc                                            [DEBUG  ]  Ignoring file as matched an ignore pattern: Nx_plot.pdf
[2023-08-26 09:21:58,602] multiqc                                            [DEBUG  ]  Ignoring file as matched an ignore pattern: GC_content_plot.pdf
[2023-08-26 09:21:58,602] multiqc                                            [DEBUG  ]  Ignoring file as matched an ignore pattern: MEGAHIT-Homo-3_S13_L001_GC_content_plot.pdf
[2023-08-26 09:21:58,603] multiqc                                            [DEBUG  ]  Ignoring file as matched an ignore pattern: cumulative_plot.pdf
[2023-08-26 09:21:58,611] multiqc                                            [DEBUG  ]  File ignored by ccs/v4 because it exceeded search pattern filesize limit: report.tex
[2023-08-26 09:21:58,617] multiqc                                            [DEBUG  ]  File ignored by lima/summary because it exceeded search pattern filesize limit: report.tex
[2023-08-26 09:21:58,652] multiqc                                            [DEBUG  ]  File ignored by ccs/v4 because it exceeded search pattern filesize limit: transposed_report.txt
[2023-08-26 09:21:58,658] multiqc                                            [DEBUG  ]  File ignored by lima/summary because it exceeded search pattern filesize limit: transposed_report.txt
[2023-08-26 09:21:58,685] multiqc                                            [DEBUG  ]  Ignoring file as matched an ignore pattern: Nx_plot.pdf
[2023-08-26 09:21:58,685] multiqc                                            [DEBUG  ]  Ignoring file as matched an ignore pattern: GC_content_plot.pdf
[2023-08-26 09:21:58,686] multiqc                                            [DEBUG  ]  Ignoring file as matched an ignore pattern: MEGAHIT-Homo-5_S15_L001_GC_content_plot.pdf
[2023-08-26 09:21:58,686] multiqc                                            [DEBUG  ]  Ignoring file as matched an ignore pattern: cumulative_plot.pdf
[2023-08-26 09:21:58,694] multiqc                                            [DEBUG  ]  File ignored by ccs/v4 because it exceeded search pattern filesize limit: quast.log
[2023-08-26 09:21:58,699] multiqc                                            [DEBUG  ]  File ignored by hicexplorer because it exceeded search pattern filesize limit: quast.log
[2023-08-26 09:21:58,700] multiqc                                            [DEBUG  ]  File ignored by lima/summary because it exceeded search pattern filesize limit: quast.log
[2023-08-26 09:21:58,709] multiqc                                            [DEBUG  ]  File ignored by longranger/invocation because it exceeded search pattern filesize limit: quast.log
[2023-08-26 09:21:58,727] multiqc                                            [DEBUG  ]  File ignored by nanostat because it exceeded search pattern filesize limit: quast.log
[2023-08-26 09:21:58,738] multiqc                                            [DEBUG  ]  File ignored by ccs/v4 because it exceeded search pattern filesize limit: transposed_report.tex
[2023-08-26 09:21:58,744] multiqc                                            [DEBUG  ]  File ignored by lima/summary because it exceeded search pattern filesize limit: transposed_report.tex
[2023-08-26 09:21:58,782] multiqc                                            [DEBUG  ]  File ignored by ccs/v4 because it exceeded search pattern filesize limit: transposed_report.tex
[2023-08-26 09:21:58,788] multiqc                                            [DEBUG  ]  File ignored by lima/summary because it exceeded search pattern filesize limit: transposed_report.tex
[2023-08-26 09:21:58,817] multiqc                                            [DEBUG  ]  Ignoring file as matched an ignore pattern: Nx_plot.pdf
[2023-08-26 09:21:58,818] multiqc                                            [DEBUG  ]  Ignoring file as matched an ignore pattern: GC_content_plot.pdf
[2023-08-26 09:21:58,818] multiqc                                            [DEBUG  ]  Ignoring file as matched an ignore pattern: MEGAHIT-Abx-4_S4_L001_GC_content_plot.pdf
[2023-08-26 09:21:58,818] multiqc                                            [DEBUG  ]  Ignoring file as matched an ignore pattern: cumulative_plot.pdf
[2023-08-26 09:21:58,871] multiqc                                            [DEBUG  ]  File ignored by ccs/v4 because it exceeded search pattern filesize limit: MEGAHIT-Het-4_S9_L001.rna.gff
[2023-08-26 09:21:58,876] multiqc                                            [DEBUG  ]  File ignored by hicexplorer because it exceeded search pattern filesize limit: MEGAHIT-Het-4_S9_L001.rna.gff
[2023-08-26 09:21:58,877] multiqc                                            [DEBUG  ]  File ignored by lima/summary because it exceeded search pattern filesize limit: MEGAHIT-Het-4_S9_L001.rna.gff
[2023-08-26 09:21:58,887] multiqc                                            [DEBUG  ]  File ignored by longranger/invocation because it exceeded search pattern filesize limit: MEGAHIT-Het-4_S9_L001.rna.gff
[2023-08-26 09:21:58,905] multiqc                                            [DEBUG  ]  File ignored by nanostat because it exceeded search pattern filesize limit: MEGAHIT-Het-4_S9_L001.rna.gff
[2023-08-26 09:21:59,001] multiqc                                            [DEBUG  ]  File ignored by ccs/v4 because it exceeded search pattern filesize limit: MEGAHIT-Homo-4_S14_L001.rna.gff
[2023-08-26 09:21:59,006] multiqc                                            [DEBUG  ]  File ignored by hicexplorer because it exceeded search pattern filesize limit: MEGAHIT-Homo-4_S14_L001.rna.gff
[2023-08-26 09:21:59,006] multiqc                                            [DEBUG  ]  File ignored by lima/summary because it exceeded search pattern filesize limit: MEGAHIT-Homo-4_S14_L001.rna.gff
[2023-08-26 09:21:59,016] multiqc                                            [DEBUG  ]  File ignored by longranger/invocation because it exceeded search pattern filesize limit: MEGAHIT-Homo-4_S14_L001.rna.gff
[2023-08-26 09:21:59,034] multiqc                                            [DEBUG  ]  File ignored by nanostat because it exceeded search pattern filesize limit: MEGAHIT-Homo-4_S14_L001.rna.gff
[2023-08-26 09:21:59,045] multiqc                                            [DEBUG  ]  File ignored by ccs/v4 because it exceeded search pattern filesize limit: report.tex
[2023-08-26 09:21:59,050] multiqc                                            [DEBUG  ]  File ignored by lima/summary because it exceeded search pattern filesize limit: report.tex
[2023-08-26 09:21:59,087] multiqc                                            [DEBUG  ]  File ignored by ccs/v4 because it exceeded search pattern filesize limit: transposed_report.tex
[2023-08-26 09:21:59,093] multiqc                                            [DEBUG  ]  File ignored by lima/summary because it exceeded search pattern filesize limit: transposed_report.tex
[2023-08-26 09:21:59,128] multiqc                                            [DEBUG  ]  File ignored by ccs/v4 because it exceeded search pattern filesize limit: icarus.html
[2023-08-26 09:21:59,133] multiqc                                            [DEBUG  ]  File ignored by hicexplorer because it exceeded search pattern filesize limit: icarus.html
[2023-08-26 09:21:59,134] multiqc                                            [DEBUG  ]  File ignored by lima/summary because it exceeded search pattern filesize limit: icarus.html
[2023-08-26 09:21:59,143] multiqc                                            [DEBUG  ]  File ignored by longranger/invocation because it exceeded search pattern filesize limit: icarus.html
[2023-08-26 09:21:59,189] multiqc                                            [DEBUG  ]  File ignored by nanostat because it exceeded search pattern filesize limit: icarus.html
[2023-08-26 09:21:59,201] multiqc                                            [DEBUG  ]  File ignored by ccs/v4 because it exceeded search pattern filesize limit: quast.log
[2023-08-26 09:21:59,206] multiqc                                            [DEBUG  ]  File ignored by hicexplorer because it exceeded search pattern filesize limit: quast.log
[2023-08-26 09:21:59,206] multiqc                                            [DEBUG  ]  File ignored by lima/summary because it exceeded search pattern filesize limit: quast.log
[2023-08-26 09:21:59,216] multiqc                                            [DEBUG  ]  File ignored by longranger/invocation because it exceeded search pattern filesize limit: quast.log
[2023-08-26 09:21:59,233] multiqc                                            [DEBUG  ]  File ignored by nanostat because it exceeded search pattern filesize limit: quast.log
[2023-08-26 09:21:59,288] multiqc                                            [DEBUG  ]  File ignored by ccs/v4 because it exceeded search pattern filesize limit: MEGAHIT-Abx-4_S4_L001.rna.gff
[2023-08-26 09:21:59,294] multiqc                                            [DEBUG  ]  File ignored by lima/summary because it exceeded search pattern filesize limit: MEGAHIT-Abx-4_S4_L001.rna.gff
[2023-08-26 09:21:59,368] multiqc                                            [DEBUG  ]  Ignoring file as matched an ignore pattern: Nx_plot.pdf
[2023-08-26 09:21:59,368] multiqc                                            [DEBUG  ]  Ignoring file as matched an ignore pattern: GC_content_plot.pdf
[2023-08-26 09:21:59,368] multiqc                                            [DEBUG  ]  Ignoring file as matched an ignore pattern: MEGAHIT-Homo-1_S11_L001_GC_content_plot.pdf
[2023-08-26 09:21:59,368] multiqc                                            [DEBUG  ]  Ignoring file as matched an ignore pattern: cumulative_plot.pdf
[2023-08-26 09:21:59,419] multiqc                                            [DEBUG  ]  File ignored by ccs/v4 because it exceeded search pattern filesize limit: report.tex
[2023-08-26 09:21:59,425] multiqc                                            [DEBUG  ]  File ignored by lima/summary because it exceeded search pattern filesize limit: report.tex
[2023-08-26 09:21:59,461] multiqc                                            [DEBUG  ]  File ignored by ccs/v4 because it exceeded search pattern filesize limit: report.txt
[2023-08-26 09:21:59,467] multiqc                                            [DEBUG  ]  File ignored by lima/summary because it exceeded search pattern filesize limit: report.txt
[2023-08-26 09:21:59,505] multiqc                                            [DEBUG  ]  File ignored by ccs/v4 because it exceeded search pattern filesize limit: report.txt
[2023-08-26 09:21:59,511] multiqc                                            [DEBUG  ]  File ignored by lima/summary because it exceeded search pattern filesize limit: report.txt
[2023-08-26 09:21:59,548] multiqc                                            [DEBUG  ]  File ignored by ccs/v4 because it exceeded search pattern filesize limit: report.tex
[2023-08-26 09:21:59,554] multiqc                                            [DEBUG  ]  File ignored by lima/summary because it exceeded search pattern filesize limit: report.tex
[2023-08-26 09:21:59,590] multiqc                                            [DEBUG  ]  File ignored by ccs/v4 because it exceeded search pattern filesize limit: report.txt
[2023-08-26 09:21:59,596] multiqc                                            [DEBUG  ]  File ignored by lima/summary because it exceeded search pattern filesize limit: report.txt
[2023-08-26 09:21:59,624] multiqc                                            [DEBUG  ]  Ignoring file as matched an ignore pattern: Nx_plot.pdf
[2023-08-26 09:21:59,624] multiqc                                            [DEBUG  ]  Ignoring file as matched an ignore pattern: GC_content_plot.pdf
[2023-08-26 09:21:59,625] multiqc                                            [DEBUG  ]  Ignoring file as matched an ignore pattern: MEGAHIT-Abx-3_S3_L001_GC_content_plot.pdf
[2023-08-26 09:21:59,625] multiqc                                            [DEBUG  ]  Ignoring file as matched an ignore pattern: cumulative_plot.pdf
[2023-08-26 09:21:59,625] multiqc                                            [DEBUG  ]  Ignoring file as matched an ignore pattern: report.pdf
[2023-08-26 09:21:59,675] multiqc                                            [DEBUG  ]  File ignored by ccs/v4 because it exceeded search pattern filesize limit: report.html
[2023-08-26 09:21:59,680] multiqc                                            [DEBUG  ]  File ignored by hicexplorer because it exceeded search pattern filesize limit: report.html
[2023-08-26 09:21:59,681] multiqc                                            [DEBUG  ]  File ignored by lima/summary because it exceeded search pattern filesize limit: report.html
[2023-08-26 09:21:59,690] multiqc                                            [DEBUG  ]  File ignored by vep/vep_txt because it exceeded search pattern filesize limit: report.html
[2023-08-26 09:21:59,690] multiqc                                            [DEBUG  ]  File ignored by longranger/invocation because it exceeded search pattern filesize limit: report.html
[2023-08-26 09:21:59,690] multiqc                                            [DEBUG  ]  File ignored by rockhopper because it exceeded search pattern filesize limit: report.html
[2023-08-26 09:21:59,690] multiqc                                            [DEBUG  ]  File ignored by rseqc/bam_stat because it exceeded search pattern filesize limit: report.html
[2023-08-26 09:21:59,690] multiqc                                            [DEBUG  ]  File ignored by rseqc/junction_annotation because it exceeded search pattern filesize limit: report.html
[2023-08-26 09:21:59,690] multiqc                                            [DEBUG  ]  File ignored by rseqc/read_distribution because it exceeded search pattern filesize limit: report.html
[2023-08-26 09:21:59,690] multiqc                                            [DEBUG  ]  File ignored by rseqc/infer_experiment because it exceeded search pattern filesize limit: report.html
[2023-08-26 09:21:59,803] multiqc                                            [DEBUG  ]  File ignored by nanostat because it exceeded search pattern filesize limit: report.html
[2023-08-26 09:21:59,861] multiqc                                            [DEBUG  ]  File ignored by ccs/v4 because it exceeded search pattern filesize limit: transposed_report.txt
[2023-08-26 09:21:59,867] multiqc                                            [DEBUG  ]  File ignored by lima/summary because it exceeded search pattern filesize limit: transposed_report.txt
[2023-08-26 09:21:59,903] multiqc                                            [DEBUG  ]  File ignored by ccs/v4 because it exceeded search pattern filesize limit: report.tex
[2023-08-26 09:21:59,909] multiqc                                            [DEBUG  ]  File ignored by lima/summary because it exceeded search pattern filesize limit: report.tex
[2023-08-26 09:22:00,028] multiqc                                            [DEBUG  ]  Ignoring file as matched an ignore pattern: Nx_plot.pdf
[2023-08-26 09:22:00,029] multiqc                                            [DEBUG  ]  Ignoring file as matched an ignore pattern: GC_content_plot.pdf
[2023-08-26 09:22:00,029] multiqc                                            [DEBUG  ]  Ignoring file as matched an ignore pattern: MEGAHIT-Het-1_S6_L001_GC_content_plot.pdf
[2023-08-26 09:22:00,029] multiqc                                            [DEBUG  ]  Ignoring file as matched an ignore pattern: cumulative_plot.pdf
[2023-08-26 09:22:00,044] multiqc                                            [DEBUG  ]  File ignored by ccs/v4 because it exceeded search pattern filesize limit: transposed_report.tex
[2023-08-26 09:22:00,052] multiqc                                            [DEBUG  ]  File ignored by lima/summary because it exceeded search pattern filesize limit: transposed_report.tex
[2023-08-26 09:22:00,088] multiqc                                            [DEBUG  ]  Ignoring file as matched an ignore pattern: report.pdf
[2023-08-26 09:22:00,099] multiqc                                            [DEBUG  ]  File ignored by ccs/v4 because it exceeded search pattern filesize limit: quast.log
[2023-08-26 09:22:00,105] multiqc                                            [DEBUG  ]  File ignored by hicexplorer because it exceeded search pattern filesize limit: quast.log
[2023-08-26 09:22:00,105] multiqc                                            [DEBUG  ]  File ignored by lima/summary because it exceeded search pattern filesize limit: quast.log
[2023-08-26 09:22:00,116] multiqc                                            [DEBUG  ]  File ignored by longranger/invocation because it exceeded search pattern filesize limit: quast.log
[2023-08-26 09:22:00,135] multiqc                                            [DEBUG  ]  File ignored by nanostat because it exceeded search pattern filesize limit: quast.log
[2023-08-26 09:22:00,138] multiqc                                            [DEBUG  ]  Ignoring file as matched an ignore pattern: report.pdf
[2023-08-26 09:22:00,190] multiqc                                            [DEBUG  ]  File ignored by ccs/v4 because it exceeded search pattern filesize limit: report.txt
[2023-08-26 09:22:00,196] multiqc                                            [DEBUG  ]  File ignored by lima/summary because it exceeded search pattern filesize limit: report.txt
[2023-08-26 09:22:00,234] multiqc                                            [DEBUG  ]  File ignored by ccs/v4 because it exceeded search pattern filesize limit: transposed_report.txt
[2023-08-26 09:22:00,240] multiqc                                            [DEBUG  ]  File ignored by lima/summary because it exceeded search pattern filesize limit: transposed_report.txt
[2023-08-26 09:22:00,319] multiqc                                            [DEBUG  ]  File ignored by ccs/v4 because it exceeded search pattern filesize limit: MEGAHIT-Homo-5_S15_L001.rna.gff
[2023-08-26 09:22:00,324] multiqc                                            [DEBUG  ]  File ignored by hicexplorer because it exceeded search pattern filesize limit: MEGAHIT-Homo-5_S15_L001.rna.gff
[2023-08-26 09:22:00,325] multiqc                                            [DEBUG  ]  File ignored by lima/summary because it exceeded search pattern filesize limit: MEGAHIT-Homo-5_S15_L001.rna.gff
[2023-08-26 09:22:00,335] multiqc                                            [DEBUG  ]  File ignored by longranger/invocation because it exceeded search pattern filesize limit: MEGAHIT-Homo-5_S15_L001.rna.gff
[2023-08-26 09:22:00,355] multiqc                                            [DEBUG  ]  File ignored by nanostat because it exceeded search pattern filesize limit: MEGAHIT-Homo-5_S15_L001.rna.gff
[2023-08-26 09:22:00,414] multiqc                                            [DEBUG  ]  File ignored by ccs/v4 because it exceeded search pattern filesize limit: transposed_report.txt
[2023-08-26 09:22:00,420] multiqc                                            [DEBUG  ]  File ignored by lima/summary because it exceeded search pattern filesize limit: transposed_report.txt
[2023-08-26 09:22:00,593] multiqc                                            [DEBUG  ]  File ignored by ccs/v4 because it exceeded search pattern filesize limit: report.txt
[2023-08-26 09:22:00,599] multiqc                                            [DEBUG  ]  File ignored by lima/summary because it exceeded search pattern filesize limit: report.txt
[2023-08-26 09:22:00,635] multiqc                                            [DEBUG  ]  File ignored by ccs/v4 because it exceeded search pattern filesize limit: transposed_report.tex
[2023-08-26 09:22:00,641] multiqc                                            [DEBUG  ]  File ignored by lima/summary because it exceeded search pattern filesize limit: transposed_report.tex
[2023-08-26 09:22:00,669] multiqc                                            [DEBUG  ]  Ignoring file as matched an ignore pattern: MEGAHIT-Het-3_S8_L001.bowtie2.log
[2023-08-26 09:22:00,669] multiqc                                            [DEBUG  ]  Ignoring file as matched an ignore pattern: MEGAHIT-Homo-4_S14_L001.bowtie2.log
[2023-08-26 09:22:00,669] multiqc                                            [DEBUG  ]  Ignoring file as matched an ignore pattern: MEGAHIT-Homo-3_S13_L001.bowtie2.log
[2023-08-26 09:22:00,669] multiqc                                            [DEBUG  ]  Ignoring file as matched an ignore pattern: MEGAHIT-Abx-3_S3_L001.bowtie2.log
[2023-08-26 09:22:00,669] multiqc                                            [DEBUG  ]  Ignoring file as matched an ignore pattern: MEGAHIT-Het-2_S7_L001.bowtie2.log
[2023-08-26 09:22:00,669] multiqc                                            [DEBUG  ]  Ignoring file as matched an ignore pattern: MEGAHIT-Homo-2_S12_L001.bowtie2.log
[2023-08-26 09:22:00,669] multiqc                                            [DEBUG  ]  Ignoring file as matched an ignore pattern: MEGAHIT-Het-5_S10_L001.bowtie2.log
[2023-08-26 09:22:00,669] multiqc                                            [DEBUG  ]  Ignoring file as matched an ignore pattern: MEGAHIT-Abx-5_S5_L001.bowtie2.log
[2023-08-26 09:22:00,669] multiqc                                            [DEBUG  ]  Ignoring file as matched an ignore pattern: MEGAHIT-Het-1_S6_L001.bowtie2.log
[2023-08-26 09:22:00,669] multiqc                                            [DEBUG  ]  Ignoring file as matched an ignore pattern: MEGAHIT-Het-4_S9_L001.bowtie2.log
[2023-08-26 09:22:00,670] multiqc                                            [DEBUG  ]  Ignoring file as matched an ignore pattern: MEGAHIT-Homo-5_S15_L001.bowtie2.log
[2023-08-26 09:22:00,670] multiqc                                            [DEBUG  ]  Ignoring file as matched an ignore pattern: MEGAHIT-Abx-1_S1_L001.bowtie2.log
[2023-08-26 09:22:00,670] multiqc                                            [DEBUG  ]  Ignoring file as matched an ignore pattern: MEGAHIT-Abx-4_S4_L001.bowtie2.log
[2023-08-26 09:22:00,670] multiqc                                            [DEBUG  ]  Ignoring file as matched an ignore pattern: MEGAHIT-Abx-2_S2_L001.bowtie2.log
[2023-08-26 09:22:00,670] multiqc                                            [DEBUG  ]  Ignoring file as matched an ignore pattern: MEGAHIT-Homo-1_S11_L001.bowtie2.log
[2023-08-26 09:22:00,678] multiqc                                            [DEBUG  ]  File ignored by ccs/v4 because it exceeded search pattern filesize limit: report.tex
[2023-08-26 09:22:00,684] multiqc                                            [DEBUG  ]  File ignored by lima/summary because it exceeded search pattern filesize limit: report.tex
[2023-08-26 09:22:00,711] multiqc                                            [DEBUG  ]  Ignoring file as matched an ignore pattern: mqc_bowtie2_pe_plot_1.pdf
[2023-08-26 09:22:00,711] multiqc                                            [DEBUG  ]  Ignoring file as matched an ignore pattern: mqc_bowtie2_pe_plot_1_pc.pdf
[2023-08-26 09:22:00,717] multiqc                                            [DEBUG  ]  Ignoring file as matched an ignore pattern: report.pdf
[2023-08-26 09:22:00,725] multiqc                                            [DEBUG  ]  File ignored by ccs/v4 because it exceeded search pattern filesize limit: icarus.html
[2023-08-26 09:22:00,730] multiqc                                            [DEBUG  ]  File ignored by hicexplorer because it exceeded search pattern filesize limit: icarus.html
[2023-08-26 09:22:00,731] multiqc                                            [DEBUG  ]  File ignored by lima/summary because it exceeded search pattern filesize limit: icarus.html
[2023-08-26 09:22:00,740] multiqc                                            [DEBUG  ]  File ignored by longranger/invocation because it exceeded search pattern filesize limit: icarus.html
[2023-08-26 09:22:00,788] multiqc                                            [DEBUG  ]  File ignored by nanostat because it exceeded search pattern filesize limit: icarus.html
[2023-08-26 09:22:00,843] multiqc                                            [DEBUG  ]  File ignored by ccs/v4 because it exceeded search pattern filesize limit: MEGAHIT-Abx-5_S5_L001.rna.gff
[2023-08-26 09:22:00,850] multiqc                                            [DEBUG  ]  File ignored by lima/summary because it exceeded search pattern filesize limit: MEGAHIT-Abx-5_S5_L001.rna.gff
[2023-08-26 09:22:00,941] multiqc                                            [DEBUG  ]  File ignored by ccs/v4 because it exceeded search pattern filesize limit: transposed_report.tex
[2023-08-26 09:22:00,947] multiqc                                            [DEBUG  ]  File ignored by lima/summary because it exceeded search pattern filesize limit: transposed_report.tex
[2023-08-26 09:22:01,020] multiqc                                            [DEBUG  ]  Ignoring file as matched an ignore pattern: report.pdf
[2023-08-26 09:22:01,029] multiqc                                            [DEBUG  ]  File ignored by ccs/v4 because it exceeded search pattern filesize limit: quast.log
[2023-08-26 09:22:01,034] multiqc                                            [DEBUG  ]  File ignored by hicexplorer because it exceeded search pattern filesize limit: quast.log
[2023-08-26 09:22:01,034] multiqc                                            [DEBUG  ]  File ignored by lima/summary because it exceeded search pattern filesize limit: quast.log
[2023-08-26 09:22:01,044] multiqc                                            [DEBUG  ]  File ignored by longranger/invocation because it exceeded search pattern filesize limit: quast.log
[2023-08-26 09:22:01,063] multiqc                                            [DEBUG  ]  File ignored by nanostat because it exceeded search pattern filesize limit: quast.log
[2023-08-26 09:22:01,119] multiqc                                            [DEBUG  ]  File ignored by ccs/v4 because it exceeded search pattern filesize limit: MEGAHIT-Homo-2_S12_L001.rna.gff
[2023-08-26 09:22:01,124] multiqc                                            [DEBUG  ]  File ignored by hicexplorer because it exceeded search pattern filesize limit: MEGAHIT-Homo-2_S12_L001.rna.gff
[2023-08-26 09:22:01,125] multiqc                                            [DEBUG  ]  File ignored by lima/summary because it exceeded search pattern filesize limit: MEGAHIT-Homo-2_S12_L001.rna.gff
[2023-08-26 09:22:01,135] multiqc                                            [DEBUG  ]  File ignored by longranger/invocation because it exceeded search pattern filesize limit: MEGAHIT-Homo-2_S12_L001.rna.gff
[2023-08-26 09:22:01,153] multiqc                                            [DEBUG  ]  File ignored by nanostat because it exceeded search pattern filesize limit: MEGAHIT-Homo-2_S12_L001.rna.gff
[2023-08-26 09:22:01,164] multiqc                                            [DEBUG  ]  File ignored by ccs/v4 because it exceeded search pattern filesize limit: icarus.html
[2023-08-26 09:22:01,169] multiqc                                            [DEBUG  ]  File ignored by hicexplorer because it exceeded search pattern filesize limit: icarus.html
[2023-08-26 09:22:01,170] multiqc                                            [DEBUG  ]  File ignored by lima/summary because it exceeded search pattern filesize limit: icarus.html
[2023-08-26 09:22:01,180] multiqc                                            [DEBUG  ]  File ignored by longranger/invocation because it exceeded search pattern filesize limit: icarus.html
[2023-08-26 09:22:01,228] multiqc                                            [DEBUG  ]  File ignored by nanostat because it exceeded search pattern filesize limit: icarus.html
[2023-08-26 09:22:01,231] multiqc                                            [DEBUG  ]  Ignoring file as matched an ignore pattern: report.pdf
[2023-08-26 09:22:01,241] multiqc                                            [DEBUG  ]  File ignored by ccs/v4 because it exceeded search pattern filesize limit: report.tex
[2023-08-26 09:22:01,248] multiqc                                            [DEBUG  ]  File ignored by lima/summary because it exceeded search pattern filesize limit: report.tex
[2023-08-26 09:22:01,291] multiqc                                            [DEBUG  ]  File ignored by ccs/v4 because it exceeded search pattern filesize limit: quast.log
[2023-08-26 09:22:01,297] multiqc                                            [DEBUG  ]  File ignored by hicexplorer because it exceeded search pattern filesize limit: quast.log
[2023-08-26 09:22:01,297] multiqc                                            [DEBUG  ]  File ignored by lima/summary because it exceeded search pattern filesize limit: quast.log
[2023-08-26 09:22:01,308] multiqc                                            [DEBUG  ]  File ignored by longranger/invocation because it exceeded search pattern filesize limit: quast.log
[2023-08-26 09:22:01,325] multiqc                                            [DEBUG  ]  File ignored by nanostat because it exceeded search pattern filesize limit: quast.log
[2023-08-26 09:22:01,327] multiqc                                            [DEBUG  ]  Ignoring file as matched an ignore pattern: report.pdf
[2023-08-26 09:22:01,337] multiqc                                            [DEBUG  ]  File ignored by ccs/v4 because it exceeded search pattern filesize limit: icarus.html
[2023-08-26 09:22:01,342] multiqc                                            [DEBUG  ]  File ignored by hicexplorer because it exceeded search pattern filesize limit: icarus.html
[2023-08-26 09:22:01,342] multiqc                                            [DEBUG  ]  File ignored by lima/summary because it exceeded search pattern filesize limit: icarus.html
[2023-08-26 09:22:01,353] multiqc                                            [DEBUG  ]  File ignored by longranger/invocation because it exceeded search pattern filesize limit: icarus.html
[2023-08-26 09:22:01,413] multiqc                                            [DEBUG  ]  File ignored by nanostat because it exceeded search pattern filesize limit: icarus.html
[2023-08-26 09:22:01,475] multiqc                                            [DEBUG  ]  File ignored by ccs/v4 because it exceeded search pattern filesize limit: report.html
[2023-08-26 09:22:01,481] multiqc                                            [DEBUG  ]  File ignored by hicexplorer because it exceeded search pattern filesize limit: report.html
[2023-08-26 09:22:01,482] multiqc                                            [DEBUG  ]  File ignored by lima/summary because it exceeded search pattern filesize limit: report.html
[2023-08-26 09:22:01,492] multiqc                                            [DEBUG  ]  File ignored by vep/vep_txt because it exceeded search pattern filesize limit: report.html
[2023-08-26 09:22:01,492] multiqc                                            [DEBUG  ]  File ignored by longranger/invocation because it exceeded search pattern filesize limit: report.html
[2023-08-26 09:22:01,614] multiqc                                            [DEBUG  ]  File ignored by nanostat because it exceeded search pattern filesize limit: report.html
[2023-08-26 09:22:01,628] multiqc                                            [DEBUG  ]  File ignored by ccs/v4 because it exceeded search pattern filesize limit: report.txt
[2023-08-26 09:22:01,634] multiqc                                            [DEBUG  ]  File ignored by lima/summary because it exceeded search pattern filesize limit: report.txt
[2023-08-26 09:22:01,672] multiqc                                            [DEBUG  ]  File ignored by ccs/v4 because it exceeded search pattern filesize limit: report.tex
[2023-08-26 09:22:01,677] multiqc                                            [DEBUG  ]  File ignored by lima/summary because it exceeded search pattern filesize limit: report.tex
[2023-08-26 09:22:01,715] multiqc                                            [DEBUG  ]  File ignored by ccs/v4 because it exceeded search pattern filesize limit: icarus.html
[2023-08-26 09:22:01,720] multiqc                                            [DEBUG  ]  File ignored by hicexplorer because it exceeded search pattern filesize limit: icarus.html
[2023-08-26 09:22:01,721] multiqc                                            [DEBUG  ]  File ignored by lima/summary because it exceeded search pattern filesize limit: icarus.html
[2023-08-26 09:22:01,730] multiqc                                            [DEBUG  ]  File ignored by longranger/invocation because it exceeded search pattern filesize limit: icarus.html
[2023-08-26 09:22:01,782] multiqc                                            [DEBUG  ]  File ignored by nanostat because it exceeded search pattern filesize limit: icarus.html
[2023-08-26 09:22:01,796] multiqc                                            [DEBUG  ]  File ignored by ccs/v4 because it exceeded search pattern filesize limit: transposed_report.txt
[2023-08-26 09:22:01,802] multiqc                                            [DEBUG  ]  File ignored by lima/summary because it exceeded search pattern filesize limit: transposed_report.txt
[2023-08-26 09:22:01,923] multiqc                                            [DEBUG  ]  File ignored by ccs/v4 because it exceeded search pattern filesize limit: quast.log
[2023-08-26 09:22:01,929] multiqc                                            [DEBUG  ]  File ignored by hicexplorer because it exceeded search pattern filesize limit: quast.log
[2023-08-26 09:22:01,929] multiqc                                            [DEBUG  ]  File ignored by lima/summary because it exceeded search pattern filesize limit: quast.log
[2023-08-26 09:22:01,943] multiqc                                            [DEBUG  ]  File ignored by longranger/invocation because it exceeded search pattern filesize limit: quast.log
[2023-08-26 09:22:01,971] multiqc                                            [DEBUG  ]  File ignored by nanostat because it exceeded search pattern filesize limit: quast.log
[2023-08-26 09:22:01,984] multiqc                                            [DEBUG  ]  File ignored by ccs/v4 because it exceeded search pattern filesize limit: transposed_report.tex
[2023-08-26 09:22:01,992] multiqc                                            [DEBUG  ]  File ignored by lima/summary because it exceeded search pattern filesize limit: transposed_report.tex
[2023-08-26 09:22:02,033] multiqc                                            [DEBUG  ]  Ignoring file as matched an ignore pattern: Nx_plot.pdf
[2023-08-26 09:22:02,033] multiqc                                            [DEBUG  ]  Ignoring file as matched an ignore pattern: GC_content_plot.pdf
[2023-08-26 09:22:02,034] multiqc                                            [DEBUG  ]  Ignoring file as matched an ignore pattern: MEGAHIT-Het-3_S8_L001_GC_content_plot.pdf
[2023-08-26 09:22:02,034] multiqc                                            [DEBUG  ]  Ignoring file as matched an ignore pattern: cumulative_plot.pdf
[2023-08-26 09:22:02,115] multiqc                                            [DEBUG  ]  File ignored by ccs/v4 because it exceeded search pattern filesize limit: report.txt
[2023-08-26 09:22:02,123] multiqc                                            [DEBUG  ]  File ignored by lima/summary because it exceeded search pattern filesize limit: report.txt
[2023-08-26 09:22:02,183] multiqc                                            [DEBUG  ]  File ignored by ccs/v4 because it exceeded search pattern filesize limit: icarus.html
[2023-08-26 09:22:02,189] multiqc                                            [DEBUG  ]  File ignored by hicexplorer because it exceeded search pattern filesize limit: icarus.html
[2023-08-26 09:22:02,190] multiqc                                            [DEBUG  ]  File ignored by lima/summary because it exceeded search pattern filesize limit: icarus.html
[2023-08-26 09:22:02,209] multiqc                                            [DEBUG  ]  File ignored by longranger/invocation because it exceeded search pattern filesize limit: icarus.html
[2023-08-26 09:22:02,362] multiqc                                            [DEBUG  ]  File ignored by nanostat because it exceeded search pattern filesize limit: icarus.html
[2023-08-26 09:22:02,385] multiqc                                            [DEBUG  ]  File ignored by ccs/v4 because it exceeded search pattern filesize limit: report.html
[2023-08-26 09:22:02,395] multiqc                                            [DEBUG  ]  File ignored by hicexplorer because it exceeded search pattern filesize limit: report.html
[2023-08-26 09:22:02,396] multiqc                                            [DEBUG  ]  File ignored by lima/summary because it exceeded search pattern filesize limit: report.html
[2023-08-26 09:22:02,412] multiqc                                            [DEBUG  ]  File ignored by vep/vep_txt because it exceeded search pattern filesize limit: report.html
[2023-08-26 09:22:02,413] multiqc                                            [DEBUG  ]  File ignored by longranger/invocation because it exceeded search pattern filesize limit: report.html
[2023-08-26 09:22:02,413] multiqc                                            [DEBUG  ]  File ignored by rockhopper because it exceeded search pattern filesize limit: report.html
[2023-08-26 09:22:02,413] multiqc                                            [DEBUG  ]  File ignored by rseqc/bam_stat because it exceeded search pattern filesize limit: report.html
[2023-08-26 09:22:02,413] multiqc                                            [DEBUG  ]  File ignored by rseqc/junction_annotation because it exceeded search pattern filesize limit: report.html
[2023-08-26 09:22:02,413] multiqc                                            [DEBUG  ]  File ignored by rseqc/read_distribution because it exceeded search pattern filesize limit: report.html
[2023-08-26 09:22:02,413] multiqc                                            [DEBUG  ]  File ignored by rseqc/infer_experiment because it exceeded search pattern filesize limit: report.html
[2023-08-26 09:22:02,599] multiqc                                            [DEBUG  ]  File ignored by nanostat because it exceeded search pattern filesize limit: report.html
[2023-08-26 09:22:02,745] multiqc                                            [DEBUG  ]  File ignored by ccs/v4 because it exceeded search pattern filesize limit: transposed_report.txt
[2023-08-26 09:22:02,751] multiqc                                            [DEBUG  ]  File ignored by lima/summary because it exceeded search pattern filesize limit: transposed_report.txt
[2023-08-26 09:22:02,791] multiqc                                            [DEBUG  ]  File ignored by ccs/v4 because it exceeded search pattern filesize limit: report.html
[2023-08-26 09:22:02,797] multiqc                                            [DEBUG  ]  File ignored by hicexplorer because it exceeded search pattern filesize limit: report.html
[2023-08-26 09:22:02,798] multiqc                                            [DEBUG  ]  File ignored by lima/summary because it exceeded search pattern filesize limit: report.html
[2023-08-26 09:22:02,809] multiqc                                            [DEBUG  ]  File ignored by vep/vep_txt because it exceeded search pattern filesize limit: report.html
[2023-08-26 09:22:02,809] multiqc                                            [DEBUG  ]  File ignored by longranger/invocation because it exceeded search pattern filesize limit: report.html
[2023-08-26 09:22:02,918] multiqc                                            [DEBUG  ]  File ignored by nanostat because it exceeded search pattern filesize limit: report.html
[2023-08-26 09:22:02,975] multiqc                                            [DEBUG  ]  File ignored by ccs/v4 because it exceeded search pattern filesize limit: report.html
[2023-08-26 09:22:02,980] multiqc                                            [DEBUG  ]  File ignored by hicexplorer because it exceeded search pattern filesize limit: report.html
[2023-08-26 09:22:02,980] multiqc                                            [DEBUG  ]  File ignored by lima/summary because it exceeded search pattern filesize limit: report.html
[2023-08-26 09:22:02,990] multiqc                                            [DEBUG  ]  File ignored by vep/vep_txt because it exceeded search pattern filesize limit: report.html
[2023-08-26 09:22:02,990] multiqc                                            [DEBUG  ]  File ignored by longranger/invocation because it exceeded search pattern filesize limit: report.html
[2023-08-26 09:22:02,990] multiqc                                            [DEBUG  ]  File ignored by rockhopper because it exceeded search pattern filesize limit: report.html
[2023-08-26 09:22:02,990] multiqc                                            [DEBUG  ]  File ignored by rseqc/bam_stat because it exceeded search pattern filesize limit: report.html
[2023-08-26 09:22:02,990] multiqc                                            [DEBUG  ]  File ignored by rseqc/junction_annotation because it exceeded search pattern filesize limit: report.html
[2023-08-26 09:22:02,990] multiqc                                            [DEBUG  ]  File ignored by rseqc/read_distribution because it exceeded search pattern filesize limit: report.html
[2023-08-26 09:22:02,990] multiqc                                            [DEBUG  ]  File ignored by rseqc/infer_experiment because it exceeded search pattern filesize limit: report.html
[2023-08-26 09:22:03,102] multiqc                                            [DEBUG  ]  File ignored by nanostat because it exceeded search pattern filesize limit: report.html
[2023-08-26 09:22:03,117] multiqc                                            [DEBUG  ]  File ignored by ccs/v4 because it exceeded search pattern filesize limit: MEGAHIT-Het-2_S7_L001.rna.gff
[2023-08-26 09:22:03,122] multiqc                                            [DEBUG  ]  File ignored by hicexplorer because it exceeded search pattern filesize limit: MEGAHIT-Het-2_S7_L001.rna.gff
[2023-08-26 09:22:03,122] multiqc                                            [DEBUG  ]  File ignored by lima/summary because it exceeded search pattern filesize limit: MEGAHIT-Het-2_S7_L001.rna.gff
[2023-08-26 09:22:03,131] multiqc                                            [DEBUG  ]  File ignored by longranger/invocation because it exceeded search pattern filesize limit: MEGAHIT-Het-2_S7_L001.rna.gff
[2023-08-26 09:22:03,149] multiqc                                            [DEBUG  ]  File ignored by nanostat because it exceeded search pattern filesize limit: MEGAHIT-Het-2_S7_L001.rna.gff
[2023-08-26 09:22:03,201] multiqc                                            [DEBUG  ]  File ignored by ccs/v4 because it exceeded search pattern filesize limit: report.tex
[2023-08-26 09:22:03,207] multiqc                                            [DEBUG  ]  File ignored by lima/summary because it exceeded search pattern filesize limit: report.tex
[2023-08-26 09:22:03,244] multiqc                                            [DEBUG  ]  File ignored by ccs/v4 because it exceeded search pattern filesize limit: quast.log
[2023-08-26 09:22:03,249] multiqc                                            [DEBUG  ]  File ignored by hicexplorer because it exceeded search pattern filesize limit: quast.log
[2023-08-26 09:22:03,250] multiqc                                            [DEBUG  ]  File ignored by lima/summary because it exceeded search pattern filesize limit: quast.log
[2023-08-26 09:22:03,260] multiqc                                            [DEBUG  ]  File ignored by longranger/invocation because it exceeded search pattern filesize limit: quast.log
[2023-08-26 09:22:03,277] multiqc                                            [DEBUG  ]  File ignored by nanostat because it exceeded search pattern filesize limit: quast.log
[2023-08-26 09:22:03,288] multiqc                                            [DEBUG  ]  File ignored by ccs/v4 because it exceeded search pattern filesize limit: MEGAHIT-Abx-1_S1_L001.rna.gff
[2023-08-26 09:22:03,294] multiqc                                            [DEBUG  ]  File ignored by lima/summary because it exceeded search pattern filesize limit: MEGAHIT-Abx-1_S1_L001.rna.gff
[2023-08-26 09:22:03,367] multiqc                                            [DEBUG  ]  Ignoring file as matched an ignore pattern: Nx_plot.pdf
[2023-08-26 09:22:03,368] multiqc                                            [DEBUG  ]  Ignoring file as matched an ignore pattern: GC_content_plot.pdf
[2023-08-26 09:22:03,368] multiqc                                            [DEBUG  ]  Ignoring file as matched an ignore pattern: MEGAHIT-Abx-1_S1_L001_GC_content_plot.pdf
[2023-08-26 09:22:03,368] multiqc                                            [DEBUG  ]  Ignoring file as matched an ignore pattern: cumulative_plot.pdf
[2023-08-26 09:22:03,378] multiqc                                            [DEBUG  ]  File ignored by ccs/v4 because it exceeded search pattern filesize limit: report.tex
[2023-08-26 09:22:03,386] multiqc                                            [DEBUG  ]  File ignored by lima/summary because it exceeded search pattern filesize limit: report.tex
[2023-08-26 09:22:04,400] multiqc.plots.linegraph                            [DEBUG  ]  Using matplotlib version 3.5.1
[2023-08-26 09:22:04,403] multiqc.plots.bargraph                             [DEBUG  ]  Using matplotlib version 3.5.1
[2023-08-26 09:22:04,521] multiqc.modules.base_module                        [DEBUG  ]  fastqc/zip - Skipping './fastqc_trimmed/Abx-1_S1_L001.trimmed_2_fastqc.zip' as it matched the path_filters_exclude for 'FastQC: raw reads'
[2023-08-26 09:22:04,522] multiqc.modules.base_module                        [DEBUG  ]  fastqc/zip - Skipping './fastqc_trimmed/Het-3_S8_L001.trimmed_1_fastqc.zip' as it matched the path_filters_exclude for 'FastQC: raw reads'
[2023-08-26 09:22:04,522] multiqc.modules.base_module                        [DEBUG  ]  fastqc/zip - Skipping './fastqc_trimmed/Het-3_S8_L001.trimmed_2_fastqc.zip' as it matched the path_filters_exclude for 'FastQC: raw reads'
[2023-08-26 09:22:04,522] multiqc.modules.base_module                        [DEBUG  ]  fastqc/zip - Skipping './fastqc_trimmed/Abx-2_S2_L001.trimmed_2_fastqc.zip' as it matched the path_filters_exclude for 'FastQC: raw reads'
[2023-08-26 09:22:04,522] multiqc.modules.base_module                        [DEBUG  ]  fastqc/zip - Skipping './fastqc_trimmed/Het-5_S10_L001.trimmed_2_fastqc.zip' as it matched the path_filters_exclude for 'FastQC: raw reads'
[2023-08-26 09:22:04,522] multiqc.modules.base_module                        [DEBUG  ]  fastqc/zip - Skipping './fastqc_trimmed/Het-2_S7_L001.trimmed_1_fastqc.zip' as it matched the path_filters_exclude for 'FastQC: raw reads'
[2023-08-26 09:22:04,522] multiqc.modules.base_module                        [DEBUG  ]  fastqc/zip - Skipping './fastqc_trimmed/Homo-2_S12_L001.trimmed_2_fastqc.zip' as it matched the path_filters_exclude for 'FastQC: raw reads'
[2023-08-26 09:22:04,522] multiqc.modules.base_module                        [DEBUG  ]  fastqc/zip - Skipping './fastqc_trimmed/Abx-3_S3_L001.trimmed_2_fastqc.zip' as it matched the path_filters_exclude for 'FastQC: raw reads'
[2023-08-26 09:22:04,522] multiqc.modules.base_module                        [DEBUG  ]  fastqc/zip - Skipping './fastqc_trimmed/Het-1_S6_L001.trimmed_1_fastqc.zip' as it matched the path_filters_exclude for 'FastQC: raw reads'
[2023-08-26 09:22:04,522] multiqc.modules.base_module                        [DEBUG  ]  fastqc/zip - Skipping './fastqc_trimmed/Het-4_S9_L001.trimmed_1_fastqc.zip' as it matched the path_filters_exclude for 'FastQC: raw reads'
[2023-08-26 09:22:04,522] multiqc.modules.base_module                        [DEBUG  ]  fastqc/zip - Skipping './fastqc_trimmed/Het-4_S9_L001.trimmed_2_fastqc.zip' as it matched the path_filters_exclude for 'FastQC: raw reads'
[2023-08-26 09:22:04,522] multiqc.modules.base_module                        [DEBUG  ]  fastqc/zip - Skipping './fastqc_trimmed/Abx-2_S2_L001.trimmed_1_fastqc.zip' as it matched the path_filters_exclude for 'FastQC: raw reads'
[2023-08-26 09:22:04,522] multiqc.modules.base_module                        [DEBUG  ]  fastqc/zip - Skipping './fastqc_trimmed/Homo-1_S11_L001.trimmed_2_fastqc.zip' as it matched the path_filters_exclude for 'FastQC: raw reads'
[2023-08-26 09:22:04,522] multiqc.modules.base_module                        [DEBUG  ]  fastqc/zip - Skipping './fastqc_trimmed/Abx-3_S3_L001.trimmed_1_fastqc.zip' as it matched the path_filters_exclude for 'FastQC: raw reads'
[2023-08-26 09:22:04,522] multiqc.modules.base_module                        [DEBUG  ]  fastqc/zip - Skipping './fastqc_trimmed/Abx-5_S5_L001.trimmed_2_fastqc.zip' as it matched the path_filters_exclude for 'FastQC: raw reads'
[2023-08-26 09:22:04,522] multiqc.modules.base_module                        [DEBUG  ]  fastqc/zip - Skipping './fastqc_trimmed/Abx-1_S1_L001.trimmed_1_fastqc.zip' as it matched the path_filters_exclude for 'FastQC: raw reads'
[2023-08-26 09:22:04,522] multiqc.modules.base_module                        [DEBUG  ]  fastqc/zip - Skipping './fastqc_trimmed/Het-1_S6_L001.trimmed_2_fastqc.zip' as it matched the path_filters_exclude for 'FastQC: raw reads'
[2023-08-26 09:22:04,522] multiqc.modules.base_module                        [DEBUG  ]  fastqc/zip - Skipping './fastqc_trimmed/Abx-4_S4_L001.trimmed_2_fastqc.zip' as it matched the path_filters_exclude for 'FastQC: raw reads'
[2023-08-26 09:22:04,522] multiqc.modules.base_module                        [DEBUG  ]  fastqc/zip - Skipping './fastqc_trimmed/Homo-4_S14_L001.trimmed_2_fastqc.zip' as it matched the path_filters_exclude for 'FastQC: raw reads'
[2023-08-26 09:22:04,522] multiqc.modules.base_module                        [DEBUG  ]  fastqc/zip - Skipping './fastqc_trimmed/Homo-2_S12_L001.trimmed_1_fastqc.zip' as it matched the path_filters_exclude for 'FastQC: raw reads'
[2023-08-26 09:22:04,522] multiqc.modules.base_module                        [DEBUG  ]  fastqc/zip - Skipping './fastqc_trimmed/Homo-5_S15_L001.trimmed_2_fastqc.zip' as it matched the path_filters_exclude for 'FastQC: raw reads'
[2023-08-26 09:22:04,522] multiqc.modules.base_module                        [DEBUG  ]  fastqc/zip - Skipping './fastqc_trimmed/Homo-3_S13_L001.trimmed_1_fastqc.zip' as it matched the path_filters_exclude for 'FastQC: raw reads'
[2023-08-26 09:22:04,522] multiqc.modules.base_module                        [DEBUG  ]  fastqc/zip - Skipping './fastqc_trimmed/Abx-4_S4_L001.trimmed_1_fastqc.zip' as it matched the path_filters_exclude for 'FastQC: raw reads'
[2023-08-26 09:22:04,522] multiqc.modules.base_module                        [DEBUG  ]  fastqc/zip - Skipping './fastqc_trimmed/Homo-5_S15_L001.trimmed_1_fastqc.zip' as it matched the path_filters_exclude for 'FastQC: raw reads'
[2023-08-26 09:22:04,522] multiqc.modules.base_module                        [DEBUG  ]  fastqc/zip - Skipping './fastqc_trimmed/Homo-4_S14_L001.trimmed_1_fastqc.zip' as it matched the path_filters_exclude for 'FastQC: raw reads'
[2023-08-26 09:22:04,522] multiqc.modules.base_module                        [DEBUG  ]  fastqc/zip - Skipping './fastqc_trimmed/Het-5_S10_L001.trimmed_1_fastqc.zip' as it matched the path_filters_exclude for 'FastQC: raw reads'
[2023-08-26 09:22:04,522] multiqc.modules.base_module                        [DEBUG  ]  fastqc/zip - Skipping './fastqc_trimmed/Abx-5_S5_L001.trimmed_1_fastqc.zip' as it matched the path_filters_exclude for 'FastQC: raw reads'
[2023-08-26 09:22:04,522] multiqc.modules.base_module                        [DEBUG  ]  fastqc/zip - Skipping './fastqc_trimmed/Het-2_S7_L001.trimmed_2_fastqc.zip' as it matched the path_filters_exclude for 'FastQC: raw reads'
[2023-08-26 09:22:04,522] multiqc.modules.base_module                        [DEBUG  ]  fastqc/zip - Skipping './fastqc_trimmed/Homo-1_S11_L001.trimmed_1_fastqc.zip' as it matched the path_filters_exclude for 'FastQC: raw reads'
[2023-08-26 09:22:04,522] multiqc.modules.base_module                        [DEBUG  ]  fastqc/zip - Skipping './fastqc_trimmed/Homo-3_S13_L001.trimmed_2_fastqc.zip' as it matched the path_filters_exclude for 'FastQC: raw reads'
[2023-08-26 09:22:04,522] multiqc.modules.fastqc.fastqc                      [INFO   ]  Found 30 reports
[2023-08-26 09:22:10,650] multiqc.modules.fastp.fastp                        [DEBUG  ]  No duplication rate plot data: Abx-5_S5_L001.fastp.json
[2023-08-26 09:22:10,653] multiqc.modules.fastp.fastp                        [DEBUG  ]  No duplication rate plot data: Het-3_S8_L001.fastp.json
[2023-08-26 09:22:10,657] multiqc.modules.fastp.fastp                        [DEBUG  ]  No duplication rate plot data: Abx-3_S3_L001.fastp.json
[2023-08-26 09:22:10,660] multiqc.modules.fastp.fastp                        [DEBUG  ]  No duplication rate plot data: Abx-2_S2_L001.fastp.json
[2023-08-26 09:22:10,664] multiqc.modules.fastp.fastp                        [DEBUG  ]  No duplication rate plot data: Homo-1_S11_L001.fastp.json
[2023-08-26 09:22:10,667] multiqc.modules.fastp.fastp                        [DEBUG  ]  No duplication rate plot data: Abx-1_S1_L001.fastp.json
[2023-08-26 09:22:10,671] multiqc.modules.fastp.fastp                        [DEBUG  ]  No duplication rate plot data: Het-5_S10_L001.fastp.json
[2023-08-26 09:22:10,674] multiqc.modules.fastp.fastp                        [DEBUG  ]  No duplication rate plot data: Homo-4_S14_L001.fastp.json
[2023-08-26 09:22:10,678] multiqc.modules.fastp.fastp                        [DEBUG  ]  No duplication rate plot data: Homo-3_S13_L001.fastp.json
[2023-08-26 09:22:10,681] multiqc.modules.fastp.fastp                        [DEBUG  ]  No duplication rate plot data: Abx-4_S4_L001.fastp.json
[2023-08-26 09:22:10,685] multiqc.modules.fastp.fastp                        [DEBUG  ]  No duplication rate plot data: Het-4_S9_L001.fastp.json
[2023-08-26 09:22:10,688] multiqc.modules.fastp.fastp                        [DEBUG  ]  No duplication rate plot data: Het-1_S6_L001.fastp.json
[2023-08-26 09:22:10,691] multiqc.modules.fastp.fastp                        [DEBUG  ]  No duplication rate plot data: Homo-2_S12_L001.fastp.json
[2023-08-26 09:22:10,695] multiqc.modules.fastp.fastp                        [DEBUG  ]  No duplication rate plot data: Homo-5_S15_L001.fastp.json
[2023-08-26 09:22:10,698] multiqc.modules.fastp.fastp                        [DEBUG  ]  No duplication rate plot data: Het-2_S7_L001.fastp.json
[2023-08-26 09:22:10,699] multiqc.modules.fastp.fastp                        [INFO   ]  Found 15 reports
[2023-08-26 09:22:25,998] multiqc.modules.custom_content.custom_content      [INFO   ]  host_removal: Found 15 samples (bargraph)
[2023-08-26 09:22:25,998] multiqc.modules.custom_content.custom_content      [INFO   ]  software_versions: Found 1 sample (html)
[2023-08-26 09:22:25,998] multiqc.modules.custom_content.custom_content      [INFO   ]  nf-core-mag-summary: Found 1 sample (html)
[2023-08-26 09:22:26,000] multiqc.modules.base_module                        [DEBUG  ]  fastqc/zip - Skipping './fastqc_raw/Homo-5_S15_L001_1_fastqc.zip' as it didn't match the path_filters for 'FastQC: after preprocessing'
[2023-08-26 09:22:26,001] multiqc.modules.base_module                        [DEBUG  ]  fastqc/zip - Skipping './fastqc_raw/Abx-5_S5_L001_2_fastqc.zip' as it didn't match the path_filters for 'FastQC: after preprocessing'
[2023-08-26 09:22:26,001] multiqc.modules.base_module                        [DEBUG  ]  fastqc/zip - Skipping './fastqc_raw/Abx-1_S1_L001_1_fastqc.zip' as it didn't match the path_filters for 'FastQC: after preprocessing'
[2023-08-26 09:22:26,001] multiqc.modules.base_module                        [DEBUG  ]  fastqc/zip - Skipping './fastqc_raw/Het-3_S8_L001_2_fastqc.zip' as it didn't match the path_filters for 'FastQC: after preprocessing'
[2023-08-26 09:22:26,001] multiqc.modules.base_module                        [DEBUG  ]  fastqc/zip - Skipping './fastqc_raw/Het-4_S9_L001_2_fastqc.zip' as it didn't match the path_filters for 'FastQC: after preprocessing'
[2023-08-26 09:22:26,001] multiqc.modules.base_module                        [DEBUG  ]  fastqc/zip - Skipping './fastqc_raw/Abx-4_S4_L001_1_fastqc.zip' as it didn't match the path_filters for 'FastQC: after preprocessing'
[2023-08-26 09:22:26,001] multiqc.modules.base_module                        [DEBUG  ]  fastqc/zip - Skipping './fastqc_raw/Homo-4_S14_L001_2_fastqc.zip' as it didn't match the path_filters for 'FastQC: after preprocessing'
[2023-08-26 09:22:26,001] multiqc.modules.base_module                        [DEBUG  ]  fastqc/zip - Skipping './fastqc_raw/Het-2_S7_L001_2_fastqc.zip' as it didn't match the path_filters for 'FastQC: after preprocessing'
[2023-08-26 09:22:26,001] multiqc.modules.base_module                        [DEBUG  ]  fastqc/zip - Skipping './fastqc_raw/Abx-4_S4_L001_2_fastqc.zip' as it didn't match the path_filters for 'FastQC: after preprocessing'
[2023-08-26 09:22:26,001] multiqc.modules.base_module                        [DEBUG  ]  fastqc/zip - Skipping './fastqc_raw/Het-4_S9_L001_1_fastqc.zip' as it didn't match the path_filters for 'FastQC: after preprocessing'
[2023-08-26 09:22:26,001] multiqc.modules.base_module                        [DEBUG  ]  fastqc/zip - Skipping './fastqc_raw/Homo-1_S11_L001_1_fastqc.zip' as it didn't match the path_filters for 'FastQC: after preprocessing'
[2023-08-26 09:22:26,001] multiqc.modules.base_module                        [DEBUG  ]  fastqc/zip - Skipping './fastqc_raw/Homo-2_S12_L001_2_fastqc.zip' as it didn't match the path_filters for 'FastQC: after preprocessing'
[2023-08-26 09:22:26,001] multiqc.modules.base_module                        [DEBUG  ]  fastqc/zip - Skipping './fastqc_raw/Abx-1_S1_L001_2_fastqc.zip' as it didn't match the path_filters for 'FastQC: after preprocessing'
[2023-08-26 09:22:26,001] multiqc.modules.base_module                        [DEBUG  ]  fastqc/zip - Skipping './fastqc_raw/Abx-2_S2_L001_1_fastqc.zip' as it didn't match the path_filters for 'FastQC: after preprocessing'
[2023-08-26 09:22:26,001] multiqc.modules.base_module                        [DEBUG  ]  fastqc/zip - Skipping './fastqc_raw/Het-1_S6_L001_1_fastqc.zip' as it didn't match the path_filters for 'FastQC: after preprocessing'
[2023-08-26 09:22:26,001] multiqc.modules.base_module                        [DEBUG  ]  fastqc/zip - Skipping './fastqc_raw/Homo-3_S13_L001_1_fastqc.zip' as it didn't match the path_filters for 'FastQC: after preprocessing'
[2023-08-26 09:22:26,001] multiqc.modules.base_module                        [DEBUG  ]  fastqc/zip - Skipping './fastqc_raw/Homo-5_S15_L001_2_fastqc.zip' as it didn't match the path_filters for 'FastQC: after preprocessing'
[2023-08-26 09:22:26,001] multiqc.modules.base_module                        [DEBUG  ]  fastqc/zip - Skipping './fastqc_raw/Homo-2_S12_L001_1_fastqc.zip' as it didn't match the path_filters for 'FastQC: after preprocessing'
[2023-08-26 09:22:26,001] multiqc.modules.base_module                        [DEBUG  ]  fastqc/zip - Skipping './fastqc_raw/Abx-3_S3_L001_1_fastqc.zip' as it didn't match the path_filters for 'FastQC: after preprocessing'
[2023-08-26 09:22:26,001] multiqc.modules.base_module                        [DEBUG  ]  fastqc/zip - Skipping './fastqc_raw/Homo-3_S13_L001_2_fastqc.zip' as it didn't match the path_filters for 'FastQC: after preprocessing'
[2023-08-26 09:22:26,001] multiqc.modules.base_module                        [DEBUG  ]  fastqc/zip - Skipping './fastqc_raw/Abx-3_S3_L001_2_fastqc.zip' as it didn't match the path_filters for 'FastQC: after preprocessing'
[2023-08-26 09:22:26,001] multiqc.modules.base_module                        [DEBUG  ]  fastqc/zip - Skipping './fastqc_raw/Het-5_S10_L001_2_fastqc.zip' as it didn't match the path_filters for 'FastQC: after preprocessing'
[2023-08-26 09:22:26,001] multiqc.modules.base_module                        [DEBUG  ]  fastqc/zip - Skipping './fastqc_raw/Homo-1_S11_L001_2_fastqc.zip' as it didn't match the path_filters for 'FastQC: after preprocessing'
[2023-08-26 09:22:26,001] multiqc.modules.base_module                        [DEBUG  ]  fastqc/zip - Skipping './fastqc_raw/Abx-5_S5_L001_1_fastqc.zip' as it didn't match the path_filters for 'FastQC: after preprocessing'
[2023-08-26 09:22:26,001] multiqc.modules.base_module                        [DEBUG  ]  fastqc/zip - Skipping './fastqc_raw/Het-5_S10_L001_1_fastqc.zip' as it didn't match the path_filters for 'FastQC: after preprocessing'
[2023-08-26 09:22:26,001] multiqc.modules.base_module                        [DEBUG  ]  fastqc/zip - Skipping './fastqc_raw/Homo-4_S14_L001_1_fastqc.zip' as it didn't match the path_filters for 'FastQC: after preprocessing'
[2023-08-26 09:22:26,001] multiqc.modules.base_module                        [DEBUG  ]  fastqc/zip - Skipping './fastqc_raw/Abx-2_S2_L001_2_fastqc.zip' as it didn't match the path_filters for 'FastQC: after preprocessing'
[2023-08-26 09:22:26,001] multiqc.modules.base_module                        [DEBUG  ]  fastqc/zip - Skipping './fastqc_raw/Het-3_S8_L001_1_fastqc.zip' as it didn't match the path_filters for 'FastQC: after preprocessing'
[2023-08-26 09:22:26,001] multiqc.modules.base_module                        [DEBUG  ]  fastqc/zip - Skipping './fastqc_raw/Het-1_S6_L001_2_fastqc.zip' as it didn't match the path_filters for 'FastQC: after preprocessing'
[2023-08-26 09:22:26,001] multiqc.modules.base_module                        [DEBUG  ]  fastqc/zip - Skipping './fastqc_raw/Het-2_S7_L001_1_fastqc.zip' as it didn't match the path_filters for 'FastQC: after preprocessing'
[2023-08-26 09:22:26,001] multiqc.modules.base_module                        [DEBUG  ]  fastqc/zip - Selecting './fastqc_trimmed/Abx-1_S1_L001.trimmed_2_fastqc.zip' as it matched the path_filters for 'FastQC: after preprocessing'
[2023-08-26 09:22:26,004] multiqc.modules.base_module                        [DEBUG  ]  fastqc/zip - Selecting './fastqc_trimmed/Het-3_S8_L001.trimmed_1_fastqc.zip' as it matched the path_filters for 'FastQC: after preprocessing'
[2023-08-26 09:22:26,007] multiqc.modules.base_module                        [DEBUG  ]  fastqc/zip - Selecting './fastqc_trimmed/Het-3_S8_L001.trimmed_2_fastqc.zip' as it matched the path_filters for 'FastQC: after preprocessing'
[2023-08-26 09:22:26,009] multiqc.modules.fastqc.fastqc                      [DEBUG  ]  Duplicate sample name found! Overwriting: Het-3_S8_L001
[2023-08-26 09:22:26,010] multiqc.modules.base_module                        [DEBUG  ]  fastqc/zip - Selecting './fastqc_trimmed/Abx-2_S2_L001.trimmed_2_fastqc.zip' as it matched the path_filters for 'FastQC: after preprocessing'
[2023-08-26 09:22:26,013] multiqc.modules.base_module                        [DEBUG  ]  fastqc/zip - Selecting './fastqc_trimmed/Het-5_S10_L001.trimmed_2_fastqc.zip' as it matched the path_filters for 'FastQC: after preprocessing'
[2023-08-26 09:22:26,016] multiqc.modules.base_module                        [DEBUG  ]  fastqc/zip - Selecting './fastqc_trimmed/Het-2_S7_L001.trimmed_1_fastqc.zip' as it matched the path_filters for 'FastQC: after preprocessing'
[2023-08-26 09:22:26,019] multiqc.modules.base_module                        [DEBUG  ]  fastqc/zip - Selecting './fastqc_trimmed/Homo-2_S12_L001.trimmed_2_fastqc.zip' as it matched the path_filters for 'FastQC: after preprocessing'
[2023-08-26 09:22:26,022] multiqc.modules.base_module                        [DEBUG  ]  fastqc/zip - Selecting './fastqc_trimmed/Abx-3_S3_L001.trimmed_2_fastqc.zip' as it matched the path_filters for 'FastQC: after preprocessing'
[2023-08-26 09:22:26,025] multiqc.modules.base_module                        [DEBUG  ]  fastqc/zip - Selecting './fastqc_trimmed/Het-1_S6_L001.trimmed_1_fastqc.zip' as it matched the path_filters for 'FastQC: after preprocessing'
[2023-08-26 09:22:26,029] multiqc.modules.base_module                        [DEBUG  ]  fastqc/zip - Selecting './fastqc_trimmed/Het-4_S9_L001.trimmed_1_fastqc.zip' as it matched the path_filters for 'FastQC: after preprocessing'
[2023-08-26 09:22:26,032] multiqc.modules.base_module                        [DEBUG  ]  fastqc/zip - Selecting './fastqc_trimmed/Het-4_S9_L001.trimmed_2_fastqc.zip' as it matched the path_filters for 'FastQC: after preprocessing'
[2023-08-26 09:22:26,034] multiqc.modules.fastqc.fastqc                      [DEBUG  ]  Duplicate sample name found! Overwriting: Het-4_S9_L001
[2023-08-26 09:22:26,035] multiqc.modules.base_module                        [DEBUG  ]  fastqc/zip - Selecting './fastqc_trimmed/Abx-2_S2_L001.trimmed_1_fastqc.zip' as it matched the path_filters for 'FastQC: after preprocessing'
[2023-08-26 09:22:26,037] multiqc.modules.fastqc.fastqc                      [DEBUG  ]  Duplicate sample name found! Overwriting: Abx-2_S2_L001
[2023-08-26 09:22:26,038] multiqc.modules.base_module                        [DEBUG  ]  fastqc/zip - Selecting './fastqc_trimmed/Homo-1_S11_L001.trimmed_2_fastqc.zip' as it matched the path_filters for 'FastQC: after preprocessing'
[2023-08-26 09:22:26,042] multiqc.modules.base_module                        [DEBUG  ]  fastqc/zip - Selecting './fastqc_trimmed/Abx-3_S3_L001.trimmed_1_fastqc.zip' as it matched the path_filters for 'FastQC: after preprocessing'
[2023-08-26 09:22:26,044] multiqc.modules.fastqc.fastqc                      [DEBUG  ]  Duplicate sample name found! Overwriting: Abx-3_S3_L001
[2023-08-26 09:22:26,045] multiqc.modules.base_module                        [DEBUG  ]  fastqc/zip - Selecting './fastqc_trimmed/Abx-5_S5_L001.trimmed_2_fastqc.zip' as it matched the path_filters for 'FastQC: after preprocessing'
[2023-08-26 09:22:26,048] multiqc.modules.base_module                        [DEBUG  ]  fastqc/zip - Selecting './fastqc_trimmed/Abx-1_S1_L001.trimmed_1_fastqc.zip' as it matched the path_filters for 'FastQC: after preprocessing'
[2023-08-26 09:22:26,050] multiqc.modules.fastqc.fastqc                      [DEBUG  ]  Duplicate sample name found! Overwriting: Abx-1_S1_L001
[2023-08-26 09:22:26,051] multiqc.modules.base_module                        [DEBUG  ]  fastqc/zip - Selecting './fastqc_trimmed/Het-1_S6_L001.trimmed_2_fastqc.zip' as it matched the path_filters for 'FastQC: after preprocessing'
[2023-08-26 09:22:26,053] multiqc.modules.fastqc.fastqc                      [DEBUG  ]  Duplicate sample name found! Overwriting: Het-1_S6_L001
[2023-08-26 09:22:26,054] multiqc.modules.base_module                        [DEBUG  ]  fastqc/zip - Selecting './fastqc_trimmed/Abx-4_S4_L001.trimmed_2_fastqc.zip' as it matched the path_filters for 'FastQC: after preprocessing'
[2023-08-26 09:22:26,057] multiqc.modules.base_module                        [DEBUG  ]  fastqc/zip - Selecting './fastqc_trimmed/Homo-4_S14_L001.trimmed_2_fastqc.zip' as it matched the path_filters for 'FastQC: after preprocessing'
[2023-08-26 09:22:26,059] multiqc.modules.base_module                        [DEBUG  ]  fastqc/zip - Selecting './fastqc_trimmed/Homo-2_S12_L001.trimmed_1_fastqc.zip' as it matched the path_filters for 'FastQC: after preprocessing'
[2023-08-26 09:22:26,062] multiqc.modules.fastqc.fastqc                      [DEBUG  ]  Duplicate sample name found! Overwriting: Homo-2_S12_L001
[2023-08-26 09:22:26,063] multiqc.modules.base_module                        [DEBUG  ]  fastqc/zip - Selecting './fastqc_trimmed/Homo-5_S15_L001.trimmed_2_fastqc.zip' as it matched the path_filters for 'FastQC: after preprocessing'
[2023-08-26 09:22:26,066] multiqc.modules.base_module                        [DEBUG  ]  fastqc/zip - Selecting './fastqc_trimmed/Homo-3_S13_L001.trimmed_1_fastqc.zip' as it matched the path_filters for 'FastQC: after preprocessing'
[2023-08-26 09:22:26,068] multiqc.modules.base_module                        [DEBUG  ]  fastqc/zip - Selecting './fastqc_trimmed/Abx-4_S4_L001.trimmed_1_fastqc.zip' as it matched the path_filters for 'FastQC: after preprocessing'
[2023-08-26 09:22:26,070] multiqc.modules.fastqc.fastqc                      [DEBUG  ]  Duplicate sample name found! Overwriting: Abx-4_S4_L001
[2023-08-26 09:22:26,071] multiqc.modules.base_module                        [DEBUG  ]  fastqc/zip - Selecting './fastqc_trimmed/Homo-5_S15_L001.trimmed_1_fastqc.zip' as it matched the path_filters for 'FastQC: after preprocessing'
[2023-08-26 09:22:26,073] multiqc.modules.fastqc.fastqc                      [DEBUG  ]  Duplicate sample name found! Overwriting: Homo-5_S15_L001
[2023-08-26 09:22:26,074] multiqc.modules.base_module                        [DEBUG  ]  fastqc/zip - Selecting './fastqc_trimmed/Homo-4_S14_L001.trimmed_1_fastqc.zip' as it matched the path_filters for 'FastQC: after preprocessing'
[2023-08-26 09:22:26,076] multiqc.modules.fastqc.fastqc                      [DEBUG  ]  Duplicate sample name found! Overwriting: Homo-4_S14_L001
[2023-08-26 09:22:26,077] multiqc.modules.base_module                        [DEBUG  ]  fastqc/zip - Selecting './fastqc_trimmed/Het-5_S10_L001.trimmed_1_fastqc.zip' as it matched the path_filters for 'FastQC: after preprocessing'
[2023-08-26 09:22:26,079] multiqc.modules.fastqc.fastqc                      [DEBUG  ]  Duplicate sample name found! Overwriting: Het-5_S10_L001
[2023-08-26 09:22:26,080] multiqc.modules.base_module                        [DEBUG  ]  fastqc/zip - Selecting './fastqc_trimmed/Abx-5_S5_L001.trimmed_1_fastqc.zip' as it matched the path_filters for 'FastQC: after preprocessing'
[2023-08-26 09:22:26,082] multiqc.modules.fastqc.fastqc                      [DEBUG  ]  Duplicate sample name found! Overwriting: Abx-5_S5_L001
[2023-08-26 09:22:26,083] multiqc.modules.base_module                        [DEBUG  ]  fastqc/zip - Selecting './fastqc_trimmed/Het-2_S7_L001.trimmed_2_fastqc.zip' as it matched the path_filters for 'FastQC: after preprocessing'
[2023-08-26 09:22:26,085] multiqc.modules.fastqc.fastqc                      [DEBUG  ]  Duplicate sample name found! Overwriting: Het-2_S7_L001
[2023-08-26 09:22:26,086] multiqc.modules.base_module                        [DEBUG  ]  fastqc/zip - Selecting './fastqc_trimmed/Homo-1_S11_L001.trimmed_1_fastqc.zip' as it matched the path_filters for 'FastQC: after preprocessing'
[2023-08-26 09:22:26,088] multiqc.modules.fastqc.fastqc                      [DEBUG  ]  Duplicate sample name found! Overwriting: Homo-1_S11_L001
[2023-08-26 09:22:26,089] multiqc.modules.base_module                        [DEBUG  ]  fastqc/zip - Selecting './fastqc_trimmed/Homo-3_S13_L001.trimmed_2_fastqc.zip' as it matched the path_filters for 'FastQC: after preprocessing'
[2023-08-26 09:22:26,091] multiqc.modules.fastqc.fastqc                      [DEBUG  ]  Duplicate sample name found! Overwriting: Homo-3_S13_L001
[2023-08-26 09:22:26,092] multiqc.modules.fastqc.fastqc                      [INFO   ]  Found 15 reports
[2023-08-26 09:22:32,119] multiqc.modules.quast.quast                        [INFO   ]  Found 15 reports
[2023-08-26 09:22:33,455] multiqc                                            [DEBUG  ]  Reordering sections: anchor 'nf-core-mag-methods-description' not found.
[2023-08-26 09:22:33,455] multiqc                                            [DEBUG  ]  Reordering sections: anchor 'nf-core-mag-methods-description' not found for module 'FastQC: raw reads'.
[2023-08-26 09:22:33,455] multiqc                                            [DEBUG  ]  Reordering sections: anchor 'software_versions' not found for module 'FastQC: raw reads'.
[2023-08-26 09:22:33,455] multiqc                                            [DEBUG  ]  Reordering sections: anchor 'nf-core-mag-summary' not found for module 'FastQC: raw reads'.
[2023-08-26 09:22:33,455] multiqc                                            [DEBUG  ]  Reordering sections: anchor 'nf-core-mag-methods-description' not found for module 'fastp'.
[2023-08-26 09:22:33,455] multiqc                                            [DEBUG  ]  Reordering sections: anchor 'software_versions' not found for module 'fastp'.
[2023-08-26 09:22:33,455] multiqc                                            [DEBUG  ]  Reordering sections: anchor 'nf-core-mag-summary' not found for module 'fastp'.
[2023-08-26 09:22:33,455] multiqc                                            [DEBUG  ]  Reordering sections: anchor 'nf-core-mag-methods-description' not found for module 'Bowtie 2: host read removal'.
[2023-08-26 09:22:33,455] multiqc                                            [DEBUG  ]  Reordering sections: anchor 'software_versions' not found for module 'Bowtie 2: host read removal'.
[2023-08-26 09:22:33,455] multiqc                                            [DEBUG  ]  Reordering sections: anchor 'nf-core-mag-summary' not found for module 'Bowtie 2: host read removal'.
[2023-08-26 09:22:33,455] multiqc                                            [DEBUG  ]  Reordering sections: anchor 'nf-core-mag-methods-description' not found for module 'FastQC: after preprocessing'.
[2023-08-26 09:22:33,455] multiqc                                            [DEBUG  ]  Reordering sections: anchor 'software_versions' not found for module 'FastQC: after preprocessing'.
[2023-08-26 09:22:33,455] multiqc                                            [DEBUG  ]  Reordering sections: anchor 'nf-core-mag-summary' not found for module 'FastQC: after preprocessing'.
[2023-08-26 09:22:33,455] multiqc                                            [DEBUG  ]  Reordering sections: anchor 'nf-core-mag-methods-description' not found for module 'QUAST'.
[2023-08-26 09:22:33,455] multiqc                                            [DEBUG  ]  Reordering sections: anchor 'software_versions' not found for module 'QUAST'.
[2023-08-26 09:22:33,455] multiqc                                            [DEBUG  ]  Reordering sections: anchor 'nf-core-mag-summary' not found for module 'QUAST'.
[2023-08-26 09:22:33,455] multiqc                                            [DEBUG  ]  Reordering sections: anchor 'nf-core-mag-methods-description' not found for module 'nf-core/mag Software Versions'.
[2023-08-26 09:22:33,455] multiqc                                            [DEBUG  ]  Reordering sections: anchor 'software_versions' not found for module 'nf-core/mag Software Versions'.
[2023-08-26 09:22:33,455] multiqc                                            [DEBUG  ]  Reordering sections: anchor 'nf-core-mag-summary' not found for module 'nf-core/mag Software Versions'.
[2023-08-26 09:22:33,455] multiqc                                            [DEBUG  ]  Reordering sections: anchor 'nf-core-mag-methods-description' not found for module 'nf-core/mag Workflow Summary'.
[2023-08-26 09:22:33,455] multiqc                                            [DEBUG  ]  Reordering sections: anchor 'software_versions' not found for module 'nf-core/mag Workflow Summary'.
[2023-08-26 09:22:33,455] multiqc                                            [DEBUG  ]  Reordering sections: anchor 'nf-core-mag-summary' not found for module 'nf-core/mag Workflow Summary'.
[2023-08-26 09:22:33,547] multiqc                                            [INFO   ]  Compressing plot data
[2023-08-26 09:22:34,534] multiqc                                            [WARNING]  Deleting    : multiqc_report.html   (-f was specified)
[2023-08-26 09:22:34,535] multiqc                                            [WARNING]  Deleting    : multiqc_data   (-f was specified)
[2023-08-26 09:22:34,538] multiqc                                            [WARNING]  Deleting    : multiqc_plots   (-f was specified)
[2023-08-26 09:22:34,543] multiqc                                            [INFO   ]  Report      : multiqc_report.html
[2023-08-26 09:22:34,543] multiqc                                            [INFO   ]  Data        : multiqc_data
[2023-08-26 09:22:34,543] multiqc                                            [DEBUG  ]  Moving data file from '/tmp/tmpmjbb2u0g/multiqc_data' to '/fs04/df22/scratch_nobackup/andrewpe/projects/nirmal.bhatt/cystinuria_Mouse_microbiome_WGS/mag/work/f9/825c56c18cf59a60f87e27acc65e03/multiqc_data'
[2023-08-26 09:22:34,632] multiqc                                            [INFO   ]  Plots       : multiqc_plots
[2023-08-26 09:22:34,632] multiqc                                            [DEBUG  ]  Moving plots directory from '/tmp/tmpmjbb2u0g/multiqc_plots' to '/fs04/df22/scratch_nobackup/andrewpe/projects/nirmal.bhatt/cystinuria_Mouse_microbiome_WGS/mag/work/f9/825c56c18cf59a60f87e27acc65e03/multiqc_plots'
[2023-08-26 09:22:34,960] multiqc                                            [INFO   ]  MultiQC complete
